unique_key,created_date,closed_date,status,descriptor,borough,street_name,latitude,longitude,age_days,traffic_volume,aadt,nearby_crashes,pavement_crash_nearby,risk_score,urgency_tier,urgency_label,fix_days_estimate,prob_low,prob_medium,prob_high,prob_critical,scored_at,borough_encoded,month,day_of_week,has_nearby_accident,closed_date_dt,days_to_close
68770021,2026-04-24 02:06:29,,Open,Pothole,QUEENS,nan,40.75438938417203,-73.89652218284081,1.6282001714814813,4959.1547619047615,4660.0,17,0,46.5,1,Medium,14,0.535,0.232,0.139,0.093,2026-04-25 17:11:05,2,4,4,1,,
68762880,2026-04-23 23:58:15,,Open,Pothole,MANHATTAN,nan,40.733152610174024,-74.01028350206072,1.7172510974074073,16591.571428571428,6876.0,6,0,36.5,1,Medium,7,0.635,0.182,0.109,0.073,2026-04-25 17:11:05,0,4,3,1,,
68764267,2026-04-23 23:33:46,,Open,Pothole,QUEENS,nan,40.76513892061859,-73.79955933867802,1.7342534122222222,4959.1547619047615,4660.0,1,1,9.2,0,Low,14,0.908,0.046,0.028,0.018,2026-04-25 17:11:05,2,4,3,1,,
68771499,2026-04-23 23:13:11,,Open,Pothole,BROOKLYN,nan,40.715064311304246,-73.94216107488656,1.7485473937037037,5664.555555555556,6673.0,14,0,44.7,1,Medium,14,0.553,0.224,0.134,0.089,2026-04-25 17:11:05,1,4,3,1,,
68765209,2026-04-23 22:55:47,2026-04-23 22:55:47,Closed,Pothole,BROOKLYN,nan,40.61910563757932,-73.95830950968423,1.760630727037037,5664.555555555556,6673.0,10,1,26.0,1,Medium,14,0.359,0.641,0.0,0.0,2026-04-25 17:11:05,1,4,3,1,2026-04-23 22:55:47,0.0
68771500,2026-04-23 22:49:14,,Open,Pothole,BROOKLYN,nan,40.61910563757932,-73.95830950968423,1.765179338148148,5664.555555555556,6673.0,10,1,34.1,1,Medium,14,0.659,0.17,0.102,0.068,2026-04-25 17:11:05,1,4,3,1,,
68768621,2026-04-23 21:23:50,,Open,Pothole,QUEENS,nan,40.73294686877129,-73.86666122537298,1.8244848937037037,4959.1547619047615,4660.0,34,1,46.6,1,Medium,14,0.534,0.233,0.14,0.093,2026-04-25 17:11:05,2,4,3,1,,
68761425,2026-04-23 20:58:14,,Open,Pothole,STATEN ISLAND,nan,40.5675511458259,-74.1337392914252,1.8422626714814814,23788.714285714286,2762.0,1,0,31.8,1,Medium,14,0.682,0.159,0.095,0.064,2026-04-25 17:11:05,4,4,3,1,,
68761420,2026-04-23 20:12:42,,Open,Pothole,BROOKLYN,nan,40.68304991241459,-73.97376251912186,1.8738830418518517,5664.555555555556,6673.0,27,1,47.4,1,Medium,14,0.526,0.237,0.142,0.095,2026-04-25 17:11:05,1,4,3,1,,
68770022,2026-04-23 19:17:03,,Open,Pothole,QUEENS,nan,40.757824102636256,-73.86099851810266,1.912528875185185,4959.1547619047615,4660.0,15,1,46.6,1,Medium,14,0.534,0.233,0.14,0.093,2026-04-25 17:11:05,2,4,3,1,,
68765216,2026-04-23 19:09:28,2026-04-23 19:09:28,Closed,Pothole,STATEN ISLAND,nan,40.635738093577814,-74.08373324622873,1.917795078888889,23788.714285714286,2762.0,7,1,37.099998474121094,1,Medium,14,0.0,1.0,0.0,0.0,2026-04-25 17:11:05,4,4,3,1,2026-04-23 19:09:28,0.0
68770023,2026-04-23 19:08:34,,Open,Pothole,QUEENS,HORACE HARDING EXPRESSWAY,40.74102527782184,-73.79280064726649,1.9184200788888888,4959.1547619047615,4660.0,11,1,35.9,1,Medium,14,0.641,0.18,0.108,0.072,2026-04-25 17:11:05,2,4,3,1,,
68765217,2026-04-23 19:00:03,2026-04-23 19:00:03,Closed,Pothole,STATEN ISLAND,nan,40.60018338355403,-74.06463904082321,1.9243344307407406,23788.714285714286,2762.0,7,1,35.5,1,Medium,14,0.0,1.0,0.0,0.0,2026-04-25 17:11:05,4,4,3,1,2026-04-23 19:00:03,0.0
68770025,2026-04-23 18:58:33,,Open,Pothole,MANHATTAN,nan,40.86868693392675,-73.9234324174487,1.9253760974074072,16591.571428571428,6876.0,11,1,49.9,1,Medium,7,0.501,0.249,0.15,0.1,2026-04-25 17:11:05,0,4,3,1,,
68770997,2026-04-23 18:57:46,2026-04-23 18:57:46,Closed,Pothole,MANHATTAN,nan,40.86795092389553,-73.92700182445367,1.9259200788888888,16591.571428571428,6876.0,7,1,36.599998474121094,1,Medium,14,0.003,0.996,0.001,0.0,2026-04-25 17:11:05,0,4,3,1,2026-04-23 18:57:46,0.0
68771509,2026-04-23 18:45:06,,Open,Pothole,QUEENS,nan,40.69028567372446,-73.79138252626976,1.934716375185185,4959.1547619047615,4660.0,1,1,9.3,0,Low,14,0.907,0.046,0.028,0.019,2026-04-25 17:11:05,2,4,3,1,,
68771510,2026-04-23 18:44:23,,Open,Pothole,QUEENS,nan,40.7116289753834,-73.7293783023471,1.9352140603703702,4959.1547619047615,4660.0,57,0,46.6,1,Medium,14,0.534,0.233,0.14,0.093,2026-04-25 17:11:05,2,4,3,1,,
68762867,2026-04-23 18:36:31,,Open,Pothole,BROOKLYN,nan,40.68863956453538,-73.98025803917375,1.9406770233333333,5664.555555555556,6673.0,48,1,47.4,1,Medium,14,0.526,0.237,0.142,0.095,2026-04-25 17:11:05,1,4,3,1,,
68765742,2026-04-23 18:25:52,,Open,Pothole,BROOKLYN,nan,40.59275234651692,-73.95015246435702,1.9480728566666665,5664.555555555556,6673.0,13,0,42.1,1,Medium,14,0.579,0.211,0.126,0.084,2026-04-25 17:11:05,1,4,3,1,,
68767184,2026-04-23 18:04:00,,Open,Pothole,QUEENS,nan,40.7013909132085,-73.83152097537342,1.9632580418518517,4959.1547619047615,4660.0,12,0,38.6,1,Medium,14,0.614,0.193,0.116,0.077,2026-04-25 17:11:05,2,4,3,1,,
68764272,2026-04-23 18:00:14,,Open,Pothole,MANHATTAN,nan,40.79236257545369,-73.9641743612929,1.9658737825925925,16591.571428571428,6876.0,13,0,55.2,2,High,7,0.448,0.276,0.166,0.11,2026-04-25 17:11:05,0,4,3,1,,
68768623,2026-04-23 17:57:41,,Open,Pothole,QUEENS,nan,40.69478294197407,-73.85256888997034,1.9676446159259258,4959.1547619047615,4660.0,29,0,46.6,1,Medium,14,0.534,0.233,0.14,0.093,2026-04-25 17:11:05,2,4,3,1,,
68762879,2026-04-23 17:49:44,,Open,Pothole,QUEENS,GRAND CENTRAL PARKWAY,40.722230159712126,-73.77717655780093,1.9731654492592592,4959.1547619047615,4660.0,23,0,46.6,1,Medium,14,0.534,0.233,0.14,0.093,2026-04-25 17:11:05,2,4,3,1,,
68763813,2026-04-23 17:31:17,2026-04-23 17:31:17,Closed,Pothole,BRONX,nan,40.834401962521405,-73.87274942134464,1.985977949259259,6677.6,6655.5,19,1,30.299999237060547,1,Medium,14,0.001,0.999,0.0,0.0,2026-04-25 17:11:05,3,4,3,1,2026-04-23 17:31:17,0.0
68764269,2026-04-23 17:27:53,,Open,Pothole,QUEENS,nan,40.75903640272996,-73.88789511644337,1.9883390603703703,4959.1547619047615,4660.0,13,0,41.3,1,Medium,14,0.587,0.206,0.124,0.083,2026-04-25 17:11:05,2,4,3,1,,
68767186,2026-04-23 17:24:22,,Open,Pothole,QUEENS,nan,40.728021635398605,-73.7105538077066,1.9907811899999999,4959.1547619047615,4660.0,6,1,22.6,0,Low,14,0.774,0.113,0.068,0.045,2026-04-25 17:11:05,2,4,3,1,,
68764273,2026-04-23 17:22:54,,Open,Pothole,MANHATTAN,nan,40.80884241326302,-73.96581272236774,1.9917997085185184,16591.571428571428,6876.0,3,1,28.6,1,Medium,7,0.714,0.143,0.086,0.057,2026-04-25 17:11:05,0,4,3,1,,
68764280,2026-04-23 17:00:46,,Pending,Pothole,QUEENS,nan,40.7011425259486,-73.73826768972376,2.0071700788888887,4959.1547619047615,4660.0,7,1,25.899999618530273,1,Medium,14,0.117,0.883,0.0,0.0,2026-04-25 17:11:05,2,4,3,1,,
68765218,2026-04-23 17:00:33,2026-04-23 17:00:33,Closed,Pothole,STATEN ISLAND,nan,40.58275847020916,-74.13040002725637,2.007320541851852,23788.714285714286,2762.0,4,0,31.399999618530273,1,Medium,14,0.0,1.0,0.0,0.0,2026-04-25 17:11:05,4,4,3,1,2026-04-23 17:00:33,0.0
68770992,2026-04-23 16:43:23,2026-04-23 20:22:00,Closed,Pothole,QUEENS,nan,40.76209494737895,-73.78728787699804,2.019241838148148,4959.1547619047615,4660.0,8,1,29.200000762939453,1,Medium,14,0.064,0.936,0.0,0.0,2026-04-25 17:11:05,2,4,3,1,2026-04-23 20:22:00,0.0
68761434,2026-04-23 16:41:16,,Pending,Pothole,QUEENS,nan,40.761877551332226,-73.78997427212825,2.0207117455555554,4959.1547619047615,4660.0,5,1,25.799999237060547,1,Medium,14,0.337,0.663,0.0,0.0,2026-04-25 17:11:05,2,4,3,1,,
68761426,2026-04-23 16:37:16,,Open,Pothole,STATEN ISLAND,nan,40.53336160269037,-74.18859699207627,2.023489523333333,23788.714285714286,2762.0,1,0,31.9,1,Medium,14,0.681,0.159,0.096,0.064,2026-04-25 17:11:05,4,4,3,1,,
68768626,2026-04-23 16:35:46,,Pending,Pothole,QUEENS,nan,40.76716486557058,-73.7608782354292,2.02453119,4959.1547619047615,4660.0,4,1,23.700000762939453,0,Low,30,0.935,0.064,0.0,0.0,2026-04-25 17:11:05,2,4,3,1,,
68765219,2026-04-23 16:34:26,2026-04-23 16:34:26,Closed,Pothole,STATEN ISLAND,nan,40.53440150529732,-74.18546288535472,2.025457115925926,23788.714285714286,2762.0,0,0,27.5,1,Medium,14,0.015,0.985,0.0,0.0,2026-04-25 17:11:05,4,4,3,0,2026-04-23 16:34:26,0.0
68766698,2026-04-23 16:33:00,2026-04-23 16:33:00,Closed,Pothole,MANHATTAN,nan,40.7779047511921,-73.98208745958574,2.026452486296296,16591.571428571428,6876.0,20,0,40.29999923706055,1,Medium,14,0.0,1.0,0.0,0.0,2026-04-25 17:11:05,0,4,3,1,2026-04-23 16:33:00,0.0
68762386,2026-04-23 16:32:14,2026-04-23 18:22:00,Closed,Pothole,QUEENS,nan,40.76685843569017,-73.76268076844173,2.0269848937037036,4959.1547619047615,4660.0,1,0,19.799999237060547,0,Low,30,0.999,0.001,0.0,0.0,2026-04-25 17:11:05,2,4,3,1,2026-04-23 18:22:00,0.0
68764271,2026-04-23 16:26:33,,Open,Pothole,QUEENS,nan,40.740426999845056,-73.89670264803654,2.030931652962963,4959.1547619047615,4660.0,27,0,46.6,1,Medium,14,0.534,0.233,0.14,0.093,2026-04-25 17:11:05,2,4,3,1,,
68767188,2026-04-23 16:16:06,,Open,Pothole,QUEENS,nan,40.729965515167414,-73.91173206869868,2.0381885974074074,4959.1547619047615,4660.0,34,1,46.6,1,Medium,14,0.534,0.233,0.14,0.093,2026-04-25 17:11:05,2,4,3,1,,
68769529,2026-04-23 16:14:13,2026-04-23 16:14:13,Closed,Pothole,BRONX,nan,40.830334844214,-73.91894520045653,2.0394964677777776,6677.6,6655.5,12,1,29.299999237060547,1,Medium,14,0.002,0.998,0.0,0.0,2026-04-25 17:11:05,3,4,3,1,2026-04-23 16:14:13,0.0
68763815,2026-04-23 15:51:29,2026-04-23 19:37:00,Closed,Pothole,QUEENS,nan,40.71818218795277,-73.78032496285253,2.0552835048148146,4959.1547619047615,4660.0,1,0,18.899999618530273,0,Low,30,0.988,0.012,0.0,0.0,2026-04-25 17:11:05,2,4,3,1,2026-04-23 19:37:00,0.0
68769538,2026-04-23 15:45:40,2026-04-23 15:45:40,Closed,Pothole,MANHATTAN,nan,40.76552015180097,-73.98003670045067,2.0593228566666664,16591.571428571428,6876.0,27,0,40.20000076293945,1,Medium,14,0.0,1.0,0.0,0.0,2026-04-25 17:11:05,0,4,3,1,2026-04-23 15:45:40,0.0
68762881,2026-04-23 15:20:22,,Open,Pothole,MANHATTAN,nan,40.76461681260692,-73.95832311500644,2.076892301111111,16591.571428571428,6876.0,21,1,60.6,2,High,7,0.394,0.303,0.182,0.121,2026-04-25 17:11:05,0,4,3,1,,
68764282,2026-04-23 15:14:42,,Pending,Pothole,QUEENS,nan,40.57585828612265,-73.86275231447574,2.0808274862962963,4959.1547619047615,4660.0,0,0,16.0,0,Low,30,1.0,0.0,0.0,0.0,2026-04-25 17:11:05,2,4,3,0,,
68765225,2026-04-23 15:11:04,2026-04-23 21:44:00,Closed,Pothole,QUEENS,MAIN STREET,40.708826028869424,-73.81683998514882,2.0833506344444443,4959.1547619047615,26446.0,5,1,25.700000762939453,1,Medium,14,0.048,0.951,0.0,0.0,2026-04-25 17:11:05,2,4,3,1,2026-04-23 21:44:00,0.0
68769526,2026-04-23 14:59:37,2026-04-23 14:59:37,Closed,Pothole,BROOKLYN,nan,40.639297275955855,-73.98408839571341,2.0913020233333333,5664.555555555556,6673.0,4,0,25.399999618530273,1,Medium,14,0.297,0.703,0.0,0.0,2026-04-25 17:11:05,1,4,3,1,2026-04-23 14:59:37,0.0
68764276,2026-04-23 14:38:13,,Open,Pothole,MANHATTAN,nan,40.71523725933016,-74.01337938849542,2.1061631344444445,16591.571428571428,6876.0,16,0,60.6,2,High,7,0.394,0.303,0.182,0.121,2026-04-25 17:11:05,0,4,3,1,,
68760933,2026-04-23 14:29:56,2026-04-23 14:29:56,Closed,Pothole,QUEENS,nan,40.66675344861589,-73.80155639575837,2.1119154492592593,4959.1547619047615,4660.0,19,0,29.399999618530273,1,Medium,14,0.01,0.99,0.0,0.0,2026-04-25 17:11:05,2,4,3,1,2026-04-23 14:29:56,0.0
68763821,2026-04-23 14:28:52,2026-04-23 20:33:00,Closed,Pothole,QUEENS,nan,40.66675344861589,-73.80155639575837,2.11265619,4959.1547619047615,4660.0,19,0,29.399999618530273,1,Medium,14,0.01,0.99,0.0,0.0,2026-04-25 17:11:05,2,4,3,1,2026-04-23 20:33:00,0.0
68762383,2026-04-23 14:24:13,2026-04-23 14:24:13,Closed,Pothole,STATEN ISLAND,nan,40.60792099431477,-74.0892050192879,2.1158853566666664,23788.714285714286,2762.0,17,1,39.70000076293945,1,Medium,14,0.001,0.999,0.0,0.0,2026-04-25 17:11:05,4,4,3,1,2026-04-23 14:24:13,0.0
68761430,2026-04-23 14:17:13,,Open,Pothole,MANHATTAN,nan,40.76030127182523,-73.99498249332404,2.120746467777778,16591.571428571428,6876.0,35,1,60.6,2,High,7,0.394,0.303,0.182,0.121,2026-04-25 17:11:05,0,4,3,1,,
68765223,2026-04-23 14:15:22,2026-04-23 14:15:22,Closed,Pothole,MANHATTAN,nan,40.75790746711998,-73.98929757361397,2.12203119,16591.571428571428,6876.0,58,1,39.400001525878906,1,Medium,14,0.0,0.999,0.0,0.0,2026-04-25 17:11:05,0,4,3,1,2026-04-23 14:15:22,0.0
68762883,2026-04-23 14:13:21,,Open,Pothole,MANHATTAN,nan,40.76366629921709,-73.95608196198826,2.123431652962963,16591.571428571428,6876.0,19,1,60.6,2,High,7,0.394,0.303,0.182,0.121,2026-04-25 17:11:05,0,4,3,1,,
68768618,2026-04-23 14:07:58,,Open,Pothole,STATEN ISLAND,nan,40.61015081224076,-74.1469668811833,2.1271700788888888,23788.714285714286,2762.0,3,1,37.3,1,Medium,14,0.627,0.186,0.112,0.075,2026-04-25 17:11:05,4,4,3,1,,
68763822,2026-04-23 13:57:39,2026-04-23 20:33:00,Closed,Pothole,QUEENS,nan,40.79700774376065,-73.81407277424866,2.134334430740741,4959.1547619047615,4660.0,0,1,16.299999237060547,0,Low,30,1.0,0.0,0.0,0.0,2026-04-25 17:11:05,2,4,3,0,2026-04-23 20:33:00,0.0
68768605,2026-04-23 13:45:50,,Open,Pothole,BROOKLYN,nan,40.63145625797648,-73.99224688651346,2.142540449259259,5664.555555555556,6673.0,4,0,18.2,0,Low,14,0.818,0.091,0.055,0.036,2026-04-25 17:11:05,1,4,3,1,,
68765213,2026-04-23 13:36:55,2026-04-23 13:36:55,Closed,Pothole,BRONX,nan,40.84954856236909,-73.85304636935012,2.1487325788888887,6677.6,6655.5,4,0,21.899999618530273,0,Low,30,0.974,0.026,0.0,0.0,2026-04-25 17:11:05,3,4,3,1,2026-04-23 13:36:55,0.0
68768615,2026-04-23 13:27:07,,Open,Pothole,BRONX,nan,40.81916263363138,-73.87981290417615,2.1555381344444444,6677.6,6655.5,0,0,8.7,0,Low,14,0.913,0.044,0.026,0.017,2026-04-25 17:11:05,3,4,3,0,,
68767177,2026-04-23 12:51:20,,Open,Pothole,BROOKLYN,nan,40.639297275955855,-73.98408839571341,2.180387671481481,5664.555555555556,6673.0,4,0,18.2,0,Low,14,0.818,0.091,0.055,0.036,2026-04-25 17:11:05,1,4,3,1,,
68767192,2026-04-23 12:49:52,,Pending,Pothole,QUEENS,nan,40.74613471785544,-73.9417082442191,2.1814061899999997,4959.1547619047615,4660.0,10,1,29.700000762939453,1,Medium,14,0.016,0.984,0.0,0.0,2026-04-25 17:11:05,2,4,3,1,,
68766700,2026-04-23 12:49:21,2026-04-23 23:33:00,Closed,Pothole,QUEENS,nan,40.742943772445635,-73.91684294834832,2.181764986296296,4959.1547619047615,4660.0,22,0,29.700000762939453,1,Medium,14,0.003,0.997,0.0,0.0,2026-04-25 17:11:05,2,4,3,1,2026-04-23 23:33:00,0.0
68765756,2026-04-23 12:45:39,,Pending,Pothole,QUEENS,nan,40.66815676189572,-73.79725176618784,2.1843344307407406,4959.1547619047615,4660.0,14,0,26.399999618530273,0,Low,30,0.719,0.281,0.0,0.0,2026-04-25 17:11:05,2,4,3,1,,
68770031,2026-04-23 12:37:30,,Pending,Pothole,QUEENS,nan,40.76535886057919,-73.74428230406164,2.1899941529629627,4959.1547619047615,4660.0,13,0,29.200000762939453,1,Medium,14,0.062,0.938,0.0,0.0,2026-04-25 17:11:05,2,4,3,1,,
68770026,2026-04-23 12:31:32,,Open,Pothole,MANHATTAN,nan,40.757858717848386,-73.97559198819106,2.1941376714814815,16591.571428571428,6876.0,24,1,60.6,2,High,7,0.394,0.303,0.182,0.121,2026-04-25 17:11:05,0,4,3,1,,
68764285,2026-04-23 12:17:35,,Pending,Pothole,QUEENS,nan,40.750134123326255,-73.78624331562683,2.203825171481481,4959.1547619047615,4660.0,0,0,16.799999237060547,0,Low,30,0.998,0.002,0.0,0.0,2026-04-25 17:11:05,2,4,3,0,,
68768606,2026-04-23 11:53:56,,Open,Pothole,BROOKLYN,nan,40.67025648951579,-73.99202608565997,2.2202487825925923,5664.555555555556,6673.0,9,1,31.5,1,Medium,14,0.685,0.158,0.095,0.063,2026-04-25 17:11:05,1,4,3,1,,
68767179,2026-04-23 11:52:35,,Open,Pothole,BROOKLYN,nan,40.64041698115748,-73.98292068162121,2.2211862825925923,5664.555555555556,6673.0,4,0,18.2,0,Low,14,0.818,0.091,0.055,0.036,2026-04-25 17:11:05,1,4,3,1,,
68765228,2026-04-23 11:45:14,2026-04-23 20:22:00,Closed,Pothole,QUEENS,nan,40.66240019240347,-73.74699104925907,2.2262904492592592,4959.1547619047615,4660.0,0,1,15.600000381469727,0,Low,30,1.0,0.0,0.0,0.0,2026-04-25 17:11:05,2,4,3,0,2026-04-23 20:22:00,0.0
68768616,2026-04-23 11:38:36,,Open,Pothole,BRONX,nan,40.88270955300674,-73.88124583052429,2.2308969307407405,6677.6,6655.5,22,0,48.8,1,Medium,14,0.512,0.244,0.146,0.098,2026-04-25 17:11:05,3,4,3,1,,
68763824,2026-04-23 11:36:47,2026-04-23 11:36:47,Closed,Pothole,QUEENS,nan,40.56712347473738,-73.8844451371295,2.232158504814815,4959.1547619047615,4660.0,0,0,17.399999618530273,0,Low,30,1.0,0.0,0.0,0.0,2026-04-25 17:11:05,2,4,3,0,2026-04-23 11:36:47,0.0
68760935,2026-04-23 11:33:49,2026-04-23 11:33:49,Closed,Pothole,QUEENS,nan,40.56712347473738,-73.8844451371295,2.23421869,4959.1547619047615,4660.0,0,0,17.399999618530273,0,Low,30,1.0,0.0,0.0,0.0,2026-04-25 17:11:05,2,4,3,0,2026-04-23 11:33:49,0.0
68771516,2026-04-23 11:32:50,,Pending,Pothole,QUEENS,nan,40.56712347473738,-73.8844451371295,2.2349015603703704,4959.1547619047615,4660.0,0,0,17.399999618530273,0,Low,30,1.0,0.0,0.0,0.0,2026-04-25 17:11:05,2,4,3,0,,
68771505,2026-04-23 11:26:25,,Open,Pothole,STATEN ISLAND,nan,40.60514058539647,-74.09258655425113,2.239357578888889,23788.714285714286,2762.0,3,1,37.3,1,Medium,14,0.627,0.186,0.112,0.075,2026-04-25 17:11:05,4,4,3,1,,
68769541,2026-04-23 11:25:29,2026-04-23 20:22:00,Closed,Pothole,QUEENS,nan,40.75765212948006,-73.74083946605715,2.240005727037037,4959.1547619047615,4660.0,22,1,26.200000762939453,1,Medium,14,0.008,0.992,0.0,0.0,2026-04-25 17:11:05,2,4,3,1,2026-04-23 20:22:00,0.0
68769542,2026-04-23 11:25:17,2026-04-23 18:32:00,Closed,Pothole,QUEENS,nan,40.78459054813257,-73.85410694271488,2.2401446159259257,4959.1547619047615,4660.0,5,0,23.799999237060547,0,Low,30,0.928,0.072,0.0,0.0,2026-04-25 17:11:05,2,4,3,1,2026-04-23 18:32:00,0.0
68768628,2026-04-23 11:22:40,,Pending,Pothole,QUEENS,nan,40.74584421351302,-73.70653178846892,2.2419617455555554,4959.1547619047615,4660.0,2,0,19.200000762939453,0,Low,30,0.999,0.001,0.0,0.0,2026-04-25 17:11:05,2,4,3,1,,
68768629,2026-04-23 11:22:11,,Pending,Pothole,QUEENS,nan,40.7221435445032,-73.90226873345684,2.2422973937037036,4959.1547619047615,4660.0,10,0,29.399999618530273,1,Medium,14,0.021,0.979,0.0,0.0,2026-04-25 17:11:05,2,4,3,1,,
68770998,2026-04-23 11:19:24,2026-04-23 21:23:00,Closed,Pothole,QUEENS,nan,40.746039531950686,-73.70562868693172,2.244230264074074,4959.1547619047615,4660.0,1,0,17.799999237060547,0,Low,30,1.0,0.0,0.0,0.0,2026-04-25 17:11:05,2,4,3,1,2026-04-23 21:23:00,0.0
68767194,2026-04-23 11:15:49,,Pending,Pothole,QUEENS,nan,40.71879587392304,-73.90670722449462,2.24671869,4959.1547619047615,4660.0,10,0,29.100000381469727,1,Medium,14,0.021,0.979,0.0,0.0,2026-04-25 17:11:05,2,4,3,1,,
68771504,2026-04-23 11:07:30,,Open,Pothole,BRONX,nan,40.903577942236154,-73.91260121815054,2.2524941529629627,6677.6,6655.5,1,1,11.4,0,Low,14,0.886,0.057,0.034,0.023,2026-04-25 17:11:05,3,4,3,1,,
68771003,2026-04-23 10:45:40,2026-04-23 10:45:40,Closed,Pothole,MANHATTAN,nan,40.75099082290243,-73.99062326583427,2.26765619,16591.571428571428,6876.0,31,1,37.70000076293945,1,Medium,14,0.0,0.999,0.0,0.0,2026-04-25 17:11:05,0,4,3,1,2026-04-23 10:45:40,0.0
68761421,2026-04-23 10:30:07,,Open,Pothole,BROOKLYN,nan,40.68836336910226,-73.87372044202567,2.278454801111111,5664.555555555556,6673.0,20,0,47.6,1,Medium,14,0.524,0.238,0.143,0.095,2026-04-25 17:11:05,1,4,3,1,,
68765214,2026-04-23 10:27:45,2026-04-23 10:27:45,Closed,Pothole,BRONX,nan,40.8901582076212,-73.90443411050143,2.2800983196296296,6677.6,6655.5,4,1,22.100000381469727,0,Low,30,0.987,0.013,0.0,0.0,2026-04-25 17:11:05,3,4,3,1,2026-04-23 10:27:45,0.0
68762377,2026-04-23 10:27:29,2026-04-23 10:27:29,Closed,Pothole,BRONX,nan,40.8901582076212,-73.90443411050143,2.2802835048148147,6677.6,6655.5,4,1,22.100000381469727,0,Low,30,0.987,0.013,0.0,0.0,2026-04-25 17:11:05,3,4,3,1,2026-04-23 10:27:29,0.0
68768609,2026-04-23 10:18:43,,Open,Pothole,BROOKLYN,nan,40.685025557355495,-73.98611827771147,2.2863714677777778,5664.555555555556,6673.0,4,1,18.2,0,Low,14,0.818,0.091,0.055,0.036,2026-04-25 17:11:05,1,4,3,1,,
68767190,2026-04-23 10:17:42,,Open,Pothole,MANHATTAN,nan,40.75099082290243,-73.99062326583427,2.287077486296296,16591.571428571428,6876.0,31,1,60.7,2,High,7,0.393,0.303,0.182,0.121,2026-04-25 17:11:05,0,4,3,1,,
68764261,2026-04-23 10:16:22,,Open,Pothole,BROOKLYN,nan,40.63674397650717,-73.94034817483123,2.288003412222222,5664.555555555556,6673.0,10,1,34.2,1,Medium,14,0.658,0.171,0.103,0.068,2026-04-25 17:11:05,1,4,3,1,,
68770012,2026-04-23 10:13:17,,Open,Pothole,BROOKLYN,nan,40.586524571977066,-73.92952365157892,2.290144615925926,5664.555555555556,6673.0,20,1,47.6,1,Medium,14,0.524,0.238,0.143,0.095,2026-04-25 17:11:05,1,4,3,1,,
68763804,2026-04-23 10:05:05,2026-04-23 20:33:00,Closed,Pothole,QUEENS,nan,40.72604688081713,-73.82400117727384,2.2958390603703704,4959.1547619047615,4660.0,4,0,21.299999237060547,0,Low,30,0.959,0.041,0.0,0.0,2026-04-25 17:11:05,2,4,3,1,2026-04-23 20:33:00,0.0
68770988,2026-04-23 09:51:58,2026-04-23 20:22:00,Closed,Pothole,QUEENS,nan,40.73873267123712,-73.7572959334795,2.3049478566666664,4959.1547619047615,4660.0,2,0,18.299999237060547,0,Low,30,0.999,0.001,0.0,0.0,2026-04-25 17:11:05,2,4,3,1,2026-04-23 20:22:00,0.0
68768611,2026-04-23 09:51:31,,Open,Pothole,BROOKLYN,nan,40.6394354865525,-74.00545881573969,2.3052603566666665,5664.555555555556,6673.0,11,1,36.9,1,Medium,14,0.631,0.184,0.111,0.074,2026-04-25 17:11:05,1,4,3,1,,
68760925,2026-04-23 09:47:14,2026-04-23 09:47:14,Closed,Pothole,BRONX,nan,40.856895816531086,-73.85715842488324,2.3082348937037036,6677.6,6655.5,23,1,31.399999618530273,1,Medium,14,0.002,0.998,0.0,0.0,2026-04-25 17:11:05,3,4,3,1,2026-04-23 09:47:14,0.0
68768612,2026-04-23 09:37:29,,Open,Pothole,BROOKLYN,nan,40.69463828403883,-73.94905935288806,2.315005727037037,5664.555555555556,6673.0,15,1,47.6,1,Medium,14,0.524,0.238,0.143,0.095,2026-04-25 17:11:05,1,4,3,1,,
68761422,2026-04-23 09:37:22,,Open,Pothole,BROOKLYN,nan,40.65290115850118,-73.8667202982866,2.3150867455555555,5664.555555555556,6673.0,45,1,47.6,1,Medium,14,0.524,0.238,0.143,0.095,2026-04-25 17:11:05,1,4,3,1,,
68761432,2026-04-23 09:26:46,,Open,Pothole,MANHATTAN,nan,40.71032726235273,-74.00954415049303,2.3224478566666664,16591.571428571428,6876.0,17,0,60.7,2,High,7,0.393,0.303,0.182,0.121,2026-04-25 17:11:05,0,4,3,1,,
68765215,2026-04-23 09:21:20,2026-04-23 09:21:20,Closed,Pothole,BRONX,nan,40.877033540866954,-73.84636823281076,2.3262210048148146,6677.6,6655.5,9,1,25.200000762939453,1,Medium,14,0.033,0.967,0.0,0.0,2026-04-25 17:11:05,3,4,3,1,2026-04-23 09:21:20,0.0
68762378,2026-04-23 09:17:15,2026-04-23 09:17:15,Closed,Pothole,BRONX,nan,40.81005177613929,-73.92781671022885,2.329056652962963,6677.6,6655.5,39,1,27.600000381469727,1,Medium,14,0.0,1.0,0.0,0.0,2026-04-25 17:11:05,3,4,3,1,2026-04-23 09:17:15,0.0
68770028,2026-04-23 09:13:22,,Open,Pothole,MANHATTAN,nan,40.814299929751385,-73.95307534093075,2.331753412222222,16591.571428571428,6876.0,19,0,60.7,2,High,7,0.393,0.303,0.182,0.121,2026-04-25 17:11:05,0,4,3,1,,
68762885,2026-04-23 09:11:38,,Pending,Pothole,QUEENS,nan,40.59801616352458,-73.76545946281247,2.3329571159259257,4959.1547619047615,4660.0,5,0,20.700000762939453,0,Low,30,0.968,0.032,0.0,0.0,2026-04-25 17:11:05,2,4,3,1,,
68767182,2026-04-23 09:06:33,,Open,Pothole,BRONX,nan,40.887931963937746,-73.91091834632904,2.3364872085185184,6677.6,6655.5,16,1,48.8,1,Medium,14,0.512,0.244,0.146,0.098,2026-04-25 17:11:05,3,4,3,1,,
68771514,2026-04-23 08:40:50,,Pending,Pothole,QUEENS,nan,40.7447332449159,-73.93358950294318,2.354346004814815,4959.1547619047615,4660.0,19,0,27.299999237060547,1,Medium,14,0.001,0.999,0.0,0.0,2026-04-25 17:11:05,2,4,3,1,,
68763805,2026-04-23 08:39:03,2026-04-23 08:39:03,Closed,Pothole,QUEENS,nan,40.74102824263403,-73.93430771337177,2.3555844307407408,4959.1547619047615,4660.0,17,0,27.200000762939453,1,Medium,14,0.001,0.999,0.0,0.0,2026-04-25 17:11:05,2,4,3,1,2026-04-23 08:39:03,0.0
68766684,2026-04-23 08:35:33,2026-04-23 20:22:00,Closed,Pothole,QUEENS,nan,40.66797715383524,-73.79813186630179,2.358014986296296,4959.1547619047615,4660.0,14,0,30.200000762939453,1,Medium,14,0.162,0.838,0.0,0.0,2026-04-25 17:11:05,2,4,3,1,2026-04-23 20:22:00,0.0
68769521,2026-04-23 08:34:37,2026-04-23 08:34:37,Closed,Pothole,QUEENS,nan,40.74102824263403,-73.93430771337177,2.3586631344444444,4959.1547619047615,4660.0,17,0,27.200000762939453,1,Medium,14,0.001,0.999,0.0,0.0,2026-04-25 17:11:05,2,4,3,1,2026-04-23 08:34:37,0.0
68760920,2026-04-23 08:31:41,2026-04-23 20:03:00,Closed,Pothole,QUEENS,ROCKAWAY BOULEVARD,40.674610933208335,-73.80427648819571,2.3607001714814815,4959.1547619047615,66278.0,22,0,37.70000076293945,1,Medium,14,0.002,0.998,0.0,0.0,2026-04-25 17:11:05,2,4,3,1,2026-04-23 20:03:00,0.0
68760921,2026-04-23 08:22:12,2026-04-23 21:33:00,Closed,Pothole,QUEENS,104 STREET,40.74848370744888,-73.8609891344078,2.3672858196296294,4959.1547619047615,4660.0,18,1,27.600000381469727,1,Medium,14,0.004,0.996,0.0,0.0,2026-04-25 17:11:05,2,4,3,1,2026-04-23 21:33:00,0.0
68767183,2026-04-23 08:14:42,,Open,Pothole,STATEN ISLAND,nan,40.63249473349948,-74.15639420020095,2.372494152962963,23788.714285714286,2762.0,7,0,48.0,1,Medium,14,0.52,0.24,0.144,0.096,2026-04-25 17:11:05,4,4,3,1,,
68766685,2026-04-23 08:09:26,2026-04-23 21:22:00,Closed,Pothole,QUEENS,nan,40.67138040380559,-73.73211552600739,2.3761515603703702,4959.1547619047615,4660.0,6,1,21.200000762939453,0,Low,30,0.967,0.033,0.0,0.0,2026-04-25 17:11:05,2,4,3,1,2026-04-23 21:22:00,0.0
68767191,2026-04-23 07:47:50,,Open,Pothole,MANHATTAN,nan,40.81133133112894,-73.96401965133558,2.3911515603703704,16591.571428571428,6876.0,11,1,50.0,1,Medium,7,0.5,0.25,0.15,0.1,2026-04-25 17:11:05,0,4,3,1,,
68768619,2026-04-23 07:47:08,,Open,Pothole,STATEN ISLAND,nan,40.62496149059419,-74.14499655817828,2.3916376714814813,23788.714285714286,2762.0,20,1,69.3,2,High,14,0.307,0.347,0.208,0.139,2026-04-25 17:11:05,4,4,3,1,,
68766706,2026-04-23 07:46:50,2026-04-23 07:46:50,Closed,Pothole,MANHATTAN,nan,40.84672578941482,-73.93562017903595,2.391846004814815,16591.571428571428,6876.0,25,1,40.599998474121094,1,Medium,14,0.0,1.0,0.0,0.0,2026-04-25 17:11:05,0,4,3,1,2026-04-23 07:46:50,0.0
68765747,2026-04-23 07:36:25,,Open,Pothole,BRONX,nan,40.819787424675056,-73.92801208783752,2.399079801111111,6677.6,6655.5,37,1,48.8,1,Medium,14,0.512,0.244,0.146,0.098,2026-04-25 17:11:05,3,4,3,1,,
68765210,2026-04-23 07:16:15,2026-04-23 07:16:15,Closed,Pothole,BROOKLYN,nan,40.61939737192231,-73.96956588163236,2.413084430740741,5664.555555555556,6673.0,16,0,29.399999618530273,1,Medium,14,0.003,0.997,0.0,0.0,2026-04-25 17:11:05,1,4,3,1,2026-04-23 07:16:15,0.0
68770019,2026-04-23 07:05:25,,Open,Pothole,STATEN ISLAND,nan,40.576405233211005,-74.12706862434639,2.4206075788888888,23788.714285714286,2762.0,4,1,40.0,1,Medium,14,0.6,0.2,0.12,0.08,2026-04-25 17:11:05,4,4,3,1,,
68765208,2026-04-23 06:46:06,2026-04-23 06:46:06,Closed,Pothole,QUEENS,nan,40.71822688567068,-73.81514029543717,2.4340219307407405,4959.1547619047615,4660.0,9,1,26.0,0,Low,30,0.675,0.324,0.0,0.0,2026-04-25 17:11:05,2,4,3,1,2026-04-23 06:46:06,0.0
68765744,2026-04-23 05:17:39,,Open,Pothole,BROOKLYN,nan,40.6824233610764,-73.9706836672559,2.495445541851852,5664.555555555556,6673.0,15,0,47.6,1,Medium,14,0.524,0.238,0.143,0.095,2026-04-25 17:11:05,1,4,3,1,,
68766691,2026-04-23 04:45:51,2026-04-23 04:45:51,Closed,Pothole,BRONX,nan,40.83626494893122,-73.84731524355598,2.517528875185185,6677.6,6655.5,10,0,30.200000762939453,1,Medium,14,0.003,0.997,0.0,0.0,2026-04-25 17:11:05,3,4,3,1,2026-04-23 04:45:51,0.0
68770994,2026-04-23 01:40:40,2026-04-24 00:35:00,Closed,Pothole,MANHATTAN,nan,40.77500178839719,-73.96308610486504,2.646128412222222,16591.571428571428,6876.0,21,1,39.29999923706055,1,Medium,14,0.0,1.0,0.0,0.0,2026-04-25 17:11:05,0,4,3,1,2026-04-24 00:35:00,0.0
68760930,2026-04-23 01:31:57,2026-04-23 17:14:00,Closed,Pothole,MANHATTAN,nan,40.81401074056482,-73.94464727726863,2.652181652962963,16591.571428571428,6876.0,33,0,39.0,1,Medium,14,0.0,1.0,0.0,0.0,2026-04-25 17:11:05,0,4,3,1,2026-04-23 17:14:00,0.0
68768098,2026-04-23 01:18:57,2026-04-24 00:25:00,Closed,Pothole,MANHATTAN,nan,40.70315194054949,-74.01443009679454,2.661209430740741,16591.571428571428,6876.0,13,1,41.5,1,Medium,14,0.0,1.0,0.0,0.0,2026-04-25 17:11:05,0,4,3,1,2026-04-24 00:25:00,0.0
68754886,2026-04-23 00:03:51,,Pending,Pothole,QUEENS,nan,40.666151252493215,-73.80574316384484,2.7133622085185185,4959.1547619047615,4660.0,17,0,28.200000762939453,1,Medium,14,0.009,0.991,0.0,0.0,2026-04-25 17:11:05,2,4,3,1,,
68758780,2026-04-22 23:37:01,,Open,Pothole,MANHATTAN,nan,40.758373663645195,-73.97099315286859,2.7319964677777775,16591.571428571428,6876.0,19,0,60.8,2,High,7,0.392,0.304,0.182,0.122,2026-04-25 17:11:05,0,4,2,1,,
68754415,2026-04-22 22:27:25,2026-04-22 22:27:25,Closed,Pothole,BROOKLYN,nan,40.61910563757932,-73.95830950968423,2.780329801111111,5664.555555555556,6673.0,10,1,30.100000381469727,1,Medium,14,0.082,0.918,0.0,0.0,2026-04-25 17:11:05,1,4,2,1,2026-04-22 22:27:25,0.0
68753526,2026-04-22 22:14:37,,Open,Pothole,BROOKLYN,BRIDGE PARK DRIVE,40.69212711394258,-74.0005841762397,2.78921869,5664.555555555556,6673.0,33,0,47.7,1,Medium,14,0.523,0.239,0.143,0.095,2026-04-25 17:11:05,1,4,2,1,,
68757445,2026-04-22 21:35:02,,Open,Pothole,QUEENS,nan,40.72016456114445,-73.84478898171724,2.816707115925926,4959.1547619047615,4660.0,28,1,46.9,1,Medium,14,0.531,0.234,0.141,0.094,2026-04-25 17:11:05,2,4,2,1,,
68760064,2026-04-22 21:13:04,,Open,Pothole,STATEN ISLAND,nan,40.63778221701535,-74.07694038166075,2.8319617455555552,23788.714285714286,2762.0,17,1,69.5,2,High,14,0.305,0.347,0.208,0.139,2026-04-25 17:11:05,4,4,2,1,,
68754897,2026-04-22 21:12:04,,Open,Pothole,BROOKLYN,nan,40.699772772647066,-73.9829307207,2.83265619,5664.555555555556,6673.0,16,1,47.7,1,Medium,14,0.523,0.239,0.143,0.095,2026-04-25 17:11:05,1,4,2,1,,
68750837,2026-04-22 20:54:31,,Open,Pothole,MANHATTAN,nan,40.758007317565976,-73.9662394784917,2.84484369,16591.571428571428,6876.0,22,0,60.9,2,High,7,0.391,0.304,0.183,0.122,2026-04-25 17:11:05,0,4,2,1,,
68753524,2026-04-22 20:47:12,,Open,Pothole,MANHATTAN,nan,40.75575619139446,-73.96478600260775,2.849924708518518,16591.571428571428,6876.0,13,1,55.5,2,High,7,0.445,0.278,0.167,0.111,2026-04-25 17:11:05,0,4,2,1,,
68757453,2026-04-22 20:14:32,,Open,Pothole,BROOKLYN,nan,40.60419461792944,-73.9721765349984,2.8726098937037037,5664.555555555556,6673.0,8,0,29.1,1,Medium,14,0.709,0.145,0.087,0.058,2026-04-25 17:11:05,1,4,2,1,,
68756118,2026-04-22 19:45:23,,Open,Pothole,STATEN ISLAND,nan,40.60792099431477,-74.0892050192879,2.892852949259259,23788.714285714286,2762.0,17,1,69.5,2,High,14,0.305,0.348,0.209,0.139,2026-04-25 17:11:05,4,4,2,1,,
68760066,2026-04-22 19:39:58,,Open,Pothole,QUEENS,nan,40.71679083109271,-73.83273380405444,2.896614523333333,4959.1547619047615,4660.0,28,0,46.9,1,Medium,14,0.531,0.235,0.141,0.094,2026-04-25 17:11:05,2,4,2,1,,
68753515,2026-04-22 19:32:52,,Open,Pothole,STATEN ISLAND,nan,40.56405630631611,-74.18727279113348,2.901545078888889,23788.714285714286,2762.0,2,0,34.8,1,Medium,14,0.652,0.174,0.105,0.07,2026-04-25 17:11:05,4,4,2,1,,
68760067,2026-04-22 19:27:56,,Open,Pothole,QUEENS,nan,40.75264157307053,-73.93987263381857,2.9049710048148145,4959.1547619047615,4660.0,14,1,44.3,1,Medium,14,0.557,0.221,0.133,0.089,2026-04-25 17:11:05,2,4,2,1,,
68757443,2026-04-22 19:26:27,,Open,Pothole,STATEN ISLAND,nan,40.55309488361409,-74.14232882778624,2.9060010974074073,23788.714285714286,2762.0,1,1,32.2,1,Medium,14,0.678,0.161,0.097,0.064,2026-04-25 17:11:05,4,4,2,1,,
68760075,2026-04-22 19:16:08,,Open,Pothole,BROOKLYN,nan,40.68365164290631,-73.87218617994516,2.9131654492592594,5664.555555555556,6673.0,19,1,47.8,1,Medium,14,0.522,0.239,0.143,0.096,2026-04-25 17:11:05,1,4,2,1,,
68754893,2026-04-22 18:56:43,,Open,Pothole,MANHATTAN,nan,40.8398674785978,-73.93691341258723,2.9266492455555553,16591.571428571428,6876.0,17,0,60.9,2,High,7,0.391,0.304,0.183,0.122,2026-04-25 17:11:05,0,4,2,1,,
68750828,2026-04-22 18:51:53,,Open,Pothole,STATEN ISLAND,nan,40.59529849301027,-74.11037886052223,2.9300057270370368,23788.714285714286,2762.0,5,1,42.9,1,Medium,14,0.571,0.214,0.129,0.086,2026-04-25 17:11:05,4,4,2,1,,
68752183,2026-04-22 18:47:16,,Open,Pothole,BRONX,nan,40.857049203715135,-73.8547071439083,2.9332117455555555,6677.6,6655.5,17,0,49.0,1,Medium,14,0.51,0.245,0.147,0.098,2026-04-25 17:11:05,3,4,2,1,,
68754890,2026-04-22 18:31:54,2026-04-23 13:12:00,Closed,Pothole,QUEENS,nan,40.761217008162774,-73.8863970016137,2.943883041851852,4959.1547619047615,4660.0,7,0,27.200000762939453,1,Medium,14,0.135,0.865,0.0,0.0,2026-04-25 17:11:05,2,4,2,1,2026-04-23 13:12:00,0.0
68750833,2026-04-22 18:11:26,2026-04-23 13:15:00,Closed,Pothole,QUEENS,nan,40.750119075321,-73.80727041758703,2.9580960048148146,4959.1547619047615,4660.0,7,0,24.399999618530273,1,Medium,14,0.445,0.555,0.0,0.0,2026-04-25 17:11:05,2,4,2,1,2026-04-23 13:15:00,0.0
68760070,2026-04-22 17:58:36,,Open,Pothole,MANHATTAN,nan,40.81894912641132,-73.95220135404699,2.9670080418518516,16591.571428571428,6876.0,12,1,52.9,2,High,7,0.471,0.264,0.159,0.106,2026-04-25 17:11:05,0,4,2,1,,
68752194,2026-04-22 17:52:31,,Open,Pothole,QUEENS,nan,40.750579683326634,-73.71008043606062,2.971232578888889,4959.1547619047615,4660.0,2,0,12.3,0,Low,14,0.877,0.061,0.037,0.025,2026-04-25 17:11:05,2,4,2,1,,
68756122,2026-04-22 17:37:08,,Open,Pothole,QUEENS,nan,40.73996638301459,-73.89423145890211,2.981915449259259,4959.1547619047615,4660.0,29,0,46.9,1,Medium,14,0.531,0.235,0.141,0.094,2026-04-25 17:11:05,2,4,2,1,,
68754891,2026-04-22 17:36:44,,Open,Pothole,QUEENS,nan,40.7325834170122,-73.86805111721684,2.982193227037037,4959.1547619047615,4660.0,44,1,46.9,1,Medium,14,0.531,0.235,0.141,0.094,2026-04-25 17:11:05,2,4,2,1,,
68757446,2026-04-22 17:35:51,,Open,Pothole,QUEENS,nan,40.772698926203056,-73.93268428972686,2.982806652962963,4959.1547619047615,4660.0,6,1,22.9,0,Low,14,0.771,0.115,0.069,0.046,2026-04-25 17:11:05,2,4,2,1,,
68758770,2026-04-22 17:24:13,,Open,Pothole,STATEN ISLAND,nan,40.621530421841186,-74.10758729695573,2.9908853566666664,23788.714285714286,2762.0,0,1,29.5,1,Medium,14,0.705,0.148,0.089,0.059,2026-04-25 17:11:05,4,4,2,0,,
68754899,2026-04-22 17:09:59,2026-04-23 09:50:00,Closed,Pothole,BROOKLYN,nan,40.64432912509987,-73.91990626201557,3.000769615925926,5664.555555555556,6673.0,17,0,28.5,1,Medium,14,0.002,0.998,0.0,0.0,2026-04-25 17:11:05,1,4,2,1,2026-04-23 09:50:00,0.0
68758778,2026-04-22 17:05:12,,Open,Pothole,QUEENS,nan,40.71182492313364,-73.83611529529921,3.004091375185185,4959.1547619047615,4660.0,16,1,47.0,1,Medium,14,0.53,0.235,0.141,0.094,2026-04-25 17:11:05,2,4,2,1,,
68753032,2026-04-22 16:56:25,2026-04-22 16:56:25,Closed,Pothole,BRONX,nan,40.872113412889206,-73.88785272403739,3.010190912222222,6677.6,6655.5,18,1,33.0,1,Medium,14,0.0,1.0,0.0,0.0,2026-04-25 17:11:05,3,4,2,1,2026-04-22 16:56:25,0.0
68759638,2026-04-22 16:20:38,2026-04-22 16:20:38,Closed,Pothole,BROOKLYN,nan,40.70700184687184,-73.96728965050787,3.035040449259259,5664.555555555556,6673.0,7,1,26.700000762939453,1,Medium,14,0.086,0.913,0.0,0.0,2026-04-25 17:11:05,1,4,2,1,2026-04-22 16:20:38,0.0
68752196,2026-04-22 16:16:07,,Open,Pothole,QUEENS,nan,40.701188190518074,-73.74147011103045,3.038177023333333,4959.1547619047615,4660.0,8,1,28.3,1,Medium,14,0.717,0.141,0.085,0.057,2026-04-25 17:11:05,2,4,2,1,,
68750835,2026-04-22 16:13:16,,Open,Pothole,QUEENS,nan,40.73108132164628,-73.7739970491349,3.04015619,4959.1547619047615,4660.0,0,0,7.0,0,Low,14,0.93,0.035,0.021,0.014,2026-04-25 17:11:05,2,4,2,0,,
68754900,2026-04-22 16:11:15,,Open,Pothole,BROOKLYN,nan,40.682067421178,-73.89325246226335,3.0415566529629627,5664.555555555556,6673.0,7,0,26.5,1,Medium,14,0.735,0.132,0.079,0.053,2026-04-25 17:11:05,1,4,2,1,,
68769525,2026-04-22 16:11:06,2026-04-23 13:10:00,Closed,Pothole,BROOKLYN,nan,40.59039133986666,-73.99153874884709,3.0416608196296293,5664.555555555556,6673.0,11,1,27.899999618530273,1,Medium,14,0.011,0.989,0.0,0.0,2026-04-25 17:11:05,1,4,2,1,2026-04-23 13:10:00,0.0
68753523,2026-04-22 16:08:05,2026-04-23 11:26:00,Closed,Pothole,QUEENS,nan,40.73413548580743,-73.8691738344962,3.043755727037037,4959.1547619047615,4660.0,50,1,28.700000762939453,1,Medium,14,0.011,0.988,0.0,0.0,2026-04-25 17:11:05,2,4,2,1,2026-04-23 11:26:00,0.0
68752184,2026-04-22 16:07:59,,Open,Pothole,BRONX,nan,40.84437108658596,-73.88901630722455,3.0438251714814815,6677.6,6655.5,12,1,41.0,1,Medium,14,0.59,0.205,0.123,0.082,2026-04-25 17:11:05,3,4,2,1,,
68752185,2026-04-22 16:06:43,,Open,Pothole,BRONX,nan,40.84382931737717,-73.88791847835677,3.044704801111111,6677.6,6655.5,13,1,43.7,1,Medium,14,0.563,0.218,0.131,0.087,2026-04-25 17:11:05,3,4,2,1,,
68750836,2026-04-22 16:04:47,2026-04-23 12:40:00,Closed,Pothole,QUEENS,nan,40.76315171560343,-73.81260059705816,3.0460473937037036,4959.1547619047615,4660.0,14,1,29.299999237060547,1,Medium,14,0.049,0.951,0.0,0.0,2026-04-25 17:11:05,2,4,2,1,2026-04-23 12:40:00,0.0
68754404,2026-04-22 16:02:51,2026-04-22 16:02:51,Closed,Pothole,BRONX,nan,40.84541059639791,-73.89112534644192,3.047389986296296,6677.6,6655.5,27,1,30.100000381469727,1,Medium,14,0.001,0.999,0.0,0.0,2026-04-25 17:11:05,3,4,2,1,2026-04-22 16:02:51,0.0
68763808,2026-04-22 16:00:45,2026-04-23 14:40:00,Closed,Pothole,BROOKLYN,MC DONALD AVENUE,40.64238715132448,-73.97934926919785,3.0488483196296294,6748.7,21835.0,13,0,30.100000381469727,1,Medium,14,0.0,1.0,0.0,0.0,2026-04-25 17:11:05,1,4,2,1,2026-04-23 14:40:00,0.0
68757448,2026-04-22 15:58:23,,Open,Pothole,QUEENS,nan,40.73177902884212,-73.77010866842208,3.050491838148148,4959.1547619047615,4660.0,5,1,20.3,0,Low,14,0.797,0.102,0.061,0.041,2026-04-25 17:11:05,2,4,2,1,,
68760077,2026-04-22 15:56:02,,Open,Pothole,BROOKLYN,nan,40.5923045556018,-73.97389179117302,3.0521237825925924,5664.555555555556,6673.0,5,1,21.1,0,Low,14,0.789,0.106,0.063,0.042,2026-04-25 17:11:05,1,4,2,1,,
68756126,2026-04-22 15:54:07,,Open,Pothole,QUEENS,nan,40.7402725268642,-73.89585124979992,3.053454801111111,4959.1547619047615,4660.0,23,0,47.0,1,Medium,14,0.53,0.235,0.141,0.094,2026-04-25 17:11:05,2,4,2,1,,
68756953,2026-04-22 15:48:27,2026-04-22 15:48:27,Closed,Pothole,STATEN ISLAND,nan,40.63172392547253,-74.09591996391923,3.0573899862962963,23788.714285714286,2762.0,3,0,28.5,1,Medium,14,0.002,0.998,0.0,0.0,2026-04-25 17:11:05,4,4,2,1,2026-04-22 15:48:27,0.0
68762391,2026-04-22 15:26:18,2026-04-23 09:38:00,Closed,Pothole,QUEENS,30 AVENUE,40.76104184192958,-73.87369455298705,3.072771930740741,4959.1547619047615,4660.0,12,1,30.5,1,Medium,14,0.022,0.978,0.0,0.0,2026-04-25 17:11:05,2,4,2,1,2026-04-23 09:38:00,0.0
68760061,2026-04-22 15:14:48,,Open,Pothole,BRONX,nan,40.834129671397186,-73.87474110534129,3.0807580418518516,6677.6,6655.5,11,1,38.4,1,Medium,14,0.616,0.192,0.115,0.077,2026-04-25 17:11:05,3,4,2,1,,
68766687,2026-04-22 15:05:17,2026-04-23 14:42:00,Closed,Pothole,BROOKLYN,LEWIS AVENUE,40.68192007151983,-73.93483104733085,3.087366838148148,5664.555555555556,7041.0,14,0,30.100000381469727,1,Medium,14,0.001,0.999,0.0,0.0,2026-04-25 17:11:05,1,4,2,1,2026-04-23 14:42:00,0.0
68754413,2026-04-22 15:00:09,2026-04-22 15:00:09,Closed,Pothole,MANHATTAN,nan,40.7779047511921,-73.98208745958574,3.0909316529629627,16591.571428571428,6876.0,20,0,40.29999923706055,1,Medium,14,0.0,1.0,0.0,0.0,2026-04-25 17:11:05,0,4,2,1,2026-04-22 15:00:09,0.0
68763809,2026-04-22 14:57:32,2026-04-23 12:15:00,Closed,Pothole,BROOKLYN,LEWIS AVENUE,40.694294879566094,-73.93731440368089,3.0927487825925923,5664.555555555556,7041.0,13,1,30.100000381469727,1,Medium,14,0.002,0.998,0.0,0.0,2026-04-25 17:11:05,1,4,2,1,2026-04-23 12:15:00,0.0
68756129,2026-04-22 14:55:52,,Open,Pothole,BROOKLYN,nan,40.61910563757932,-73.95830950968423,3.09390619,5664.555555555556,6673.0,10,1,34.5,1,Medium,14,0.655,0.172,0.103,0.069,2026-04-25 17:11:05,1,4,2,1,,
68762376,2026-04-22 14:52:43,2026-04-23 11:07:00,Closed,Pothole,BROOKLYN,FRANKLIN AVENUE,40.690195064201,-73.95717607239062,3.09609369,5664.555555555556,8610.0,25,1,29.799999237060547,1,Medium,14,0.015,0.985,0.0,0.0,2026-04-25 17:11:05,1,4,2,1,2026-04-23 11:07:00,0.0
68763810,2026-04-22 14:51:52,2026-04-23 10:45:00,Closed,Pothole,BROOKLYN,SPENCER STREET,40.695368249572745,-73.95532276805,3.0966839677777775,5664.555555555556,575.0,17,1,30.200000762939453,1,Medium,14,0.01,0.99,0.0,0.0,2026-04-25 17:11:05,1,4,2,1,2026-04-23 10:45:00,0.0
68759636,2026-04-22 14:32:20,2026-04-22 14:32:20,Closed,Pothole,MANHATTAN,nan,40.77039307378342,-73.94807356936934,3.1102487825925924,16591.571428571428,6876.0,13,0,38.29999923706055,1,Medium,14,0.0,1.0,0.0,0.0,2026-04-25 17:11:05,0,4,2,1,2026-04-22 14:32:20,0.0
68753527,2026-04-22 14:32:00,,Open,Pothole,BROOKLYN,nan,40.62977655180999,-73.99399437040576,3.110480264074074,5664.555555555556,6673.0,10,0,34.5,1,Medium,14,0.655,0.173,0.104,0.069,2026-04-25 17:11:05,1,4,2,1,,
68752207,2026-04-22 14:27:48,,Pending,Pothole,QUEENS,nan,40.7738902855692,-73.75215646943215,3.1133969307407408,4959.1547619047615,4660.0,0,1,16.700000762939453,0,Low,30,1.0,0.0,0.0,0.0,2026-04-25 17:11:05,2,4,2,0,,
68757466,2026-04-22 14:25:34,,Pending,Pothole,QUEENS,nan,40.77786276304657,-73.74623099449697,3.1149478566666664,4959.1547619047615,4660.0,0,1,17.0,0,Low,30,1.0,0.0,0.0,0.0,2026-04-25 17:11:05,2,4,2,0,,
68750831,2026-04-22 14:19:20,,Open,Pothole,STATEN ISLAND,nan,40.60875681117382,-74.07578325430443,3.1192765603703703,23788.714285714286,2762.0,3,1,37.6,1,Medium,14,0.624,0.188,0.113,0.075,2026-04-25 17:11:05,4,4,2,1,,
68760078,2026-04-22 14:14:22,,Open,Pothole,BROOKLYN,BROADWAY,40.69260383163042,-73.92750752930546,3.1227256344444445,5664.555555555556,13110.0,13,0,42.5,1,Medium,14,0.575,0.213,0.128,0.085,2026-04-25 17:11:05,1,4,2,1,,
68754894,2026-04-22 14:09:54,,Open,Pothole,MANHATTAN,nan,40.71305305648862,-73.99411672486126,3.1258274862962963,16591.571428571428,6876.0,27,1,61.0,2,High,7,0.39,0.305,0.183,0.122,2026-04-25 17:11:05,0,4,2,1,,
68759629,2026-04-22 14:09:11,2026-04-22 14:09:11,Closed,Pothole,STATEN ISLAND,nan,40.607427447247595,-74.09203150051069,3.1263251714814815,23788.714285714286,2762.0,6,1,33.70000076293945,1,Medium,14,0.001,0.999,0.0,0.0,2026-04-25 17:11:05,4,4,2,1,2026-04-22 14:09:11,0.0
68756954,2026-04-22 14:07:14,2026-04-22 14:07:14,Closed,Pothole,STATEN ISLAND,nan,40.6070730741089,-74.09239835827645,3.1276793381481482,23788.714285714286,2762.0,1,1,30.399999618530273,1,Medium,14,0.007,0.993,0.0,0.0,2026-04-25 17:11:05,4,4,2,1,2026-04-22 14:07:14,0.0
68758772,2026-04-22 14:06:48,,Open,Pothole,STATEN ISLAND,nan,40.58906464030454,-74.13862140175796,3.127980264074074,23788.714285714286,2762.0,1,0,32.3,1,Medium,14,0.677,0.161,0.097,0.065,2026-04-25 17:11:05,4,4,2,1,,
68750321,2026-04-22 14:05:48,2026-04-22 14:05:48,Closed,Pothole,BROOKLYN,nan,40.61040199919937,-73.95859226925326,3.1286747085185183,5664.555555555556,6673.0,18,0,28.600000381469727,1,Medium,14,0.002,0.998,0.0,0.0,2026-04-25 17:11:05,1,4,2,1,2026-04-22 14:05:48,0.0
68755680,2026-04-22 14:05:29,2026-04-22 14:05:29,Closed,Pothole,STATEN ISLAND,nan,40.60872585877758,-74.08837774444845,3.1288946159259257,23788.714285714286,2762.0,19,1,38.79999923706055,1,Medium,14,0.001,0.999,0.0,0.0,2026-04-25 17:11:05,4,4,2,1,2026-04-22 14:05:29,0.0
68752200,2026-04-22 13:33:14,,Open,Pothole,MANHATTAN,nan,40.749539767683046,-73.97743569452753,3.151290449259259,16591.571428571428,6876.0,29,0,61.0,2,High,7,0.39,0.305,0.183,0.122,2026-04-25 17:11:05,0,4,2,1,,
68751680,2026-04-22 13:20:04,2026-04-22 19:24:00,Closed,Pothole,QUEENS,nan,40.73177902884212,-73.77010866842208,3.1604339677777777,4959.1547619047615,4660.0,5,1,24.600000381469727,1,Medium,14,0.37,0.63,0.0,0.0,2026-04-25 17:11:05,2,4,2,1,2026-04-22 19:24:00,0.0
68750307,2026-04-22 13:06:05,2026-04-22 16:55:00,Closed,Pothole,QUEENS,nan,40.70414756327418,-73.80758365976361,3.170144615925926,4959.1547619047615,4660.0,19,1,29.200000762939453,1,Medium,14,0.007,0.993,0.0,0.0,2026-04-25 17:11:05,2,4,2,1,2026-04-22 16:55:00,0.0
68754419,2026-04-22 13:03:55,2026-04-22 13:03:55,Closed,Pothole,BROOKLYN,nan,40.62371600734448,-73.99313035650445,3.1716492455555554,5664.555555555556,6673.0,6,0,22.700000762939453,0,Low,30,0.927,0.073,0.0,0.0,2026-04-25 17:11:05,1,4,2,1,2026-04-22 13:03:55,0.0
68757459,2026-04-22 13:01:57,,Open,Pothole,BROOKLYN,nan,40.62371600734448,-73.99313035650445,3.1730149862962964,5664.555555555556,6673.0,6,0,23.9,0,Low,14,0.761,0.119,0.072,0.048,2026-04-25 17:11:05,1,4,2,1,,
68750824,2026-04-22 12:33:46,,Open,Pothole,BRONX,nan,40.862815371964345,-73.90755000874817,3.1925867455555554,6677.6,6655.5,20,1,49.1,1,Medium,14,0.509,0.245,0.147,0.098,2026-04-25 17:11:05,3,4,2,1,,
68756128,2026-04-22 12:24:45,,Open,Pothole,QUEENS,nan,40.686396242283834,-73.78244528042602,3.1988483196296293,4959.1547619047615,4660.0,5,0,20.4,0,Low,14,0.796,0.102,0.061,0.041,2026-04-25 17:11:05,2,4,2,1,,
68758789,2026-04-22 12:10:23,,Pending,Pothole,QUEENS,nan,40.75757822819593,-73.76797299399531,3.2088251714814815,4959.1547619047615,4660.0,4,1,21.299999237060547,0,Low,30,0.878,0.122,0.0,0.0,2026-04-25 17:11:05,2,4,2,1,,
68754414,2026-04-22 11:46:15,2026-04-22 11:46:15,Closed,Pothole,MANHATTAN,nan,40.74154879564148,-73.98957446267119,3.225584430740741,16591.571428571428,6876.0,22,0,40.70000076293945,1,Medium,14,0.0,1.0,0.0,0.0,2026-04-25 17:11:05,0,4,2,1,2026-04-22 11:46:15,0.0
68756957,2026-04-22 11:37:36,2026-04-22 16:11:00,Closed,Pothole,QUEENS,nan,40.75033192262583,-73.77906400612461,3.231591375185185,4959.1547619047615,4660.0,4,0,24.100000381469727,1,Medium,14,0.178,0.821,0.0,0.0,2026-04-25 17:11:05,2,4,2,1,2026-04-22 16:11:00,0.0
68760071,2026-04-22 11:27:24,,Open,Pothole,MANHATTAN,nan,40.761668277085114,-73.97491556118797,3.2386747085185186,16591.571428571428,6876.0,32,0,61.0,2,High,7,0.39,0.305,0.183,0.122,2026-04-25 17:11:05,0,4,2,1,,
68754885,2026-04-22 11:24:13,,Open,Pothole,STATEN ISLAND,nan,40.52128013605739,-74.23945791984274,3.2408853566666664,23788.714285714286,2762.0,1,0,32.3,1,Medium,14,0.677,0.161,0.097,0.065,2026-04-25 17:11:05,4,4,2,1,,
68751678,2026-04-22 11:24:07,2026-04-22 11:24:07,Closed,Pothole,BRONX,nan,40.884399899656366,-73.85237261654099,3.240954801111111,6677.6,6655.5,6,1,26.100000381469727,1,Medium,14,0.105,0.895,0.0,0.0,2026-04-25 17:11:05,3,4,2,1,2026-04-22 11:24:07,0.0
68756134,2026-04-22 11:21:54,,Open,Pothole,BROOKLYN,nan,40.66329536267918,-73.88978616703648,3.242494152962963,5664.555555555556,6673.0,21,1,47.9,1,Medium,14,0.521,0.239,0.144,0.096,2026-04-25 17:11:05,1,4,2,1,,
68753034,2026-04-22 11:12:24,2026-04-22 11:12:24,Closed,Pothole,BRONX,nan,40.875588584674254,-73.89407357779507,3.249091375185185,6677.6,6655.5,4,0,23.600000381469727,0,Low,30,0.955,0.045,0.0,0.0,2026-04-25 17:11:05,3,4,2,1,2026-04-22 11:12:24,0.0
68754405,2026-04-22 11:11:53,2026-04-22 11:11:53,Closed,Pothole,BRONX,nan,40.875588584674254,-73.89407357779507,3.2494501714814814,6677.6,6655.5,4,0,23.600000381469727,0,Low,30,0.955,0.045,0.0,0.0,2026-04-25 17:11:05,3,4,2,1,2026-04-22 11:11:53,0.0
68750826,2026-04-22 11:09:40,,Open,Pothole,BRONX,nan,40.875588584674254,-73.89407357779507,3.2509895233333332,6677.6,6655.5,4,0,19.8,0,Low,14,0.802,0.099,0.059,0.04,2026-04-25 17:11:05,3,4,2,1,,
68758767,2026-04-22 11:05:35,,Open,Pothole,BRONX,nan,40.83543784774647,-73.86411407732459,3.2538251714814814,6677.6,6655.5,35,1,49.1,1,Medium,14,0.509,0.245,0.147,0.098,2026-04-25 17:11:05,3,4,2,1,,
68759633,2026-04-22 10:57:51,2026-04-22 10:57:51,Closed,Pothole,QUEENS,nan,40.7129968425015,-73.84394716809663,3.259195541851852,4959.1547619047615,4660.0,2,0,19.600000381469727,0,Low,30,0.998,0.002,0.0,0.0,2026-04-25 17:11:05,2,4,2,1,2026-04-22 10:57:51,0.0
68754905,2026-04-22 10:56:47,,Pending,Pothole,QUEENS,nan,40.7129968425015,-73.84394716809663,3.2599362825925926,4959.1547619047615,4660.0,2,0,19.600000381469727,0,Low,30,0.998,0.002,0.0,0.0,2026-04-25 17:11:05,2,4,2,1,,
68753041,2026-04-22 10:17:09,2026-04-22 10:17:09,Closed,Pothole,QUEENS,nan,40.7343762769571,-73.87341674191903,3.2874594307407405,4959.1547619047615,4660.0,23,0,26.299999237060547,0,Low,30,0.597,0.402,0.0,0.0,2026-04-25 17:11:05,2,4,2,1,2026-04-22 10:17:09,0.0
68752187,2026-04-22 10:16:28,,Open,Pothole,BRONX,nan,40.84618224066082,-73.81927377623515,3.2879339677777777,6677.6,6655.5,1,0,11.8,0,Low,14,0.882,0.059,0.035,0.024,2026-04-25 17:11:05,3,4,2,1,,
68750312,2026-04-22 10:16:20,2026-04-22 16:15:00,Closed,Pothole,QUEENS,nan,40.73477005155517,-73.87458148691805,3.2880265603703704,4959.1547619047615,4660.0,22,0,26.899999618530273,1,Medium,14,0.12,0.88,0.0,0.0,2026-04-25 17:11:05,2,4,2,1,2026-04-22 16:15:00,0.0
68755689,2026-04-22 10:15:09,2026-04-22 10:15:09,Closed,Pothole,QUEENS,nan,40.7402725268642,-73.89585124979992,3.2888483196296296,4959.1547619047615,4660.0,23,0,27.100000381469727,1,Medium,14,0.014,0.986,0.0,0.0,2026-04-25 17:11:05,2,4,2,1,2026-04-22 10:15:09,0.0
68753537,2026-04-22 10:14:39,,Pending,Pothole,QUEENS,nan,40.74742855581354,-73.94384365214525,3.2891955418518517,4959.1547619047615,4660.0,14,1,26.600000381469727,1,Medium,14,0.002,0.998,0.0,0.0,2026-04-25 17:11:05,2,4,2,1,,
68750313,2026-04-22 10:14:08,2026-04-22 10:14:08,Closed,Pothole,QUEENS,nan,40.74089617616554,-73.89960689847297,3.289554338148148,4959.1547619047615,4660.0,32,1,27.899999618530273,1,Medium,14,0.058,0.941,0.0,0.0,2026-04-25 17:11:05,2,4,2,1,2026-04-22 10:14:08,0.0
68758299,2026-04-22 10:09:54,2026-04-22 15:15:00,Closed,Pothole,QUEENS,nan,40.66758926770105,-73.77970576246004,3.2924941529629628,4959.1547619047615,4660.0,31,1,30.700000762939453,1,Medium,14,0.015,0.985,0.0,0.0,2026-04-25 17:11:05,2,4,2,1,2026-04-22 15:15:00,0.0
68753042,2026-04-22 10:07:15,2026-04-22 10:07:15,Closed,Pothole,QUEENS,nan,40.66771482722385,-73.77791380299317,3.2943344307407405,4959.1547619047615,4660.0,8,1,27.100000381469727,1,Medium,14,0.036,0.964,0.0,0.0,2026-04-25 17:11:05,2,4,2,1,2026-04-22 10:07:15,0.0
68756958,2026-04-22 10:04:41,2026-04-22 16:02:00,Closed,Pothole,QUEENS,nan,40.66771482722385,-73.77791380299317,3.2961168381481483,4959.1547619047615,4660.0,8,1,27.100000381469727,1,Medium,14,0.036,0.964,0.0,0.0,2026-04-25 17:11:05,2,4,2,1,2026-04-22 16:02:00,0.0
68758768,2026-04-22 10:02:00,,Open,Pothole,BRONX,nan,40.804587114307076,-73.91212436203266,3.297980264074074,6677.6,6655.5,60,1,49.1,1,Medium,14,0.509,0.246,0.147,0.098,2026-04-25 17:11:05,3,4,2,1,,
68755696,2026-04-22 10:01:00,2026-04-22 10:01:00,Closed,Pothole,MANHATTAN,nan,40.758949399914954,-73.96848058993135,3.2986747085185186,16591.571428571428,6876.0,16,0,38.79999923706055,1,Medium,14,0.0,1.0,0.0,0.0,2026-04-25 17:11:05,0,4,2,1,2026-04-22 10:01:00,0.0
68751683,2026-04-22 10:00:31,2026-04-22 16:02:00,Closed,Pothole,QUEENS,nan,40.66802830079156,-73.78107411159495,3.2990103566666664,4959.1547619047615,4660.0,37,1,31.0,1,Medium,14,0.004,0.996,0.0,0.0,2026-04-25 17:11:05,2,4,2,1,2026-04-22 16:02:00,0.0
68752205,2026-04-22 09:33:42,2026-04-23 14:41:00,Closed,Pothole,BROOKLYN,nan,40.61698544101389,-74.02749021159676,3.3176330418518516,5664.555555555556,6673.0,17,1,30.100000381469727,1,Medium,14,0.01,0.989,0.0,0.0,2026-04-25 17:11:05,1,4,2,1,2026-04-23 14:41:00,1.0
68752190,2026-04-22 09:33:29,,Open,Pothole,STATEN ISLAND,nan,40.54721647714704,-74.1973401775421,3.3177835048148148,23788.714285714286,2762.0,3,0,37.7,1,Medium,14,0.623,0.188,0.113,0.075,2026-04-25 17:11:05,4,4,2,1,,
68754896,2026-04-22 09:32:14,,Open,Pothole,MANHATTAN,nan,40.76531021023602,-73.99133241757852,3.31865156037037,16591.571428571428,6876.0,18,1,61.0,2,High,7,0.39,0.305,0.183,0.122,2026-04-25 17:11:05,0,4,2,1,,
68750314,2026-04-22 09:25:32,2026-04-22 12:15:00,Closed,Pothole,QUEENS,nan,40.7117223570224,-73.74627719803875,3.323304338148148,4959.1547619047615,4660.0,5,0,20.899999618530273,0,Low,30,0.862,0.138,0.0,0.0,2026-04-25 17:11:05,2,4,2,1,2026-04-22 12:15:00,0.0
68756959,2026-04-22 08:58:05,2026-04-22 08:58:05,Closed,Pothole,QUEENS,nan,40.7386450764329,-73.8873051469592,3.342366838148148,4959.1547619047615,4660.0,13,1,27.200000762939453,1,Medium,14,0.021,0.979,0.0,0.0,2026-04-25 17:11:05,2,4,2,1,2026-04-22 08:58:05,0.0
68755691,2026-04-22 08:57:16,2026-04-22 17:24:00,Closed,Pothole,QUEENS,nan,40.71639543104653,-73.88666097941558,3.342933967777778,4959.1547619047615,4660.0,4,0,22.5,0,Low,30,0.731,0.269,0.0,0.0,2026-04-25 17:11:05,2,4,2,1,2026-04-22 17:24:00,0.0
68750316,2026-04-22 08:27:14,2026-04-22 15:22:00,Closed,Pothole,QUEENS,nan,40.70401886512142,-73.89794565875476,3.363790449259259,4959.1547619047615,4660.0,8,1,23.799999237060547,1,Medium,14,0.14,0.86,0.0,0.0,2026-04-25 17:11:05,2,4,2,1,2026-04-22 15:22:00,0.0
68750317,2026-04-22 08:13:07,2026-04-22 21:45:00,Closed,Pothole,QUEENS,nan,40.7515860835717,-73.74570669268,3.37359369,4959.1547619047615,4660.0,4,1,19.600000381469727,0,Low,30,0.928,0.072,0.0,0.0,2026-04-25 17:11:05,2,4,2,1,2026-04-22 21:45:00,0.0
68754411,2026-04-22 08:12:56,2026-04-22 17:54:00,Closed,Pothole,QUEENS,nan,40.76004448372803,-73.89755299254857,3.3737210048148145,4959.1547619047615,4660.0,11,0,28.799999237060547,1,Medium,14,0.004,0.996,0.0,0.0,2026-04-25 17:11:05,2,4,2,1,2026-04-22 17:54:00,0.0
68758300,2026-04-22 08:12:07,2026-04-22 08:12:07,Closed,Pothole,QUEENS,nan,40.761217008162774,-73.8863970016137,3.3742881344444444,4959.1547619047615,4660.0,7,0,26.700000762939453,1,Medium,14,0.087,0.913,0.0,0.0,2026-04-25 17:11:05,2,4,2,1,2026-04-22 08:12:07,0.0
68751686,2026-04-22 08:11:03,2026-04-22 15:17:00,Closed,Pothole,QUEENS,nan,40.76179577025723,-73.87797434805303,3.375028875185185,4959.1547619047615,4660.0,5,0,26.600000381469727,1,Medium,14,0.23,0.77,0.0,0.0,2026-04-25 17:11:05,2,4,2,1,2026-04-22 15:17:00,0.0
68760081,2026-04-22 08:09:53,,Pending,Pothole,QUEENS,nan,40.76144509539819,-73.87601487856993,3.37583906037037,4959.1547619047615,4660.0,13,0,29.5,1,Medium,14,0.007,0.993,0.0,0.0,2026-04-25 17:11:05,2,4,2,1,,
68754906,2026-04-22 08:08:11,,Pending,Pothole,QUEENS,nan,40.743700340673925,-73.92333787837586,3.377019615925926,4959.1547619047615,4660.0,15,0,27.399999618530273,1,Medium,14,0.001,0.999,0.0,0.0,2026-04-25 17:11:05,2,4,2,1,,
68755697,2026-04-22 08:05:30,2026-04-22 08:05:30,Closed,Pothole,MANHATTAN,nan,40.706767020397514,-74.01250844527229,3.378883041851852,16591.571428571428,6876.0,5,1,33.900001525878906,1,Medium,14,0.001,0.998,0.0,0.0,2026-04-25 17:11:05,0,4,2,1,2026-04-22 08:05:30,0.0
68753534,2026-04-22 07:52:44,,Open,Pothole,BROOKLYN,nan,40.70110378324054,-73.9223842510617,3.3877487825925927,5664.555555555556,6673.0,18,1,47.9,1,Medium,14,0.521,0.24,0.144,0.096,2026-04-25 17:11:05,1,4,2,1,,
68756960,2026-04-22 07:51:51,2026-04-22 20:05:00,Closed,Pothole,QUEENS,nan,40.761472474274335,-73.81807776112568,3.3883622085185183,4959.1547619047615,4660.0,6,0,22.899999618530273,0,Low,30,0.839,0.16,0.0,0.0,2026-04-25 17:11:05,2,4,2,1,2026-04-22 20:05:00,0.0
68751687,2026-04-22 07:47:12,2026-04-22 14:24:00,Closed,Pothole,QUEENS,nan,40.761217008162774,-73.8863970016137,3.391591375185185,4959.1547619047615,4660.0,7,0,25.299999237060547,1,Medium,14,0.218,0.782,0.0,0.0,2026-04-25 17:11:05,2,4,2,1,2026-04-22 14:24:00,0.0
68753047,2026-04-22 07:44:04,2026-04-22 15:02:00,Closed,Pothole,QUEENS,nan,40.598582144603384,-73.79288618157572,3.393767301111111,4959.1547619047615,4660.0,3,0,23.200000762939453,0,Low,30,0.998,0.002,0.0,0.0,2026-04-25 17:11:05,2,4,2,1,2026-04-22 15:02:00,0.0
68753048,2026-04-22 07:43:41,2026-04-22 14:54:00,Closed,Pothole,QUEENS,nan,40.76236202437476,-73.81479038008845,3.3940335048148147,4959.1547619047615,4660.0,12,0,27.799999237060547,1,Medium,14,0.073,0.927,0.0,0.0,2026-04-25 17:11:05,2,4,2,1,2026-04-22 14:54:00,0.0
68750842,2026-04-22 07:30:53,,Open,Pothole,BROOKLYN,nan,40.65883843396869,-73.92045830962955,3.4029223937037036,5664.555555555556,6673.0,14,0,45.3,1,Medium,14,0.547,0.226,0.136,0.091,2026-04-25 17:11:05,1,4,2,1,,
68757464,2026-04-22 07:01:25,,Open,Pothole,BROOKLYN,nan,40.67145862767658,-73.99102377731397,3.4233853566666665,5664.555555555556,6673.0,8,1,29.3,1,Medium,14,0.707,0.146,0.088,0.059,2026-04-25 17:11:05,1,4,2,1,,
68754420,2026-04-22 06:41:11,2026-04-22 06:41:11,Closed,Pothole,BROOKLYN,nan,40.60725840274471,-74.00264345847668,3.4374362825925924,5664.555555555556,6673.0,10,0,30.100000381469727,1,Medium,14,0.004,0.996,0.0,0.0,2026-04-25 17:11:05,1,4,2,1,2026-04-22 06:41:11,0.0
68750325,2026-04-22 06:41:11,2026-04-22 06:41:11,Closed,Pothole,BROOKLYN,nan,40.60725840274471,-74.00264345847668,3.4374362825925924,5664.555555555556,6673.0,10,0,30.100000381469727,1,Medium,14,0.004,0.996,0.0,0.0,2026-04-25 17:11:05,1,4,2,1,2026-04-22 06:41:11,0.0
68756964,2026-04-22 03:05:25,2026-04-22 21:45:00,Closed,Pothole,QUEENS,nan,40.7386450764329,-73.8873051469592,3.5872742455555553,4959.1547619047615,4660.0,13,1,27.299999237060547,1,Medium,14,0.045,0.955,0.0,0.0,2026-04-25 17:11:05,2,4,2,1,2026-04-22 21:45:00,0.0
68749441,2026-04-22 02:55:06,2026-04-22 20:45:00,Closed,Pothole,QUEENS,nan,40.74089617616554,-73.89960689847297,3.5944385974074073,4959.1547619047615,4660.0,32,1,27.799999237060547,1,Medium,14,0.065,0.935,0.0,0.0,2026-04-25 17:11:05,2,4,2,1,2026-04-22 20:45:00,0.0
68769535,2026-04-22 01:38:31,2026-04-23 23:20:00,Closed,Pothole,MANHATTAN,EAST   77 STREET,40.774823251384134,-73.96268543782942,3.647621467777778,16591.571428571428,6876.0,21,1,38.0,1,Medium,14,0.0,1.0,0.0,0.0,2026-04-25 17:11:05,0,4,2,1,2026-04-23 23:20:00,1.0
68766695,2026-04-22 01:37:31,2026-04-23 22:45:00,Closed,Pothole,MANHATTAN,nan,40.79736776946652,-73.96052382309323,3.648315912222222,16591.571428571428,6876.0,6,1,30.700000762939453,1,Medium,14,0.002,0.998,0.0,0.0,2026-04-25 17:11:05,0,4,2,1,2026-04-23 22:45:00,1.0
68763816,2026-04-22 01:36:41,2026-04-23 22:06:00,Closed,Pothole,MANHATTAN,WEST   97 STREET,40.79569962701632,-73.97215789415525,3.6488946159259257,16591.571428571428,6876.0,42,1,37.20000076293945,1,Medium,14,0.0,1.0,0.0,0.0,2026-04-25 17:11:05,0,4,2,1,2026-04-23 22:06:00,1.0
68766696,2026-04-22 01:35:14,2026-04-23 19:20:00,Closed,Pothole,MANHATTAN,nan,40.79485146729844,-73.96236000334117,3.6499015603703704,16591.571428571428,6876.0,5,0,35.0,1,Medium,14,0.002,0.998,0.0,0.0,2026-04-25 17:11:05,0,4,2,1,2026-04-23 19:20:00,1.0
68762387,2026-04-22 01:34:12,2026-04-23 18:55:00,Closed,Pothole,MANHATTAN,nan,40.79736776946652,-73.96052382309323,3.650619152962963,16591.571428571428,6876.0,6,1,31.600000381469727,1,Medium,14,0.002,0.997,0.0,0.0,2026-04-25 17:11:05,0,4,2,1,2026-04-23 18:55:00,1.0
68770995,2026-04-22 01:33:20,2026-04-23 17:55:00,Closed,Pothole,MANHATTAN,nan,40.815305790064706,-73.94369967242862,3.651221004814815,16591.571428571428,6876.0,32,0,37.79999923706055,1,Medium,14,0.0,0.999,0.0,0.0,2026-04-25 17:11:05,0,4,2,1,2026-04-23 17:55:00,1.0
68763818,2026-04-22 01:16:58,2026-04-23 22:25:00,Closed,Pothole,MANHATTAN,nan,40.7017826655159,-74.01116587402828,3.6625867455555556,16591.571428571428,6876.0,10,0,41.400001525878906,1,Medium,14,0.0,1.0,0.0,0.0,2026-04-25 17:11:05,0,4,2,1,2026-04-23 22:25:00,1.0
68769536,2026-04-22 01:13:44,2026-04-23 19:20:00,Closed,Pothole,MANHATTAN,nan,40.74978835571634,-73.98776859948752,3.664832115925926,16591.571428571428,6876.0,29,1,43.0,1,Medium,14,0.001,0.999,0.0,0.0,2026-04-25 17:11:05,0,4,2,1,2026-04-23 19:20:00,1.0
68766697,2026-04-22 01:13:02,2026-04-23 18:55:00,Closed,Pothole,MANHATTAN,nan,40.745421755862786,-73.99096689618635,3.665318227037037,16591.571428571428,6876.0,31,1,37.400001525878906,1,Medium,14,0.0,0.999,0.0,0.0,2026-04-25 17:11:05,0,4,2,1,2026-04-23 18:55:00,1.0
68747386,2026-04-22 00:31:00,2026-04-22 00:31:01,Closed,Pothole,QUEENS,nan,40.73177902884212,-73.77010866842208,3.6945080418518517,4959.1547619047615,4660.0,5,1,23.399999618530273,0,Low,30,0.85,0.15,0.0,0.0,2026-04-25 17:11:05,2,4,2,1,2026-04-22 00:31:01,0.0
68744933,2026-04-22 00:30:17,,Pending,Pothole,QUEENS,nan,40.73177902884212,-73.77010866842208,3.695005727037037,4959.1547619047615,4660.0,5,1,23.399999618530273,0,Low,30,0.85,0.15,0.0,0.0,2026-04-25 17:11:05,2,4,2,1,,
68749442,2026-04-22 00:29:46,2026-04-22 15:52:00,Closed,Pothole,QUEENS,nan,40.725476145414376,-73.76557731286611,3.695364523333333,4959.1547619047615,4660.0,31,1,30.5,1,Medium,14,0.013,0.987,0.0,0.0,2026-04-25 17:11:05,2,4,2,1,2026-04-22 15:52:00,0.0
68744934,2026-04-22 00:27:16,2026-04-22 18:00:00,Closed,Pothole,QUEENS,nan,40.70327874865508,-73.73620712128428,3.6971006344444444,4959.1547619047615,4660.0,7,1,24.0,0,Low,30,0.718,0.282,0.0,0.0,2026-04-25 17:11:05,2,4,2,1,2026-04-22 18:00:00,0.0
68739919,2026-04-22 00:25:14,2026-04-22 00:25:14,Closed,Pothole,QUEENS,JAMAICA AVENUE,40.71318801257066,-73.76702732978129,3.6985126714814816,4959.1547619047615,23413.0,12,1,28.399999618530273,1,Medium,14,0.001,0.999,0.0,0.0,2026-04-25 17:11:05,2,4,2,1,2026-04-22 00:25:14,0.0
68741374,2026-04-22 00:22:18,2026-04-22 00:22:18,Closed,Pothole,QUEENS,nan,40.68625095400348,-73.76847358848285,3.7005497085185186,4959.1547619047615,4660.0,1,1,18.399999618530273,0,Low,30,1.0,0.0,0.0,0.0,2026-04-25 17:11:05,2,4,2,1,2026-04-22 00:22:18,0.0
68748855,2026-04-21 23:59:19,2026-04-21 23:59:19,Closed,Pothole,BRONX,nan,40.82245734528027,-73.92691443324327,3.7165103566666664,6677.6,6655.5,15,1,30.5,1,Medium,14,0.0,1.0,0.0,0.0,2026-04-25 17:11:05,3,4,1,1,2026-04-21 23:59:19,0.0
68741362,2026-04-21 22:56:04,2026-04-21 22:56:04,Closed,Pothole,MANHATTAN,nan,40.80191964361971,-73.94343648432925,3.760433967777778,16591.571428571428,6876.0,24,0,38.5,1,Medium,14,0.0,1.0,0.0,0.0,2026-04-25 17:11:05,0,4,1,1,2026-04-21 22:56:04,0.0
68758290,2026-04-21 22:38:39,2026-04-22 20:20:00,Closed,Pothole,STATEN ISLAND,nan,40.59570440537119,-74.08491092358251,3.772528875185185,23788.714285714286,2762.0,9,0,37.400001525878906,1,Medium,14,0.0,1.0,0.0,0.0,2026-04-25 17:11:05,4,4,1,1,2026-04-22 20:20:00,0.0
68740483,2026-04-21 21:50:06,,Open,Pothole,QUEENS,JAMAICA AVENUE,40.71318801257066,-73.76702732978129,3.8062441529629627,4959.1547619047615,23413.0,12,1,39.2,1,Medium,14,0.608,0.196,0.118,0.078,2026-04-25 17:11:05,2,4,1,1,,
68741939,2026-04-21 21:47:15,,Open,Pothole,QUEENS,nan,40.68625095400348,-73.76847358848285,3.8082233196296293,4959.1547619047615,4660.0,1,1,9.9,0,Low,14,0.901,0.049,0.03,0.02,2026-04-25 17:11:05,2,4,1,1,,
68744919,2026-04-21 21:27:57,2026-04-22 06:00:00,Closed,Pothole,BROOKLYN,nan,40.66604218758701,-73.86353278874398,3.821626097407407,5664.555555555556,6673.0,5,0,23.700000762939453,0,Low,30,0.91,0.09,0.0,0.0,2026-04-25 17:11:05,1,4,1,1,2026-04-22 06:00:00,0.0
68746421,2026-04-21 20:46:47,,Open,Pothole,MANHATTAN,nan,40.73530725785184,-74.01010341644141,3.8502140603703703,16591.571428571428,6876.0,5,0,34.5,1,Medium,7,0.655,0.173,0.104,0.069,2026-04-25 17:11:05,0,4,1,1,,
68739002,2026-04-21 19:01:22,,Open,Pothole,BROOKLYN,nan,40.678680082308965,-73.99042793097401,3.923420078888889,5664.555555555556,6673.0,12,1,40.1,1,Medium,14,0.599,0.201,0.12,0.08,2026-04-25 17:11:05,1,4,1,1,,
68741348,2026-04-21 18:28:48,2026-04-21 18:28:48,Closed,Pothole,QUEENS,ASTORIA BOULEVARD,40.766103355503255,-73.88994816080626,3.9460358196296297,11347.333333333334,29394.0,26,0,39.70000076293945,1,Medium,14,0.0,1.0,0.0,0.0,2026-04-25 17:11:05,2,4,1,1,2026-04-21 18:28:48,0.0
68739897,2026-04-21 18:27:01,2026-04-21 18:27:01,Closed,Pothole,QUEENS,ASTORIA BOULEVARD,40.766103355503255,-73.88994816080626,3.9472742455555556,11347.333333333334,29394.0,26,0,39.70000076293945,1,Medium,14,0.0,1.0,0.0,0.0,2026-04-25 17:11:05,2,4,1,1,2026-04-21 18:27:01,0.0
68741349,2026-04-21 18:24:56,2026-04-21 18:24:56,Closed,Pothole,QUEENS,ASTORIA BOULEVARD,40.766103355503255,-73.88994816080626,3.9487210048148147,11347.333333333334,29394.0,26,0,39.70000076293945,1,Medium,14,0.0,1.0,0.0,0.0,2026-04-25 17:11:05,2,4,1,1,2026-04-21 18:24:56,0.0
68742853,2026-04-21 18:23:20,2026-04-21 18:23:20,Closed,Pothole,QUEENS,ASTORIA BOULEVARD,40.766103355503255,-73.88994816080626,3.949832115925926,11347.333333333334,29394.0,26,0,39.70000076293945,1,Medium,14,0.0,1.0,0.0,0.0,2026-04-25 17:11:05,2,4,1,1,2026-04-21 18:23:20,0.0
68746419,2026-04-21 18:18:43,2026-04-21 23:30:00,Closed,Pothole,QUEENS,ASTORIA BOULEVARD,40.766103355503255,-73.88994816080626,3.9530381344444443,11347.333333333334,29394.0,26,0,39.70000076293945,1,Medium,14,0.0,1.0,0.0,0.0,2026-04-25 17:11:05,2,4,1,1,2026-04-21 23:30:00,0.0
68744930,2026-04-21 18:09:38,,Open,Pothole,STATEN ISLAND,nan,40.529373733559744,-74.16135093979543,3.959346004814815,23788.714285714286,2762.0,6,0,45.9,1,Medium,14,0.541,0.229,0.138,0.092,2026-04-25 17:11:05,4,4,1,1,,
68746432,2026-04-21 18:04:00,,Open,Pothole,STATEN ISLAND,nan,40.58795718997715,-74.18783667289993,3.963258041851852,23788.714285714286,2762.0,0,0,29.9,1,Medium,14,0.701,0.149,0.09,0.06,2026-04-25 17:11:05,4,4,1,0,,
68747965,2026-04-21 17:59:38,,Open,Pothole,STATEN ISLAND,nan,40.58847412222246,-74.18728005913222,3.966290449259259,23788.714285714286,2762.0,0,0,29.9,1,Medium,14,0.701,0.149,0.09,0.06,2026-04-25 17:11:05,4,4,1,0,,
68749437,2026-04-21 17:50:48,,Open,Pothole,STATEN ISLAND,nan,40.579766298539575,-74.10379765978811,3.9724247085185183,23788.714285714286,2762.0,1,0,32.5,1,Medium,14,0.675,0.163,0.098,0.065,2026-04-25 17:11:05,4,4,1,1,,
68739009,2026-04-21 17:50:03,,Open,Pothole,STATEN ISLAND,nan,40.635738093577814,-74.08373324622873,3.9729455418518516,23788.714285714286,2762.0,7,1,48.5,1,Medium,14,0.515,0.243,0.146,0.097,2026-04-25 17:11:05,4,4,1,1,,
68749438,2026-04-21 17:48:21,,Open,Pothole,STATEN ISLAND,nan,40.57592710793052,-74.09659578324302,3.9741260974074075,23788.714285714286,2762.0,4,0,40.5,1,Medium,14,0.595,0.203,0.122,0.081,2026-04-25 17:11:05,4,4,1,1,,
68748843,2026-04-21 17:43:04,2026-04-21 17:43:04,Closed,Pothole,MANHATTAN,nan,40.775640458711536,-73.96051142948765,3.9777950788888887,16591.571428571428,6876.0,18,1,39.5,1,Medium,14,0.0,1.0,0.0,0.0,2026-04-25 17:11:05,0,4,1,1,2026-04-21 17:43:04,0.0
68746429,2026-04-21 17:38:36,,Open,Pothole,BRONX,nan,40.81005177613929,-73.92781671022885,3.9808969307407405,6677.6,6655.5,39,1,49.3,1,Medium,14,0.507,0.247,0.148,0.099,2026-04-25 17:11:05,3,4,1,1,,
68743411,2026-04-21 17:33:43,2026-04-21 19:22:00,Closed,Pothole,QUEENS,nan,40.670779247626925,-73.84787072096435,3.9842881344444443,4959.1547619047615,4660.0,4,1,20.700000762939453,0,Low,30,0.851,0.149,0.0,0.0,2026-04-25 17:11:05,2,4,1,1,2026-04-21 19:22:00,0.0
68745853,2026-04-21 17:21:37,2026-04-21 17:21:37,Closed,Pothole,BROOKLYN,nan,40.626569861843265,-73.97092074758424,3.9926909122222223,5664.555555555556,6673.0,18,0,30.799999237060547,1,Medium,14,0.001,0.999,0.0,0.0,2026-04-25 17:11:05,1,4,1,1,2026-04-21 17:21:37,0.0
68744912,2026-04-21 17:18:43,2026-04-21 20:45:00,Closed,Pothole,QUEENS,nan,40.7402725268642,-73.89585124979992,3.994704801111111,4959.1547619047615,4660.0,23,0,28.899999618530273,1,Medium,14,0.014,0.986,0.0,0.0,2026-04-25 17:11:05,2,4,1,1,2026-04-21 20:45:00,0.0
68747357,2026-04-21 17:17:46,2026-04-21 17:17:46,Closed,Pothole,QUEENS,nan,40.7343762769571,-73.87341674191903,3.995364523333333,4959.1547619047615,4660.0,23,0,29.0,1,Medium,14,0.231,0.769,0.0,0.0,2026-04-25 17:11:05,2,4,1,1,2026-04-21 17:17:46,0.0
68739003,2026-04-21 17:15:39,,Open,Pothole,BROOKLYN,nan,40.70328773388541,-73.9506396609423,3.9968344307407406,5664.555555555556,6673.0,6,0,24.1,0,Low,14,0.759,0.121,0.072,0.048,2026-04-25 17:11:05,1,4,1,1,,
68747956,2026-04-21 17:09:20,,Open,Pothole,BROOKLYN,nan,40.64459927379812,-74.02159912481186,4.0012210048148145,5664.555555555556,6673.0,13,1,42.8,1,Medium,14,0.572,0.214,0.128,0.086,2026-04-25 17:11:05,1,4,1,1,,
68741922,2026-04-21 16:53:39,,Open,Pothole,MANHATTAN,nan,40.76677892733964,-73.99676176889756,4.012112208518518,16591.571428571428,6876.0,8,1,42.6,1,Medium,7,0.574,0.213,0.128,0.085,2026-04-25 17:11:05,0,4,1,1,,
68745862,2026-04-21 16:51:21,2026-04-21 16:51:21,Closed,Pothole,STATEN ISLAND,nan,40.59612702995344,-74.11078712558009,4.01370943074074,23788.714285714286,2762.0,6,1,32.400001525878906,1,Medium,14,0.0,1.0,0.0,0.0,2026-04-25 17:11:05,4,4,1,1,2026-04-21 16:51:21,0.0
68748844,2026-04-21 16:50:57,2026-04-21 16:50:57,Closed,Pothole,MANHATTAN,nan,40.813389933961254,-73.95625868043503,4.013987208518518,16591.571428571428,6876.0,30,0,38.70000076293945,1,Medium,14,0.0,0.999,0.0,0.0,2026-04-25 17:11:05,0,4,1,1,2026-04-21 16:50:57,0.0
68747967,2026-04-21 16:49:28,,Open,Pothole,STATEN ISLAND,nan,40.587679542185526,-74.10973259904755,4.015017301111111,23788.714285714286,2762.0,1,0,32.6,1,Medium,14,0.674,0.163,0.098,0.065,2026-04-25 17:11:05,4,4,1,1,,
68741920,2026-04-21 16:43:49,,Open,Pothole,QUEENS,nan,40.734273296723934,-73.8625956125212,4.018940912222222,4959.1547619047615,4660.0,24,1,47.3,1,Medium,14,0.527,0.236,0.142,0.095,2026-04-25 17:11:05,2,4,1,1,,
68740479,2026-04-21 16:42:52,,Open,Pothole,STATEN ISLAND,nan,40.60213687798422,-74.11487001978769,4.019600634444444,23788.714285714286,2762.0,6,1,45.9,1,Medium,14,0.541,0.229,0.138,0.092,2026-04-25 17:11:05,4,4,1,1,,
68748845,2026-04-21 16:37:17,2026-04-21 16:37:17,Closed,Pothole,MANHATTAN,nan,40.73396496976481,-73.98877821707838,4.023477949259259,16591.571428571428,6876.0,27,0,39.900001525878906,1,Medium,14,0.001,0.999,0.0,0.0,2026-04-25 17:11:05,0,4,1,1,2026-04-21 16:37:17,0.0
68746420,2026-04-21 16:36:45,2026-04-21 21:45:00,Closed,Pothole,QUEENS,nan,40.737485538326126,-73.74788230335318,4.0238483196296295,4959.1547619047615,4660.0,1,1,17.0,0,Low,30,1.0,0.0,0.0,0.0,2026-04-25 17:11:05,2,4,1,1,2026-04-21 21:45:00,0.0
68747957,2026-04-21 16:35:30,,Open,Pothole,BROOKLYN,nan,40.685025557355495,-73.98611827771147,4.024716375185185,5664.555555555556,6673.0,4,1,18.8,0,Low,14,0.812,0.094,0.056,0.038,2026-04-25 17:11:05,1,4,1,1,,
68749431,2026-04-21 16:29:34,,Open,Pothole,BROOKLYN,nan,40.65794283192471,-73.9368656027231,4.028836745555555,5664.555555555556,6673.0,5,1,21.5,0,Low,14,0.785,0.107,0.064,0.043,2026-04-25 17:11:05,1,4,1,1,,
68740470,2026-04-21 16:13:28,,Open,Pothole,QUEENS,nan,40.68767960541315,-73.86381663263904,4.040017301111111,4959.1547619047615,4660.0,3,1,15.3,0,Low,14,0.847,0.076,0.046,0.031,2026-04-25 17:11:05,2,4,1,1,,
68740485,2026-04-21 16:09:23,,Pending,Pothole,QUEENS,nan,40.74377321626258,-73.91382854568447,4.0428529492592595,4959.1547619047615,4660.0,14,0,28.600000381469727,1,Medium,14,0.002,0.998,0.0,0.0,2026-04-25 17:11:05,2,4,1,1,,
68747358,2026-04-21 16:08:49,2026-04-21 18:45:00,Closed,Pothole,QUEENS,nan,40.74539248384297,-73.90661223789577,4.043246467777777,4959.1547619047615,4660.0,10,0,29.0,1,Medium,14,0.003,0.997,0.0,0.0,2026-04-25 17:11:05,2,4,1,1,2026-04-21 18:45:00,0.0
68747378,2026-04-21 16:01:18,2026-04-21 16:01:18,Closed,Pothole,BRONX,nan,40.833558256801034,-73.85773251518174,4.0484663751851855,6677.6,6655.5,29,1,30.899999618530273,1,Medium,14,0.002,0.998,0.0,0.0,2026-04-25 17:11:05,3,4,1,1,2026-04-21 16:01:18,0.0
68744926,2026-04-21 16:00:14,,Open,Pothole,BRONX,nan,40.833558256801034,-73.85773251518174,4.049207115925926,6677.6,6655.5,29,1,49.4,1,Medium,14,0.506,0.247,0.148,0.099,2026-04-25 17:11:05,3,4,1,1,,
68748846,2026-04-21 15:51:44,2026-04-21 15:51:44,Closed,Pothole,MANHATTAN,nan,40.86825094492336,-73.91613668233114,4.055109893703704,16591.571428571428,6876.0,11,0,36.5,1,Medium,14,0.0,1.0,0.0,0.0,2026-04-25 17:11:05,0,4,1,1,2026-04-21 15:51:44,0.0
68744916,2026-04-21 15:48:50,,Open,Pothole,MANHATTAN,nan,40.864462523532055,-73.91894337347615,4.057123782592592,16591.571428571428,6876.0,53,0,61.3,2,High,7,0.387,0.306,0.184,0.123,2026-04-25 17:11:05,0,4,1,1,,
68748852,2026-04-21 15:34:57,2026-04-21 15:34:57,Closed,Pothole,BROOKLYN,nan,40.60725840274471,-74.00264345847668,4.066764986296296,5664.555555555556,6673.0,10,0,32.0,1,Medium,14,0.002,0.998,0.0,0.0,2026-04-25 17:11:05,1,4,1,1,2026-04-21 15:34:57,0.0
68743416,2026-04-21 15:23:07,,Open,Pothole,BRONX,nan,40.8709125987586,-73.88099210376514,4.074982578888889,6677.6,6655.5,14,1,46.7,1,Medium,14,0.533,0.234,0.14,0.093,2026-04-25 17:11:05,3,4,1,1,,
68746430,2026-04-21 15:22:09,,Open,Pothole,BRONX,nan,40.82754862193643,-73.91846801673917,4.075653875185185,6677.6,6655.5,8,1,30.7,1,Medium,14,0.693,0.154,0.092,0.061,2026-04-25 17:11:05,3,4,1,1,,
68743415,2026-04-21 15:11:08,,Open,Pothole,BROOKLYN,nan,40.70700184687184,-73.96728965050787,4.083304338148148,5664.555555555556,6673.0,7,1,26.8,1,Medium,14,0.732,0.134,0.08,0.054,2026-04-25 17:11:05,1,4,1,1,,
68743413,2026-04-21 14:56:38,,Open,Pothole,MANHATTAN,nan,40.76285625036937,-73.98941229378725,4.093373782592592,16591.571428571428,6876.0,27,1,61.3,2,High,7,0.387,0.306,0.184,0.123,2026-04-25 17:11:05,0,4,1,1,,
68744349,2026-04-21 14:55:39,2026-04-21 14:55:39,Closed,Pothole,MANHATTAN,nan,40.80113992130737,-73.93768695042657,4.094056652962963,16591.571428571428,6876.0,25,1,39.5,1,Medium,14,0.0,1.0,0.0,0.0,2026-04-25 17:11:05,0,4,1,1,2026-04-21 14:55:39,0.0
68739912,2026-04-21 14:52:13,2026-04-21 14:52:13,Closed,Pothole,BROOKLYN,nan,40.60725840274471,-74.00264345847668,4.0964409122222225,5664.555555555556,6673.0,10,0,32.0,1,Medium,14,0.002,0.998,0.0,0.0,2026-04-25 17:11:05,1,4,1,1,2026-04-21 14:52:13,0.0
68747375,2026-04-21 14:48:22,2026-04-21 14:48:22,Closed,Pothole,MANHATTAN,nan,40.7207459377075,-73.98615773607546,4.099114523333333,16591.571428571428,6876.0,33,1,41.79999923706055,1,Medium,14,0.0,1.0,0.0,0.0,2026-04-25 17:11:05,0,4,1,1,2026-04-21 14:48:22,0.0
68740477,2026-04-21 14:44:38,,Open,Pothole,BRONX,nan,40.877033540866954,-73.84636823281076,4.101707115925926,6677.6,6655.5,9,1,33.4,1,Medium,14,0.666,0.167,0.1,0.067,2026-04-25 17:11:05,3,4,1,1,,
68758294,2026-04-21 14:43:15,2026-04-22 09:10:00,Closed,Pothole,QUEENS,STATE ROAD,40.56619902159078,-73.88776522770907,4.102667764074074,4959.1547619047615,4660.0,1,0,18.700000762939453,0,Low,30,1.0,0.0,0.0,0.0,2026-04-25 17:11:05,2,4,1,1,2026-04-22 09:10:00,0.0
68755685,2026-04-21 14:42:49,2026-04-22 08:45:00,Closed,Pothole,QUEENS,nan,40.56090606971587,-73.91548600085787,4.10296869,4959.1547619047615,4660.0,2,0,21.200000762939453,0,Low,30,0.992,0.008,0.0,0.0,2026-04-25 17:11:05,2,4,1,1,2026-04-22 08:45:00,0.0
68756969,2026-04-21 14:38:14,2026-04-22 12:45:00,Closed,Pothole,BROOKLYN,nan,40.676553646181766,-73.8626532447999,4.10615156037037,5664.555555555556,6673.0,6,0,25.0,1,Medium,14,0.269,0.731,0.0,0.0,2026-04-25 17:11:05,1,4,1,1,2026-04-22 12:45:00,0.0
68756130,2026-04-21 14:37:47,2026-04-22 12:30:00,Closed,Pothole,BROOKLYN,BELMONT AVENUE,40.67460594914856,-73.86828479052645,4.10646406037037,5664.555555555556,2838.0,14,0,32.900001525878906,1,Medium,14,0.01,0.99,0.0,0.0,2026-04-25 17:11:05,1,4,1,1,2026-04-22 12:30:00,0.0
68756970,2026-04-21 14:36:14,2026-04-22 14:00:00,Closed,Pothole,BROOKLYN,LIBERTY AVENUE,40.67804626886511,-73.87169939581027,4.107540449259259,5664.555555555556,10746.0,30,1,30.5,1,Medium,14,0.005,0.995,0.0,0.0,2026-04-25 17:11:05,1,4,1,1,2026-04-22 14:00:00,0.0
68758304,2026-04-21 14:35:45,2026-04-22 06:00:00,Closed,Pothole,BROOKLYN,MARCUS GARVEY BOULEVARD,40.68493856656047,-73.93844455265979,4.107876097407408,9288.142857142857,6673.0,12,1,36.599998474121094,1,Medium,14,0.0,1.0,0.0,0.0,2026-04-25 17:11:05,1,4,1,1,2026-04-22 06:00:00,0.0
68751689,2026-04-21 14:35:06,2026-04-22 06:00:00,Closed,Pothole,BROOKLYN,MARCUS GARVEY BOULEVARD,40.68671187490605,-73.93879267188085,4.108327486296297,9288.142857142857,6673.0,16,1,35.79999923706055,1,Medium,14,0.0,1.0,0.0,0.0,2026-04-25 17:11:05,1,4,1,1,2026-04-22 06:00:00,0.0
68751690,2026-04-21 14:33:13,2026-04-22 06:00:00,Closed,Pothole,BROOKLYN,THROOP AVENUE,40.694468128035034,-73.94323554504415,4.109635356666667,6510.428571428572,5795.0,9,1,29.399999618530273,1,Medium,14,0.002,0.998,0.0,0.0,2026-04-25 17:11:05,1,4,1,1,2026-04-22 06:00:00,0.0
68753038,2026-04-21 14:32:49,2026-04-22 08:45:00,Closed,Pothole,QUEENS,WOODSIDE AVENUE,40.743795594862256,-73.88589981919614,4.109913134444445,4959.1547619047615,10472.0,14,1,27.5,1,Medium,14,0.001,0.999,0.0,0.0,2026-04-25 17:11:05,2,4,1,1,2026-04-22 08:45:00,0.0
68753051,2026-04-21 14:32:37,2026-04-22 06:00:00,Closed,Pothole,BROOKLYN,NOSTRAND AVENUE,40.695973791132594,-73.9526898109264,4.110052023333333,7515.333333333333,13014.0,13,0,30.600000381469727,1,Medium,14,0.0,1.0,0.0,0.0,2026-04-25 17:11:05,1,4,1,1,2026-04-22 06:00:00,0.0
68758295,2026-04-21 14:32:19,2026-04-22 08:30:00,Closed,Pothole,QUEENS,WOODSIDE AVENUE,40.74369226980062,-73.88688881288014,4.110260356666666,4959.1547619047615,10472.0,17,1,28.200000762939453,1,Medium,14,0.001,0.999,0.0,0.0,2026-04-25 17:11:05,2,4,1,1,2026-04-22 08:30:00,0.0
68747362,2026-04-21 14:12:37,2026-04-21 17:51:00,Closed,Pothole,QUEENS,nan,40.69366255534651,-73.852163876474,4.123940912222222,4959.1547619047615,4660.0,25,0,31.100000381469727,1,Medium,14,0.005,0.995,0.0,0.0,2026-04-25 17:11:05,2,4,1,1,2026-04-21 17:51:00,0.0
68740486,2026-04-21 13:55:19,,Pending,Pothole,QUEENS,nan,40.73283234357654,-73.79289828792601,4.135954801111111,4959.1547619047615,4660.0,2,0,18.700000762939453,0,Low,30,0.998,0.002,0.0,0.0,2026-04-25 17:11:05,2,4,1,1,,
68745844,2026-04-21 13:40:25,2026-04-21 18:55:00,Closed,Pothole,QUEENS,nan,40.761217008162774,-73.8863970016137,4.146302023333333,4959.1547619047615,4660.0,7,0,25.5,1,Medium,14,0.304,0.696,0.0,0.0,2026-04-25 17:11:05,2,4,1,1,2026-04-21 18:55:00,0.0
68751692,2026-04-21 13:35:02,2026-04-22 11:30:00,Closed,Pothole,BROOKLYN,KINGS HIGHWAY,40.60601703508118,-73.98686578495655,4.150040449259259,5664.555555555556,24784.0,12,1,34.099998474121094,1,Medium,14,0.002,0.998,0.0,0.0,2026-04-25 17:11:05,1,4,1,1,2026-04-22 11:30:00,0.0
68750322,2026-04-21 13:34:20,2026-04-22 11:00:00,Closed,Pothole,BROOKLYN,nan,40.60593544076196,-74.00045737407888,4.150526560370371,5664.555555555556,6673.0,9,0,29.600000381469727,1,Medium,14,0.012,0.988,0.0,0.0,2026-04-25 17:11:05,1,4,1,1,2026-04-22 11:00:00,0.0
68755699,2026-04-21 13:34:02,2026-04-22 09:25:00,Closed,Pothole,BROOKLYN,nan,40.58533504641693,-73.98747829638602,4.150734893703704,5664.555555555556,6673.0,15,1,30.600000381469727,1,Medium,14,0.004,0.996,0.0,0.0,2026-04-25 17:11:05,1,4,1,1,2026-04-22 09:25:00,0.0
68743427,2026-04-21 13:30:32,,Pending,Pothole,QUEENS,nan,40.72095320363423,-73.76714448933834,4.15316544925926,4959.1547619047615,4660.0,1,0,15.300000190734863,0,Low,30,0.999,0.001,0.0,0.0,2026-04-25 17:11:05,2,4,1,1,,
68753052,2026-04-21 13:19:23,2026-04-22 11:22:00,Closed,Pothole,BROOKLYN,LIBERTY AVENUE,40.67804626886511,-73.87169939581027,4.160908504814815,5664.555555555556,10746.0,30,1,30.5,1,Medium,14,0.005,0.995,0.0,0.0,2026-04-25 17:11:05,1,4,1,1,2026-04-22 11:22:00,0.0
68754417,2026-04-21 13:16:43,2026-04-22 10:00:00,Closed,Pothole,BROOKLYN,nan,40.67689413208141,-73.90004573863688,4.162760356666666,5664.555555555556,6673.0,22,1,28.5,1,Medium,14,0.002,0.998,0.0,0.0,2026-04-25 17:11:05,1,4,1,1,2026-04-22 10:00:00,0.0
68754418,2026-04-21 13:15:52,2026-04-22 09:20:00,Closed,Pothole,BROOKLYN,KOSCIUSKO STREET,40.691793652979904,-73.94110667068003,4.163350634444444,5664.555555555556,6673.0,25,1,30.0,1,Medium,14,0.006,0.994,0.0,0.0,2026-04-25 17:11:05,1,4,1,1,2026-04-22 09:20:00,0.0
68751694,2026-04-21 13:15:18,2026-04-22 09:02:00,Closed,Pothole,BROOKLYN,KOSCIUSKO STREET,40.691695279124545,-73.9419685924362,4.163744152962963,5664.555555555556,6673.0,17,1,30.5,1,Medium,14,0.001,0.999,0.0,0.0,2026-04-25 17:11:05,1,4,1,1,2026-04-22 09:02:00,0.0
68741368,2026-04-21 13:14:37,2026-04-21 13:14:37,Closed,Pothole,BRONX,nan,40.867592291055104,-73.85094201799178,4.16421869,6677.6,6655.5,1,1,17.200000762939453,0,Low,30,0.999,0.001,0.0,0.0,2026-04-25 17:11:05,3,4,1,1,2026-04-21 13:14:37,0.0
68755700,2026-04-21 13:14:01,2026-04-22 08:45:00,Closed,Pothole,BROOKLYN,KOSCIUSKO STREET,40.69153130066537,-73.94338949707381,4.1646353566666665,5664.555555555556,6673.0,19,1,30.299999237060547,1,Medium,14,0.001,0.999,0.0,0.0,2026-04-25 17:11:05,1,4,1,1,2026-04-22 08:45:00,0.0
68750323,2026-04-21 13:13:23,2026-04-22 08:30:00,Closed,Pothole,BROOKLYN,KOSCIUSKO STREET,40.6907822595224,-73.9499169099646,4.165075171481481,5664.555555555556,6673.0,16,1,29.299999237060547,1,Medium,14,0.001,0.999,0.0,0.0,2026-04-25 17:11:05,1,4,1,1,2026-04-22 08:30:00,0.0
68749434,2026-04-21 13:09:55,,Open,Pothole,BRONX,nan,40.878497131726824,-73.83301767783914,4.1674825788888885,6677.6,6655.5,7,1,28.1,1,Medium,14,0.719,0.14,0.084,0.056,2026-04-25 17:11:05,3,4,1,1,,
68749440,2026-04-21 12:51:20,2026-04-22 10:45:00,Closed,Pothole,STATEN ISLAND,nan,40.540587527713186,-74.2215341962543,4.180387671481482,23788.714285714286,2762.0,2,0,27.200000762939453,1,Medium,14,0.002,0.998,0.0,0.0,2026-04-25 17:11:05,4,4,1,1,2026-04-22 10:45:00,0.0
68745845,2026-04-21 12:45:46,2026-04-21 12:45:46,Closed,Pothole,QUEENS,nan,40.67948667677669,-73.85721034043854,4.184253412222222,4959.1547619047615,4660.0,7,0,25.399999618530273,1,Medium,14,0.316,0.684,0.0,0.0,2026-04-25 17:11:05,2,4,1,1,2026-04-21 12:45:46,0.0
68748830,2026-04-21 12:44:33,2026-04-21 20:11:00,Closed,Pothole,QUEENS,nan,40.67948667677669,-73.85721034043854,4.185098319629629,4959.1547619047615,4660.0,7,0,25.399999618530273,1,Medium,14,0.316,0.684,0.0,0.0,2026-04-25 17:11:05,2,4,1,1,2026-04-21 20:11:00,0.0
68742871,2026-04-21 12:35:15,2026-04-21 12:35:15,Closed,Pothole,BROOKLYN,nan,40.60725840274471,-74.00264345847668,4.191556652962963,5664.555555555556,6673.0,10,0,32.29999923706055,1,Medium,14,0.002,0.998,0.0,0.0,2026-04-25 17:11:05,1,4,1,1,2026-04-21 12:35:15,0.0
68745846,2026-04-21 12:07:03,2026-04-21 21:45:00,Closed,Pothole,QUEENS,nan,40.689852673635386,-73.83779917108394,4.211139986296296,4959.1547619047615,4660.0,7,1,25.899999618530273,1,Medium,14,0.109,0.891,0.0,0.0,2026-04-25 17:11:05,2,4,1,1,2026-04-21 21:45:00,0.0
68747961,2026-04-21 11:56:13,,Open,Pothole,BRONX,nan,40.85748409656854,-73.90966857566818,4.218663134444444,6677.6,6655.5,5,1,22.8,0,Low,14,0.772,0.114,0.068,0.046,2026-04-25 17:11:05,3,4,1,1,,
68745851,2026-04-21 11:38:20,2026-04-21 11:38:20,Closed,Pothole,MANHATTAN,nan,40.74406555204563,-73.98774799711626,4.2310821159259255,16591.571428571428,6876.0,24,1,40.900001525878906,1,Medium,14,0.0,1.0,0.0,0.0,2026-04-25 17:11:05,0,4,1,1,2026-04-21 11:38:20,0.0
68739012,2026-04-21 11:33:25,,Pending,Pothole,QUEENS,nan,40.66550889637562,-73.85611562995088,4.234496467777777,4959.1547619047615,4660.0,3,0,20.100000381469727,0,Low,30,0.997,0.003,0.0,0.0,2026-04-25 17:11:05,2,4,1,1,,
68749445,2026-04-21 11:27:01,,Pending,Pothole,QUEENS,nan,40.735655957402535,-73.85099901475667,4.238940912222222,4959.1547619047615,4660.0,17,1,29.899999618530273,1,Medium,14,0.005,0.995,0.0,0.0,2026-04-25 17:11:05,2,4,1,1,,
68741923,2026-04-21 11:02:08,,Open,Pothole,MANHATTAN,nan,40.821144239164035,-73.95752175267613,4.256221004814814,16591.571428571428,6876.0,20,1,61.3,2,High,7,0.387,0.307,0.184,0.123,2026-04-25 17:11:05,0,4,1,1,,
68742868,2026-04-21 10:58:47,2026-04-21 10:58:47,Closed,Pothole,MANHATTAN,nan,40.863113291725696,-73.92061167083497,4.2585473937037035,16591.571428571428,6876.0,16,0,35.099998474121094,1,Medium,14,0.0,1.0,0.0,0.0,2026-04-25 17:11:05,0,4,1,1,2026-04-21 10:58:47,0.0
68746427,2026-04-21 10:58:45,,Open,Pothole,BROOKLYN,nan,40.66797303673411,-73.99585096691179,4.258570541851852,5664.555555555556,6673.0,67,1,48.2,1,Medium,14,0.518,0.241,0.145,0.096,2026-04-25 17:11:05,1,4,1,1,,
68745855,2026-04-21 10:56:53,2026-04-21 10:56:53,Closed,Pothole,BROOKLYN,nan,40.61910563757932,-73.95830950968423,4.259866838148148,5664.555555555556,6673.0,10,1,31.399999618530273,1,Medium,14,0.011,0.989,0.0,0.0,2026-04-25 17:11:05,1,4,1,1,2026-04-21 10:56:53,0.0
68747962,2026-04-21 10:51:53,,Pending,Pothole,BRONX,nan,40.81916263363138,-73.87981290417615,4.26333906037037,6677.6,6655.5,0,0,17.5,0,Low,30,0.999,0.001,0.0,0.0,2026-04-25 17:11:05,3,4,1,0,,
68744342,2026-04-21 10:32:51,2026-04-21 21:45:00,Closed,Pothole,QUEENS,nan,40.69082859158544,-73.83310544006672,4.276556652962963,4959.1547619047615,4660.0,3,0,23.0,0,Low,30,0.978,0.022,0.0,0.0,2026-04-25 17:11:05,2,4,1,1,2026-04-21 21:45:00,0.0
68742859,2026-04-21 10:23:15,2026-04-21 20:15:00,Closed,Pothole,QUEENS,nan,40.737710174358405,-73.75274572186932,4.28322331962963,4959.1547619047615,4660.0,1,1,19.299999237060547,0,Low,30,1.0,0.0,0.0,0.0,2026-04-25 17:11:05,2,4,1,1,2026-04-21 20:15:00,0.0
68741924,2026-04-21 10:22:40,,Open,Pothole,MANHATTAN,nan,40.757747976454525,-73.9714518418555,4.283628412222222,16591.571428571428,6876.0,22,0,61.3,2,High,7,0.387,0.307,0.184,0.123,2026-04-25 17:11:05,0,4,1,1,,
68747963,2026-04-21 10:14:28,,Open,Pothole,BRONX,nan,40.81493375847484,-73.8976455199499,4.289322856666667,6677.6,6655.5,21,1,49.4,1,Medium,14,0.506,0.247,0.148,0.099,2026-04-25 17:11:05,3,4,1,1,,
68744929,2026-04-21 10:09:23,,Open,Pothole,BRONX,nan,40.81710794723554,-73.89203149623702,4.2928529492592595,6677.6,6655.5,33,1,49.4,1,Medium,14,0.506,0.247,0.148,0.099,2026-04-25 17:11:05,3,4,1,1,,
68749436,2026-04-21 10:04:33,,Open,Pothole,BRONX,nan,40.83320166044467,-73.81701073542892,4.296209430740741,6677.6,6655.5,1,0,12.1,0,Low,14,0.879,0.061,0.036,0.024,2026-04-25 17:11:05,3,4,1,1,,
68747366,2026-04-21 09:59:49,2026-04-21 15:57:00,Closed,Pothole,QUEENS,nan,40.75264157307053,-73.93987263381857,4.299496467777778,4959.1547619047615,4660.0,14,1,29.600000381469727,1,Medium,14,0.009,0.991,0.0,0.0,2026-04-25 17:11:05,2,4,1,1,2026-04-21 15:57:00,0.0
68741370,2026-04-21 09:59:03,2026-04-21 09:59:03,Closed,Pothole,BRONX,nan,40.854208022401494,-73.86105735636079,4.300028875185185,6677.6,6655.5,11,1,31.299999237060547,1,Medium,14,0.001,0.999,0.0,0.0,2026-04-25 17:11:05,3,4,1,1,2026-04-21 09:59:03,0.0
68747959,2026-04-21 09:46:35,,Open,Pothole,BROOKLYN,nan,40.61910563757932,-73.95830950968423,4.308686282592593,5664.555555555556,6673.0,10,1,34.9,1,Medium,14,0.651,0.175,0.105,0.07,2026-04-25 17:11:05,1,4,1,1,,
68745860,2026-04-21 09:26:00,2026-04-21 09:26:00,Closed,Pothole,BRONX,nan,40.893404093843806,-73.85149178511355,4.322980264074074,6677.6,6655.5,8,0,28.299999237060547,1,Medium,14,0.009,0.99,0.0,0.0,2026-04-25 17:11:05,3,4,1,1,2026-04-21 09:26:00,0.0
68749430,2026-04-21 09:25:12,,Open,Pothole,MANHATTAN,nan,40.7533182327584,-73.97258707266118,4.32353581962963,16591.571428571428,6876.0,24,1,61.4,2,High,7,0.386,0.307,0.184,0.123,2026-04-25 17:11:05,0,4,1,1,,
68744344,2026-04-21 09:24:52,2026-04-21 15:54:00,Closed,Pothole,QUEENS,nan,40.71485996516194,-73.75921174784,4.323767301111111,4959.1547619047615,4660.0,8,0,27.299999237060547,1,Medium,14,0.008,0.991,0.0,0.0,2026-04-25 17:11:05,2,4,1,1,2026-04-21 15:54:00,0.0
68747381,2026-04-21 09:23:23,2026-04-21 09:23:23,Closed,Pothole,BRONX,nan,40.893404093843806,-73.85149178511355,4.324797393703704,6677.6,6655.5,8,0,28.299999237060547,1,Medium,14,0.009,0.99,0.0,0.0,2026-04-25 17:11:05,3,4,1,1,2026-04-21 09:23:23,0.0
68742872,2026-04-21 09:21:04,2026-04-21 09:21:04,Closed,Pothole,BROOKLYN,nan,40.626569861843265,-73.97092074758424,4.32640619,5664.555555555556,6673.0,18,0,31.399999618530273,1,Medium,14,0.001,0.999,0.0,0.0,2026-04-25 17:11:05,1,4,1,1,2026-04-21 09:21:04,0.0
68741933,2026-04-21 09:20:47,,Open,Pothole,BRONX,nan,40.893404093843806,-73.85149178511355,4.326602949259259,6677.6,6655.5,8,0,30.8,1,Medium,14,0.692,0.154,0.092,0.062,2026-04-25 17:11:05,3,4,1,1,,
68739909,2026-04-21 09:19:20,2026-04-21 09:19:20,Closed,Pothole,MANHATTAN,nan,40.73167071136886,-74.0066245929398,4.327609893703704,16591.571428571428,6876.0,12,0,40.0,1,Medium,14,0.0,1.0,0.0,0.0,2026-04-25 17:11:05,0,4,1,1,2026-04-21 09:19:20,0.0
68739910,2026-04-21 09:11:01,2026-04-21 09:11:01,Closed,Pothole,MANHATTAN,nan,40.77178075517688,-73.9791936146363,4.333385356666667,16591.571428571428,6876.0,22,0,41.0,1,Medium,14,0.0,1.0,0.0,0.0,2026-04-25 17:11:05,0,4,1,1,2026-04-21 09:11:01,0.0
68741925,2026-04-21 08:57:11,,Open,Pothole,MANHATTAN,nan,40.727819890310215,-73.9947504217104,4.342991838148148,16591.571428571428,6876.0,18,1,61.4,2,High,7,0.386,0.307,0.184,0.123,2026-04-25 17:11:05,0,4,1,1,,
68738412,2026-04-21 08:49:30,2026-04-21 08:49:30,Closed,Pothole,QUEENS,nan,40.761217008162774,-73.8863970016137,4.348327486296296,4959.1547619047615,4660.0,7,0,26.100000381469727,1,Medium,14,0.422,0.577,0.0,0.0,2026-04-25 17:11:05,2,4,1,1,2026-04-21 08:49:30,0.0
68739006,2026-04-21 08:38:34,,Open,Pothole,BRONX,nan,40.85179421285999,-73.90277587050835,4.3559200788888885,6677.6,6655.5,31,1,49.5,1,Medium,14,0.505,0.247,0.148,0.099,2026-04-25 17:11:05,3,4,1,1,,
68744346,2026-04-21 08:16:58,2026-04-21 18:21:00,Closed,Pothole,QUEENS,nan,40.70566482104637,-73.86507111185703,4.370920078888889,4959.1547619047615,4660.0,7,1,26.799999237060547,1,Medium,14,0.09,0.91,0.0,0.0,2026-04-25 17:11:05,2,4,1,1,2026-04-21 18:21:00,0.0
68740475,2026-04-21 08:13:51,,Open,Pothole,BROOKLYN,nan,40.64570363716766,-73.90143297324538,4.37308443074074,5664.555555555556,6673.0,15,0,48.3,1,Medium,14,0.517,0.241,0.145,0.097,2026-04-25 17:11:05,1,4,1,1,,
68744347,2026-04-21 08:09:40,2026-04-21 18:26:00,Closed,Pothole,QUEENS,nan,40.67760864696448,-73.83234897421124,4.375989523333333,4959.1547619047615,4660.0,7,0,27.799999237060547,1,Medium,14,0.199,0.801,0.0,0.0,2026-04-25 17:11:05,2,4,1,1,2026-04-21 18:26:00,0.0
68740482,2026-04-21 07:49:03,,Open,Pothole,STATEN ISLAND,nan,40.55840309883416,-74.12610229310667,4.390306652962963,23788.714285714286,2762.0,2,0,35.3,1,Medium,14,0.647,0.177,0.106,0.071,2026-04-25 17:11:05,4,4,1,1,,
68747972,2026-04-21 07:46:45,,Pending,Pothole,QUEENS,nan,40.70327874865508,-73.73620712128428,4.391903875185185,4959.1547619047615,4660.0,7,1,27.5,1,Medium,14,0.051,0.949,0.0,0.0,2026-04-25 17:11:05,2,4,1,1,,
68746438,2026-04-21 07:45:41,,Pending,Pothole,QUEENS,nan,40.68625095400348,-73.76847358848285,4.392644615925926,4959.1547619047615,4660.0,1,1,19.899999618530273,0,Low,30,0.997,0.003,0.0,0.0,2026-04-25 17:11:05,2,4,1,1,,
68738413,2026-04-21 07:43:12,2026-04-21 14:55:00,Closed,Pothole,QUEENS,nan,40.73177902884212,-73.77010866842208,4.3943691529629625,4959.1547619047615,4660.0,5,1,23.799999237060547,0,Low,30,0.574,0.426,0.0,0.0,2026-04-25 17:11:05,2,4,1,1,2026-04-21 14:55:00,0.0
68748838,2026-04-21 07:42:36,2026-04-21 16:22:00,Closed,Pothole,QUEENS,nan,40.725476145414376,-73.76557731286611,4.39478581962963,4959.1547619047615,4660.0,31,1,28.899999618530273,1,Medium,14,0.024,0.976,0.0,0.0,2026-04-25 17:11:05,2,4,1,1,2026-04-21 16:22:00,0.0
68746439,2026-04-21 07:18:11,,Pending,Pothole,QUEENS,nan,40.66561616016431,-73.81756420980112,4.411741838148148,4959.1547619047615,4660.0,10,1,25.700000762939453,0,Low,30,0.863,0.137,0.0,0.0,2026-04-25 17:11:05,2,4,1,1,,
68744348,2026-04-21 07:13:53,2026-04-21 07:13:53,Closed,Pothole,QUEENS,nan,40.71822688567068,-73.81514029543717,4.414727949259259,4959.1547619047615,4660.0,9,1,28.100000381469727,1,Medium,14,0.187,0.813,0.0,0.0,2026-04-25 17:11:05,2,4,1,1,2026-04-21 07:13:53,0.0
68738421,2026-04-21 06:56:33,2026-04-21 06:56:33,Closed,Pothole,BROOKLYN,nan,40.62691815775337,-73.983215938756,4.4267649862962966,5664.555555555556,6673.0,8,0,27.100000381469727,1,Medium,14,0.004,0.996,0.0,0.0,2026-04-25 17:11:05,1,4,1,1,2026-04-21 06:56:33,0.0
68748854,2026-04-21 06:54:18,2026-04-21 06:54:18,Closed,Pothole,BROOKLYN,nan,40.62691815775337,-73.983215938756,4.428327486296296,5664.555555555556,6673.0,8,0,27.100000381469727,1,Medium,14,0.004,0.996,0.0,0.0,2026-04-25 17:11:05,1,4,1,1,2026-04-21 06:54:18,0.0
68741371,2026-04-21 06:38:32,2026-04-21 06:38:32,Closed,Pothole,BRONX,nan,40.81916263363138,-73.87981290417615,4.43927656037037,6677.6,6655.5,0,0,20.299999237060547,0,Low,30,0.999,0.001,0.0,0.0,2026-04-25 17:11:05,3,4,1,0,2026-04-21 06:38:32,0.0
68741359,2026-04-21 06:29:16,2026-04-21 20:45:00,Closed,Pothole,QUEENS,nan,40.73203817756446,-73.81491796227877,4.445711745555555,4959.1547619047615,4660.0,14,1,28.200000762939453,0,Low,30,0.736,0.264,0.0,0.0,2026-04-25 17:11:05,2,4,1,1,2026-04-21 20:45:00,0.0
68745852,2026-04-21 06:06:16,2026-04-21 06:06:16,Closed,Pothole,MANHATTAN,nan,40.763114133956435,-73.96251511418777,4.461683967777778,16591.571428571428,6876.0,27,1,37.5,1,Medium,14,0.0,0.999,0.0,0.0,2026-04-25 17:11:05,0,4,1,1,2026-04-21 06:06:16,0.0
68744914,2026-04-21 03:43:04,,Pending,Pothole,QUEENS,nan,40.66066079561482,-73.82395022234725,4.561128412222222,4959.1547619047615,4660.0,0,1,14.600000381469727,0,Low,30,1.0,0.0,0.0,0.0,2026-04-25 17:11:05,2,4,1,0,,
68747369,2026-04-21 03:41:27,2026-04-21 21:15:00,Closed,Pothole,QUEENS,ROCKAWAY BOULEVARD,40.674610933208335,-73.80427648819571,4.562251097407407,4959.1547619047615,66278.0,22,0,34.79999923706055,1,Medium,14,0.003,0.997,0.0,0.0,2026-04-25 17:11:05,2,4,1,1,2026-04-21 21:15:00,0.0
68742863,2026-04-21 03:39:43,2026-04-21 21:45:00,Closed,Pothole,QUEENS,nan,40.67235473187952,-73.80267529428005,4.563454801111111,4959.1547619047615,4660.0,5,0,22.899999618530273,0,Low,30,0.901,0.099,0.0,0.0,2026-04-25 17:11:05,2,4,1,1,2026-04-21 21:45:00,0.0
68728652,2026-04-21 01:43:44,,Open,Pothole,BROOKLYN,nan,40.617525906792906,-73.94221317344399,4.643998782592592,5664.555555555556,6673.0,9,1,32.3,1,Medium,14,0.677,0.162,0.097,0.065,2026-04-25 17:11:05,1,4,1,1,,
68734517,2026-04-21 01:41:39,,Open,Pothole,BROOKLYN,nan,40.62333996767628,-73.95594014700089,4.645445541851852,5664.555555555556,6673.0,4,1,19.0,0,Low,14,0.81,0.095,0.057,0.038,2026-04-25 17:11:05,1,4,1,1,,
68728653,2026-04-21 01:34:55,,Open,Pothole,BROOKLYN,nan,40.63963234562872,-73.95417823915444,4.650121467777778,5664.555555555556,6673.0,23,1,48.3,1,Medium,14,0.517,0.242,0.145,0.097,2026-04-25 17:11:05,1,4,1,1,,
68727203,2026-04-21 00:21:18,,Open,Pothole,BROOKLYN,nan,40.67634313622726,-73.91092698207576,4.701244152962963,5664.555555555556,6673.0,31,1,48.4,1,Medium,14,0.516,0.242,0.145,0.097,2026-04-25 17:11:05,1,4,1,1,,
68731697,2026-04-20 21:51:05,2026-04-20 23:45:00,Closed,Pothole,QUEENS,nan,40.761217008162774,-73.8863970016137,4.805561282592593,4959.1547619047615,4660.0,7,0,25.100000381469727,1,Medium,14,0.404,0.596,0.0,0.0,2026-04-25 17:11:05,2,4,0,1,2026-04-20 23:45:00,0.0
68728659,2026-04-20 21:44:26,,Open,Pothole,BRONX,nan,40.855433380969714,-73.85535050833009,4.810179338148148,6677.6,6655.5,18,1,49.6,1,Medium,14,0.504,0.248,0.149,0.099,2026-04-25 17:11:05,3,4,0,1,,
68736951,2026-04-20 21:32:45,2026-04-20 21:32:45,Closed,Pothole,BROOKLYN,nan,40.655845792390465,-73.89848067333763,4.818292764074074,5664.555555555556,6673.0,21,1,30.600000381469727,1,Medium,14,0.007,0.993,0.0,0.0,2026-04-25 17:11:05,1,4,0,1,2026-04-20 21:32:45,0.0
68737501,2026-04-20 21:12:50,,Pending,Pothole,QUEENS,nan,40.7050859720684,-73.77417895547643,4.832123782592593,4959.1547619047615,4660.0,11,0,30.100000381469727,1,Medium,14,0.013,0.986,0.0,0.0,2026-04-25 17:11:05,2,4,0,1,,
68726637,2026-04-20 20:40:29,2026-04-20 20:40:29,Closed,Pothole,MANHATTAN,nan,40.84107667637581,-73.93976740555671,4.85458906037037,16591.571428571428,6876.0,15,1,39.5,1,Medium,14,0.0,1.0,0.0,0.0,2026-04-25 17:11:05,0,4,0,1,2026-04-20 20:40:29,0.0
68737494,2026-04-20 20:29:19,,Open,Pothole,BROOKLYN,nan,40.67206324438088,-73.92524432147842,4.86234369,5664.555555555556,6673.0,11,0,37.8,1,Medium,14,0.622,0.189,0.113,0.076,2026-04-25 17:11:05,1,4,0,1,,
68734531,2026-04-20 19:35:42,,Open,Pothole,BRONX,nan,40.853251061771665,-73.82721790482195,4.899577486296296,6677.6,6655.5,23,1,49.6,1,Medium,14,0.504,0.248,0.149,0.099,2026-04-25 17:11:05,3,4,0,1,,
68730166,2026-04-20 19:14:50,2026-04-20 22:41:00,Closed,Pothole,QUEENS,nan,40.652564629491025,-73.74654903024499,4.914068227037037,4959.1547619047615,4660.0,0,1,17.399999618530273,0,Low,30,1.0,0.0,0.0,0.0,2026-04-25 17:11:05,2,4,0,0,2026-04-20 22:41:00,0.0
68734518,2026-04-20 18:53:05,,Open,Pothole,BROOKLYN,nan,40.61040199919937,-73.95859226925326,4.929172393703704,5664.555555555556,6673.0,18,0,48.4,1,Medium,14,0.516,0.242,0.145,0.097,2026-04-25 17:11:05,1,4,0,1,,
68731695,2026-04-20 18:48:11,,Open,Pothole,BROOKLYN,nan,40.63412967117322,-73.92850059582707,4.932575171481481,5664.555555555556,6673.0,30,1,48.4,1,Medium,14,0.516,0.242,0.145,0.097,2026-04-25 17:11:05,1,4,0,1,,
68736012,2026-04-20 18:41:45,,Open,Pothole,STATEN ISLAND,nan,40.540333870026494,-74.17262065818653,4.937042764074074,23788.714285714286,2762.0,1,0,32.9,1,Medium,14,0.671,0.164,0.099,0.066,2026-04-25 17:11:05,4,4,0,1,,
68736958,2026-04-20 18:32:07,2026-04-20 18:32:07,Closed,Pothole,QUEENS,nan,40.76004448372803,-73.89755299254857,4.943732578888889,4959.1547619047615,4660.0,11,0,28.899999618530273,1,Medium,14,0.03,0.97,0.0,0.0,2026-04-25 17:11:05,2,4,0,1,2026-04-20 18:32:07,0.0
68734535,2026-04-20 18:04:12,,Pending,Pothole,QUEENS,nan,40.76004448372803,-73.89755299254857,4.963119152962963,4959.1547619047615,4660.0,11,0,28.899999618530273,1,Medium,14,0.03,0.97,0.0,0.0,2026-04-25 17:11:05,2,4,0,1,,
68734536,2026-04-20 17:25:43,2026-04-20 22:15:00,Closed,Pothole,QUEENS,nan,40.736747328189146,-73.87303695919547,4.98984369,4959.1547619047615,4660.0,5,0,22.700000762939453,0,Low,30,0.926,0.074,0.0,0.0,2026-04-25 17:11:05,2,4,0,1,2026-04-20 22:15:00,0.0
68727210,2026-04-20 17:11:53,2026-04-20 21:45:00,Closed,Pothole,QUEENS,nan,40.75437733601926,-73.82339574270421,4.999450171481481,4959.1547619047615,4660.0,6,0,23.799999237060547,0,Low,30,0.84,0.159,0.0,0.0,2026-04-25 17:11:05,2,4,0,1,2026-04-20 21:45:00,0.0
68737505,2026-04-20 17:09:22,,Pending,Pothole,QUEENS,nan,40.7628902184556,-73.8055259956124,5.001197856666667,4959.1547619047615,4660.0,17,1,28.799999237060547,1,Medium,14,0.024,0.976,0.0,0.0,2026-04-25 17:11:05,2,4,0,1,,
68734537,2026-04-20 17:06:43,,Pending,Pothole,QUEENS,nan,40.75425200055923,-73.8135315930549,5.003038134444444,4959.1547619047615,4660.0,6,1,24.399999618530273,1,Medium,14,0.431,0.568,0.0,0.0,2026-04-25 17:11:05,2,4,0,1,,
68728655,2026-04-20 17:04:39,,Open,Pothole,BROOKLYN,nan,40.611084664840085,-73.99831442850846,5.004473319629629,5664.555555555556,6673.0,6,0,24.5,0,Low,14,0.755,0.122,0.073,0.049,2026-04-25 17:11:05,1,4,0,1,,
68727212,2026-04-20 16:49:39,,Pending,Pothole,QUEENS,nan,40.73770685502982,-73.88230174977016,5.014889986296296,4959.1547619047615,4660.0,5,0,22.700000762939453,0,Low,30,0.85,0.15,0.0,0.0,2026-04-25 17:11:05,2,4,0,1,,
68731116,2026-04-20 16:41:29,2026-04-20 16:41:29,Closed,Pothole,QUEENS,nan,40.7343762769571,-73.87341674191903,5.020561282592593,4959.1547619047615,4660.0,23,0,28.200000762939453,1,Medium,14,0.374,0.625,0.0,0.0,2026-04-25 17:11:05,2,4,0,1,2026-04-20 16:41:29,0.0
68726645,2026-04-20 16:11:13,2026-04-20 16:11:13,Closed,Pothole,STATEN ISLAND,nan,40.60439685886977,-74.06899707829305,5.041579801111111,23788.714285714286,2762.0,14,1,38.900001525878906,1,Medium,14,0.0,1.0,0.0,0.0,2026-04-25 17:11:05,4,4,0,1,2026-04-20 16:11:13,0.0
68726648,2026-04-20 16:09:51,2026-04-20 16:09:51,Closed,Pothole,QUEENS,nan,40.77044042224903,-73.91654145438126,5.042528875185185,4959.1547619047615,4660.0,63,1,28.399999618530273,1,Medium,14,0.008,0.992,0.0,0.0,2026-04-25 17:11:05,2,4,0,1,2026-04-20 16:09:51,0.0
68741364,2026-04-20 16:02:11,2026-04-21 15:23:00,Closed,Pothole,BROOKLYN,nan,40.655845792390465,-73.89848067333763,5.047852949259259,5664.555555555556,6673.0,21,1,32.0,1,Medium,14,0.006,0.994,0.0,0.0,2026-04-25 17:11:05,1,4,0,1,2026-04-21 15:23:00,0.0
68731700,2026-04-20 15:52:36,2026-04-20 23:24:00,Closed,Pothole,QUEENS,nan,40.670072853241955,-73.73285256232646,5.054508041851852,4959.1547619047615,4660.0,5,1,20.600000381469727,0,Low,30,0.843,0.157,0.0,0.0,2026-04-25 17:11:05,2,4,0,1,2026-04-20 23:24:00,0.0
68739911,2026-04-20 15:49:34,2026-04-21 13:53:00,Closed,Pothole,BROOKLYN,CRESCENT STREET,40.68800367787333,-73.87360573739488,5.056614523333333,5664.555555555556,9454.0,21,0,32.5,1,Medium,14,0.001,0.999,0.0,0.0,2026-04-25 17:11:05,1,4,0,1,2026-04-21 13:53:00,0.0
68741365,2026-04-20 15:49:08,2026-04-21 13:45:00,Closed,Pothole,BROOKLYN,CRESCENT STREET,40.682473703715175,-73.87179904280133,5.056915449259259,5664.555555555556,9454.0,21,1,33.20000076293945,1,Medium,14,0.001,0.999,0.0,0.0,2026-04-25 17:11:05,1,4,0,1,2026-04-21 13:45:00,0.0
68741366,2026-04-20 15:48:44,2026-04-21 13:33:00,Closed,Pothole,BROOKLYN,LINCOLN AVENUE,40.67213337969547,-73.86631776624851,5.057193227037037,5664.555555555556,3185.0,9,0,31.299999237060547,1,Medium,14,0.04,0.96,0.0,0.0,2026-04-25 17:11:05,1,4,0,1,2026-04-21 13:33:00,0.0
68745854,2026-04-20 15:48:04,2026-04-21 09:08:00,Closed,Pothole,BROOKLYN,8 AVENUE,40.66921954728183,-73.9763165446147,5.05765619,5664.555555555556,6673.0,7,1,27.200000762939453,1,Medium,14,0.048,0.952,0.0,0.0,2026-04-25 17:11:05,1,4,0,1,2026-04-21 09:08:00,0.0
68748851,2026-04-20 15:47:25,2026-04-21 08:55:00,Closed,Pothole,BROOKLYN,8 AVENUE,40.66807516873065,-73.97727580806131,5.0581075788888885,5664.555555555556,6673.0,10,1,32.400001525878906,1,Medium,14,0.018,0.982,0.0,0.0,2026-04-25 17:11:05,1,4,0,1,2026-04-21 08:55:00,0.0
68727204,2026-04-20 15:38:10,,Open,Pothole,BROOKLYN,nan,40.63003051902655,-73.93580039824596,5.06453119,5664.555555555556,6673.0,2,0,13.8,0,Low,14,0.862,0.069,0.041,0.028,2026-04-25 17:11:05,1,4,0,1,,
68730161,2026-04-20 15:16:59,,Open,Pothole,BRONX,nan,40.82382747730287,-73.86162302215389,5.079241838148148,6677.6,6655.5,7,1,28.4,1,Medium,14,0.716,0.142,0.085,0.057,2026-04-25 17:11:05,3,4,0,1,,
68729559,2026-04-20 15:16:55,2026-04-20 18:34:00,Closed,Pothole,QUEENS,nan,40.71818218795277,-73.78032496285253,5.079288134444444,4959.1547619047615,4660.0,1,0,17.899999618530273,0,Low,30,0.967,0.033,0.0,0.0,2026-04-25 17:11:05,2,4,0,1,2026-04-20 18:34:00,0.0
68730169,2026-04-20 15:14:45,,Pending,Pothole,QUEENS,nan,40.66227596883908,-73.85427353727108,5.080792764074074,4959.1547619047615,4660.0,4,0,21.399999618530273,0,Low,30,0.975,0.025,0.0,0.0,2026-04-25 17:11:05,2,4,0,1,,
68737507,2026-04-20 15:11:49,,Pending,Pothole,QUEENS,nan,40.71877018691972,-73.77636922755279,5.082829801111111,4959.1547619047615,4660.0,1,0,17.200000762939453,0,Low,30,0.998,0.002,0.0,0.0,2026-04-25 17:11:05,2,4,0,1,,
68741350,2026-04-20 14:50:42,2026-04-21 11:44:00,Closed,Pothole,QUEENS,MAIN STREET,40.75866037476562,-73.82967959050642,5.0974941529629625,4959.1547619047615,26446.0,37,1,32.099998474121094,1,Medium,14,0.006,0.994,0.001,0.0,2026-04-25 17:11:05,2,4,0,1,2026-04-21 11:44:00,0.0
68745841,2026-04-20 14:50:22,2026-04-21 11:20:00,Closed,Pothole,QUEENS,KISSENA BOULEVARD,40.7575184420564,-73.82775499837497,5.097725634444444,5283.142857142857,13972.0,20,1,32.400001525878906,1,Medium,14,0.001,0.999,0.0,0.0,2026-04-25 17:11:05,2,4,0,1,2026-04-21 11:20:00,0.0
68748829,2026-04-20 14:49:54,2026-04-21 11:01:00,Closed,Pothole,QUEENS,SANFORD AVENUE,40.75675108347201,-73.82854025101055,5.098049708518518,4959.1547619047615,9951.0,16,1,32.099998474121094,1,Medium,14,0.004,0.996,0.0,0.0,2026-04-25 17:11:05,2,4,0,1,2026-04-21 11:01:00,0.0
68741351,2026-04-20 14:49:23,2026-04-21 10:39:00,Closed,Pothole,QUEENS,nan,40.75667186181392,-73.82879312184009,5.098408504814815,4959.1547619047615,4660.0,16,1,27.200000762939453,1,Medium,14,0.03,0.97,0.0,0.0,2026-04-25 17:11:05,2,4,0,1,2026-04-21 10:39:00,0.0
68747359,2026-04-20 14:48:55,2026-04-21 10:24:00,Closed,Pothole,QUEENS,nan,40.757523240224,-73.82913384300858,5.098732578888889,4959.1547619047615,4660.0,22,1,27.700000762939453,1,Medium,14,0.042,0.958,0.0,0.0,2026-04-25 17:11:05,2,4,0,1,2026-04-21 10:24:00,0.0
68742857,2026-04-20 14:48:26,2026-04-21 10:10:00,Closed,Pothole,QUEENS,nan,40.75855052115356,-73.82963655585823,5.099068227037037,4959.1547619047615,4660.0,37,1,28.899999618530273,1,Medium,14,0.121,0.877,0.001,0.0,2026-04-25 17:11:05,2,4,0,1,2026-04-21 10:10:00,0.0
68738408,2026-04-20 14:48:00,2026-04-21 09:48:00,Closed,Pothole,QUEENS,MAIN STREET,40.7584956050182,-73.82962225781209,5.099369152962963,4959.1547619047615,26446.0,37,1,32.099998474121094,1,Medium,14,0.006,0.994,0.001,0.0,2026-04-25 17:11:05,2,4,0,1,2026-04-21 09:48:00,0.0
68745842,2026-04-20 14:47:38,2026-04-21 09:33:00,Closed,Pothole,QUEENS,MAIN STREET,40.75908890602622,-73.82991673216537,5.099623782592593,4959.1547619047615,26446.0,36,1,32.29999923706055,1,Medium,14,0.007,0.993,0.0,0.0,2026-04-25 17:11:05,2,4,0,1,2026-04-21 09:33:00,0.0
68745843,2026-04-20 14:47:02,2026-04-21 09:17:00,Closed,Pothole,QUEENS,38 AVENUE,40.76093681755649,-73.83038850148965,5.100040449259259,4959.1547619047615,4660.0,32,1,26.799999237060547,0,Low,30,0.805,0.194,0.001,0.0,2026-04-25 17:11:05,2,4,0,1,2026-04-21 09:17:00,0.0
68747360,2026-04-20 14:46:13,2026-04-21 18:55:00,Closed,Pothole,QUEENS,38 AVENUE,40.76043938667576,-73.83183005093909,5.100607578888889,4959.1547619047615,4660.0,47,1,30.700000762939453,1,Medium,14,0.022,0.978,0.0,0.0,2026-04-25 17:11:05,2,4,0,1,2026-04-21 18:55:00,1.0
68739899,2026-04-20 14:45:28,2026-04-21 08:34:00,Closed,Pothole,QUEENS,nan,40.76016879310528,-73.83261043289514,5.101128412222222,4959.1547619047615,4660.0,34,1,28.0,1,Medium,14,0.042,0.957,0.0,0.0,2026-04-25 17:11:05,2,4,0,1,2026-04-21 08:34:00,0.0
68734539,2026-04-20 14:41:28,,Pending,Pothole,QUEENS,nan,40.74855066375679,-73.8958130445512,5.10390619,4959.1547619047615,4660.0,45,0,28.5,1,Medium,14,0.023,0.977,0.0,0.0,2026-04-25 17:11:05,2,4,0,1,,
68729562,2026-04-20 14:19:58,2026-04-20 17:36:00,Closed,Pothole,QUEENS,nan,40.761217008162774,-73.8863970016137,5.118836745555555,4959.1547619047615,4660.0,7,0,24.100000381469727,1,Medium,14,0.496,0.503,0.0,0.0,2026-04-25 17:11:05,2,4,0,1,2026-04-20 17:36:00,0.0
68732590,2026-04-20 14:07:24,2026-04-20 15:14:00,Closed,Pothole,QUEENS,CROCHERON AVENUE,40.763471558343205,-73.79110275397157,5.127563597407407,4959.1547619047615,6464.0,6,1,22.399999618530273,0,Low,30,0.522,0.478,0.0,0.0,2026-04-25 17:11:05,2,4,0,1,2026-04-20 15:14:00,0.0
68726644,2026-04-20 14:06:28,2026-04-20 14:06:29,Closed,Pothole,BRONX,nan,40.87961276699893,-73.91448783018329,5.128211745555555,6677.6,6655.5,1,0,20.0,0,Low,30,0.997,0.003,0.0,0.0,2026-04-25 17:11:05,3,4,0,1,2026-04-20 14:06:29,0.0
68733076,2026-04-20 13:41:52,,Open,Pothole,STATEN ISLAND,nan,40.61307793694791,-74.12255699238123,5.145295078888889,23788.714285714286,2762.0,14,1,67.6,2,High,14,0.324,0.338,0.203,0.135,2026-04-25 17:11:05,4,4,0,1,,
68727205,2026-04-20 13:28:39,,Open,Pothole,BROOKLYN,nan,40.60593544076196,-74.00045737407888,5.15447331962963,5664.555555555556,6673.0,9,0,32.5,1,Medium,14,0.675,0.163,0.098,0.065,2026-04-25 17:11:05,1,4,0,1,,
68734002,2026-04-20 13:12:55,2026-04-20 18:24:00,Closed,Pothole,QUEENS,nan,40.57585828612265,-73.86275231447574,5.165399245555555,4959.1547619047615,4660.0,0,0,18.0,0,Low,30,1.0,0.0,0.0,0.0,2026-04-25 17:11:05,2,4,0,0,2026-04-20 18:24:00,0.0
68734522,2026-04-20 13:10:41,2026-04-21 06:02:00,Closed,Pothole,BROOKLYN,nan,40.577610874462295,-73.96144207569856,5.166950171481481,5664.555555555556,6673.0,15,1,31.0,1,Medium,14,0.006,0.994,0.0,0.0,2026-04-25 17:11:05,1,4,0,1,2026-04-21 06:02:00,0.0
68731117,2026-04-20 13:08:53,2026-04-20 19:24:00,Closed,Pothole,QUEENS,nan,40.735655957402535,-73.85099901475667,5.168200171481481,4959.1547619047615,4660.0,17,1,29.100000381469727,1,Medium,14,0.006,0.994,0.0,0.0,2026-04-25 17:11:05,2,4,0,1,2026-04-20 19:24:00,0.0
68731701,2026-04-20 12:45:30,,Pending,Pothole,QUEENS,nan,40.6702247105206,-73.728544147522,5.184438597407407,4959.1547619047615,4660.0,3,1,17.600000381469727,0,Low,30,0.995,0.005,0.0,0.0,2026-04-25 17:11:05,2,4,0,1,,
68726649,2026-04-20 12:31:53,2026-04-20 16:24:00,Closed,Pothole,QUEENS,nan,40.69366255534651,-73.852163876474,5.193894615925926,4959.1547619047615,4660.0,25,0,31.299999237060547,1,Medium,14,0.006,0.994,0.0,0.0,2026-04-25 17:11:05,2,4,0,1,2026-04-20 16:24:00,0.0
68731112,2026-04-20 12:29:26,2026-04-20 12:29:26,Closed,Pothole,BRONX,nan,40.84350190355509,-73.8347463857145,5.195596004814814,6677.6,6655.5,9,0,29.700000762939453,1,Medium,14,0.006,0.994,0.0,0.0,2026-04-25 17:11:05,3,4,0,1,2026-04-20 12:29:26,0.0
68731118,2026-04-20 12:16:40,2026-04-20 13:51:00,Closed,Pothole,QUEENS,nan,40.73708967800347,-73.75652609639043,5.204461745555555,4959.1547619047615,4660.0,1,0,19.799999237060547,0,Low,30,0.999,0.001,0.0,0.0,2026-04-25 17:11:05,2,4,0,1,2026-04-20 13:51:00,0.0
68737496,2026-04-20 12:10:16,2026-04-23 15:38:00,Closed,Pothole,BROOKLYN,nan,40.624170800489615,-73.97047149845827,5.2089061899999995,5664.555555555556,6673.0,13,0,30.899999618530273,1,Medium,14,0.006,0.994,0.0,0.0,2026-04-25 17:11:05,1,4,0,1,2026-04-23 15:38:00,3.0
68728134,2026-04-20 12:04:56,2026-04-20 18:22:00,Closed,Pothole,QUEENS,nan,40.69383063541603,-73.82886433473595,5.2126098937037035,4959.1547619047615,4660.0,4,0,25.5,0,Low,30,0.851,0.148,0.0,0.0,2026-04-25 17:11:05,2,4,0,1,2026-04-20 18:22:00,0.0
68733072,2026-04-20 11:59:17,,Open,Pothole,BROOKLYN,nan,40.65464959047161,-73.97326552451699,5.216533504814815,5664.555555555556,6673.0,5,0,21.9,0,Low,14,0.781,0.109,0.066,0.044,2026-04-25 17:11:05,1,4,0,1,,
68734524,2026-04-20 11:32:56,,Open,Pothole,BROOKLYN,nan,40.617705698010106,-73.95804743759675,5.234832115925926,5664.555555555556,6673.0,10,1,35.2,1,Medium,14,0.648,0.176,0.106,0.07,2026-04-25 17:11:05,1,4,0,1,,
68730160,2026-04-20 11:28:18,,Open,Pothole,BROOKLYN,nan,40.59726736508086,-73.99865686311435,5.238049708518519,5664.555555555556,6673.0,42,1,48.5,1,Medium,14,0.515,0.243,0.146,0.097,2026-04-25 17:11:05,1,4,0,1,,
68729563,2026-04-20 11:27:18,2026-04-20 21:45:00,Closed,Pothole,QUEENS,nan,40.68226523856321,-73.8451331832496,5.238744152962963,4959.1547619047615,4660.0,9,0,29.200000762939453,1,Medium,14,0.019,0.981,0.0,0.0,2026-04-25 17:11:05,2,4,0,1,2026-04-20 21:45:00,0.0
68732591,2026-04-20 11:20:24,2026-04-20 20:17:00,Closed,Pothole,QUEENS,nan,40.73001773405,-73.82346751751783,5.24353581962963,4959.1547619047615,4660.0,12,0,29.799999237060547,1,Medium,14,0.008,0.992,0.0,0.0,2026-04-25 17:11:05,2,4,0,1,2026-04-20 20:17:00,0.0
68734540,2026-04-20 11:19:18,,Pending,Pothole,QUEENS,nan,40.73203817756446,-73.81491796227877,5.244299708518518,4959.1547619047615,4660.0,14,1,29.399999618530273,1,Medium,14,0.116,0.884,0.0,0.0,2026-04-25 17:11:05,2,4,0,1,,
68733080,2026-04-20 11:18:04,,Pending,Pothole,QUEENS,nan,40.73193070813031,-73.80795445692593,5.24515619,4959.1547619047615,4660.0,2,1,21.0,0,Low,30,0.999,0.001,0.0,0.0,2026-04-25 17:11:05,2,4,0,1,,
68729564,2026-04-20 10:56:34,2026-04-20 20:05:00,Closed,Pothole,QUEENS,nan,40.78166663756555,-73.82770697459341,5.260086745555555,4959.1547619047615,4660.0,15,0,29.0,1,Medium,14,0.014,0.986,0.0,0.0,2026-04-25 17:11:05,2,4,0,1,2026-04-20 20:05:00,0.0
68735441,2026-04-20 10:55:51,2026-04-20 23:12:00,Closed,Pothole,QUEENS,nan,40.56090606971587,-73.91548600085787,5.260584430740741,4959.1547619047615,4660.0,2,0,21.100000381469727,0,Low,30,0.994,0.006,0.0,0.0,2026-04-25 17:11:05,2,4,0,1,2026-04-20 23:12:00,0.0
68735442,2026-04-20 10:22:09,2026-04-20 19:21:00,Closed,Pothole,QUEENS,nan,40.741370151875635,-73.79379196763273,5.283987208518519,4959.1547619047615,4660.0,4,1,22.899999618530273,0,Low,30,0.944,0.056,0.0,0.0,2026-04-25 17:11:05,2,4,0,1,2026-04-20 19:21:00,0.0
68729556,2026-04-20 10:17:37,2026-04-20 10:17:37,Closed,Pothole,BRONX,nan,40.82539670614824,-73.88327759218794,5.287135356666667,6677.6,6655.5,6,1,26.600000381469727,1,Medium,14,0.034,0.965,0.0,0.0,2026-04-25 17:11:05,3,4,0,1,2026-04-20 10:17:37,0.0
68731114,2026-04-20 10:02:40,2026-04-20 10:02:40,Closed,Pothole,BRONX,nan,40.88107633375972,-73.87848591158738,5.297517301111111,6677.6,6655.5,23,0,27.299999237060547,1,Medium,14,0.001,0.999,0.0,0.0,2026-04-25 17:11:05,3,4,0,1,2026-04-20 10:02:40,0.0
68736949,2026-04-20 09:58:45,2026-04-20 09:58:45,Closed,Pothole,MANHATTAN,nan,40.84735682050765,-73.93517137747149,5.300237208518518,16591.571428571428,6876.0,26,1,39.29999923706055,1,Medium,14,0.0,1.0,0.0,0.0,2026-04-25 17:11:05,0,4,0,1,2026-04-20 09:58:45,0.0
68734542,2026-04-20 09:49:12,,Pending,Pothole,QUEENS,nan,40.75256715716645,-73.87724773707222,5.306869152962963,4959.1547619047615,4660.0,8,0,24.5,0,Low,30,0.702,0.297,0.0,0.0,2026-04-25 17:11:05,2,4,0,1,,
68736950,2026-04-20 09:36:46,2026-04-20 09:36:46,Closed,Pothole,MANHATTAN,nan,40.71802667305119,-74.00304466876497,5.315503412222222,16591.571428571428,6876.0,31,1,40.0,1,Medium,14,0.001,0.998,0.001,0.0,2026-04-25 17:11:05,0,4,0,1,2026-04-20 09:36:46,0.0
68728131,2026-04-20 09:34:30,2026-04-20 09:34:30,Closed,Pothole,STATEN ISLAND,nan,40.56047555908232,-74.1668892252524,5.317077486296296,23788.714285714286,2762.0,13,1,38.5,1,Medium,14,0.0,1.0,0.0,0.0,2026-04-25 17:11:05,4,4,0,1,2026-04-20 09:34:30,0.0
68731122,2026-04-20 09:29:24,2026-04-20 17:24:00,Closed,Pothole,QUEENS,nan,40.71714314761746,-73.88504360047885,5.320619152962963,4959.1547619047615,4660.0,4,0,23.299999237060547,0,Low,30,0.539,0.461,0.0,0.0,2026-04-25 17:11:05,2,4,0,1,2026-04-20 17:24:00,0.0
68732595,2026-04-20 09:26:12,2026-04-20 18:55:00,Closed,Pothole,QUEENS,nan,40.7055907276556,-73.85823284681707,5.3228413751851855,4959.1547619047615,4660.0,14,1,30.100000381469727,1,Medium,14,0.002,0.998,0.0,0.0,2026-04-25 17:11:05,2,4,0,1,2026-04-20 18:55:00,0.0
68732585,2026-04-20 09:21:36,2026-04-20 09:21:36,Closed,Pothole,MANHATTAN,nan,40.7779047511921,-73.98208745958574,5.326035819629629,16591.571428571428,6876.0,20,0,39.0,1,Medium,14,0.0,1.0,0.0,0.0,2026-04-25 17:11:05,0,4,0,1,2026-04-20 09:21:36,0.0
68730172,2026-04-20 09:21:19,,Pending,Pothole,QUEENS,nan,40.720742559105794,-73.90091433902221,5.326232578888889,4959.1547619047615,4660.0,4,0,23.100000381469727,0,Low,30,0.859,0.141,0.0,0.0,2026-04-25 17:11:05,2,4,0,1,,
68731123,2026-04-20 09:20:20,2026-04-20 21:45:00,Closed,Pothole,QUEENS,nan,40.755363278356555,-73.88722633055772,5.326915449259259,4959.1547619047615,4660.0,11,0,29.600000381469727,1,Medium,14,0.005,0.995,0.0,0.0,2026-04-25 17:11:05,2,4,0,1,2026-04-20 21:45:00,0.0
68732596,2026-04-20 09:19:36,2026-04-20 18:24:00,Closed,Pothole,QUEENS,nan,40.7226204989034,-73.90152485228404,5.327424708518518,4959.1547619047615,4660.0,8,0,27.0,1,Medium,14,0.062,0.938,0.0,0.0,2026-04-25 17:11:05,2,4,0,1,2026-04-20 18:24:00,0.0
68732597,2026-04-20 09:14:29,2026-04-20 18:27:00,Closed,Pothole,QUEENS,nan,40.72906296849453,-73.90213591257074,5.3309779492592595,4959.1547619047615,4660.0,1,1,19.100000381469727,0,Low,30,1.0,0.0,0.0,0.0,2026-04-25 17:11:05,2,4,0,1,2026-04-20 18:27:00,0.0
68726651,2026-04-20 09:11:35,2026-04-20 18:51:00,Closed,Pothole,QUEENS,nan,40.73365866054303,-73.9000688373264,5.332991838148148,4959.1547619047615,4660.0,5,1,24.100000381469727,0,Low,30,0.968,0.032,0.0,0.0,2026-04-25 17:11:05,2,4,0,1,2026-04-20 18:51:00,0.0
68734008,2026-04-20 09:03:49,2026-04-20 19:39:00,Closed,Pothole,QUEENS,nan,40.68046187636432,-73.84307508173646,5.338385356666667,4959.1547619047615,4660.0,16,0,29.5,1,Medium,14,0.0,1.0,0.0,0.0,2026-04-25 17:11:05,2,4,0,1,2026-04-20 19:39:00,0.0
68734526,2026-04-20 09:00:20,,Open,Pothole,BROOKLYN,nan,40.655845792390465,-73.89848067333763,5.340804338148148,5664.555555555556,6673.0,21,1,48.6,1,Medium,14,0.514,0.243,0.146,0.097,2026-04-25 17:11:05,1,4,0,1,,
68736004,2026-04-20 08:52:39,,Open,Pothole,MANHATTAN,nan,40.71123050257566,-74.00647827911699,5.346139986296296,16591.571428571428,6876.0,25,0,61.7,2,High,7,0.383,0.308,0.185,0.123,2026-04-25 17:11:05,0,4,0,1,,
68734527,2026-04-20 08:44:35,,Open,Pothole,BROOKLYN,nan,40.64321760163222,-74.00869856643068,5.351741838148148,5664.555555555556,6673.0,8,0,29.9,1,Medium,14,0.701,0.15,0.09,0.06,2026-04-25 17:11:05,1,4,0,1,,
68731124,2026-04-20 08:44:11,2026-04-20 18:24:00,Closed,Pothole,QUEENS,BEACH   17 STREET,40.61267461798297,-73.77150211716418,5.352019615925926,4959.1547619047615,4660.0,1,0,17.700000762939453,0,Low,30,0.999,0.001,0.0,0.0,2026-04-25 17:11:05,2,4,0,1,2026-04-20 18:24:00,0.0
68731125,2026-04-20 08:38:50,2026-04-20 08:38:50,Closed,Pothole,QUEENS,PALMETTO STREET,40.70060614655157,-73.90993523917614,5.355734893703704,4959.1547619047615,4660.0,28,1,30.299999237060547,1,Medium,14,0.018,0.982,0.0,0.0,2026-04-25 17:11:05,2,4,0,1,2026-04-20 08:38:50,0.0
68730174,2026-04-20 08:38:50,,Pending,Pothole,QUEENS,PALMETTO STREET,40.70060614655157,-73.90993523917614,5.355734893703704,4959.1547619047615,4660.0,28,1,30.299999237060547,1,Medium,14,0.018,0.982,0.0,0.0,2026-04-25 17:11:05,2,4,0,1,,
68736011,2026-04-20 08:22:26,,Open,Pothole,BRONX,nan,40.91013023416746,-73.90321511472008,5.367123782592593,6677.6,6655.5,3,0,17.8,0,Low,14,0.822,0.089,0.053,0.036,2026-04-25 17:11:05,3,4,0,1,,
68737493,2026-04-20 08:20:41,,Open,Pothole,MANHATTAN,nan,40.76185733430286,-73.96342549152862,5.368339060370371,16591.571428571428,6876.0,42,1,61.7,2,High,7,0.383,0.308,0.185,0.123,2026-04-25 17:11:05,0,4,0,1,,
68730153,2026-04-20 08:17:27,,Open,Pothole,MANHATTAN,nan,40.75431708865135,-73.98686541972873,5.370584430740741,16591.571428571428,6876.0,64,1,61.7,2,High,7,0.383,0.309,0.185,0.123,2026-04-25 17:11:05,0,4,0,1,,
68731127,2026-04-20 08:16:57,2026-04-20 08:16:57,Closed,Pothole,QUEENS,nan,40.761217008162774,-73.8863970016137,5.3709316529629625,4959.1547619047615,4660.0,7,0,25.200000762939453,1,Medium,14,0.371,0.628,0.0,0.0,2026-04-25 17:11:05,2,4,0,1,2026-04-20 08:16:57,0.0
68729573,2026-04-20 08:04:27,2026-04-20 17:41:00,Closed,Pothole,QUEENS,nan,40.73135777466605,-73.89917385813844,5.379612208518519,4959.1547619047615,4660.0,12,1,30.0,1,Medium,14,0.008,0.992,0.0,0.0,2026-04-25 17:11:05,2,4,0,1,2026-04-20 17:41:00,0.0
68729575,2026-04-20 07:18:09,2026-04-20 07:18:09,Closed,Pothole,QUEENS,nan,40.66722878249806,-73.78502387259924,5.411764986296296,4959.1547619047615,4660.0,12,1,30.200000762939453,1,Medium,14,0.008,0.992,0.0,0.0,2026-04-25 17:11:05,2,4,0,1,2026-04-20 07:18:09,0.0
68729576,2026-04-20 07:15:08,2026-04-20 19:24:00,Closed,Pothole,QUEENS,nan,40.66684822206101,-73.80400368382048,5.4138598937037035,4959.1547619047615,4660.0,22,0,28.5,1,Medium,14,0.002,0.998,0.0,0.0,2026-04-25 17:11:05,2,4,0,1,2026-04-20 19:24:00,0.0
68733073,2026-04-20 07:14:55,,Open,Pothole,BROOKLYN,nan,40.60725840274471,-74.00264345847668,5.414010356666666,5664.555555555556,6673.0,10,0,35.3,1,Medium,14,0.647,0.176,0.106,0.071,2026-04-25 17:11:05,1,4,0,1,,
68734514,2026-04-20 07:00:20,,Open,Pothole,MANHATTAN,nan,40.73817104492732,-73.9776019279238,5.424137671481481,16591.571428571428,6876.0,26,1,61.7,2,High,7,0.383,0.309,0.185,0.123,2026-04-25 17:11:05,0,4,0,1,,
68747382,2026-04-20 07:00:00,2026-04-21 12:55:00,Closed,Pothole,STATEN ISLAND,SAND LANE,40.59619196917312,-74.07013366915095,5.424369152962963,23788.714285714286,2762.0,5,1,33.5,1,Medium,14,0.0,1.0,0.0,0.0,2026-04-25 17:11:05,4,4,0,1,2026-04-21 12:55:00,1.0
68742875,2026-04-20 07:00:00,2026-04-21 12:35:00,Closed,Pothole,STATEN ISLAND,LANDIS AVENUE,40.6010290398076,-74.06891797475676,5.424369152962963,23788.714285714286,2762.0,2,1,29.200000762939453,1,Medium,14,0.001,0.999,0.0,0.0,2026-04-25 17:11:05,4,4,0,1,2026-04-21 12:35:00,1.0
68735432,2026-04-20 06:53:11,2026-04-20 06:53:11,Closed,Pothole,MANHATTAN,nan,40.84735682050765,-73.93517137747149,5.429102949259259,16591.571428571428,6876.0,26,1,40.099998474121094,1,Medium,14,0.0,1.0,0.0,0.0,2026-04-25 17:11:05,0,4,0,1,2026-04-20 06:53:11,0.0
68730154,2026-04-20 05:48:32,,Open,Pothole,MANHATTAN,nan,40.80505736609213,-73.93903422529588,5.473998782592592,16591.571428571428,6876.0,43,1,61.7,2,High,7,0.383,0.309,0.185,0.123,2026-04-25 17:11:05,0,4,0,1,,
68726642,2026-04-20 03:31:18,2026-04-20 03:31:18,Closed,Pothole,BROOKLYN,nan,40.65264352756037,-73.94976894992234,5.5692997085185185,5664.555555555556,6673.0,17,1,28.5,1,Medium,14,0.004,0.996,0.0,0.0,2026-04-25 17:11:05,1,4,0,1,2026-04-20 03:31:18,0.0
68726641,2026-04-20 03:31:18,2026-04-20 03:31:18,Closed,Pothole,BROOKLYN,nan,40.65264352756037,-73.94976894992234,5.5692997085185185,5664.555555555556,6673.0,17,1,28.5,1,Medium,14,0.004,0.996,0.0,0.0,2026-04-25 17:11:05,1,4,0,1,2026-04-20 03:31:18,0.0
68734529,2026-04-20 03:31:17,,Open,Pothole,BROOKLYN,nan,40.65264352756037,-73.94976894992234,5.569311282592593,5664.555555555556,6673.0,17,1,48.7,1,Medium,14,0.513,0.243,0.146,0.097,2026-04-25 17:11:05,1,4,0,1,,
68723461,2026-04-20 02:35:54,2026-04-20 02:35:54,Closed,Pothole,BROOKLYN,nan,40.60194983071301,-73.99380961331761,5.607771930740741,5664.555555555556,6673.0,29,0,27.200000762939453,1,Medium,14,0.015,0.985,0.0,0.0,2026-04-25 17:11:05,1,4,0,1,2026-04-20 02:35:54,0.0
68720725,2026-04-20 02:34:38,,Open,Pothole,BROOKLYN,nan,40.597477924369905,-73.98645696038437,5.608651560370371,5664.555555555556,6673.0,22,1,48.7,1,Medium,14,0.513,0.243,0.146,0.097,2026-04-25 17:11:05,1,4,0,1,,
68721813,2026-04-20 01:20:31,2026-04-20 21:15:00,Closed,Pothole,QUEENS,nan,40.672153941621026,-73.81911808667613,5.660121467777778,4959.1547619047615,4660.0,3,0,18.700000762939453,0,Low,30,0.993,0.007,0.0,0.0,2026-04-25 17:11:05,2,4,0,1,2026-04-20 21:15:00,0.0
68722810,2026-04-20 01:05:09,2026-04-20 21:45:00,Closed,Pothole,QUEENS,nan,40.67730404673019,-73.80456060836354,5.670792764074074,4959.1547619047615,4660.0,13,0,29.0,1,Medium,14,0.005,0.995,0.0,0.0,2026-04-25 17:11:05,2,4,0,1,2026-04-20 21:45:00,0.0
68721816,2026-04-20 01:04:17,2026-04-20 21:47:00,Closed,Pothole,QUEENS,nan,40.67653726779321,-73.80723069755034,5.671394615925926,4959.1547619047615,4660.0,6,0,23.799999237060547,0,Low,30,0.833,0.167,0.0,0.0,2026-04-25 17:11:05,2,4,0,1,2026-04-20 21:47:00,0.0
68742864,2026-04-20 01:04:02,2026-04-22 01:00:00,Closed,Pothole,MANHATTAN,DYCKMAN STREET,40.86899942729567,-73.93152742807646,5.671568227037037,16591.571428571428,14161.0,1,0,26.700000762939453,1,Medium,14,0.01,0.989,0.001,0.0,2026-04-25 17:11:05,0,4,0,1,2026-04-22 01:00:00,1.0
68745848,2026-04-20 01:03:19,2026-04-22 00:20:00,Closed,Pothole,MANHATTAN,nan,40.76926986887257,-73.96936381549281,5.672065912222222,16591.571428571428,6876.0,7,0,30.200000762939453,1,Medium,14,0.001,0.999,0.0,0.0,2026-04-25 17:11:05,0,4,0,1,2026-04-22 00:20:00,1.0
68723874,2026-04-20 01:03:13,2026-04-20 16:24:00,Closed,Pothole,QUEENS,nan,40.66704156939636,-73.79218337141249,5.672135356666667,4959.1547619047615,4660.0,8,0,25.700000762939453,1,Medium,14,0.019,0.981,0.0,0.0,2026-04-25 17:11:05,2,4,0,1,2026-04-20 16:24:00,0.0
68747370,2026-04-20 01:01:56,2026-04-22 00:02:00,Closed,Pothole,MANHATTAN,nan,40.770515732143366,-73.96844262328052,5.673026560370371,16591.571428571428,6876.0,7,0,35.599998474121094,1,Medium,14,0.001,0.999,0.0,0.0,2026-04-25 17:11:05,0,4,0,1,2026-04-22 00:02:00,1.0
68722811,2026-04-20 01:01:47,2026-04-20 20:24:00,Closed,Pothole,QUEENS,nan,40.66722878249806,-73.78502387259924,5.673130727037037,4959.1547619047615,4660.0,12,1,30.299999237060547,1,Medium,14,0.008,0.992,0.0,0.0,2026-04-25 17:11:05,2,4,0,1,2026-04-20 20:24:00,0.0
68725578,2026-04-20 00:50:00,2026-04-20 00:50:00,Closed,Pothole,MANHATTAN,nan,40.7622904820507,-73.98610578413911,5.681313597407407,16591.571428571428,6876.0,32,0,39.099998474121094,1,Medium,14,0.001,0.999,0.0,0.0,2026-04-25 17:11:05,0,4,0,1,2026-04-20 00:50:00,0.0
68741360,2026-04-20 00:48:39,2026-04-21 16:30:00,Closed,Pothole,MANHATTAN,nan,40.77822534046325,-73.95862872759595,5.682251097407407,16591.571428571428,6876.0,12,1,40.0,1,Medium,14,0.0,1.0,0.0,0.0,2026-04-25 17:11:05,0,4,0,1,2026-04-21 16:30:00,1.0
68741361,2026-04-20 00:31:09,2026-04-22 00:05:00,Closed,Pothole,MANHATTAN,UNION SQUARE WEST,40.73628996597361,-73.99093565842742,5.694403875185185,16591.571428571428,6876.0,23,0,37.5,1,Medium,14,0.0,1.0,0.0,0.0,2026-04-25 17:11:05,0,4,0,1,2026-04-22 00:05:00,1.0
68747373,2026-04-20 00:30:25,2026-04-21 23:20:00,Closed,Pothole,MANHATTAN,nan,40.73917734757161,-73.98976608808873,5.694913134444445,16591.571428571428,6876.0,21,0,40.20000076293945,1,Medium,14,0.0,1.0,0.0,0.0,2026-04-25 17:11:05,0,4,0,1,2026-04-21 23:20:00,1.0
68742865,2026-04-20 00:29:30,2026-04-21 22:50:00,Closed,Pothole,MANHATTAN,nan,40.739866263757584,-73.98958194316526,5.695549708518518,16591.571428571428,6876.0,25,0,39.900001525878906,1,Medium,14,0.0,1.0,0.0,0.0,2026-04-25 17:11:05,0,4,0,1,2026-04-21 22:50:00,1.0
68739907,2026-04-20 00:28:20,2026-04-21 18:20:00,Closed,Pothole,MANHATTAN,WEST   26 STREET,40.744554405578384,-73.99084792127934,5.696359893703703,16591.571428571428,6876.0,26,1,39.5,1,Medium,14,0.0,1.0,0.0,0.0,2026-04-25 17:11:05,0,4,0,1,2026-04-21 18:20:00,1.0
68748842,2026-04-20 00:27:35,2026-04-21 17:40:00,Closed,Pothole,MANHATTAN,WEST   25 STREET,40.743245057392976,-73.98963915550804,5.696880727037037,16591.571428571428,6876.0,17,0,39.70000076293945,1,Medium,14,0.0,1.0,0.0,0.0,2026-04-25 17:11:05,0,4,0,1,2026-04-21 17:40:00,1.0
68739908,2026-04-20 00:26:36,2026-04-21 16:45:00,Closed,Pothole,MANHATTAN,5 AVENUE,40.743826775575855,-73.98790682930341,5.697563597407408,16591.571428571428,6876.0,21,1,40.5,1,Medium,14,0.0,1.0,0.0,0.0,2026-04-25 17:11:05,0,4,0,1,2026-04-21 16:45:00,1.0
68719253,2026-04-19 22:38:23,2026-04-19 22:38:23,Closed,Pothole,QUEENS,nan,40.761217008162774,-73.8863970016137,5.772714060370371,4959.1547619047615,4660.0,7,0,25.600000381469727,1,Medium,14,0.371,0.628,0.0,0.0,2026-04-25 17:11:05,2,4,6,1,2026-04-19 22:38:23,0.0
68722441,2026-04-19 22:06:57,2026-04-19 22:06:57,Closed,Pothole,BROOKLYN,nan,40.61910563757932,-73.95830950968423,5.794542764074074,5664.555555555556,6673.0,10,1,31.0,1,Medium,14,0.013,0.986,0.0,0.0,2026-04-25 17:11:05,1,4,6,1,2026-04-19 22:06:57,0.0
68724901,2026-04-19 22:00:35,,Open,Pothole,BRONX,nan,40.85073479450085,-73.90282079455994,5.798964060370371,6677.6,6655.5,29,1,49.9,1,Medium,14,0.501,0.25,0.15,0.1,2026-04-25 17:11:05,3,4,6,1,,
68720721,2026-04-19 21:55:33,,Open,Pothole,MANHATTAN,nan,40.759619895228845,-73.96196479954183,5.802459430740741,16591.571428571428,6876.0,25,1,61.8,2,High,7,0.382,0.309,0.186,0.124,2026-04-25 17:11:05,0,4,6,1,,
68725974,2026-04-19 21:18:07,,Open,Pothole,QUEENS,nan,40.73161629594243,-73.85148071770303,5.828454801111111,4959.1547619047615,4660.0,15,0,47.9,1,Medium,14,0.521,0.239,0.144,0.096,2026-04-25 17:11:05,2,4,6,1,,
68724904,2026-04-19 20:25:06,2026-04-20 07:44:00,Closed,Pothole,STATEN ISLAND,nan,40.540587527713186,-74.2215341962543,5.86527193074074,23788.714285714286,2762.0,2,0,27.399999618530273,1,Medium,14,0.001,0.999,0.0,0.0,2026-04-25 17:11:05,4,4,6,1,2026-04-20 07:44:00,0.0
68720343,2026-04-19 20:03:42,2026-04-19 20:03:42,Closed,Pothole,BRONX,nan,40.818603840828935,-73.8891604407257,5.880133041851852,6677.6,6655.5,20,1,31.700000762939453,1,Medium,14,0.0,1.0,0.0,0.0,2026-04-25 17:11:05,3,4,6,1,2026-04-19 20:03:42,0.0
68722442,2026-04-19 19:58:21,2026-04-19 19:58:21,Closed,Pothole,BROOKLYN,nan,40.60725840274471,-74.00264345847668,5.88384831962963,5664.555555555556,6673.0,10,0,31.700000762939453,1,Medium,14,0.002,0.998,0.0,0.0,2026-04-25 17:11:05,1,4,6,1,2026-04-19 19:58:21,0.0
68721810,2026-04-19 19:52:19,,Open,Pothole,BRONX,nan,40.853909123257495,-73.88362879866573,5.888038134444444,6677.6,6655.5,17,1,50.0,1,Medium,14,0.5,0.25,0.15,0.1,2026-04-25 17:11:05,3,4,6,1,,
68724909,2026-04-19 19:25:01,2026-04-22 08:20:00,Closed,Pothole,QUEENS,nan,40.74895077676582,-73.79053112919027,5.906996467777778,4959.1547619047615,4660.0,3,0,20.200000762939453,0,Low,30,0.952,0.048,0.0,0.0,2026-04-25 17:11:05,2,4,6,1,2026-04-22 08:20:00,2.0
68718198,2026-04-19 19:06:22,2026-04-19 19:06:22,Closed,Pothole,BROOKLYN,nan,40.60725840274471,-74.00264345847668,5.919947856666667,5664.555555555556,6673.0,10,0,31.700000762939453,1,Medium,14,0.002,0.998,0.0,0.0,2026-04-25 17:11:05,1,4,6,1,2026-04-19 19:06:22,0.0
68725579,2026-04-19 18:34:16,2026-04-19 18:34:16,Closed,Pothole,MANHATTAN,nan,40.76843037983207,-73.9615482097735,5.942239523333333,16591.571428571428,6876.0,18,0,39.5,1,Medium,14,0.0,1.0,0.0,0.0,2026-04-25 17:11:05,0,4,6,1,2026-04-19 18:34:16,0.0
68720726,2026-04-19 18:12:12,,Open,Pothole,BROOKLYN,nan,40.60725840274471,-74.00264345847668,5.9575635974074075,5664.555555555556,6673.0,10,0,35.4,1,Medium,14,0.646,0.177,0.106,0.071,2026-04-25 17:11:05,1,4,6,1,,
68722814,2026-04-19 18:11:05,,Open,Pothole,QUEENS,nan,40.67677966122087,-73.85889616001818,5.9583390603703705,4959.1547619047615,4660.0,3,0,15.9,0,Low,14,0.841,0.08,0.048,0.032,2026-04-25 17:11:05,2,4,6,1,,
68722815,2026-04-19 17:46:25,,Open,Pothole,QUEENS,nan,40.76453326003775,-73.74085240008004,5.97546869,4959.1547619047615,4660.0,3,0,15.9,0,Low,14,0.841,0.08,0.048,0.032,2026-04-25 17:11:05,2,4,6,1,,
68721818,2026-04-19 17:25:49,,Open,Pothole,QUEENS,nan,40.703026376782304,-73.80843805924262,5.989774245555555,4959.1547619047615,4660.0,22,1,47.9,1,Medium,14,0.521,0.24,0.144,0.096,2026-04-25 17:11:05,2,4,6,1,,
68720722,2026-04-19 17:21:02,,Open,Pothole,MANHATTAN,COMMERCE STREET,40.73159938902629,-74.00586326361812,5.993096004814815,16591.571428571428,6876.0,13,0,56.6,2,High,7,0.434,0.283,0.17,0.113,2026-04-25 17:11:05,0,4,6,1,,
68721375,2026-04-19 17:12:36,2026-04-19 17:12:36,Closed,Pothole,MANHATTAN,nan,40.7207459377075,-73.98615773607546,5.998952486296297,16591.571428571428,6876.0,33,1,40.0,1,Medium,14,0.0,1.0,0.0,0.0,2026-04-25 17:11:05,0,4,6,1,2026-04-19 17:12:36,0.0
68724910,2026-04-19 17:08:19,2026-04-23 13:16:00,Closed,Pothole,QUEENS,nan,40.7343762769571,-73.87341674191903,6.001927023333333,4959.1547619047615,4660.0,23,0,28.200000762939453,1,Medium,14,0.144,0.856,0.0,0.0,2026-04-25 17:11:05,2,4,6,1,2026-04-23 13:16:00,3.0
68718599,2026-04-19 16:42:08,,Open,Pothole,QUEENS,nan,40.77044042224903,-73.91654145438126,6.020109893703704,4959.1547619047615,4660.0,63,1,48.0,1,Medium,14,0.52,0.24,0.144,0.096,2026-04-25 17:11:05,2,4,6,1,,
68721800,2026-04-19 16:41:45,,Open,Pothole,QUEENS,nan,40.75206837822307,-73.92646831511476,6.020376097407407,4959.1547619047615,4660.0,18,0,48.0,1,Medium,14,0.52,0.24,0.144,0.096,2026-04-25 17:11:05,2,4,6,1,,
68722438,2026-04-19 16:41:07,2026-04-19 16:41:07,Closed,Pothole,QUEENS,nan,40.75399198425718,-73.90030181847571,6.020815912222222,4959.1547619047615,4660.0,12,0,30.899999618530273,1,Medium,14,0.006,0.994,0.0,0.0,2026-04-25 17:11:05,2,4,6,1,2026-04-19 16:41:07,0.0
68721807,2026-04-19 16:28:37,,Open,Pothole,MANHATTAN,nan,40.79745003830404,-73.94670167623278,6.029496467777777,16591.571428571428,6876.0,25,1,61.9,2,High,7,0.381,0.31,0.186,0.124,2026-04-25 17:11:05,0,4,6,1,,
68736952,2026-04-19 15:53:30,2026-04-20 15:25:00,Closed,Pothole,BROOKLYN,BROOKLYN AVENUE,40.66130412133222,-73.9455164916134,6.053883041851852,5664.555555555556,10167.0,9,1,28.399999618530273,1,Medium,14,0.015,0.985,0.0,0.0,2026-04-25 17:11:05,1,4,6,1,2026-04-20 15:25:00,0.0
68720714,2026-04-19 15:52:15,2026-04-19 20:22:00,Closed,Pothole,QUEENS,nan,40.74284474607124,-73.85121029044512,6.054751097407407,4959.1547619047615,4660.0,7,1,24.600000381469727,0,Low,30,0.821,0.179,0.0,0.0,2026-04-25 17:11:05,2,4,6,1,2026-04-19 20:22:00,0.0
68729552,2026-04-19 15:44:52,2026-04-20 15:39:00,Closed,Pothole,BROOKLYN,UTICA AVENUE,40.661713808557366,-73.9314554590257,6.059878412222222,5664.555555555556,18962.0,20,1,29.700000762939453,1,Medium,14,0.0,1.0,0.0,0.0,2026-04-25 17:11:05,1,4,6,1,2026-04-20 15:39:00,0.0
68728127,2026-04-19 15:43:58,2026-04-20 14:52:00,Closed,Pothole,BROOKLYN,FRANKLIN AVENUE,40.68165555433213,-73.95578624305264,6.060503412222222,5664.555555555556,8610.0,19,1,31.5,1,Medium,14,0.005,0.995,0.0,0.0,2026-04-25 17:11:05,1,4,6,1,2026-04-20 14:52:00,0.0
68723872,2026-04-19 15:39:16,,Pending,Pothole,BRONX,UNIVERSITY HEIGHTS BRIDGE,40.86233720659184,-73.91388460410316,6.063767301111111,6677.6,6655.5,53,1,31.399999618530273,1,Medium,14,0.0,1.0,0.0,0.0,2026-04-25 17:11:05,3,4,6,1,,
68725580,2026-04-19 15:28:41,2026-04-19 15:28:41,Closed,Pothole,MANHATTAN,nan,40.76155557612661,-73.99406912322635,6.071116838148148,16591.571428571428,6876.0,19,1,39.900001525878906,1,Medium,14,0.001,0.999,0.0,0.0,2026-04-25 17:11:05,0,4,6,1,2026-04-19 15:28:41,0.0
68722808,2026-04-19 15:18:43,,Open,Pothole,STATEN ISLAND,nan,40.56540476243928,-74.18340383886544,6.078038134444444,23788.714285714286,2762.0,3,0,38.6,1,Medium,14,0.614,0.193,0.116,0.077,2026-04-25 17:11:05,4,4,6,1,,
68724898,2026-04-19 15:14:01,,Open,Pothole,BROOKLYN,nan,40.57698181631863,-73.98156537524474,6.0813020233333335,5664.555555555556,6673.0,13,1,43.5,1,Medium,14,0.565,0.217,0.13,0.087,2026-04-25 17:11:05,1,4,6,1,,
68729560,2026-04-19 15:11:21,2026-04-20 08:36:00,Closed,Pothole,QUEENS,nan,40.70501926897067,-73.87943080024438,6.083153875185185,4959.1547619047615,4660.0,7,1,24.299999237060547,0,Low,30,0.681,0.319,0.0,0.0,2026-04-25 17:11:05,2,4,6,1,2026-04-20 08:36:00,0.0
68719667,2026-04-19 15:02:21,,Open,Pothole,QUEENS,nan,40.681799995281445,-73.76094637603065,6.089403875185185,4959.1547619047615,4660.0,5,0,21.3,0,Low,14,0.787,0.107,0.064,0.043,2026-04-25 17:11:05,2,4,6,1,,
68722807,2026-04-19 14:25:25,,Open,Pothole,BRONX,nan,40.83989685010348,-73.88583618918956,6.115052023333333,6677.6,6655.5,28,1,50.1,2,High,14,0.499,0.25,0.15,0.1,2026-04-25 17:11:05,3,4,6,1,,
68724541,2026-04-19 14:23:59,2026-04-19 14:23:59,Closed,Pothole,BROOKLYN,nan,40.64314654900316,-73.9980109347352,6.116047393703703,5664.555555555556,6673.0,17,0,29.799999237060547,1,Medium,14,0.015,0.985,0.0,0.0,2026-04-25 17:11:05,1,4,6,1,2026-04-19 14:23:59,0.0
68719668,2026-04-19 14:16:02,2026-04-22 10:55:00,Closed,Pothole,QUEENS,nan,40.73499777464594,-73.76158544405342,6.121568227037037,4959.1547619047615,4660.0,0,1,18.399999618530273,0,Low,30,1.0,0.0,0.0,0.0,2026-04-25 17:11:05,2,4,6,0,2026-04-22 10:55:00,2.0
68721809,2026-04-19 14:10:06,,Open,Pothole,BROOKLYN,nan,40.69463828403883,-73.94905935288806,6.125688597407407,5664.555555555556,6673.0,15,1,48.8,1,Medium,14,0.512,0.244,0.147,0.098,2026-04-25 17:11:05,1,4,6,1,,
68722439,2026-04-19 13:23:41,2026-04-19 13:23:41,Closed,Pothole,QUEENS,nan,40.586317414785896,-73.8065226354865,6.1579223937037035,4959.1547619047615,4660.0,1,0,20.399999618530273,0,Low,30,1.0,0.0,0.0,0.0,2026-04-25 17:11:05,2,4,6,1,2026-04-19 13:23:41,0.0
68725959,2026-04-19 13:20:46,,Open,Pothole,QUEENS,nan,40.75303720219127,-73.94061579750935,6.159947856666666,4959.1547619047615,4660.0,10,1,34.7,1,Medium,14,0.653,0.173,0.104,0.069,2026-04-25 17:11:05,2,4,6,1,,
68724895,2026-04-19 12:52:38,,Open,Pothole,QUEENS,nan,40.74102824263403,-73.93430771337177,6.1794848937037035,4959.1547619047615,4660.0,17,0,48.0,1,Medium,14,0.52,0.24,0.144,0.096,2026-04-25 17:11:05,2,4,6,1,,
68724903,2026-04-19 12:41:00,2026-04-22 03:02:00,Closed,Pothole,BRONX,nan,40.8846860238732,-73.88984589103906,6.187563597407407,6677.6,6655.5,8,1,27.200000762939453,1,Medium,14,0.006,0.994,0.0,0.0,2026-04-25 17:11:05,3,4,6,1,2026-04-22 03:02:00,2.0
68725960,2026-04-19 12:36:13,2026-04-23 08:40:00,Closed,Pothole,QUEENS,nan,40.78530883338041,-73.84302658086442,6.190885356666667,4959.1547619047615,4660.0,6,0,25.100000381469727,0,Low,30,0.927,0.073,0.0,0.0,2026-04-25 17:11:05,2,4,6,1,2026-04-23 08:40:00,3.0
68720340,2026-04-19 11:46:33,2026-04-19 11:46:33,Closed,Pothole,QUEENS,nan,40.761217008162774,-73.8863970016137,6.225376097407407,4959.1547619047615,4660.0,7,0,25.5,0,Low,30,0.622,0.377,0.0,0.0,2026-04-25 17:11:05,2,4,6,1,2026-04-19 11:46:33,0.0
68725965,2026-04-19 11:45:38,,Open,Pothole,BRONX,nan,40.85441801996271,-73.88753192248765,6.226012671481481,6677.6,6655.5,23,1,50.1,2,High,14,0.499,0.25,0.15,0.1,2026-04-25 17:11:05,3,4,6,1,,
68718199,2026-04-19 11:34:24,2026-04-19 11:34:24,Closed,Pothole,BROOKLYN,nan,40.61910563757932,-73.95830950968423,6.233813597407408,5664.555555555556,6673.0,10,1,30.899999618530273,1,Medium,14,0.028,0.972,0.0,0.0,2026-04-25 17:11:05,1,4,6,1,2026-04-19 11:34:24,0.0
68724539,2026-04-19 10:35:01,2026-04-19 10:35:01,Closed,Pothole,MANHATTAN,nan,40.768023997074046,-73.97028136310426,6.275052023333333,16591.571428571428,6876.0,10,0,40.70000076293945,1,Medium,14,0.0,1.0,0.0,0.0,2026-04-25 17:11:05,0,4,6,1,2026-04-19 10:35:01,0.0
68720720,2026-04-19 09:53:18,,Open,Pothole,QUEENS,nan,40.75326369572772,-73.86444773530702,6.304021930740741,4959.1547619047615,4660.0,12,1,40.1,1,Medium,14,0.599,0.2,0.12,0.08,2026-04-25 17:11:05,2,4,6,1,,
68721804,2026-04-19 09:52:35,2026-04-23 12:39:00,Closed,Pothole,QUEENS,nan,40.758982755971395,-73.87074576429843,6.304519615925926,4959.1547619047615,4660.0,4,1,21.5,0,Low,30,0.986,0.014,0.0,0.0,2026-04-25 17:11:05,2,4,6,1,2026-04-23 12:39:00,4.0
68725962,2026-04-19 09:48:09,,Open,Pothole,MANHATTAN,nan,40.78247453036437,-73.98081157575456,6.30759831962963,16591.571428571428,6876.0,19,0,62.0,2,High,7,0.38,0.31,0.186,0.124,2026-04-25 17:11:05,0,4,6,1,,
68724900,2026-04-19 09:17:57,2026-04-23 10:25:00,Closed,Pothole,BROOKLYN,nan,40.69641839095006,-73.95976858130945,6.328570541851851,5664.555555555556,6673.0,17,1,30.399999618530273,1,Medium,14,0.04,0.96,0.0,0.0,2026-04-25 17:11:05,1,4,6,1,2026-04-23 10:25:00,4.0
68725967,2026-04-19 09:08:30,,Open,Pothole,STATEN ISLAND,nan,40.63466338210778,-74.1025283474756,6.335133041851852,23788.714285714286,2762.0,1,0,33.3,1,Medium,14,0.667,0.167,0.1,0.067,2026-04-25 17:11:05,4,4,6,1,,
68723864,2026-04-19 09:06:44,,Open,Pothole,QUEENS,nan,40.70437089225541,-73.83282628104124,6.336359893703704,4959.1547619047615,4660.0,2,1,13.4,0,Low,14,0.866,0.067,0.04,0.027,2026-04-25 17:11:05,2,4,6,1,,
68719672,2026-04-19 08:33:12,,Open,Pothole,QUEENS,nan,40.71822688567068,-73.81514029543717,6.359646930740741,4959.1547619047615,4660.0,9,1,32.1,1,Medium,14,0.679,0.16,0.096,0.064,2026-04-25 17:11:05,2,4,6,1,,
68718594,2026-04-19 08:31:46,,Open,Pothole,STATEN ISLAND,nan,40.61898464627045,-74.10608833151257,6.360642301111111,23788.714285714286,2762.0,4,1,41.3,1,Medium,14,0.587,0.207,0.124,0.083,2026-04-25 17:11:05,4,4,6,1,,
68720348,2026-04-19 08:23:12,2026-04-19 08:23:12,Closed,Pothole,BRONX,nan,40.82691632588647,-73.87203022999711,6.366591375185185,6677.6,6655.5,14,1,30.5,1,Medium,14,0.0,1.0,0.0,0.0,2026-04-25 17:11:05,3,4,6,1,2026-04-19 08:23:12,0.0
68721812,2026-04-19 08:20:08,,Open,Pothole,STATEN ISLAND,nan,40.60439685886977,-74.06899707829305,6.368721004814815,23788.714285714286,2762.0,14,1,68.0,2,High,14,0.32,0.34,0.204,0.136,2026-04-25 17:11:05,4,4,6,1,,
68725970,2026-04-19 08:19:15,,Open,Pothole,STATEN ISLAND,nan,40.61408767126255,-74.06613284904914,6.36933443074074,23788.714285714286,2762.0,7,0,49.3,1,Medium,14,0.507,0.247,0.148,0.099,2026-04-25 17:11:05,4,4,6,1,,
68721377,2026-04-19 08:02:09,2026-04-19 08:02:09,Closed,Pothole,MANHATTAN,nan,40.7779047511921,-73.98208745958574,6.381209430740741,16591.571428571428,6876.0,20,0,39.599998474121094,1,Medium,14,0.0,1.0,0.0,0.0,2026-04-25 17:11:05,0,4,6,1,2026-04-19 08:02:09,0.0
68720723,2026-04-19 07:19:51,,Open,Pothole,MANHATTAN,nan,40.75656811838794,-73.99027596730664,6.410584430740741,16591.571428571428,6876.0,49,1,62.0,2,High,7,0.38,0.31,0.186,0.124,2026-04-25 17:11:05,0,4,6,1,,
68719680,2026-04-19 07:13:53,,Open,Pothole,BROOKLYN,nan,40.64314654900316,-73.9980109347352,6.414727949259259,5664.555555555556,6673.0,17,0,48.9,1,Medium,14,0.511,0.245,0.147,0.098,2026-04-25 17:11:05,1,4,6,1,,
68728130,2026-04-19 07:00:00,2026-04-20 09:00:00,Closed,Pothole,STATEN ISLAND,nan,40.63673593846303,-74.134281487274,6.424369152962963,23788.714285714286,2762.0,12,0,41.29999923706055,1,Medium,14,0.0,1.0,0.0,0.0,2026-04-25 17:11:05,4,4,6,1,2026-04-20 09:00:00,1.0
68715012,2026-04-19 01:03:51,,Open,Pothole,BROOKLYN,nan,40.61910563757932,-73.95830950968423,6.671695541851852,5664.555555555556,6673.0,10,1,35.7,1,Medium,14,0.643,0.178,0.107,0.071,2026-04-25 17:11:05,1,4,6,1,,
68717457,2026-04-19 00:32:09,,Open,Pothole,BRONX,nan,40.8283030307376,-73.8829509004282,6.693709430740741,6677.6,6655.5,15,1,50.2,2,High,14,0.498,0.251,0.151,0.1,2026-04-25 17:11:05,3,4,6,1,,
68715825,2026-04-18 23:50:21,2026-04-18 23:50:21,Closed,Pothole,MANHATTAN,nan,40.84783950740333,-73.9395227268926,6.722737208518518,16591.571428571428,6876.0,23,1,39.599998474121094,1,Medium,14,0.001,0.999,0.0,0.0,2026-04-25 17:11:05,0,4,5,1,2026-04-18 23:50:21,0.0
68721378,2026-04-18 23:42:34,2026-04-19 21:35:00,Closed,Pothole,BROOKLYN,nan,40.70665271548883,-73.95040633328112,6.728142301111111,5664.555555555556,6673.0,27,1,26.5,0,Low,30,0.77,0.229,0.0,0.0,2026-04-25 17:11:05,1,4,5,1,2026-04-19 21:35:00,0.0
68725582,2026-04-18 23:41:29,2026-04-19 21:10:00,Closed,Pothole,BROOKLYN,nan,40.66434335733734,-73.93153926551354,6.728894615925926,5664.555555555556,6673.0,28,1,28.600000381469727,1,Medium,14,0.043,0.957,0.0,0.0,2026-04-25 17:11:05,1,4,5,1,2026-04-19 21:10:00,0.0
68721379,2026-04-18 23:40:22,2026-04-19 19:40:00,Closed,Pothole,BROOKLYN,nan,40.63746938921128,-73.9191722621787,6.729670078888889,5664.555555555556,6673.0,5,0,23.5,0,Low,30,0.955,0.045,0.0,0.0,2026-04-25 17:11:05,1,4,5,1,2026-04-19 19:40:00,0.0
68722440,2026-04-18 23:39:37,2026-04-19 17:40:00,Closed,Pothole,BROOKLYN,nan,40.677862636645656,-73.93862413608063,6.7301909122222225,5664.555555555556,6673.0,15,0,29.399999618530273,1,Medium,14,0.001,0.999,0.0,0.0,2026-04-25 17:11:05,1,4,5,1,2026-04-19 17:40:00,0.0
68711223,2026-04-18 21:31:32,,Open,Pothole,BROOKLYN,nan,40.684546251639354,-73.96508321158959,6.8191376714814815,5664.555555555556,6673.0,17,1,49.1,1,Medium,14,0.509,0.245,0.147,0.098,2026-04-25 17:11:05,1,4,5,1,,
68715014,2026-04-18 21:30:58,,Open,Pothole,BROOKLYN,nan,40.674573882515034,-73.96313808568077,6.81953119,5664.555555555556,6673.0,10,1,35.7,1,Medium,14,0.643,0.179,0.107,0.071,2026-04-25 17:11:05,1,4,5,1,,
68711227,2026-04-18 21:14:57,,Open,Pothole,STATEN ISLAND,nan,40.63778221701535,-74.07694038166075,6.8306538751851855,23788.714285714286,2762.0,17,1,70.8,2,High,14,0.292,0.354,0.212,0.142,2026-04-25 17:11:05,4,4,5,1,,
68713740,2026-04-18 21:11:41,,Open,Pothole,BROOKLYN,nan,40.682909171511966,-73.9847990951186,6.832922393703703,5664.555555555556,6673.0,5,0,22.4,0,Low,14,0.776,0.112,0.067,0.045,2026-04-25 17:11:05,1,4,5,1,,
68715004,2026-04-18 20:57:18,,Open,Pothole,BRONX,nan,40.80966306899748,-73.90304693343758,6.84291081962963,6677.6,6655.5,17,1,50.3,2,High,14,0.497,0.251,0.151,0.101,2026-04-25 17:11:05,3,4,5,1,,
68712468,2026-04-18 20:00:48,2026-04-21 12:30:00,Closed,Pothole,QUEENS,nan,40.77486190212239,-73.9089032989066,6.882146930740741,4959.1547619047615,4660.0,10,0,30.899999618530273,1,Medium,14,0.009,0.991,0.0,0.0,2026-04-25 17:11:05,2,4,5,1,2026-04-21 12:30:00,2.0
68711220,2026-04-18 19:54:51,2026-04-21 12:20:00,Closed,Pothole,QUEENS,nan,40.775367496509595,-73.90961749331873,6.886278875185185,4959.1547619047615,4660.0,11,0,29.299999237060547,1,Medium,14,0.005,0.995,0.0,0.0,2026-04-25 17:11:05,2,4,5,1,2026-04-21 12:20:00,2.0
68712479,2026-04-18 19:43:00,2026-04-23 11:33:00,Closed,Pothole,BROOKLYN,nan,40.595115385309754,-73.99611475068737,6.894508041851852,5664.555555555556,6673.0,18,1,30.5,1,Medium,14,0.042,0.958,0.0,0.0,2026-04-25 17:11:05,1,4,5,1,2026-04-23 11:33:00,4.0
68709977,2026-04-18 19:20:34,,Open,Pothole,QUEENS,nan,40.744791406467726,-73.91742167156947,6.910086745555556,4959.1547619047615,4660.0,7,0,26.9,1,Medium,14,0.731,0.135,0.081,0.054,2026-04-25 17:11:05,2,4,5,1,,
68713739,2026-04-18 19:17:00,,Open,Pothole,BRONX,nan,40.87330196870147,-73.85363749509766,6.912563597407408,6677.6,6655.5,9,0,34.3,1,Medium,14,0.657,0.172,0.103,0.069,2026-04-25 17:11:05,3,4,5,1,,
68713733,2026-04-18 19:12:42,2026-04-23 10:50:00,Closed,Pothole,QUEENS,nan,40.746752386445245,-73.89232235884467,6.915549708518518,4959.1547619047615,4660.0,32,1,28.799999237060547,1,Medium,14,0.053,0.946,0.0,0.0,2026-04-25 17:11:05,2,4,5,1,2026-04-23 10:50:00,4.0
68717022,2026-04-18 19:06:15,2026-04-18 19:06:15,Closed,Pothole,QUEENS,RUSHMORE AVENUE,40.76357360899785,-73.74008361320628,6.920028875185185,4959.1547619047615,55.0,1,0,17.0,0,Low,30,0.998,0.002,0.0,0.0,2026-04-25 17:11:05,2,4,5,1,2026-04-18 19:06:15,0.0
68716268,2026-04-18 19:05:17,,Open,Pothole,QUEENS,RUSHMORE AVENUE,40.76357360899785,-73.74008361320628,6.9207001714814815,4959.1547619047615,55.0,1,0,10.9,0,Low,14,0.891,0.055,0.033,0.022,2026-04-25 17:11:05,2,4,5,1,,
68712473,2026-04-18 18:59:07,,Open,Pothole,MANHATTAN,nan,40.76280987359789,-73.9931665482862,6.924982578888889,16591.571428571428,6876.0,15,1,62.2,2,High,7,0.378,0.311,0.187,0.124,2026-04-25 17:11:05,0,4,5,1,,
68710794,2026-04-18 18:57:19,2026-04-18 18:57:19,Closed,Pothole,STATEN ISLAND,nan,40.56152224988719,-74.1718512388755,6.9262325788888885,23788.714285714286,2762.0,15,1,38.29999923706055,1,Medium,14,0.0,1.0,0.0,0.0,2026-04-25 17:11:05,4,4,5,1,2026-04-18 18:57:19,0.0
68709510,2026-04-18 18:52:30,2026-04-18 18:52:30,Closed,Pothole,STATEN ISLAND,nan,40.56152224988719,-74.1718512388755,6.929577486296296,23788.714285714286,2762.0,15,1,38.29999923706055,1,Medium,14,0.0,1.0,0.0,0.0,2026-04-25 17:11:05,4,4,5,1,2026-04-18 18:52:30,0.0
68714575,2026-04-18 18:45:26,2026-04-18 18:45:26,Closed,Pothole,STATEN ISLAND,nan,40.53440150529732,-74.18546288535472,6.934484893703703,23788.714285714286,2762.0,0,0,29.0,1,Medium,14,0.014,0.986,0.0,0.0,2026-04-25 17:11:05,4,4,5,0,2026-04-18 18:45:26,0.0
68710792,2026-04-18 18:23:09,2026-04-18 18:23:09,Closed,Pothole,BROOKLYN,nan,40.60725840274471,-74.00264345847668,6.949959430740741,5664.555555555556,6673.0,10,0,30.799999237060547,1,Medium,14,0.002,0.998,0.0,0.0,2026-04-25 17:11:05,1,4,5,1,2026-04-18 18:23:09,0.0
68715006,2026-04-18 18:20:06,2026-04-21 09:20:00,Closed,Pothole,BRONX,nan,40.83091229044659,-73.92046218772796,6.952077486296297,6677.6,6655.5,17,0,32.0,1,Medium,14,0.0,1.0,0.0,0.0,2026-04-25 17:11:05,3,4,5,1,2026-04-21 09:20:00,2.0
68715827,2026-04-18 18:10:02,2026-04-18 18:10:02,Closed,Pothole,MANHATTAN,nan,40.816501097955914,-73.94654552085589,6.9590682270370365,16591.571428571428,6876.0,25,0,38.29999923706055,1,Medium,14,0.0,1.0,0.0,0.0,2026-04-25 17:11:05,0,4,5,1,2026-04-18 18:10:02,0.0
68717453,2026-04-18 18:09:20,,Open,Pothole,MANHATTAN,nan,40.816501097955914,-73.94654552085589,6.959554338148148,16591.571428571428,6876.0,25,0,62.2,2,High,7,0.378,0.311,0.187,0.124,2026-04-25 17:11:05,0,4,5,1,,
68715816,2026-04-18 17:55:05,2026-04-18 17:55:05,Closed,Pothole,QUEENS,nan,40.761217008162774,-73.8863970016137,6.969450171481482,4959.1547619047615,4660.0,7,0,25.5,1,Medium,14,0.423,0.576,0.0,0.0,2026-04-25 17:11:05,2,4,5,1,2026-04-18 17:55:05,0.0
68714552,2026-04-18 16:36:57,2026-04-18 21:45:00,Closed,Pothole,QUEENS,nan,40.73310025376501,-73.70869153283712,7.023709430740741,4959.1547619047615,4660.0,3,1,22.899999618530273,0,Low,30,0.995,0.005,0.0,0.0,2026-04-25 17:11:05,2,4,5,1,2026-04-18 21:45:00,0.0
68713282,2026-04-18 16:35:03,2026-04-18 16:35:03,Closed,Pothole,MANHATTAN,nan,40.78200761898531,-73.95166096253715,7.0250288751851855,16591.571428571428,6876.0,11,0,40.599998474121094,1,Medium,14,0.0,1.0,0.0,0.0,2026-04-25 17:11:05,0,4,5,1,2026-04-18 16:35:03,0.0
68708764,2026-04-18 16:22:09,,Open,Pothole,STATEN ISLAND,nan,40.62510489030365,-74.14876859310395,7.033987208518519,23788.714285714286,2762.0,20,1,70.9,2,High,14,0.291,0.354,0.213,0.142,2026-04-25 17:11:05,4,4,5,1,,
68717023,2026-04-18 15:52:46,2026-04-18 15:52:46,Closed,Pothole,QUEENS,nan,40.586317414785896,-73.8065226354865,7.054392301111111,4959.1547619047615,4660.0,1,0,20.399999618530273,0,Low,30,1.0,0.0,0.0,0.0,2026-04-25 17:11:05,2,4,5,1,2026-04-18 15:52:46,0.0
68712481,2026-04-18 15:40:36,,Open,Pothole,BROOKLYN,86 STREET,40.59281334706557,-73.97876328945328,7.062841375185185,5664.555555555556,6673.0,10,1,35.8,1,Medium,14,0.642,0.179,0.107,0.072,2026-04-25 17:11:05,1,4,5,1,,
68708275,2026-04-18 15:39:38,2026-04-18 15:39:38,Closed,Pothole,MANHATTAN,nan,40.78858546268302,-73.95528188275227,7.063512671481481,16591.571428571428,6876.0,16,1,40.0,1,Medium,14,0.0,1.0,0.0,0.0,2026-04-25 17:11:05,0,4,5,1,2026-04-18 15:39:38,0.0
68710787,2026-04-18 15:32:14,2026-04-18 15:32:14,Closed,Pothole,MANHATTAN,nan,40.7779047511921,-73.98208745958574,7.068651560370371,16591.571428571428,6876.0,20,0,39.5,1,Medium,14,0.0,1.0,0.0,0.0,2026-04-25 17:11:05,0,4,5,1,2026-04-18 15:32:14,0.0
68720338,2026-04-18 15:31:06,2026-04-19 09:18:00,Closed,Pothole,QUEENS,nan,40.70422439703026,-73.79796078989237,7.069438597407407,4959.1547619047615,4660.0,23,0,30.100000381469727,1,Medium,14,0.004,0.996,0.0,0.0,2026-04-25 17:11:05,2,4,5,1,2026-04-19 09:18:00,0.0
68724538,2026-04-18 15:30:11,2026-04-19 08:55:00,Closed,Pothole,QUEENS,JAMAICA AVENUE,40.69528908579785,-73.84102792208682,7.070075171481482,4959.1547619047615,23413.0,6,0,25.5,1,Medium,14,0.022,0.978,0.0,0.0,2026-04-25 17:11:05,2,4,5,1,2026-04-19 08:55:00,0.0
68720339,2026-04-18 15:29:38,2026-04-19 08:20:00,Closed,Pothole,QUEENS,nan,40.7107097820174,-73.79303916334497,7.070457115925926,4959.1547619047615,4660.0,19,0,27.299999237060547,1,Medium,14,0.001,0.999,0.0,0.0,2026-04-25 17:11:05,2,4,5,1,2026-04-19 08:20:00,0.0
68719247,2026-04-18 15:28:48,2026-04-19 07:45:00,Closed,Pothole,QUEENS,nan,40.7136433699604,-73.80692859466807,7.071035819629629,4959.1547619047615,4660.0,16,1,30.200000762939453,1,Medium,14,0.002,0.998,0.0,0.0,2026-04-25 17:11:05,2,4,5,1,2026-04-19 07:45:00,0.0
68710775,2026-04-18 15:26:54,2026-04-18 20:45:00,Closed,Pothole,QUEENS,CORONA AVENUE,40.7447472403029,-73.86488008420393,7.072355264074074,4959.1547619047615,10360.0,15,1,30.299999237060547,1,Medium,14,0.0,1.0,0.0,0.0,2026-04-25 17:11:05,2,4,5,1,2026-04-18 20:45:00,0.0
68715818,2026-04-18 15:23:15,2026-04-18 15:23:15,Closed,Pothole,QUEENS,nan,40.74089617616554,-73.89960689847297,7.074889986296296,4959.1547619047615,4660.0,32,1,29.700000762939453,1,Medium,14,0.037,0.962,0.0,0.0,2026-04-25 17:11:05,2,4,5,1,2026-04-18 15:23:15,0.0
68708759,2026-04-18 15:19:55,,Open,Pothole,BRONX,nan,40.84640620296094,-73.84288601836784,7.077204801111111,6677.6,6655.5,4,1,21.0,0,Low,14,0.79,0.105,0.063,0.042,2026-04-25 17:11:05,3,4,5,1,,
68711225,2026-04-18 15:07:06,,Open,Pothole,BROOKLYN,nan,40.65941591430308,-73.98009368334249,7.086105264074074,5664.555555555556,6673.0,8,1,30.5,1,Medium,14,0.695,0.152,0.091,0.061,2026-04-25 17:11:05,1,4,5,1,,
68715016,2026-04-18 15:06:38,,Open,Pothole,BROOKLYN,nan,40.672529663656704,-73.95025145834543,7.0864293381481485,5664.555555555556,6673.0,32,1,49.2,1,Medium,14,0.508,0.246,0.147,0.098,2026-04-25 17:11:05,1,4,5,1,,
68714556,2026-04-18 15:05:26,2026-04-18 15:05:26,Closed,Pothole,QUEENS,nan,40.68602699585525,-73.82505149980587,7.087262671481481,4959.1547619047615,4660.0,15,1,29.899999618530273,1,Medium,14,0.002,0.998,0.0,0.0,2026-04-25 17:11:05,2,4,5,1,2026-04-18 15:05:26,0.0
68717455,2026-04-18 14:16:16,,Open,Pothole,MANHATTAN,nan,40.771785031556,-73.96332617034822,7.12140619,16591.571428571428,6876.0,13,1,57.0,2,High,7,0.43,0.285,0.171,0.114,2026-04-25 17:11:05,0,4,5,1,,
68713266,2026-04-18 14:12:58,2026-04-18 21:45:00,Closed,Pothole,QUEENS,nan,40.56090606971587,-73.91548600085787,7.123697856666666,4959.1547619047615,4660.0,2,0,20.399999618530273,0,Low,30,0.994,0.006,0.0,0.0,2026-04-25 17:11:05,2,4,5,1,2026-04-18 21:45:00,0.0
68717452,2026-04-18 14:11:32,,Pending,Pothole,QUEENS,nan,40.5675691670898,-73.88275629188614,7.124693227037037,4959.1547619047615,4660.0,1,0,17.5,0,Low,30,1.0,0.0,0.0,0.0,2026-04-25 17:11:05,2,4,5,1,,
68714560,2026-04-18 14:09:21,2026-04-18 21:44:00,Closed,Pothole,QUEENS,nan,40.756492970006335,-73.85879949156258,7.12620943074074,4959.1547619047615,4660.0,16,1,28.799999237060547,1,Medium,14,0.004,0.996,0.0,0.0,2026-04-25 17:11:05,2,4,5,1,2026-04-18 21:44:00,0.0
68712043,2026-04-18 14:00:56,2026-04-18 20:45:00,Closed,Pothole,QUEENS,nan,40.757824102636256,-73.86099851810266,7.132054338148148,4959.1547619047615,4660.0,15,1,29.299999237060547,1,Medium,14,0.004,0.996,0.0,0.0,2026-04-25 17:11:05,2,4,5,1,2026-04-18 20:45:00,0.0
68708757,2026-04-18 13:44:03,,Open,Pothole,MANHATTAN,nan,40.76979207954942,-73.98806457477922,7.143778875185185,16591.571428571428,6876.0,19,0,62.3,2,High,7,0.377,0.311,0.187,0.125,2026-04-25 17:11:05,0,4,5,1,,
68713743,2026-04-18 13:21:34,,Open,Pothole,BROOKLYN,nan,40.62283237145697,-73.99793949446543,7.159392301111111,5664.555555555556,6673.0,17,1,49.2,1,Medium,14,0.508,0.246,0.148,0.098,2026-04-25 17:11:05,1,4,5,1,,
68713269,2026-04-18 12:53:39,2026-04-18 21:45:00,Closed,Pothole,QUEENS,nan,40.74603472114661,-73.93440021822178,7.178778875185185,4959.1547619047615,4660.0,20,0,30.600000381469727,1,Medium,14,0.006,0.994,0.0,0.0,2026-04-25 17:11:05,2,4,5,1,2026-04-18 21:45:00,0.0
68712482,2026-04-18 12:42:17,,Open,Pothole,BROOKLYN,nan,40.679506400545804,-74.00768659284927,7.186672393703704,5664.555555555556,6673.0,4,0,19.9,0,Low,14,0.801,0.099,0.06,0.04,2026-04-25 17:11:05,1,4,5,1,,
68708270,2026-04-18 12:40:23,2026-04-18 15:55:00,Closed,Pothole,QUEENS,nan,40.560746267622186,-73.91105231327141,7.1879918381481485,4959.1547619047615,4660.0,2,0,18.899999618530273,0,Low,30,0.997,0.003,0.0,0.0,2026-04-25 17:11:05,2,4,5,1,2026-04-18 15:55:00,0.0
68713270,2026-04-18 12:38:43,2026-04-18 17:51:00,Closed,Pothole,QUEENS,nan,40.73030244945585,-73.81089975144742,7.189149245555555,4959.1547619047615,4660.0,7,1,23.799999237060547,0,Low,30,0.797,0.203,0.0,0.0,2026-04-25 17:11:05,2,4,5,1,2026-04-18 17:51:00,0.0
68713271,2026-04-18 12:36:15,2026-04-18 20:15:00,Closed,Pothole,QUEENS,nan,40.77655678473849,-73.84169684615766,7.190862208518518,4959.1547619047615,4660.0,1,0,18.399999618530273,0,Low,30,1.0,0.0,0.0,0.0,2026-04-25 17:11:05,2,4,5,1,2026-04-18 20:15:00,0.0
68717033,2026-04-18 12:26:53,2026-04-18 12:26:53,Closed,Pothole,MANHATTAN,nan,40.7779047511921,-73.98208745958574,7.197366838148148,16591.571428571428,6876.0,20,0,39.5,1,Medium,14,0.0,1.0,0.0,0.0,2026-04-25 17:11:05,0,4,5,1,2026-04-18 12:26:53,0.0
68713272,2026-04-18 12:21:08,2026-04-18 12:21:08,Closed,Pothole,QUEENS,nan,40.72467860892961,-73.764815264584,7.201359893703704,4959.1547619047615,4660.0,14,1,29.299999237060547,1,Medium,14,0.003,0.997,0.0,0.0,2026-04-25 17:11:05,2,4,5,1,2026-04-18 12:21:08,0.0
68711230,2026-04-18 11:45:29,,Pending,Pothole,QUEENS,nan,40.78515812969033,-73.84121056770114,7.226116838148148,4959.1547619047615,4660.0,7,0,24.899999618530273,0,Low,30,0.875,0.125,0.0,0.0,2026-04-25 17:11:05,2,4,5,1,,
68709503,2026-04-18 11:43:51,2026-04-18 15:57:00,Closed,Pothole,QUEENS,nan,40.78823183264238,-73.83126872213806,7.227251097407407,4959.1547619047615,4660.0,1,0,18.600000381469727,0,Low,30,1.0,0.0,0.0,0.0,2026-04-25 17:11:05,2,4,5,1,2026-04-18 15:57:00,0.0
68714566,2026-04-18 11:30:45,2026-04-18 11:30:45,Closed,Pothole,MANHATTAN,nan,40.86510132036433,-73.92188192082645,7.23634831962963,16591.571428571428,6876.0,14,1,40.29999923706055,1,Medium,14,0.0,1.0,0.0,0.0,2026-04-25 17:11:05,0,4,5,1,2026-04-18 11:30:45,0.0
68708758,2026-04-18 11:20:56,,Open,Pothole,MANHATTAN,nan,40.76623962965743,-73.96023181027161,7.243165449259259,16591.571428571428,6876.0,20,1,62.3,2,High,7,0.377,0.312,0.187,0.125,2026-04-25 17:11:05,0,4,5,1,,
68712483,2026-04-18 11:15:44,,Open,Pothole,BROOKLYN,nan,40.602421974855176,-73.99458382349756,7.24677656037037,5664.555555555556,6673.0,31,0,49.2,1,Medium,14,0.508,0.246,0.148,0.098,2026-04-25 17:11:05,1,4,5,1,,
68714572,2026-04-18 10:55:38,2026-04-18 10:55:38,Closed,Pothole,BRONX,nan,40.91032302996876,-73.8976252276312,7.260734893703703,6677.6,6655.5,4,0,26.299999237060547,1,Medium,14,0.27,0.729,0.0,0.0,2026-04-25 17:11:05,3,4,5,1,2026-04-18 10:55:38,0.0
68712486,2026-04-18 10:43:36,,Pending,Pothole,QUEENS,nan,40.70790105157003,-73.85110072972483,7.269091375185185,4959.1547619047615,4660.0,6,0,23.899999618530273,1,Medium,14,0.166,0.834,0.0,0.0,2026-04-25 17:11:05,2,4,5,1,,
68715018,2026-04-18 10:26:15,,Open,Pothole,STATEN ISLAND,nan,40.61402602204895,-74.08478295252358,7.281139986296296,23788.714285714286,2762.0,10,0,57.6,2,High,14,0.424,0.288,0.173,0.115,2026-04-25 17:11:05,4,4,5,1,,
68717029,2026-04-18 10:21:08,2026-04-18 10:21:08,Closed,Pothole,QUEENS,nan,40.68475276870048,-73.8607650341662,7.284693227037037,4959.1547619047615,4660.0,9,1,28.799999237060547,1,Medium,14,0.005,0.995,0.0,0.0,2026-04-25 17:11:05,2,4,5,1,2026-04-18 10:21:08,0.0
68710780,2026-04-18 10:17:44,2026-04-18 21:45:00,Closed,Pothole,QUEENS,nan,40.728370959098946,-73.87113346680071,7.287054338148148,4959.1547619047615,4660.0,10,0,29.799999237060547,1,Medium,14,0.003,0.997,0.0,0.0,2026-04-25 17:11:05,2,4,5,1,2026-04-18 21:45:00,0.0
68711232,2026-04-18 10:09:19,,Pending,Pothole,QUEENS,nan,40.73267668386468,-73.79333897585512,7.292899245555556,4959.1547619047615,4660.0,2,0,17.200000762939453,0,Low,30,0.999,0.001,0.0,0.0,2026-04-25 17:11:05,2,4,5,1,,
68708277,2026-04-18 09:54:23,2026-04-18 09:54:23,Closed,Pothole,MANHATTAN,nan,40.77138740575629,-73.95647761547139,7.303269615925926,16591.571428571428,6876.0,13,0,39.900001525878906,1,Medium,14,0.0,1.0,0.0,0.0,2026-04-25 17:11:05,0,4,5,1,2026-04-18 09:54:23,0.0
68710788,2026-04-18 09:52:35,2026-04-18 09:52:35,Closed,Pothole,MANHATTAN,nan,40.77011968174121,-73.95740266786355,7.304519615925926,16591.571428571428,6876.0,9,0,40.099998474121094,1,Medium,14,0.0,1.0,0.0,0.0,2026-04-25 17:11:05,0,4,5,1,2026-04-18 09:52:35,0.0
68710789,2026-04-18 09:51:07,2026-04-18 09:51:07,Closed,Pothole,MANHATTAN,nan,40.77265512210335,-73.95555252785981,7.305538134444444,16591.571428571428,6876.0,9,0,41.20000076293945,1,Medium,14,0.0,1.0,0.0,0.0,2026-04-25 17:11:05,0,4,5,1,2026-04-18 09:51:07,0.0
68715829,2026-04-18 09:49:32,2026-04-18 09:49:32,Closed,Pothole,MANHATTAN,nan,40.76436543790258,-73.96160831559075,7.306637671481481,16591.571428571428,6876.0,26,1,39.20000076293945,1,Medium,14,0.0,1.0,0.0,0.0,2026-04-25 17:11:05,0,4,5,1,2026-04-18 09:49:32,0.0
68708271,2026-04-18 09:30:27,2026-04-18 20:15:00,Closed,Pothole,QUEENS,nan,40.69366255534651,-73.852163876474,7.319889986296296,4959.1547619047615,4660.0,25,0,32.0,1,Medium,14,0.002,0.998,0.0,0.0,2026-04-25 17:11:05,2,4,5,1,2026-04-18 20:15:00,0.0
68715823,2026-04-18 09:09:25,2026-04-18 09:09:25,Closed,Pothole,QUEENS,nan,40.7080488734209,-73.79542437019957,7.334496467777778,4959.1547619047615,4660.0,14,1,28.0,1,Medium,14,0.006,0.994,0.0,0.0,2026-04-25 17:11:05,2,4,5,1,2026-04-18 09:09:25,0.0
68709984,2026-04-18 09:02:36,,Pending,Pothole,QUEENS,nan,40.767573165435294,-73.90051253498888,7.339230264074074,4959.1547619047615,4660.0,4,1,23.700000762939453,0,Low,30,0.937,0.063,0.0,0.0,2026-04-25 17:11:05,2,4,5,1,,
68717459,2026-04-18 08:54:35,,Open,Pothole,BRONX,nan,40.818603840828935,-73.8891604407257,7.344797393703703,6677.6,6655.5,20,1,50.5,2,High,14,0.495,0.252,0.151,0.101,2026-04-25 17:11:05,3,4,5,1,,
68716271,2026-04-18 08:44:40,,Pending,Pothole,QUEENS,nan,40.680064787457326,-73.8478351171216,7.351683967777777,4959.1547619047615,4660.0,0,0,17.5,0,Low,30,1.0,0.0,0.0,0.0,2026-04-25 17:11:05,2,4,5,0,,
68713745,2026-04-18 08:39:27,,Open,Pothole,BROOKLYN,nan,40.67025648951579,-73.99202608565997,7.3553066529629625,5664.555555555556,6673.0,9,1,33.2,1,Medium,14,0.668,0.166,0.1,0.066,2026-04-25 17:11:05,1,4,5,1,,
68715011,2026-04-18 08:31:22,,Open,Pothole,BRONX,nan,40.90843715231184,-73.90367341887905,7.360920078888888,6677.6,6655.5,4,0,21.1,0,Low,14,0.789,0.106,0.063,0.042,2026-04-25 17:11:05,3,4,5,1,,
68713276,2026-04-18 08:05:14,2026-04-18 14:51:00,Closed,Pothole,QUEENS,nan,40.71645685646987,-73.73760151550351,7.379068227037037,4959.1547619047615,4660.0,8,1,27.200000762939453,1,Medium,14,0.002,0.998,0.0,0.0,2026-04-25 17:11:05,2,4,5,1,2026-04-18 14:51:00,0.0
68713277,2026-04-18 08:02:21,2026-04-18 08:02:21,Closed,Pothole,QUEENS,nan,40.667431988364136,-73.76675458345666,7.381070541851852,4959.1547619047615,4660.0,21,0,25.899999618530273,1,Medium,14,0.001,0.999,0.0,0.0,2026-04-25 17:11:05,2,4,5,1,2026-04-18 08:02:21,0.0
68717464,2026-04-18 07:57:34,,Pending,Pothole,QUEENS,nan,40.761890921188275,-73.82966410984885,7.384392301111111,4959.1547619047615,4660.0,27,1,29.0,1,Medium,14,0.025,0.975,0.0,0.0,2026-04-25 17:11:05,2,4,5,1,,
68714569,2026-04-18 07:40:56,2026-04-18 07:40:56,Closed,Pothole,MANHATTAN,nan,40.73736073291079,-73.99683897658859,7.395943227037037,16591.571428571428,6876.0,14,0,38.400001525878906,1,Medium,14,0.0,1.0,0.0,0.0,2026-04-25 17:11:05,0,4,5,1,2026-04-18 07:40:56,0.0
68712055,2026-04-18 07:21:13,2026-04-18 07:21:13,Closed,Pothole,BRONX,nan,40.84000345494566,-73.87738636916855,7.409635356666667,6677.6,6655.5,21,1,31.5,1,Medium,14,0.0,1.0,0.0,0.0,2026-04-25 17:11:05,3,4,5,1,2026-04-18 07:21:13,0.0
68710781,2026-04-18 07:19:16,2026-04-18 20:14:00,Closed,Pothole,QUEENS,nan,40.73091294245788,-73.77491408700904,7.410989523333333,4959.1547619047615,4660.0,0,0,16.5,0,Low,30,1.0,0.0,0.0,0.0,2026-04-25 17:11:05,2,4,5,0,2026-04-18 20:14:00,0.0
68717031,2026-04-18 07:18:18,2026-04-18 07:18:18,Closed,Pothole,QUEENS,nan,40.73177902884212,-73.77010866842208,7.411660819629629,4959.1547619047615,4660.0,5,1,22.700000762939453,0,Low,30,0.838,0.162,0.0,0.0,2026-04-25 17:11:05,2,4,5,1,2026-04-18 07:18:18,0.0
68711222,2026-04-18 07:04:46,,Open,Pothole,BRONX,nan,40.896231324047896,-73.85820243014828,7.421058967777777,6677.6,6655.5,10,1,37.2,1,Medium,14,0.628,0.186,0.111,0.074,2026-04-25 17:11:05,3,4,5,1,,
68712476,2026-04-18 07:03:01,,Open,Pothole,BRONX,nan,40.89534114813903,-73.85526728027854,7.422274245555555,6677.6,6655.5,12,0,42.5,1,Medium,14,0.575,0.212,0.127,0.085,2026-04-25 17:11:05,3,4,5,1,,
68717463,2026-04-18 06:58:55,2026-04-21 11:38:00,Closed,Pothole,BROOKLYN,nan,40.644042017082526,-73.87751946067259,7.425121467777777,5664.555555555556,6673.0,37,0,29.200000762939453,1,Medium,14,0.001,0.999,0.0,0.0,2026-04-25 17:11:05,1,4,5,1,2026-04-21 11:38:00,3.0
68712487,2026-04-18 04:24:55,,Pending,Pothole,QUEENS,nan,40.673510506201794,-73.81606094930362,7.532065912222222,4959.1547619047615,4660.0,3,0,18.0,0,Low,30,0.996,0.004,0.0,0.0,2026-04-25 17:11:05,2,4,5,1,,
68714564,2026-04-18 04:19:13,2026-04-18 20:15:00,Closed,Pothole,QUEENS,nan,40.70614246718544,-73.83176504853816,7.536024245555556,4959.1547619047615,4660.0,10,1,28.799999237060547,1,Medium,14,0.005,0.995,0.0,0.0,2026-04-25 17:11:05,2,4,5,1,2026-04-18 20:15:00,0.0
68717465,2026-04-18 04:18:13,,Pending,Pothole,QUEENS,nan,40.70279438166465,-73.83213055212143,7.53671869,4959.1547619047615,4660.0,2,0,20.0,0,Low,30,1.0,0.0,0.0,0.0,2026-04-25 17:11:05,2,4,5,1,,
68717032,2026-04-18 04:17:07,2026-04-18 04:17:07,Closed,Pothole,QUEENS,nan,40.67699930248896,-73.81964212203187,7.537482578888889,4959.1547619047615,4660.0,12,0,29.0,1,Medium,14,0.002,0.998,0.0,0.0,2026-04-25 17:11:05,2,4,5,1,2026-04-18 04:17:07,0.0
68714570,2026-04-18 04:11:25,2026-04-18 04:11:25,Closed,Pothole,MANHATTAN,nan,40.75897825494627,-73.99393579583666,7.541440912222222,16591.571428571428,6876.0,44,1,37.099998474121094,1,Medium,14,0.0,0.999,0.001,0.0,2026-04-25 17:11:05,0,4,5,1,2026-04-18 04:11:25,0.0
68710783,2026-04-18 04:00:34,2026-04-18 19:54:00,Closed,Pothole,QUEENS,nan,40.67679651926412,-73.80633585709849,7.548975634444444,4959.1547619047615,4660.0,3,0,22.600000381469727,0,Low,30,0.996,0.004,0.0,0.0,2026-04-25 17:11:05,2,4,5,1,2026-04-18 19:54:00,0.0
68708272,2026-04-18 03:59:57,2026-04-18 20:45:00,Closed,Pothole,QUEENS,nan,40.676460885090954,-73.80751212298135,7.5494038751851855,4959.1547619047615,4660.0,8,0,26.600000381469727,1,Medium,14,0.066,0.934,0.0,0.0,2026-04-25 17:11:05,2,4,5,1,2026-04-18 20:45:00,0.0
68715824,2026-04-18 03:59:33,2026-04-18 23:24:00,Closed,Pothole,QUEENS,nan,40.67730404673019,-73.80456060836354,7.5496816529629625,4959.1547619047615,4660.0,13,0,29.5,1,Medium,14,0.003,0.997,0.0,0.0,2026-04-25 17:11:05,2,4,5,1,2026-04-18 23:24:00,0.0
68713280,2026-04-18 03:13:35,2026-04-18 15:26:00,Closed,Pothole,QUEENS,nan,40.667522405001336,-73.78062518365624,7.581602949259259,4959.1547619047615,4660.0,36,1,31.100000381469727,1,Medium,14,0.001,0.999,0.0,0.0,2026-04-25 17:11:05,2,4,5,1,2026-04-18 15:26:00,0.0
68696699,2026-04-18 01:15:38,2026-04-18 01:15:38,Closed,Pothole,QUEENS,nan,40.73177902884212,-73.77010866842208,7.663512671481481,4959.1547619047615,4660.0,5,1,23.0,0,Low,30,0.884,0.116,0.0,0.0,2026-04-25 17:11:05,2,4,5,1,2026-04-18 01:15:38,0.0
68697191,2026-04-18 01:14:52,,Pending,Pothole,QUEENS,nan,40.725476145414376,-73.76557731286611,7.664045078888889,4959.1547619047615,4660.0,31,1,29.700000762939453,1,Medium,14,0.002,0.997,0.0,0.0,2026-04-25 17:11:05,2,4,5,1,,
68698178,2026-04-18 01:14:17,2026-04-18 01:14:17,Closed,Pothole,QUEENS,nan,40.69104664978981,-73.73922324000723,7.664450171481481,4959.1547619047615,4660.0,2,0,21.399999618530273,0,Low,30,0.971,0.029,0.0,0.0,2026-04-25 17:11:05,2,4,5,1,2026-04-18 01:14:17,0.0
68707370,2026-04-18 01:13:26,2026-04-18 13:54:00,Closed,Pothole,QUEENS,nan,40.70327874865508,-73.73620712128428,7.665040449259259,4959.1547619047615,4660.0,7,1,27.5,1,Medium,14,0.141,0.859,0.0,0.0,2026-04-25 17:11:05,2,4,5,1,2026-04-18 13:54:00,0.0
68706870,2026-04-18 01:12:25,2026-04-18 01:12:25,Closed,Pothole,QUEENS,nan,40.705490887638646,-73.72788837873111,7.665746467777778,4959.1547619047615,4660.0,3,0,21.0,0,Low,30,0.984,0.016,0.0,0.0,2026-04-25 17:11:05,2,4,5,1,2026-04-18 01:12:25,0.0
68707371,2026-04-18 01:05:43,,Pending,Pothole,QUEENS,nan,40.68848534557373,-73.76582995965448,7.670399245555555,4959.1547619047615,4660.0,3,1,19.899999618530273,0,Low,30,0.968,0.032,0.0,0.0,2026-04-25 17:11:05,2,4,5,1,,
68700133,2026-04-18 01:05:09,2026-04-18 17:25:00,Closed,Pothole,QUEENS,nan,40.68625095400348,-73.76847358848285,7.670792764074074,4959.1547619047615,4660.0,1,1,18.399999618530273,0,Low,30,1.0,0.0,0.0,0.0,2026-04-25 17:11:05,2,4,5,1,2026-04-18 17:25:00,0.0
68696700,2026-04-18 01:03:29,2026-04-18 01:03:29,Closed,Pothole,QUEENS,nan,40.67948147234004,-73.7574034114413,7.671950171481481,4959.1547619047615,4660.0,11,0,29.200000762939453,1,Medium,14,0.001,0.999,0.0,0.0,2026-04-25 17:11:05,2,4,5,1,2026-04-18 01:03:29,0.0
68704511,2026-04-17 23:04:04,,Open,Pothole,MANHATTAN,nan,40.73619121175618,-74.00831017026138,7.754878412222222,16591.571428571428,6876.0,8,0,43.8,1,Medium,7,0.562,0.219,0.131,0.088,2026-04-25 17:11:05,0,4,4,1,,
68700146,2026-04-17 22:48:49,2026-04-18 15:30:00,Closed,Pothole,BROOKLYN,nan,40.60725840274471,-74.00264345847668,7.76546869,5664.555555555556,6673.0,10,0,33.099998474121094,1,Medium,14,0.003,0.997,0.0,0.0,2026-04-25 17:11:05,1,4,4,1,2026-04-18 15:30:00,0.0
68705445,2026-04-17 21:59:25,2026-04-17 21:59:25,Closed,Pothole,MANHATTAN,nan,40.86795092389553,-73.92700182445367,7.799774245555556,16591.571428571428,6876.0,7,1,35.599998474121094,1,Medium,14,0.001,0.998,0.0,0.0,2026-04-25 17:11:05,0,4,4,1,2026-04-17 21:59:25,0.0
68698189,2026-04-17 21:53:47,2026-04-17 21:53:47,Closed,Pothole,MANHATTAN,nan,40.7622904820507,-73.98610578413911,7.803686282592593,16591.571428571428,6876.0,32,0,39.5,1,Medium,14,0.0,0.999,0.0,0.0,2026-04-25 17:11:05,0,4,4,1,2026-04-17 21:53:47,0.0
68698651,2026-04-17 21:41:38,,Open,Pothole,QUEENS,nan,40.74236903519986,-73.70426635588636,7.812123782592592,4959.1547619047615,4660.0,2,0,13.9,0,Low,14,0.861,0.069,0.042,0.028,2026-04-25 17:11:05,2,4,4,1,,
68704512,2026-04-17 21:36:07,,Open,Pothole,MANHATTAN,nan,40.74768457445487,-73.97878610142489,7.815954801111111,16591.571428571428,6876.0,37,1,62.5,2,High,7,0.375,0.313,0.188,0.125,2026-04-25 17:11:05,0,4,4,1,,
68696691,2026-04-17 21:33:29,2026-04-17 21:33:29,Closed,Pothole,STATEN ISLAND,nan,40.558272363158224,-74.13487233521455,7.817783504814814,23788.714285714286,2762.0,0,0,29.799999237060547,1,Medium,14,0.021,0.979,0.0,0.0,2026-04-25 17:11:05,4,4,4,0,2026-04-17 21:33:29,0.0
68698176,2026-04-17 20:42:34,2026-04-17 20:42:34,Closed,Pothole,STATEN ISLAND,nan,40.55168097672187,-74.14478715664947,7.853142301111111,23788.714285714286,2762.0,2,0,30.799999237060547,1,Medium,14,0.003,0.997,0.0,0.0,2026-04-25 17:11:05,4,4,4,1,2026-04-17 20:42:34,0.0
68706867,2026-04-17 20:31:52,2026-04-17 20:31:52,Closed,Pothole,STATEN ISLAND,nan,40.62471522001418,-74.14218976224429,7.860572856666667,23788.714285714286,2762.0,17,0,38.099998474121094,1,Medium,14,0.0,1.0,0.0,0.0,2026-04-25 17:11:05,4,4,4,1,2026-04-17 20:31:52,0.0
68714573,2026-04-17 20:23:34,2026-04-18 16:02:00,Closed,Pothole,BROOKLYN,nan,40.65417022239662,-73.91376047984436,7.8663367455555555,5664.555555555556,6673.0,24,0,28.700000762939453,1,Medium,14,0.002,0.998,0.0,0.0,2026-04-25 17:11:05,1,4,4,1,2026-04-18 16:02:00,0.0
68701097,2026-04-17 20:21:08,2026-04-17 20:21:08,Closed,Pothole,BROOKLYN,nan,40.65152093847471,-73.90945011598753,7.86802656037037,5664.555555555556,6673.0,6,0,22.0,0,Low,30,0.868,0.132,0.0,0.0,2026-04-25 17:11:05,1,4,4,1,2026-04-17 20:21:08,0.0
68707375,2026-04-17 20:17:22,2026-04-22 10:15:00,Closed,Pothole,QUEENS,nan,40.586317414785896,-73.8065226354865,7.870642301111111,4959.1547619047615,4660.0,1,0,17.799999237060547,0,Low,30,1.0,0.0,0.0,0.0,2026-04-25 17:11:05,2,4,4,1,2026-04-22 10:15:00,4.0
68698652,2026-04-17 20:15:17,2026-04-22 10:00:00,Closed,Pothole,QUEENS,nan,40.58537563265823,-73.80962159666338,7.87208906037037,4959.1547619047615,4660.0,3,0,18.899999618530273,0,Low,30,0.999,0.001,0.0,0.0,2026-04-25 17:11:05,2,4,4,1,2026-04-22 10:00:00,4.0
68700134,2026-04-17 20:04:03,2026-04-23 09:53:00,Closed,Pothole,QUEENS,nan,40.761265587233325,-73.87499725675143,7.8798899862962966,4959.1547619047615,4660.0,13,0,29.5,1,Medium,14,0.008,0.991,0.0,0.0,2026-04-25 17:11:05,2,4,4,1,2026-04-23 09:53:00,5.0
68707385,2026-04-17 19:51:12,2026-04-18 15:50:00,Closed,Pothole,BROOKLYN,nan,40.72600037283003,-73.95003114907557,7.888813597407407,5664.555555555556,6673.0,15,1,31.0,1,Medium,14,0.003,0.997,0.0,0.0,2026-04-25 17:11:05,1,4,4,1,2026-04-18 15:50:00,0.0
68703027,2026-04-17 19:46:13,2026-04-20 09:55:00,Closed,Pothole,BROOKLYN,nan,40.72796289220628,-73.95007297309452,7.892274245555555,5664.555555555556,6673.0,17,0,29.700000762939453,1,Medium,14,0.004,0.996,0.0,0.0,2026-04-25 17:11:05,1,4,4,1,2026-04-20 09:55:00,2.0
68700143,2026-04-17 18:44:15,,Open,Pothole,MANHATTAN,nan,40.80118493145114,-73.9397457112116,7.935306652962963,16591.571428571428,6876.0,27,1,62.6,2,High,7,0.374,0.313,0.188,0.125,2026-04-25 17:11:05,0,4,4,1,,
68701547,2026-04-17 18:41:19,,Open,Pothole,MANHATTAN,nan,40.81009501690841,-73.95307830553993,7.93734369,16591.571428571428,6876.0,49,0,62.6,2,High,7,0.374,0.313,0.188,0.125,2026-04-25 17:11:05,0,4,4,1,,
68698653,2026-04-17 18:20:12,2026-04-21 13:20:00,Closed,Pothole,QUEENS,nan,40.72873319933602,-73.7371562931793,7.952008041851852,4959.1547619047615,4660.0,7,0,27.899999618530273,1,Medium,14,0.115,0.885,0.0,0.0,2026-04-25 17:11:05,2,4,4,1,2026-04-21 13:20:00,3.0
68703020,2026-04-17 18:11:02,2026-04-23 09:57:00,Closed,Pothole,QUEENS,nan,40.735633458384704,-73.87601599872089,7.958373782592592,4959.1547619047615,4660.0,21,0,29.200000762939453,1,Medium,14,0.023,0.976,0.0,0.0,2026-04-25 17:11:05,2,4,4,1,2026-04-23 09:57:00,5.0
68701074,2026-04-17 17:56:20,2026-04-17 17:56:20,Closed,Pothole,QUEENS,nan,40.743700340673925,-73.92333787837586,7.968582115925926,4959.1547619047615,4660.0,15,0,28.899999618530273,1,Medium,14,0.001,0.999,0.0,0.0,2026-04-25 17:11:05,2,4,4,1,2026-04-17 17:56:20,0.0
68701539,2026-04-17 17:55:47,2026-04-21 10:05:00,Closed,Pothole,QUEENS,nan,40.769524718686306,-73.93522548140903,7.968964060370371,4959.1547619047615,4660.0,0,0,18.799999237060547,0,Low,30,1.0,0.0,0.0,0.0,2026-04-25 17:11:05,2,4,4,0,2026-04-21 10:05:00,3.0
68701096,2026-04-17 17:49:58,2026-04-17 17:49:58,Closed,Pothole,MANHATTAN,nan,40.795927573353715,-73.97271760441463,7.973003412222222,16591.571428571428,6876.0,37,1,39.599998474121094,1,Medium,14,0.0,0.999,0.001,0.0,2026-04-25 17:11:05,0,4,4,1,2026-04-17 17:49:58,0.0
68701543,2026-04-17 17:35:20,,Open,Pothole,BRONX,nan,40.854673467870654,-73.86010206540004,7.983165449259259,6677.6,6655.5,11,1,40.0,1,Medium,14,0.6,0.2,0.12,0.08,2026-04-25 17:11:05,3,4,4,1,,
68697192,2026-04-17 17:30:17,2026-04-21 09:14:00,Closed,Pothole,QUEENS,nan,40.67513022869253,-73.74314295684815,7.986672393703704,4959.1547619047615,4660.0,3,0,20.600000381469727,0,Low,30,0.999,0.001,0.0,0.0,2026-04-25 17:11:05,2,4,4,1,2026-04-21 09:14:00,3.0
68698181,2026-04-17 17:26:46,2026-04-17 17:26:46,Closed,Pothole,QUEENS,nan,40.68226523856321,-73.8451331832496,7.989114523333333,4959.1547619047615,4660.0,9,0,29.5,1,Medium,14,0.012,0.988,0.0,0.0,2026-04-25 17:11:05,2,4,4,1,2026-04-17 17:26:46,0.0
68705428,2026-04-17 17:08:37,2026-04-17 17:08:37,Closed,Pothole,STATEN ISLAND,nan,40.558272363158224,-74.13487233521455,8.00171869,23788.714285714286,2762.0,0,0,29.0,1,Medium,14,0.044,0.956,0.0,0.0,2026-04-25 17:11:05,4,4,4,0,2026-04-17 17:08:37,0.0
68703024,2026-04-17 16:56:27,,Open,Pothole,MANHATTAN,nan,40.76428124938066,-73.99858129643454,8.010167764074074,16591.571428571428,6876.0,19,0,62.6,2,High,7,0.374,0.313,0.188,0.125,2026-04-25 17:11:05,0,4,4,1,,
68697201,2026-04-17 16:52:03,,Open,Pothole,BROOKLYN,nan,40.69423069973624,-73.94607738602795,8.01322331962963,5664.555555555556,6673.0,15,1,49.5,1,Medium,14,0.505,0.247,0.148,0.099,2026-04-25 17:11:05,1,4,4,1,,
68701075,2026-04-17 16:50:46,2026-04-17 16:50:46,Closed,Pothole,QUEENS,nan,40.67655069259074,-73.76837387183488,8.014114523333333,4959.1547619047615,4660.0,5,0,20.600000381469727,0,Low,30,0.954,0.046,0.0,0.0,2026-04-25 17:11:05,2,4,4,1,2026-04-17 16:50:46,0.0
68707382,2026-04-17 16:38:21,,Open,Pothole,BRONX,nan,40.83617892778915,-73.88424886692215,8.02273720851852,6677.6,6655.5,10,0,37.4,1,Medium,14,0.626,0.187,0.112,0.075,2026-04-25 17:11:05,3,4,4,1,,
68701076,2026-04-17 16:37:36,2026-04-17 16:37:36,Closed,Pothole,QUEENS,nan,40.75158022149977,-73.7745230310198,8.023258041851852,4959.1547619047615,4660.0,11,0,29.700000762939453,1,Medium,14,0.004,0.996,0.0,0.0,2026-04-25 17:11:05,2,4,4,1,2026-04-17 16:37:36,0.0
68701544,2026-04-17 16:37:19,,Open,Pothole,BRONX,nan,40.82245734528027,-73.92691443324327,8.02345480111111,6677.6,6655.5,15,1,50.7,2,High,14,0.493,0.253,0.152,0.101,2026-04-25 17:11:05,3,4,4,1,,
68704504,2026-04-17 16:32:48,2026-04-22 09:57:00,Closed,Pothole,QUEENS,nan,40.75158022149977,-73.7745230310198,8.026591375185186,4959.1547619047615,4660.0,11,0,29.700000762939453,1,Medium,14,0.004,0.996,0.0,0.0,2026-04-25 17:11:05,2,4,4,1,2026-04-22 09:57:00,4.0
68700149,2026-04-17 16:26:52,,Open,Pothole,BROOKLYN,nan,40.6682774463096,-73.92004692733836,8.030711745555555,5664.555555555556,6673.0,29,0,49.5,1,Medium,14,0.505,0.247,0.148,0.099,2026-04-25 17:11:05,1,4,4,1,,
68712040,2026-04-17 16:18:07,2026-04-18 14:35:00,Closed,Pothole,QUEENS,nan,40.746047570498,-73.89902892207441,8.036788134444445,4959.1547619047615,4660.0,9,0,29.899999618530273,1,Medium,14,0.018,0.982,0.0,0.0,2026-04-25 17:11:05,2,4,4,1,2026-04-18 14:35:00,0.0
68709500,2026-04-17 16:03:07,2026-04-18 14:50:00,Closed,Pothole,QUEENS,nan,40.69446951905633,-73.78146330384405,8.04720480111111,4959.1547619047615,4660.0,6,1,23.100000381469727,0,Low,30,0.783,0.217,0.0,0.0,2026-04-25 17:11:05,2,4,4,1,2026-04-18 14:50:00,0.0
68714554,2026-04-17 16:01:05,2026-04-18 12:15:00,Closed,Pothole,QUEENS,nan,40.70737699885929,-73.86228315375102,8.048616838148147,4959.1547619047615,4660.0,5,1,24.0,1,Medium,14,0.433,0.567,0.0,0.0,2026-04-25 17:11:05,2,4,4,1,2026-04-18 12:15:00,0.0
68697202,2026-04-17 16:00:26,,Open,Pothole,BROOKLYN,nan,40.626569861843265,-73.97092074758424,8.049068227037036,5664.555555555556,6673.0,18,0,49.5,1,Medium,14,0.505,0.247,0.148,0.099,2026-04-25 17:11:05,1,4,4,1,,
68713262,2026-04-17 15:55:31,2026-04-18 12:29:00,Closed,Pothole,QUEENS,nan,40.70931586628101,-73.73440859953097,8.052482578888888,4959.1547619047615,4660.0,4,0,25.100000381469727,1,Medium,14,0.324,0.676,0.0,0.0,2026-04-25 17:11:05,2,4,4,1,2026-04-18 12:29:00,0.0
68704513,2026-04-17 15:43:12,2026-04-18 09:09:00,Closed,Pothole,MANHATTAN,nan,40.7120838609368,-74.01012153894817,8.06103581962963,16591.571428571428,6876.0,18,0,41.0,1,Medium,14,0.0,1.0,0.0,0.0,2026-04-25 17:11:05,0,4,4,1,2026-04-18 09:09:00,0.0
68708268,2026-04-17 15:42:37,2026-04-18 08:30:00,Closed,Pothole,QUEENS,nan,40.79242766702253,-73.79985277111172,8.061440912222222,4959.1547619047615,4660.0,1,0,20.200000762939453,0,Low,30,0.999,0.001,0.0,0.0,2026-04-25 17:11:05,2,4,4,1,2026-04-18 08:30:00,0.0
68706874,2026-04-17 15:40:57,2026-04-17 15:40:57,Closed,Pothole,QUEENS,nan,40.75016099104143,-73.90433538539963,8.062598319629629,4959.1547619047615,4660.0,5,0,22.799999237060547,0,Low,30,0.88,0.12,0.0,0.0,2026-04-25 17:11:05,2,4,4,1,2026-04-17 15:40:57,0.0
68705920,2026-04-17 15:29:48,2026-04-22 09:00:00,Closed,Pothole,QUEENS,nan,40.755716945719335,-73.7892176585466,8.070341375185185,4959.1547619047615,4660.0,2,0,21.399999618530273,0,Low,30,0.979,0.021,0.0,0.0,2026-04-25 17:11:05,2,4,4,1,2026-04-22 09:00:00,4.0
68698656,2026-04-17 15:27:18,2026-04-22 12:44:00,Closed,Pothole,QUEENS,nan,40.72784675950623,-73.75721290943929,8.072077486296296,4959.1547619047615,4660.0,21,1,30.0,1,Medium,14,0.002,0.998,0.0,0.0,2026-04-25 17:11:05,2,4,4,1,2026-04-22 12:44:00,4.0
68703023,2026-04-17 15:25:15,2026-04-22 12:29:00,Closed,Pothole,QUEENS,nan,40.73063341475895,-73.76149642341746,8.073501097407407,4959.1547619047615,4660.0,1,1,19.0,0,Low,30,1.0,0.0,0.0,0.0,2026-04-25 17:11:05,2,4,4,1,2026-04-22 12:29:00,4.0
68707378,2026-04-17 15:23:05,2026-04-22 13:08:00,Closed,Pothole,QUEENS,nan,40.72875318060496,-73.7536412731013,8.075005727037038,4959.1547619047615,4660.0,3,1,22.299999237060547,0,Low,30,0.988,0.012,0.0,0.0,2026-04-25 17:11:05,2,4,4,1,2026-04-22 13:08:00,4.0
68705913,2026-04-17 15:20:11,2026-04-18 23:40:00,Closed,Pothole,STATEN ISLAND,nan,40.55125424601603,-74.13455949950571,8.077019615925925,23788.714285714286,2762.0,3,1,32.5,1,Medium,14,0.003,0.997,0.0,0.0,2026-04-25 17:11:05,4,4,4,1,2026-04-18 23:40:00,1.0
68703015,2026-04-17 15:16:00,,Open,Pothole,STATEN ISLAND,nan,40.56219407174772,-74.1206281470642,8.079924708518519,23788.714285714286,2762.0,1,0,33.9,1,Medium,14,0.661,0.17,0.102,0.068,2026-04-25 17:11:05,4,4,4,1,,
68704506,2026-04-17 15:12:48,2026-04-21 10:50:00,Closed,Pothole,QUEENS,nan,40.76197072257963,-73.92538165997419,8.082146930740741,4959.1547619047615,4660.0,17,0,28.899999618530273,1,Medium,14,0.084,0.916,0.0,0.0,2026-04-25 17:11:05,2,4,4,1,2026-04-21 10:50:00,3.0
68707380,2026-04-17 15:11:50,2026-04-20 05:55:00,Closed,Pothole,QUEENS,nan,40.70837975721954,-73.79167576962598,8.082818227037038,4959.1547619047615,4660.0,17,0,29.299999237060547,1,Medium,14,0.002,0.998,0.0,0.0,2026-04-25 17:11:05,2,4,4,1,2026-04-20 05:55:00,2.0
68705446,2026-04-17 15:10:42,2026-04-17 15:10:42,Closed,Pothole,MANHATTAN,nan,40.78905142646646,-73.970300867221,8.083605264074073,16591.571428571428,6876.0,6,0,35.900001525878906,1,Medium,14,0.001,0.999,0.0,0.0,2026-04-25 17:11:05,0,4,4,1,2026-04-17 15:10:42,0.0
68698657,2026-04-17 15:05:16,2026-04-21 09:40:00,Closed,Pothole,QUEENS,nan,40.653995719925234,-73.74331082303752,8.087378412222222,4959.1547619047615,4660.0,1,1,15.300000190734863,0,Low,30,1.0,0.0,0.0,0.0,2026-04-25 17:11:05,2,4,4,1,2026-04-21 09:40:00,3.0
68701542,2026-04-17 15:03:21,2026-04-21 10:07:00,Closed,Pothole,QUEENS,nan,40.6539822337349,-73.74096828794208,8.08870943074074,4959.1547619047615,4660.0,2,1,15.800000190734863,0,Low,30,1.0,0.0,0.0,0.0,2026-04-25 17:11:05,2,4,4,1,2026-04-21 10:07:00,3.0
68717026,2026-04-17 15:01:44,2026-04-18 14:30:00,Closed,Pothole,QUEENS,nan,40.74395677663896,-73.70583276749498,8.089832115925926,4959.1547619047615,4660.0,0,0,20.600000381469727,0,Low,30,1.0,0.0,0.0,0.0,2026-04-25 17:11:05,2,4,4,0,2026-04-18 14:30:00,0.0
68713264,2026-04-17 14:23:27,2026-04-18 10:08:00,Closed,Pothole,QUEENS,nan,40.70327874865508,-73.73620712128428,8.116417764074074,4959.1547619047615,4660.0,7,1,28.100000381469727,1,Medium,14,0.104,0.896,0.0,0.0,2026-04-25 17:11:05,2,4,4,1,2026-04-18 10:08:00,0.0
68714558,2026-04-17 14:22:06,2026-04-18 09:38:00,Closed,Pothole,QUEENS,nan,40.66240019240347,-73.74699104925907,8.117355264074074,4959.1547619047615,4660.0,0,1,15.800000190734863,0,Low,30,1.0,0.0,0.0,0.0,2026-04-25 17:11:05,2,4,4,0,2026-04-18 09:38:00,0.0
68709501,2026-04-17 14:21:47,2026-04-18 07:58:00,Closed,Pothole,QUEENS,nan,40.66487130427109,-73.77233619535336,8.117575171481482,4959.1547619047615,4660.0,2,0,16.799999237060547,0,Low,30,0.999,0.001,0.0,0.0,2026-04-25 17:11:05,2,4,4,1,2026-04-18 07:58:00,0.0
68710777,2026-04-17 14:21:25,2026-04-18 11:30:00,Closed,Pothole,QUEENS,nan,40.686700351371954,-73.73744096893489,8.11782980111111,4959.1547619047615,4660.0,3,0,21.299999237060547,0,Low,30,0.994,0.006,0.0,0.0,2026-04-25 17:11:05,2,4,4,1,2026-04-18 11:30:00,0.0
68713265,2026-04-17 14:20:58,2026-04-18 08:35:00,Closed,Pothole,QUEENS,nan,40.700904984625176,-73.7304857574349,8.118142301111112,4959.1547619047615,4660.0,0,1,20.200000762939453,0,Low,30,1.0,0.0,0.0,0.0,2026-04-25 17:11:05,2,4,4,0,2026-04-18 08:35:00,0.0
68710778,2026-04-17 14:20:41,2026-04-18 08:00:00,Closed,Pothole,QUEENS,nan,40.708657799862344,-73.73470338338866,8.11833906037037,4959.1547619047615,4660.0,3,0,22.200000762939453,0,Low,30,0.947,0.053,0.0,0.0,2026-04-25 17:11:05,2,4,4,1,2026-04-18 08:00:00,0.0
68714559,2026-04-17 14:20:23,2026-04-18 07:50:00,Closed,Pothole,QUEENS,nan,40.7080843817315,-73.7432828865909,8.118547393703704,4959.1547619047615,4660.0,4,0,23.399999618530273,0,Low,30,0.926,0.074,0.0,0.0,2026-04-25 17:11:05,2,4,4,1,2026-04-18 07:50:00,0.0
68717027,2026-04-17 14:19:58,2026-04-18 07:30:00,Closed,Pothole,QUEENS,nan,40.70966887101507,-73.7448566461469,8.118836745555555,4959.1547619047615,4660.0,5,0,23.299999237060547,0,Low,30,0.911,0.089,0.0,0.0,2026-04-25 17:11:05,2,4,4,1,2026-04-18 07:30:00,0.0
68700138,2026-04-17 14:18:44,,Open,Pothole,BRONX,nan,40.87367373972579,-73.86130595081057,8.119693227037036,6677.6,6655.5,1,0,13.4,0,Low,14,0.866,0.067,0.04,0.027,2026-04-25 17:11:05,3,4,4,1,,
68699644,2026-04-17 14:09:03,2026-04-17 14:09:03,Closed,Pothole,BRONX,nan,40.81085579919087,-73.80464889849709,8.126417764074073,6677.6,6655.5,0,0,19.700000762939453,0,Low,30,0.998,0.001,0.0,0.0,2026-04-25 17:11:05,3,4,4,0,2026-04-17 14:09:03,0.0
68696706,2026-04-17 14:04:11,2026-04-17 14:04:11,Closed,Pothole,BRONX,nan,40.80988231004594,-73.8035571940226,8.129797393703704,6677.6,6655.5,0,0,19.299999237060547,0,Low,30,0.999,0.001,0.0,0.0,2026-04-25 17:11:05,3,4,4,0,2026-04-17 14:04:11,0.0
68703032,2026-04-17 13:57:27,,Pending,Pothole,QUEENS,nan,40.724435644856605,-73.86929389395314,8.13447331962963,4959.1547619047615,4660.0,6,0,24.200000762939453,1,Medium,14,0.47,0.53,0.0,0.0,2026-04-25 17:11:05,2,4,4,1,,
68705432,2026-04-17 13:41:22,2026-04-17 21:45:00,Closed,Pothole,QUEENS,nan,40.68070005471548,-73.84464287635403,8.145642301111112,4959.1547619047615,4660.0,12,0,31.5,1,Medium,14,0.001,0.999,0.0,0.0,2026-04-25 17:11:05,2,4,4,1,2026-04-17 21:45:00,0.0
68701078,2026-04-17 13:39:14,2026-04-17 13:39:14,Closed,Pothole,QUEENS,nan,40.68226523856321,-73.8451331832496,8.147123782592592,4959.1547619047615,4660.0,9,0,31.100000381469727,1,Medium,14,0.004,0.996,0.0,0.0,2026-04-25 17:11:05,2,4,4,1,2026-04-17 13:39:14,0.0
68706887,2026-04-17 13:38:05,2026-04-17 13:38:05,Closed,Pothole,MANHATTAN,nan,40.818235714146496,-73.95272211830316,8.147922393703704,16591.571428571428,6876.0,13,0,41.29999923706055,1,Medium,14,0.0,1.0,0.0,0.0,2026-04-25 17:11:05,0,4,4,1,2026-04-17 13:38:05,0.0
68705433,2026-04-17 13:36:27,2026-04-17 15:21:00,Closed,Pothole,QUEENS,nan,40.728370959098946,-73.87113346680071,8.149056652962964,4959.1547619047615,4660.0,10,0,29.899999618530273,1,Medium,14,0.003,0.997,0.0,0.0,2026-04-25 17:11:05,2,4,4,1,2026-04-17 15:21:00,0.0
68701085,2026-04-17 13:32:01,2026-04-17 13:32:01,Closed,Pothole,BRONX,nan,40.85712851005098,-73.88079263989022,8.152135356666667,6677.6,6655.5,28,1,33.20000076293945,1,Medium,14,0.0,1.0,0.0,0.0,2026-04-25 17:11:05,3,4,4,1,2026-04-17 13:32:01,0.0
68704515,2026-04-17 13:16:36,,Open,Pothole,MANHATTAN,nan,40.78326157248976,-73.95073925678315,8.162841375185184,16591.571428571428,6876.0,17,0,62.6,2,High,7,0.374,0.313,0.188,0.125,2026-04-25 17:11:05,0,4,4,1,,
68697199,2026-04-17 13:16:34,,Open,Pothole,MANHATTAN,nan,40.73952289028916,-73.98685029320727,8.162864523333333,16591.571428571428,6876.0,27,0,62.6,2,High,7,0.374,0.313,0.188,0.125,2026-04-25 17:11:05,0,4,4,1,,
68698645,2026-04-17 13:10:40,,Open,Pothole,STATEN ISLAND,WEST SHORE PARKWAY,40.52538679979101,-74.23926400287598,8.166961745555556,23788.714285714286,2762.0,2,0,36.6,1,Medium,14,0.634,0.183,0.11,0.073,2026-04-25 17:11:05,4,4,4,1,,
68703030,2026-04-17 13:09:38,2026-04-18 14:06:00,Closed,Pothole,BROOKLYN,nan,40.63542829950372,-73.92473771043765,8.167679338148147,5664.555555555556,6673.0,10,1,32.20000076293945,1,Medium,14,0.003,0.997,0.0,0.0,2026-04-25 17:11:05,1,4,4,1,2026-04-18 14:06:00,1.0
68706875,2026-04-17 12:59:55,2026-04-17 20:15:00,Closed,Pothole,QUEENS,nan,40.69908372014608,-73.75824450519117,8.174427023333333,4959.1547619047615,4660.0,4,1,24.5,0,Low,30,0.883,0.117,0.0,0.0,2026-04-25 17:11:05,2,4,4,1,2026-04-17 20:15:00,0.0
68697188,2026-04-17 12:55:18,2026-04-18 21:20:00,Closed,Pothole,STATEN ISLAND,nan,40.55076828707054,-74.1501611921093,8.177633041851852,23788.714285714286,2762.0,9,1,40.400001525878906,1,Medium,14,0.0,1.0,0.0,0.0,2026-04-25 17:11:05,4,4,4,1,2026-04-18 21:20:00,1.0
68704516,2026-04-17 12:54:32,,Open,Pothole,MANHATTAN,nan,40.76718457129881,-73.96246950211095,8.178165449259259,16591.571428571428,6876.0,16,0,62.6,2,High,7,0.374,0.313,0.188,0.125,2026-04-25 17:11:05,0,4,4,1,,
68699646,2026-04-17 12:54:00,2026-04-17 12:54:00,Closed,Pothole,BRONX,nan,40.8248480272072,-73.91130992324541,8.17853581962963,6677.6,6655.5,25,1,29.399999618530273,1,Medium,14,0.0,1.0,0.0,0.0,2026-04-25 17:11:05,3,4,4,1,2026-04-17 12:54:00,0.0
68701099,2026-04-17 12:43:53,2026-04-17 12:43:53,Closed,Pothole,BROOKLYN,STREET OF ARTS,40.68785712540414,-73.97923783074734,8.185561282592593,5664.555555555556,6673.0,51,1,30.399999618530273,1,Medium,14,0.003,0.997,0.0,0.0,2026-04-25 17:11:05,1,4,4,1,2026-04-17 12:43:53,0.0
68699639,2026-04-17 12:32:13,2026-04-17 20:45:00,Closed,Pothole,QUEENS,nan,40.74726127552869,-73.87444248255758,8.193663134444444,4959.1547619047615,4660.0,16,0,28.5,1,Medium,14,0.002,0.998,0.0,0.0,2026-04-25 17:11:05,2,4,4,1,2026-04-17 20:45:00,0.0
68697189,2026-04-17 12:29:46,,Open,Pothole,STATEN ISLAND,nan,40.56276827638479,-74.1808664677,8.195364523333334,23788.714285714286,2762.0,4,0,41.9,1,Medium,14,0.581,0.21,0.126,0.084,2026-04-25 17:11:05,4,4,4,1,,
68704499,2026-04-17 12:27:58,,Open,Pothole,STATEN ISLAND,nan,40.598934991868184,-74.06375918970949,8.196614523333333,23788.714285714286,2762.0,4,1,41.9,1,Medium,14,0.581,0.21,0.126,0.084,2026-04-25 17:11:05,4,4,4,1,,
68700127,2026-04-17 12:27:50,,Open,Pothole,STATEN ISLAND,nan,40.54837734970582,-74.1892978579241,8.196707115925927,23788.714285714286,2762.0,0,0,31.3,1,Medium,14,0.687,0.156,0.094,0.063,2026-04-25 17:11:05,4,4,4,0,,
68698646,2026-04-17 12:26:18,,Open,Pothole,STATEN ISLAND,nan,40.532741314617205,-74.19023567217737,8.19777193074074,23788.714285714286,2762.0,2,0,36.6,1,Medium,14,0.634,0.183,0.11,0.073,2026-04-25 17:11:05,4,4,4,1,,
68704022,2026-04-17 12:25:30,2026-04-17 15:02:00,Closed,Pothole,QUEENS,nan,40.76090926079676,-73.8729367561121,8.198327486296296,4959.1547619047615,4660.0,10,1,30.0,1,Medium,14,0.009,0.991,0.0,0.0,2026-04-25 17:11:05,2,4,4,1,2026-04-17 15:02:00,0.0
68696695,2026-04-17 12:25:26,2026-04-17 12:25:26,Closed,Pothole,STATEN ISLAND,nan,40.5337038558157,-74.18743956709913,8.198373782592592,23788.714285714286,2762.0,0,0,29.899999618530273,1,Medium,14,0.017,0.983,0.0,0.0,2026-04-25 17:11:05,4,4,4,0,2026-04-17 12:25:26,0.0
68700128,2026-04-17 12:24:28,,Open,Pothole,STATEN ISLAND,nan,40.53309116630536,-74.18947400771796,8.199045078888888,23788.714285714286,2762.0,1,0,33.9,1,Medium,14,0.661,0.17,0.102,0.068,2026-04-25 17:11:05,4,4,4,1,,
68697204,2026-04-17 12:18:41,2026-04-18 15:10:00,Closed,Pothole,BROOKLYN,nan,40.70822958921699,-73.94164039811469,8.203061282592593,5664.555555555556,6673.0,34,1,29.899999618530273,1,Medium,14,0.002,0.998,0.0,0.0,2026-04-25 17:11:05,1,4,4,1,2026-04-18 15:10:00,1.0
68701555,2026-04-17 12:15:25,,Pending,Pothole,QUEENS,nan,40.75557132920471,-73.9117631084856,8.20532980111111,4959.1547619047615,4660.0,4,0,24.0,0,Low,30,0.731,0.268,0.0,0.0,2026-04-25 17:11:05,2,4,4,1,,
68705436,2026-04-17 12:10:30,2026-04-17 15:45:00,Closed,Pothole,QUEENS,nan,40.7478190517708,-73.86063683487203,8.208744152962963,4959.1547619047615,4660.0,11,1,30.200000762939453,1,Medium,14,0.001,0.999,0.0,0.0,2026-04-25 17:11:05,2,4,4,1,2026-04-17 15:45:00,0.0
68697205,2026-04-17 12:06:36,2026-04-18 14:55:00,Closed,Pothole,BROOKLYN,nan,40.70046471870442,-73.9474860830586,8.211452486296297,5664.555555555556,6673.0,15,1,31.0,1,Medium,14,0.002,0.998,0.0,0.0,2026-04-25 17:11:05,1,4,4,1,2026-04-18 14:55:00,1.0
68698647,2026-04-17 11:55:36,2026-04-18 08:00:00,Closed,Pothole,STATEN ISLAND,nan,40.62854357179462,-74.07646859917085,8.219091375185185,23788.714285714286,2762.0,6,0,33.5,1,Medium,14,0.0,1.0,0.0,0.0,2026-04-25 17:11:05,4,4,4,1,2026-04-18 08:00:00,0.0
68699640,2026-04-17 11:53:00,2026-04-17 21:47:00,Closed,Pothole,QUEENS,nan,40.695314114732966,-73.79910210930784,8.220896930740741,4959.1547619047615,4660.0,8,1,29.0,1,Medium,14,0.013,0.987,0.0,0.0,2026-04-25 17:11:05,2,4,4,1,2026-04-17 21:47:00,0.0
68704023,2026-04-17 11:51:41,2026-04-17 11:51:41,Closed,Pothole,QUEENS,nan,40.69498613184721,-73.79990006562997,8.221811282592592,4959.1547619047615,4660.0,16,1,30.200000762939453,1,Medium,14,0.001,0.999,0.0,0.0,2026-04-25 17:11:05,2,4,4,1,2026-04-17 11:51:41,0.0
68700145,2026-04-17 11:32:31,,Open,Pothole,MANHATTAN,nan,40.732848329178424,-73.99591548380599,8.235121467777777,16591.571428571428,6876.0,8,0,44.0,1,Medium,7,0.56,0.22,0.132,0.088,2026-04-25 17:11:05,0,4,4,1,,
68698662,2026-04-17 11:23:36,,Open,Pothole,MANHATTAN,nan,40.76228800498854,-73.97236318160728,8.241313597407407,16591.571428571428,6876.0,33,0,62.7,2,High,7,0.373,0.313,0.188,0.125,2026-04-25 17:11:05,0,4,4,1,,
68705448,2026-04-17 11:16:27,2026-04-17 11:16:27,Closed,Pothole,MANHATTAN,nan,40.73396496976481,-73.98877821707838,8.246278875185185,16591.571428571428,6876.0,27,0,40.099998474121094,1,Medium,14,0.0,1.0,0.0,0.0,2026-04-25 17:11:05,0,4,4,1,2026-04-17 11:16:27,0.0
68700151,2026-04-17 11:16:11,,Pending,Pothole,QUEENS,nan,40.66563561959236,-73.75816027212049,8.24646406037037,4959.1547619047615,4660.0,29,1,28.399999618530273,1,Medium,14,0.005,0.995,0.0,0.0,2026-04-25 17:11:05,2,4,4,1,,
68705440,2026-04-17 11:15:31,2026-04-17 21:45:00,Closed,Pothole,QUEENS,nan,40.758392319232605,-73.78144489023215,8.246927023333333,4959.1547619047615,4660.0,11,0,30.600000381469727,1,Medium,14,0.002,0.998,0.0,0.0,2026-04-25 17:11:05,2,4,4,1,2026-04-17 21:45:00,0.0
68706878,2026-04-17 11:14:54,2026-04-17 16:12:00,Closed,Pothole,QUEENS,nan,40.66595410725681,-73.76083014436087,8.247355264074073,4959.1547619047615,4660.0,26,1,27.600000381469727,1,Medium,14,0.003,0.997,0.0,0.0,2026-04-25 17:11:05,2,4,4,1,2026-04-17 16:12:00,0.0
68704025,2026-04-17 11:07:17,2026-04-17 16:54:00,Closed,Pothole,QUEENS,FARMERS BOULEVARD,40.665660597193884,-73.76761506980566,8.252644615925925,9202.285714285714,17610.0,12,0,33.0,1,Medium,14,0.0,1.0,0.0,0.0,2026-04-25 17:11:05,2,4,4,1,2026-04-17 16:54:00,0.0
68701070,2026-04-17 11:02:13,,Open,Pothole,STATEN ISLAND,RICHMOND AVENUE,40.6162477356363,-74.15680277454403,8.256163134444444,23788.714285714286,75120.0,9,0,55.3,2,High,14,0.447,0.276,0.166,0.111,2026-04-25 17:11:05,4,4,4,1,,
68704526,2026-04-17 11:00:51,,Pending,Pothole,QUEENS,nan,40.75307125129423,-73.79237698006892,8.25711220851852,4959.1547619047615,4660.0,8,0,27.399999618530273,1,Medium,14,0.015,0.985,0.0,0.0,2026-04-25 17:11:05,2,4,4,1,,
68697190,2026-04-17 10:56:48,,Open,Pothole,STATEN ISLAND,nan,40.555666307905774,-74.21350157580163,8.259924708518518,23788.714285714286,2762.0,2,1,36.6,1,Medium,14,0.634,0.183,0.11,0.073,2026-04-25 17:11:05,4,4,4,1,,
68696712,2026-04-17 10:13:43,2026-04-17 10:13:43,Closed,Pothole,MANHATTAN,nan,40.762179295833846,-73.96612906924031,8.28984369,16591.571428571428,6876.0,36,0,40.0,1,Medium,14,0.0,0.999,0.0,0.0,2026-04-25 17:11:05,0,4,4,1,2026-04-17 10:13:43,0.0
68700129,2026-04-17 10:13:36,,Open,Pothole,STATEN ISLAND,nan,40.60142800559859,-74.09784625759521,8.289924708518518,23788.714285714286,2762.0,0,1,31.3,1,Medium,14,0.687,0.157,0.094,0.063,2026-04-25 17:11:05,4,4,4,0,,
68707384,2026-04-17 10:08:32,,Open,Pothole,MANHATTAN,nan,40.77700565044055,-73.96372768490096,8.293443227037036,16591.571428571428,6876.0,11,1,52.0,2,High,7,0.48,0.26,0.156,0.104,2026-04-25 17:11:05,0,4,4,1,,
68702540,2026-04-17 10:07:30,2026-04-17 10:07:30,Closed,Pothole,MANHATTAN,nan,40.768023997074046,-73.97028136310426,8.29416081962963,16591.571428571428,6876.0,10,0,40.599998474121094,1,Medium,14,0.0,1.0,0.0,0.0,2026-04-25 17:11:05,0,4,4,1,2026-04-17 10:07:30,0.0
68702532,2026-04-17 09:56:26,2026-04-17 20:45:00,Closed,Pothole,QUEENS,nan,40.70737699885929,-73.86228315375102,8.301846004814815,4959.1547619047615,4660.0,5,1,24.399999618530273,1,Medium,14,0.284,0.716,0.0,0.0,2026-04-25 17:11:05,2,4,4,1,2026-04-17 20:45:00,0.0
68701090,2026-04-17 09:54:24,2026-04-17 16:54:00,Closed,Pothole,QUEENS,nan,40.70566482104637,-73.86507111185703,8.303258041851851,4959.1547619047615,4660.0,7,1,26.5,1,Medium,14,0.161,0.839,0.0,0.0,2026-04-25 17:11:05,2,4,4,1,2026-04-17 16:54:00,0.0
68732592,2026-04-17 09:54:09,2026-04-18 11:10:00,Closed,Pothole,QUEENS,nan,40.743216338952784,-73.90716021602749,8.303431652962963,4959.1547619047615,4660.0,11,0,29.399999618530273,1,Medium,14,0.001,0.999,0.0,0.0,2026-04-25 17:11:05,2,4,4,1,2026-04-18 11:10:00,1.0
68736960,2026-04-17 09:53:30,2026-04-18 09:00:00,Closed,Pothole,QUEENS,nan,40.75870642509298,-73.93791795808862,8.303883041851853,4959.1547619047615,4660.0,15,0,29.5,1,Medium,14,0.018,0.982,0.0,0.0,2026-04-25 17:11:05,2,4,4,1,2026-04-18 09:00:00,0.0
68732593,2026-04-17 09:53:05,2026-04-18 08:30:00,Closed,Pothole,QUEENS,nan,40.7675816573985,-73.91088798914703,8.304172393703704,4959.1547619047615,4660.0,14,1,27.899999618530273,1,Medium,14,0.005,0.995,0.0,0.0,2026-04-25 17:11:05,2,4,4,1,2026-04-18 08:30:00,0.0
68729565,2026-04-17 09:51:18,2026-04-18 15:09:00,Closed,Pothole,QUEENS,68 AVENUE,40.71511497394778,-73.8559472206347,8.30541081962963,4959.1547619047615,3447.0,0,1,15.800000190734863,0,Low,30,1.0,0.0,0.0,0.0,2026-04-25 17:11:05,2,4,4,0,2026-04-18 15:09:00,1.0
68729566,2026-04-17 09:50:57,2026-04-18 14:51:00,Closed,Pothole,QUEENS,68 AVENUE,40.714547255487666,-73.85630556476355,8.305653875185184,4959.1547619047615,3447.0,0,1,15.800000190734863,0,Low,30,1.0,0.0,0.0,0.0,2026-04-25 17:11:05,2,4,4,0,2026-04-18 14:51:00,1.0
68706880,2026-04-17 09:50:06,2026-04-18 14:23:00,Closed,Pothole,QUEENS,nan,40.71645668932115,-73.85777324586378,8.306244152962963,4959.1547619047615,4660.0,1,0,17.399999618530273,0,Low,30,0.999,0.001,0.0,0.0,2026-04-25 17:11:05,2,4,4,1,2026-04-18 14:23:00,1.0
68700130,2026-04-17 09:45:52,,Open,Pothole,STATEN ISLAND,nan,40.61011319273871,-74.13512473511176,8.309183967777777,23788.714285714286,2762.0,2,1,36.6,1,Medium,14,0.634,0.183,0.11,0.073,2026-04-25 17:11:05,4,4,4,1,,
68700131,2026-04-17 09:45:24,,Open,Pothole,STATEN ISLAND,nan,40.61000078442329,-74.13733228493356,8.309508041851851,23788.714285714286,2762.0,1,1,34.0,1,Medium,14,0.66,0.17,0.102,0.068,2026-04-25 17:11:05,4,4,4,1,,
68702534,2026-04-17 09:45:22,2026-04-17 16:51:00,Closed,Pothole,QUEENS,nan,40.66487130427109,-73.77233619535336,8.30953119,4959.1547619047615,4660.0,2,0,18.299999237060547,0,Low,30,0.999,0.001,0.0,0.0,2026-04-25 17:11:05,2,4,4,1,2026-04-17 16:51:00,0.0
68700132,2026-04-17 09:44:16,,Open,Pothole,STATEN ISLAND,nan,40.61025644946452,-74.13231216922925,8.310295078888888,23788.714285714286,2762.0,10,1,58.0,2,High,14,0.42,0.29,0.174,0.116,2026-04-25 17:11:05,4,4,4,1,,
68729567,2026-04-17 09:41:14,2026-04-18 13:51:00,Closed,Pothole,QUEENS,nan,40.744640341462166,-73.8335444492543,8.31240156037037,4959.1547619047615,4660.0,9,1,29.0,1,Medium,14,0.044,0.955,0.0,0.0,2026-04-25 17:11:05,2,4,4,1,2026-04-18 13:51:00,1.0
68701091,2026-04-17 09:41:10,2026-04-17 09:41:10,Closed,Pothole,QUEENS,nan,40.727058400631655,-73.87063089613612,8.312447856666667,4959.1547619047615,4660.0,7,0,24.600000381469727,0,Low,30,0.613,0.387,0.0,0.0,2026-04-25 17:11:05,2,4,4,1,2026-04-17 09:41:10,0.0
68731121,2026-04-17 09:40:18,2026-04-18 13:08:00,Closed,Pothole,QUEENS,nan,40.760254468857475,-73.83492043902002,8.313049708518518,4959.1547619047615,4660.0,23,1,30.0,1,Medium,14,0.014,0.986,0.0,0.0,2026-04-25 17:11:05,2,4,4,1,2026-04-18 13:08:00,1.0
68734007,2026-04-17 09:39:53,2026-04-18 12:10:00,Closed,Pothole,QUEENS,nan,40.79595431371528,-73.8267562471417,8.313339060370371,4959.1547619047615,4660.0,2,0,20.600000381469727,0,Low,30,0.999,0.001,0.0,0.0,2026-04-25 17:11:05,2,4,4,1,2026-04-18 12:10:00,1.0
68728136,2026-04-17 09:37:56,2026-04-18 09:05:00,Closed,Pothole,QUEENS,nan,40.77696327334447,-73.84801086453379,8.314693227037036,4959.1547619047615,4660.0,8,1,27.899999618530273,1,Medium,14,0.199,0.8,0.001,0.0,2026-04-25 17:11:05,2,4,4,1,2026-04-18 09:05:00,0.0
68729570,2026-04-17 09:37:25,2026-04-18 08:22:00,Closed,Pothole,QUEENS,nan,40.77574353756954,-73.84720127258007,8.315052023333333,4959.1547619047615,4660.0,6,1,24.399999618530273,0,Low,30,0.918,0.082,0.0,0.0,2026-04-25 17:11:05,2,4,4,1,2026-04-18 08:22:00,0.0
68706869,2026-04-17 09:37:08,2026-04-17 09:37:08,Closed,Pothole,STATEN ISLAND,nan,40.61307793694791,-74.12255699238123,8.315248782592592,23788.714285714286,2762.0,14,1,38.0,1,Medium,14,0.001,0.999,0.0,0.0,2026-04-25 17:11:05,4,4,4,1,2026-04-17 09:37:08,0.0
68706881,2026-04-17 09:27:55,2026-04-17 09:27:55,Closed,Pothole,QUEENS,nan,40.721376471944154,-73.79029310984477,8.321649245555555,4959.1547619047615,4660.0,10,0,30.100000381469727,1,Medium,14,0.004,0.996,0.0,0.0,2026-04-25 17:11:05,2,4,4,1,2026-04-17 09:27:55,0.0
68698185,2026-04-17 09:24:45,2026-04-17 09:24:45,Closed,Pothole,BRONX,nan,40.81916263363138,-73.87981290417615,8.32384831962963,6677.6,6655.5,0,0,20.899999618530273,0,Low,30,0.999,0.001,0.0,0.0,2026-04-25 17:11:05,3,4,4,0,2026-04-17 09:24:45,0.0
68703026,2026-04-17 09:23:59,,Open,Pothole,MANHATTAN,nan,40.74291043907456,-73.99280410305454,8.324380727037036,16591.571428571428,6876.0,35,0,62.7,2,High,7,0.373,0.313,0.188,0.125,2026-04-25 17:11:05,0,4,4,1,,
68699630,2026-04-17 09:21:24,2026-04-17 09:21:24,Closed,Pothole,STATEN ISLAND,nan,40.53716529880288,-74.15406647939025,8.326174708518518,23788.714285714286,2762.0,0,0,26.0,1,Medium,14,0.456,0.544,0.0,0.0,2026-04-25 17:11:05,4,4,4,0,2026-04-17 09:21:24,0.0
68698648,2026-04-17 09:20:02,,Open,Pothole,STATEN ISLAND,nan,40.53662383645062,-74.15461207264778,8.327123782592592,23788.714285714286,2762.0,0,0,31.3,1,Medium,14,0.687,0.157,0.094,0.063,2026-04-25 17:11:05,4,4,4,0,,
68703031,2026-04-17 09:08:27,2026-04-18 14:35:00,Closed,Pothole,BROOKLYN,nan,40.71261378549825,-73.94913218648492,8.335167764074074,5664.555555555556,6673.0,14,1,31.0,1,Medium,14,0.004,0.996,0.0,0.0,2026-04-25 17:11:05,1,4,4,1,2026-04-18 14:35:00,1.0
68704509,2026-04-17 08:56:58,2026-04-21 09:55:00,Closed,Pothole,BRONX,nan,40.81916263363138,-73.87981290417615,8.343142301111111,6677.6,6655.5,0,0,20.399999618530273,0,Low,30,0.999,0.001,0.0,0.0,2026-04-25 17:11:05,3,4,4,0,2026-04-21 09:55:00,4.0
68696713,2026-04-17 08:56:42,2026-04-17 08:56:42,Closed,Pothole,MANHATTAN,nan,40.7713904523201,-73.95043032980328,8.343327486296296,16591.571428571428,6876.0,4,0,31.299999237060547,1,Medium,14,0.002,0.997,0.0,0.0,2026-04-25 17:11:05,0,4,4,1,2026-04-17 08:56:42,0.0
68703033,2026-04-17 08:50:00,,Pending,Pothole,QUEENS,nan,40.76197072257963,-73.92538165997419,8.347980264074074,4959.1547619047615,4660.0,17,0,27.0,0,Low,30,0.735,0.265,0.0,0.0,2026-04-25 17:11:05,2,4,4,1,,
68706882,2026-04-17 08:39:43,2026-04-17 16:54:00,Closed,Pothole,QUEENS,nan,40.59924332746669,-73.75248426592958,8.355121467777778,4959.1547619047615,4660.0,9,0,24.700000762939453,0,Low,30,0.913,0.087,0.0,0.0,2026-04-25 17:11:05,2,4,4,1,2026-04-17 16:54:00,0.0
68706884,2026-04-17 08:02:27,2026-04-17 08:02:27,Closed,Pothole,BRONX,nan,40.89856485840039,-73.85865322294433,8.381001097407408,6677.6,6655.5,9,1,29.899999618530273,1,Medium,14,0.003,0.997,0.0,0.0,2026-04-25 17:11:05,3,4,4,1,2026-04-17 08:02:27,0.0
68698186,2026-04-17 07:09:56,2026-04-17 07:09:56,Closed,Pothole,QUEENS,nan,40.73177902884212,-73.77010866842208,8.417471004814814,4959.1547619047615,4660.0,5,1,23.0,0,Low,30,0.95,0.049,0.0,0.0,2026-04-25 17:11:05,2,4,4,1,2026-04-17 07:09:56,0.0
68701553,2026-04-17 07:03:04,,Open,Pothole,BROOKLYN,nan,40.68794532805889,-73.98140128335098,8.422239523333333,5664.555555555556,6673.0,43,0,49.6,1,Medium,14,0.504,0.248,0.149,0.099,2026-04-25 17:11:05,1,4,4,1,,
68698663,2026-04-17 06:30:22,2026-04-18 18:23:00,Closed,Pothole,BROOKLYN,nan,40.58957257336781,-73.9839022169243,8.444947856666667,5664.555555555556,6673.0,5,0,27.0,1,Medium,14,0.178,0.821,0.0,0.0,2026-04-25 17:11:05,1,4,4,1,2026-04-18 18:23:00,1.0
68700141,2026-04-17 06:21:34,,Open,Pothole,BRONX,nan,40.836793833484165,-73.8466779881566,8.451058967777778,6677.6,6655.5,7,0,29.5,1,Medium,14,0.705,0.147,0.088,0.059,2026-04-25 17:11:05,3,4,4,1,,
68700153,2026-04-17 05:43:01,,Pending,Pothole,QUEENS,nan,40.74478208021145,-73.93260783965736,8.477829801111112,4959.1547619047615,4660.0,17,0,30.200000762939453,1,Medium,14,0.025,0.975,0.0,0.0,2026-04-25 17:11:05,2,4,4,1,,
68704028,2026-04-17 05:26:31,2026-04-17 21:15:00,Closed,Pothole,QUEENS,nan,40.68913311308625,-73.82085332728514,8.489288134444445,4959.1547619047615,4660.0,8,1,26.299999237060547,1,Medium,14,0.249,0.751,0.0,0.0,2026-04-25 17:11:05,2,4,4,1,2026-04-17 21:15:00,0.0
68693703,2026-04-17 01:29:29,2026-04-17 01:29:29,Closed,Pothole,QUEENS,nan,40.73177902884212,-73.77010866842208,8.653894615925926,4959.1547619047615,4660.0,5,1,23.0,0,Low,30,0.95,0.049,0.0,0.0,2026-04-25 17:11:05,2,4,4,1,2026-04-17 01:29:29,0.0
68694219,2026-04-17 01:28:11,2026-04-17 21:45:00,Closed,Pothole,QUEENS,nan,40.725476145414376,-73.76557731286611,8.654797393703703,4959.1547619047615,4660.0,31,1,29.5,1,Medium,14,0.017,0.983,0.0,0.0,2026-04-25 17:11:05,2,4,4,1,2026-04-17 21:45:00,0.0
68690803,2026-04-17 01:27:09,2026-04-17 01:27:09,Closed,Pothole,QUEENS,nan,40.69104664978981,-73.73922324000723,8.655514986296296,4959.1547619047615,4660.0,2,0,19.200000762939453,0,Low,30,0.995,0.005,0.0,0.0,2026-04-25 17:11:05,2,4,4,1,2026-04-17 01:27:09,0.0
68685350,2026-04-17 01:26:10,,Pending,Pothole,QUEENS,nan,40.70327874865508,-73.73620712128428,8.656197856666667,4959.1547619047615,4660.0,7,1,25.399999618530273,0,Low,30,0.673,0.326,0.0,0.0,2026-04-25 17:11:05,2,4,4,1,,
68687872,2026-04-17 01:24:40,2026-04-17 01:24:40,Closed,Pothole,QUEENS,nan,40.705490887638646,-73.72788837873111,8.657239523333333,4959.1547619047615,4660.0,3,0,20.600000381469727,0,Low,30,0.765,0.235,0.0,0.0,2026-04-25 17:11:05,2,4,4,1,2026-04-17 01:24:40,0.0
68689829,2026-04-17 01:22:51,,Pending,Pothole,QUEENS,nan,40.68848534557373,-73.76582995965448,8.658501097407408,4959.1547619047615,4660.0,3,1,24.200000762939453,1,Medium,14,0.407,0.593,0.0,0.0,2026-04-25 17:11:05,2,4,4,1,,
68694220,2026-04-17 01:22:13,2026-04-17 19:24:00,Closed,Pothole,QUEENS,nan,40.68625095400348,-73.76847358848285,8.658940912222223,4959.1547619047615,4660.0,1,1,22.200000762939453,0,Low,30,0.981,0.019,0.0,0.0,2026-04-25 17:11:05,2,4,4,1,2026-04-17 19:24:00,0.0
68693704,2026-04-17 01:20:00,2026-04-17 01:20:00,Closed,Pothole,QUEENS,nan,40.67948147234004,-73.7574034114413,8.660480264074074,4959.1547619047615,4660.0,11,0,29.799999237060547,1,Medium,14,0.0,1.0,0.0,0.0,2026-04-25 17:11:05,2,4,4,1,2026-04-17 01:20:00,0.0
68695659,2026-04-17 00:43:50,2026-04-18 12:25:00,Closed,Pothole,QUEENS,nan,40.76660679840425,-73.8911639196689,8.685596004814816,4959.1547619047615,4660.0,22,0,32.099998474121094,1,Medium,14,0.001,0.999,0.0,0.0,2026-04-25 17:11:05,2,4,4,1,2026-04-18 12:25:00,1.0
68685372,2026-04-17 00:09:39,,Open,Pothole,STATEN ISLAND,nan,40.60478726978076,-74.08446871017495,8.709334430740741,23788.714285714286,2762.0,5,1,44.8,1,Medium,14,0.552,0.224,0.134,0.09,2026-04-25 17:11:05,4,4,4,1,,
68692771,2026-04-16 23:28:44,,Open,Pothole,MANHATTAN,nan,40.79532613037451,-73.97128765081636,8.737748782592593,16591.571428571428,6876.0,50,1,62.8,2,High,7,0.372,0.314,0.188,0.126,2026-04-25 17:11:05,0,4,3,1,,
68685358,2026-04-16 23:26:20,,Open,Pothole,MANHATTAN,nan,40.787859442428896,-73.96744854194469,8.739415449259258,16591.571428571428,6876.0,4,0,33.5,1,Medium,7,0.665,0.167,0.1,0.067,2026-04-25 17:11:05,0,4,3,1,,
68687884,2026-04-16 23:24:59,2026-04-16 23:24:59,Closed,Pothole,MANHATTAN,nan,40.801352652225354,-73.96787537678244,8.74035294925926,16591.571428571428,6876.0,13,1,39.5,1,Medium,14,0.0,1.0,0.0,0.0,2026-04-25 17:11:05,0,4,3,1,2026-04-16 23:24:59,0.0
68686827,2026-04-16 23:24:05,,Pending,Pothole,QUEENS,nan,40.75903640272996,-73.88789511644337,8.740977949259259,4959.1547619047615,4660.0,13,0,31.0,1,Medium,14,0.002,0.998,0.0,0.0,2026-04-25 17:11:05,2,4,3,1,,
68692762,2026-04-16 23:23:48,,Open,Pothole,QUEENS,nan,40.73905612370156,-73.81811009842293,8.741174708518518,4959.1547619047615,4660.0,6,0,24.9,0,Low,14,0.751,0.124,0.075,0.05,2026-04-25 17:11:05,2,4,3,1,,
68687873,2026-04-16 23:23:23,2026-04-16 23:23:23,Closed,Pothole,QUEENS,nan,40.7599300035456,-73.89845559346726,8.74146406037037,4959.1547619047615,4660.0,8,0,29.200000762939453,1,Medium,14,0.201,0.799,0.0,0.0,2026-04-25 17:11:05,2,4,3,1,2026-04-16 23:23:23,0.0
68692778,2026-04-16 23:21:13,,Open,Pothole,BRONX,nan,40.816535060010715,-73.92821792098728,8.74296869,6677.6,6655.5,16,1,50.9,2,High,14,0.491,0.255,0.153,0.102,2026-04-25 17:11:05,3,4,3,1,,
68690805,2026-04-16 23:13:55,2026-04-16 23:13:55,Closed,Pothole,QUEENS,nan,40.761217008162774,-73.8863970016137,8.748038134444444,4959.1547619047615,4660.0,7,0,27.600000381469727,1,Medium,14,0.051,0.949,0.0,0.0,2026-04-25 17:11:05,2,4,3,1,2026-04-16 23:13:55,0.0
68689370,2026-04-16 23:12:17,2026-04-16 23:12:17,Closed,Pothole,QUEENS,nan,40.74754222956121,-73.8887553620472,8.749172393703704,4959.1547619047615,4660.0,30,1,30.399999618530273,1,Medium,14,0.002,0.998,0.0,0.0,2026-04-25 17:11:05,2,4,3,1,2026-04-16 23:12:17,0.0
68698187,2026-04-16 22:59:34,2026-04-17 22:10:00,Closed,Pothole,MANHATTAN,nan,40.74277264647343,-73.98659703808624,8.758003412222223,16591.571428571428,6876.0,23,1,39.900001525878906,1,Medium,14,0.0,1.0,0.0,0.0,2026-04-25 17:11:05,0,4,3,1,2026-04-17 22:10:00,0.0
68705443,2026-04-16 22:58:13,2026-04-17 21:45:00,Closed,Pothole,MANHATTAN,nan,40.74345077438843,-73.9881919930764,8.758940912222222,16591.571428571428,6876.0,16,1,41.0,1,Medium,14,0.0,1.0,0.0,0.0,2026-04-25 17:11:05,0,4,3,1,2026-04-17 21:45:00,0.0
68701094,2026-04-16 22:56:35,2026-04-17 20:50:00,Closed,Pothole,MANHATTAN,nan,40.74972471150874,-73.98362170473887,8.760075171481482,16591.571428571428,6876.0,44,1,40.099998474121094,1,Medium,14,0.0,1.0,0.0,0.0,2026-04-25 17:11:05,0,4,3,1,2026-04-17 20:50:00,0.0
68706885,2026-04-16 22:55:35,2026-04-17 19:20:00,Closed,Pothole,MANHATTAN,nan,40.75034221521698,-73.98317401491664,8.760769615925925,16591.571428571428,6876.0,39,0,40.400001525878906,1,Medium,14,0.0,1.0,0.0,0.0,2026-04-25 17:11:05,0,4,3,1,2026-04-17 19:20:00,0.0
68698188,2026-04-16 22:54:49,2026-04-17 18:50:00,Closed,Pothole,MANHATTAN,nan,40.75034221521698,-73.98317401491664,8.761302023333334,16591.571428571428,6876.0,39,0,40.400001525878906,1,Medium,14,0.0,1.0,0.0,0.0,2026-04-25 17:11:05,0,4,3,1,2026-04-17 18:50:00,0.0
68706886,2026-04-16 22:52:53,2026-04-17 17:10:00,Closed,Pothole,MANHATTAN,nan,40.74647771285205,-73.9838967845674,8.762644615925925,16591.571428571428,6876.0,23,1,41.099998474121094,1,Medium,14,0.0,1.0,0.0,0.0,2026-04-25 17:11:05,0,4,3,1,2026-04-17 17:10:00,0.0
68684885,2026-04-16 22:08:40,2026-04-16 22:08:40,Closed,Pothole,MANHATTAN,nan,40.76671457146749,-73.98287746335355,8.793350634444444,16591.571428571428,6876.0,36,0,39.20000076293945,1,Medium,14,0.0,1.0,0.0,0.0,2026-04-25 17:11:05,0,4,3,1,2026-04-16 22:08:40,0.0
68694221,2026-04-16 22:01:49,2026-04-17 20:45:00,Closed,Pothole,QUEENS,nan,40.7599300035456,-73.89845559346726,8.798107578888889,4959.1547619047615,4660.0,8,0,25.700000762939453,0,Low,30,0.652,0.347,0.0,0.0,2026-04-25 17:11:05,2,4,3,1,2026-04-17 20:45:00,0.0
68688382,2026-04-16 22:00:07,,Open,Pothole,MANHATTAN,nan,40.760155903408695,-73.99879796685204,8.799288134444444,16591.571428571428,6876.0,22,1,62.8,2,High,7,0.372,0.314,0.189,0.126,2026-04-25 17:11:05,0,4,3,1,,
68694228,2026-04-16 21:55:30,,Open,Pothole,MANHATTAN,nan,40.748891258441795,-74.00702330623152,8.802494152962963,16591.571428571428,6876.0,15,0,62.8,2,High,7,0.372,0.314,0.189,0.126,2026-04-25 17:11:05,0,4,3,1,,
68693724,2026-04-16 21:54:33,2026-04-16 21:54:33,Closed,Pothole,MANHATTAN,nan,40.75958880689541,-73.96805073559709,8.803153875185185,16591.571428571428,6876.0,21,0,37.79999923706055,1,Medium,14,0.0,1.0,0.0,0.0,2026-04-25 17:11:05,0,4,3,1,2026-04-16 21:54:33,0.0
68695666,2026-04-16 21:54:32,,Open,Pothole,MANHATTAN,nan,40.74649255468646,-74.00132449156148,8.803165449259259,16591.571428571428,6876.0,14,0,60.2,2,High,7,0.398,0.301,0.181,0.12,2026-04-25 17:11:05,0,4,3,1,,
68692774,2026-04-16 21:33:18,,Open,Pothole,BROOKLYN,nan,40.62256612755413,-73.99798633216908,8.81791081962963,5664.555555555556,6673.0,16,1,49.7,1,Medium,14,0.503,0.249,0.149,0.099,2026-04-25 17:11:05,1,4,3,1,,
68687894,2026-04-16 21:20:09,2026-04-16 21:20:09,Closed,Pothole,BRONX,nan,40.85495985207665,-73.90396414572365,8.827042764074074,6677.6,6655.5,16,1,32.20000076293945,1,Medium,14,0.0,1.0,0.0,0.0,2026-04-25 17:11:05,3,4,3,1,2026-04-16 21:20:09,0.0
68695667,2026-04-16 20:19:29,,Open,Pothole,MANHATTAN,nan,40.768485842587054,-73.95550115799429,8.869172393703703,16591.571428571428,6876.0,10,0,49.5,1,Medium,7,0.505,0.248,0.149,0.099,2026-04-25 17:11:05,0,4,3,1,,
68689832,2026-04-16 19:52:43,2026-04-18 08:00:00,Closed,Pothole,QUEENS,nan,40.70299771958722,-73.91106809219384,8.887760356666666,4959.1547619047615,4660.0,14,1,28.0,1,Medium,14,0.001,0.999,0.0,0.0,2026-04-25 17:11:05,2,4,3,1,2026-04-18 08:00:00,1.0
68691303,2026-04-16 19:38:33,2026-04-18 13:38:00,Closed,Pothole,MANHATTAN,nan,40.70579324370505,-74.00387005930732,8.89759831962963,16591.571428571428,6876.0,8,1,36.79999923706055,1,Medium,14,0.0,0.999,0.0,0.0,2026-04-25 17:11:05,0,4,3,1,2026-04-18 13:38:00,1.0
68686830,2026-04-16 19:32:35,2026-04-19 20:22:00,Closed,Pothole,QUEENS,nan,40.74519919330473,-73.90859018646765,8.901741838148148,4959.1547619047615,4660.0,9,0,28.399999618530273,1,Medium,14,0.006,0.994,0.0,0.0,2026-04-25 17:11:05,2,4,3,1,2026-04-19 20:22:00,3.0
68691307,2026-04-16 19:12:03,2026-04-18 15:27:00,Closed,Pothole,BROOKLYN,nan,40.61627516312267,-73.9386195306874,8.916001097407408,5664.555555555556,6673.0,1,1,19.600000381469727,0,Low,30,0.998,0.002,0.0,0.0,2026-04-25 17:11:05,1,4,3,1,2026-04-18 15:27:00,1.0
68692775,2026-04-16 18:46:00,,Open,Pothole,BROOKLYN,nan,40.67910985742824,-73.8806133205528,8.934091375185185,5664.555555555556,6673.0,17,0,49.8,1,Medium,14,0.502,0.249,0.149,0.1,2026-04-25 17:11:05,1,4,3,1,,
68688391,2026-04-16 18:37:08,,Open,Pothole,BRONX,nan,40.88556908592054,-73.91876212877358,8.940248782592592,6677.6,6655.5,0,0,11.0,0,Low,14,0.89,0.055,0.033,0.022,2026-04-25 17:11:05,3,4,3,0,,
68684872,2026-04-16 18:30:06,2026-04-16 18:30:06,Closed,Pothole,QUEENS,nan,40.761217008162774,-73.8863970016137,8.945133041851852,4959.1547619047615,4660.0,7,0,26.299999237060547,1,Medium,14,0.192,0.807,0.0,0.0,2026-04-25 17:11:05,2,4,3,1,2026-04-16 18:30:06,0.0
68689834,2026-04-16 18:28:16,2026-04-18 08:55:00,Closed,Pothole,QUEENS,nan,40.69335210250701,-73.90040331190272,8.94640619,4959.1547619047615,4660.0,4,1,23.200000762939453,0,Low,30,0.98,0.02,0.0,0.0,2026-04-25 17:11:05,2,4,3,1,2026-04-18 08:55:00,1.0
68686360,2026-04-16 18:21:27,2026-04-16 18:21:27,Closed,Pothole,MANHATTAN,nan,40.76399117644479,-73.95878196601016,8.951139986296296,16591.571428571428,6876.0,20,1,38.20000076293945,1,Medium,14,0.0,1.0,0.0,0.0,2026-04-25 17:11:05,0,4,3,1,2026-04-16 18:21:27,0.0
68693725,2026-04-16 18:17:41,2026-04-16 18:17:41,Closed,Pothole,MANHATTAN,nan,40.762179295833846,-73.96612906924031,8.953755727037038,16591.571428571428,6876.0,36,0,37.5,1,Medium,14,0.0,1.0,0.0,0.0,2026-04-25 17:11:05,0,4,3,1,2026-04-16 18:17:41,0.0
68690824,2026-04-16 18:01:03,2026-04-16 18:01:03,Closed,Pothole,BRONX,nan,40.87616647519668,-73.88150702155092,8.965306652962964,6677.6,6655.5,13,1,31.600000381469727,1,Medium,14,0.0,1.0,0.0,0.0,2026-04-25 17:11:05,3,4,3,1,2026-04-16 18:01:03,0.0
68686844,2026-04-16 17:52:32,2026-04-18 18:25:00,Closed,Pothole,BROOKLYN,nan,40.57750093783054,-73.94726237726353,8.971221004814815,5664.555555555556,6673.0,1,0,20.100000381469727,0,Low,30,0.999,0.001,0.0,0.0,2026-04-25 17:11:05,1,4,3,1,2026-04-18 18:25:00,2.0
68710793,2026-04-16 17:34:50,2026-04-18 15:43:00,Closed,Pothole,BROOKLYN,nan,40.6682774463096,-73.92004692733836,8.983512671481481,5664.555555555556,6673.0,29,0,30.700000762939453,1,Medium,14,0.001,0.999,0.0,0.0,2026-04-25 17:11:05,1,4,3,1,2026-04-18 15:43:00,1.0
68691320,2026-04-16 17:04:30,2026-04-17 08:14:00,Closed,Pothole,STATEN ISLAND,nan,40.540587527713186,-74.2215341962543,9.004577486296297,23788.714285714286,2762.0,2,0,29.100000381469727,1,Medium,14,0.002,0.998,0.0,0.0,2026-04-25 17:11:05,4,4,3,1,2026-04-17 08:14:00,0.0
68692770,2026-04-16 16:58:58,2026-04-16 21:54:00,Closed,Pothole,QUEENS,HORACE HARDING EXPRESSWAY,40.70902092831979,-73.86918344879886,9.00842007888889,4959.1547619047615,4660.0,10,1,30.299999237060547,1,Medium,14,0.001,0.999,0.0,0.0,2026-04-25 17:11:05,2,4,3,1,2026-04-16 21:54:00,0.0
68686840,2026-04-16 16:57:39,,Open,Pothole,MANHATTAN,nan,40.798470997616064,-73.96900364497259,9.00933443074074,16591.571428571428,6876.0,10,1,49.6,1,Medium,7,0.504,0.248,0.149,0.099,2026-04-25 17:11:05,0,4,3,1,,
68693731,2026-04-16 16:54:41,2026-04-16 16:54:41,Closed,Pothole,BROOKLYN,nan,40.676448835455936,-73.86453897126174,9.011394615925926,5664.555555555556,6673.0,13,0,29.600000381469727,1,Medium,14,0.0,1.0,0.0,0.0,2026-04-25 17:11:05,1,4,3,1,2026-04-16 16:54:41,0.0
68688379,2026-04-16 16:39:02,2026-04-18 11:50:00,Closed,Pothole,QUEENS,nan,40.7198699829464,-73.82323104632292,9.022262671481482,4959.1547619047615,4660.0,1,1,17.399999618530273,0,Low,30,0.998,0.002,0.0,0.0,2026-04-25 17:11:05,2,4,3,1,2026-04-18 11:50:00,1.0
68687886,2026-04-16 16:34:44,2026-04-16 16:34:44,Closed,Pothole,MANHATTAN,nan,40.74702220490454,-74.00465199781137,9.025248782592593,16591.571428571428,6876.0,12,0,38.20000076293945,1,Medium,14,0.0,1.0,0.0,0.0,2026-04-25 17:11:05,0,4,3,1,2026-04-16 16:34:44,0.0
68695668,2026-04-16 16:32:50,,Open,Pothole,MANHATTAN,nan,40.83169432868735,-73.94925434849979,9.026568227037037,16591.571428571428,6876.0,16,1,62.9,2,High,7,0.371,0.315,0.189,0.126,2026-04-25 17:11:05,0,4,3,1,,
68691308,2026-04-16 16:19:20,,Open,Pothole,BROOKLYN,nan,40.6768082697723,-73.9557497994442,9.035943227037038,5664.555555555556,6673.0,7,1,28.5,1,Medium,14,0.715,0.142,0.085,0.057,2026-04-25 17:11:05,1,4,3,1,,
68686346,2026-04-16 16:19:09,2026-04-16 16:19:09,Closed,Pothole,STATEN ISLAND,nan,40.56152224988719,-74.1718512388755,9.036070541851851,23788.714285714286,2762.0,15,1,38.900001525878906,1,Medium,14,0.0,1.0,0.0,0.0,2026-04-25 17:11:05,4,4,3,1,2026-04-16 16:19:09,0.0
68686837,2026-04-16 16:17:19,,Open,Pothole,QUEENS,nan,40.74686621387203,-73.87715718963072,9.03734369,4959.1547619047615,4660.0,30,0,49.0,1,Medium,14,0.51,0.245,0.147,0.098,2026-04-25 17:11:05,2,4,3,1,,
68695656,2026-04-16 16:09:42,,Open,Pothole,STATEN ISLAND,nan,40.555480204110104,-74.16484710477593,9.042633041851852,23788.714285714286,2762.0,2,0,36.9,1,Medium,14,0.631,0.184,0.111,0.074,2026-04-25 17:11:05,4,4,3,1,,
68690800,2026-04-16 16:08:15,2026-04-16 16:08:15,Closed,Pothole,STATEN ISLAND,nan,40.56029031513674,-74.16592065392997,9.043639986296297,23788.714285714286,2762.0,8,1,35.5,1,Medium,14,0.0,1.0,0.0,0.0,2026-04-25 17:11:05,4,4,3,1,2026-04-16 16:08:15,0.0
68687870,2026-04-16 16:07:03,2026-04-16 16:07:03,Closed,Pothole,STATEN ISLAND,nan,40.55734744941992,-74.1662156412323,9.04447331962963,23788.714285714286,2762.0,0,0,27.200000762939453,1,Medium,14,0.023,0.977,0.0,0.0,2026-04-25 17:11:05,4,4,3,0,2026-04-16 16:07:03,0.0
68693700,2026-04-16 16:04:26,2026-04-16 16:04:26,Closed,Pothole,STATEN ISLAND,nan,40.542673015701205,-74.16476514032898,9.04629044925926,23788.714285714286,2762.0,10,1,38.79999923706055,1,Medium,14,0.0,1.0,0.0,0.0,2026-04-25 17:11:05,4,4,3,1,2026-04-16 16:04:26,0.0
68686847,2026-04-16 15:56:29,2026-04-18 18:20:00,Closed,Pothole,BROOKLYN,nan,40.66549005068361,-73.91062427130956,9.051811282592592,5664.555555555556,6673.0,29,1,31.0,1,Medium,14,0.001,0.999,0.0,0.0,2026-04-25 17:11:05,1,4,3,1,2026-04-18 18:20:00,2.0
68691297,2026-04-16 15:52:23,,Open,Pothole,STATEN ISLAND,nan,40.60100232643974,-74.076437056204,9.054658504814816,23788.714285714286,2762.0,4,1,42.2,1,Medium,14,0.578,0.211,0.127,0.084,2026-04-25 17:11:05,4,4,3,1,,
68691298,2026-04-16 15:50:13,,Open,Pothole,STATEN ISLAND,nan,40.60843514912259,-74.15543745945998,9.056163134444445,23788.714285714286,2762.0,9,1,55.6,2,High,14,0.444,0.278,0.167,0.111,2026-04-25 17:11:05,4,4,3,1,,
68684869,2026-04-16 15:48:58,2026-04-16 15:48:58,Closed,Pothole,STATEN ISLAND,nan,40.60962597583542,-74.14954445343776,9.05703119,23788.714285714286,2762.0,26,1,38.900001525878906,1,Medium,14,0.0,1.0,0.0,0.0,2026-04-25 17:11:05,4,4,3,1,2026-04-16 15:48:58,0.0
68688368,2026-04-16 15:47:35,,Open,Pothole,STATEN ISLAND,nan,40.60772398818237,-74.14729647569187,9.057991838148148,23788.714285714286,2762.0,8,1,52.9,2,High,14,0.471,0.264,0.159,0.106,2026-04-25 17:11:05,4,4,3,1,,
68688369,2026-04-16 15:45:57,,Open,Pothole,STATEN ISLAND,nan,40.60813693173501,-74.14847867701626,9.059126097407407,23788.714285714286,2762.0,22,1,71.6,2,High,14,0.284,0.358,0.215,0.143,2026-04-25 17:11:05,4,4,3,1,,
68685363,2026-04-16 15:45:10,2026-04-18 07:55:00,Closed,Pothole,BROOKLYN,nan,40.6961970583426,-73.9887629364997,9.059670078888889,5664.555555555556,6673.0,45,1,27.5,1,Medium,14,0.003,0.997,0.0,0.0,2026-04-25 17:11:05,1,4,3,1,2026-04-18 07:55:00,1.0
68684875,2026-04-16 15:35:34,2026-04-16 19:27:00,Closed,Pothole,QUEENS,nan,40.72013323771417,-73.79037278029215,9.066336745555555,4959.1547619047615,4660.0,31,0,30.799999237060547,1,Medium,14,0.0,1.0,0.0,0.0,2026-04-25 17:11:05,2,4,3,1,2026-04-16 19:27:00,0.0
68688385,2026-04-16 15:35:16,2026-04-23 11:36:00,Closed,Pothole,BROOKLYN,nan,40.69162426218111,-73.942661006199,9.066545078888888,5664.555555555556,6673.0,15,1,31.0,1,Medium,14,0.0,1.0,0.0,0.0,2026-04-25 17:11:05,1,4,3,1,2026-04-23 11:36:00,6.0
68689372,2026-04-16 15:34:42,2026-04-16 15:34:42,Closed,Pothole,QUEENS,nan,40.667754995834834,-73.74561896586661,9.066938597407407,4959.1547619047615,4660.0,0,1,17.799999237060547,0,Low,30,1.0,0.0,0.0,0.0,2026-04-25 17:11:05,2,4,3,0,2026-04-16 15:34:42,0.0
68693726,2026-04-16 15:33:55,2026-04-16 15:33:55,Closed,Pothole,MANHATTAN,nan,40.80113992130737,-73.93768695042657,9.067482578888889,16591.571428571428,6876.0,25,1,41.0,1,Medium,14,0.0,1.0,0.0,0.0,2026-04-25 17:11:05,0,4,3,1,2026-04-16 15:33:55,0.0
68688370,2026-04-16 15:24:07,,Open,Pothole,STATEN ISLAND,nan,40.609825867202424,-74.10543269516238,9.074288134444444,23788.714285714286,2762.0,2,0,36.9,1,Medium,14,0.631,0.185,0.111,0.074,2026-04-25 17:11:05,4,4,3,1,,
68692265,2026-04-16 15:17:04,2026-04-16 15:17:04,Closed,Pothole,QUEENS,nan,40.740426999845056,-73.89670264803654,9.079183967777778,4959.1547619047615,4660.0,27,0,32.79999923706055,1,Medium,14,0.001,0.999,0.0,0.0,2026-04-25 17:11:05,2,4,3,1,2026-04-16 15:17:04,0.0
68695669,2026-04-16 15:14:34,,Open,Pothole,MANHATTAN,nan,40.76468444245788,-73.99178735329583,9.080920078888889,16591.571428571428,6876.0,16,1,62.9,2,High,7,0.371,0.315,0.189,0.126,2026-04-25 17:11:05,0,4,3,1,,
68691304,2026-04-16 15:02:34,,Open,Pothole,MANHATTAN,EAST   87 STREET,40.778724923594744,-73.95168139915737,9.089253412222222,16591.571428571428,6876.0,14,0,60.3,2,High,7,0.397,0.301,0.181,0.121,2026-04-25 17:11:05,0,4,3,1,,
68688384,2026-04-16 15:01:56,,Open,Pothole,MANHATTAN,EAST  106 STREET,40.79419114982603,-73.950864796937,9.089693227037037,16591.571428571428,6876.0,12,1,54.9,2,High,7,0.451,0.275,0.165,0.11,2026-04-25 17:11:05,0,4,3,1,,
68695670,2026-04-16 15:01:16,,Open,Pothole,MANHATTAN,EAST  106 STREET,40.79399332823193,-73.95039544216368,9.09015619,16591.571428571428,6876.0,13,1,57.6,2,High,7,0.424,0.288,0.173,0.115,2026-04-25 17:11:05,0,4,3,1,,
68694238,2026-04-16 14:43:06,,Pending,Pothole,QUEENS,nan,40.7063611411609,-73.79252607072335,9.10277193074074,4959.1547619047615,4660.0,19,0,28.5,1,Medium,14,0.0,1.0,0.0,0.0,2026-04-25 17:11:05,2,4,3,1,,
68691305,2026-04-16 14:42:33,,Open,Pothole,MANHATTAN,nan,40.76527314307152,-73.9521279666576,9.103153875185185,16591.571428571428,6876.0,10,0,49.6,1,Medium,7,0.504,0.248,0.149,0.099,2026-04-25 17:11:05,0,4,3,1,,
68694239,2026-04-16 14:37:01,,Pending,Pothole,QUEENS,nan,40.725285005911296,-73.79332221175959,9.106996467777778,4959.1547619047615,4660.0,5,0,23.0,1,Medium,14,0.312,0.688,0.0,0.0,2026-04-25 17:11:05,2,4,3,1,,
68691321,2026-04-16 14:30:22,,Pending,Pothole,QUEENS,nan,40.78823183264238,-73.83126872213806,9.111614523333333,4959.1547619047615,4660.0,1,0,19.100000381469727,0,Low,30,1.0,0.0,0.0,0.0,2026-04-25 17:11:05,2,4,3,1,,
68695679,2026-04-16 14:16:54,,Open,Pothole,BRONX,nan,40.847883282409455,-73.7867316153141,9.120966375185185,6677.6,6655.5,1,0,13.7,0,Low,14,0.863,0.069,0.041,0.027,2026-04-25 17:11:05,3,4,3,1,,
68689848,2026-04-16 14:16:15,,Open,Pothole,BRONX,nan,40.84647151776735,-73.78620120980652,9.121417764074074,6677.6,6655.5,3,0,19.1,0,Low,14,0.809,0.095,0.057,0.038,2026-04-25 17:11:05,3,4,3,1,,
68691318,2026-04-16 14:14:51,,Open,Pothole,BRONX,nan,40.84724606470096,-73.78649149044661,9.122389986296296,6677.6,6655.5,2,0,16.4,0,Low,14,0.836,0.082,0.049,0.033,2026-04-25 17:11:05,3,4,3,1,,
68685369,2026-04-16 14:13:52,,Open,Pothole,BRONX,nan,40.849690593698234,-73.7874306634545,9.123072856666667,6677.6,6655.5,2,0,16.4,0,Low,14,0.836,0.082,0.049,0.033,2026-04-25 17:11:05,3,4,3,1,,
68692291,2026-04-16 14:10:14,2026-04-16 14:10:14,Closed,Pothole,BRONX,CITY ISLAND AVENUE,40.85320563464353,-73.78991723542136,9.125596004814815,6677.6,14609.0,2,0,26.399999618530273,1,Medium,14,0.08,0.92,0.0,0.0,2026-04-25 17:11:05,3,4,3,1,2026-04-16 14:10:14,0.0
68693733,2026-04-16 14:09:46,2026-04-16 14:09:46,Closed,Pothole,BROOKLYN,nan,40.69308970489448,-73.98622478109876,9.125920078888889,5664.555555555556,6673.0,17,1,28.100000381469727,1,Medium,14,0.024,0.975,0.0,0.0,2026-04-25 17:11:05,1,4,3,1,2026-04-16 14:09:46,0.0
68690822,2026-04-16 14:09:06,2026-04-16 14:09:06,Closed,Pothole,BROOKLYN,nan,40.61910563757932,-73.95830950968423,9.126383041851852,5664.555555555556,6673.0,10,1,31.0,1,Medium,14,0.007,0.993,0.0,0.0,2026-04-25 17:11:05,1,4,3,1,2026-04-16 14:09:06,0.0
68685359,2026-04-16 14:04:13,2026-04-18 09:45:00,Closed,Pothole,MANHATTAN,nan,40.71379669852593,-74.00883042197182,9.129774245555556,16591.571428571428,6876.0,26,1,38.79999923706055,1,Medium,14,0.0,1.0,0.0,0.0,2026-04-25 17:11:05,0,4,3,1,2026-04-18 09:45:00,1.0
68689843,2026-04-16 13:55:49,,Open,Pothole,BROOKLYN,nan,40.696087242912505,-73.96264295498149,9.135607578888889,5664.555555555556,6673.0,20,1,49.8,1,Medium,14,0.502,0.249,0.15,0.1,2026-04-25 17:11:05,1,4,3,1,,
68696714,2026-04-16 13:28:44,2026-04-17 13:05:00,Closed,Pothole,BROOKLYN,PENNSYLVANIA AVENUE,40.65173564976063,-73.88550947903215,9.15441544925926,2541.0,6673.0,12,1,26.600000381469727,1,Medium,14,0.005,0.995,0.0,0.0,2026-04-25 17:11:05,1,4,3,1,2026-04-17 13:05:00,0.0
68689374,2026-04-16 13:22:01,2026-04-16 21:44:00,Closed,Pothole,QUEENS,nan,40.66016771824149,-73.77422648953312,9.159079801111112,4959.1547619047615,4660.0,22,0,29.899999618530273,1,Medium,14,0.001,0.999,0.0,0.0,2026-04-25 17:11:05,2,4,3,1,2026-04-16 21:44:00,0.0
68704033,2026-04-16 13:20:49,2026-04-17 09:32:00,Closed,Pothole,BROOKLYN,JEFFERSON AVENUE,40.68419113087144,-73.94207968525632,9.159913134444444,5664.555555555556,1926.0,23,1,33.400001525878906,1,Medium,14,0.001,0.999,0.0,0.0,2026-04-25 17:11:05,1,4,3,1,2026-04-17 09:32:00,0.0
68699653,2026-04-16 13:20:07,2026-04-17 09:23:00,Closed,Pothole,BROOKLYN,JEFFERSON AVENUE,40.6839069555502,-73.94468316258347,9.160399245555556,5664.555555555556,1926.0,17,1,31.600000381469727,1,Medium,14,0.0,1.0,0.0,0.0,2026-04-25 17:11:05,1,4,3,1,2026-04-17 09:23:00,0.0
68696715,2026-04-16 13:19:36,2026-04-17 09:15:00,Closed,Pothole,BROOKLYN,JEFFERSON AVENUE,40.68381128251502,-73.94550891912417,9.160758041851851,5664.555555555556,1926.0,11,1,31.799999237060547,1,Medium,14,0.001,0.999,0.0,0.0,2026-04-25 17:11:05,1,4,3,1,2026-04-17 09:15:00,0.0
68692267,2026-04-16 13:19:15,2026-04-16 13:19:15,Closed,Pothole,QUEENS,nan,40.75016099104143,-73.90433538539963,9.161001097407407,4959.1547619047615,4660.0,5,0,23.600000381469727,0,Low,30,0.916,0.084,0.0,0.0,2026-04-25 17:11:05,2,4,3,1,2026-04-16 13:19:15,0.0
68701098,2026-04-16 13:16:37,2026-04-17 08:30:00,Closed,Pothole,BROOKLYN,RALPH AVENUE,40.63627531109799,-73.9190367941174,9.16282980111111,5664.555555555556,26660.0,13,0,33.70000076293945,1,Medium,14,0.0,1.0,0.0,0.0,2026-04-25 17:11:05,1,4,3,1,2026-04-17 08:30:00,0.0
68689854,2026-04-16 12:56:12,,Pending,Pothole,QUEENS,nan,40.72609830306609,-73.91942555346964,9.177008041851852,4959.1547619047615,4660.0,3,0,21.700000762939453,0,Low,30,0.989,0.011,0.0,0.0,2026-04-25 17:11:05,2,4,3,1,,
68692268,2026-04-16 12:28:59,2026-04-16 21:15:00,Closed,Pothole,QUEENS,nan,40.60758271468581,-73.76590124842632,9.195908504814815,4959.1547619047615,4660.0,2,1,21.200000762939453,0,Low,30,0.997,0.003,0.0,0.0,2026-04-25 17:11:05,2,4,3,1,2026-04-16 21:15:00,0.0
68694234,2026-04-16 12:28:40,,Pending,Pothole,BRONX,nan,40.8460538671837,-73.85687087002634,9.196128412222222,6677.6,6655.5,6,0,27.100000381469727,1,Medium,14,0.052,0.948,0.0,0.0,2026-04-25 17:11:05,3,4,3,1,,
68686838,2026-04-16 12:26:10,,Pending,Pothole,QUEENS,nan,40.66066079561482,-73.82395022234725,9.197864523333333,4959.1547619047615,4660.0,0,1,20.200000762939453,0,Low,30,1.0,0.0,0.0,0.0,2026-04-25 17:11:05,2,4,3,0,,
68685360,2026-04-16 12:17:26,,Open,Pothole,MANHATTAN,nan,40.79730586816635,-73.96428727613109,9.203929338148148,16591.571428571428,6876.0,5,1,36.3,1,Medium,7,0.637,0.182,0.109,0.073,2026-04-25 17:11:05,0,4,3,1,,
68685361,2026-04-16 11:45:32,,Open,Pothole,MANHATTAN,nan,40.7460781227927,-73.97493586703608,9.226082115925927,16591.571428571428,6876.0,37,1,63.0,2,High,7,0.37,0.315,0.189,0.126,2026-04-25 17:11:05,0,4,3,1,,
68690811,2026-04-16 11:35:28,2026-04-16 21:45:00,Closed,Pothole,QUEENS,nan,40.71669633231478,-73.76058312857381,9.233072856666666,4959.1547619047615,4660.0,5,0,24.100000381469727,0,Low,30,0.8,0.2,0.0,0.0,2026-04-25 17:11:05,2,4,3,1,2026-04-16 21:45:00,0.0
68685362,2026-04-16 11:30:02,,Open,Pothole,MANHATTAN,nan,40.76155557612661,-73.99406912322635,9.236846004814815,16591.571428571428,6876.0,19,1,63.0,2,High,7,0.37,0.315,0.189,0.126,2026-04-25 17:11:05,0,4,3,1,,
68695191,2026-04-16 11:25:40,2026-04-16 18:00:00,Closed,Pothole,QUEENS,nan,40.60953625843453,-73.75371746117237,9.239878412222222,4959.1547619047615,4660.0,19,0,31.299999237060547,1,Medium,14,0.001,0.999,0.0,0.0,2026-04-25 17:11:05,2,4,3,1,2026-04-16 18:00:00,0.0
68687892,2026-04-16 11:25:16,2026-04-16 11:25:16,Closed,Pothole,BROOKLYN,nan,40.636326482088855,-73.95839963535299,9.24015619,5664.555555555556,6673.0,13,1,31.0,1,Medium,14,0.002,0.998,0.0,0.0,2026-04-25 17:11:05,1,4,3,1,2026-04-16 11:25:16,0.0
68685373,2026-04-16 11:24:23,,Pending,Pothole,QUEENS,nan,40.72261647635472,-73.8121878570701,9.240769615925926,4959.1547619047615,4660.0,3,0,21.700000762939453,0,Low,30,0.973,0.027,0.0,0.0,2026-04-25 17:11:05,2,4,3,1,,
68695187,2026-04-16 11:23:10,2026-04-16 11:23:10,Closed,Pothole,STATEN ISLAND,nan,40.543335225468695,-74.16427024861207,9.241614523333332,23788.714285714286,2762.0,12,1,41.400001525878906,1,Medium,14,0.0,1.0,0.0,0.0,2026-04-25 17:11:05,4,4,3,1,2026-04-16 11:23:10,0.0
68695685,2026-04-16 10:59:09,,Pending,Pothole,QUEENS,nan,40.76064074274894,-73.79514371796179,9.258292764074074,4959.1547619047615,4660.0,1,1,18.899999618530273,0,Low,30,0.999,0.001,0.0,0.0,2026-04-25 17:11:05,2,4,3,1,,
68694235,2026-04-16 10:49:31,,Open,Pothole,BRONX,nan,40.83018151341915,-73.83264388198651,9.264982578888889,6677.6,6655.5,12,1,43.1,1,Medium,14,0.569,0.216,0.129,0.086,2026-04-25 17:11:05,3,4,3,1,,
68692270,2026-04-16 10:48:27,2026-04-16 19:57:00,Closed,Pothole,QUEENS,nan,40.691279180753845,-73.74624320450889,9.265723319629629,4959.1547619047615,4660.0,6,0,25.5,1,Medium,14,0.201,0.799,0.0,0.0,2026-04-25 17:11:05,2,4,3,1,2026-04-16 19:57:00,0.0
68694236,2026-04-16 10:48:10,,Open,Pothole,BRONX,nan,40.88355535875855,-73.83475531834866,9.26592007888889,6677.6,6655.5,4,1,21.8,0,Low,14,0.782,0.109,0.065,0.044,2026-04-25 17:11:05,3,4,3,1,,
68690812,2026-04-16 10:38:16,2026-04-16 10:38:16,Closed,Pothole,QUEENS,nan,40.69498613184721,-73.79990006562997,9.272795078888889,4959.1547619047615,4660.0,16,1,30.799999237060547,1,Medium,14,0.0,1.0,0.0,0.0,2026-04-25 17:11:05,2,4,3,1,2026-04-16 10:38:16,0.0
68694218,2026-04-16 10:36:33,,Open,Pothole,STATEN ISLAND,nan,40.621019379123695,-74.13180398269165,9.273987208518518,23788.714285714286,2762.0,8,1,53.0,2,High,14,0.47,0.265,0.159,0.106,2026-04-25 17:11:05,4,4,3,1,,
68693711,2026-04-16 10:25:39,2026-04-16 21:44:00,Closed,Pothole,QUEENS,QUEENS BOULEVARD,40.73935954716658,-73.89102439000105,9.281556652962962,4959.1547619047615,123690.0,13,1,40.599998474121094,1,Medium,14,0.0,0.999,0.0,0.0,2026-04-25 17:11:05,2,4,3,1,2026-04-16 21:44:00,0.0
68692289,2026-04-16 10:25:00,2026-04-16 10:25:00,Closed,Pothole,BROOKLYN,nan,40.61939737192231,-73.96956588163236,9.282008041851851,5664.555555555556,6673.0,16,0,30.0,1,Medium,14,0.001,0.999,0.0,0.0,2026-04-25 17:11:05,1,4,3,1,2026-04-16 10:25:00,0.0
68693713,2026-04-16 10:05:31,2026-04-16 21:54:00,Closed,Pothole,QUEENS,nan,40.56090606971587,-73.91548600085787,9.295538134444444,4959.1547619047615,4660.0,2,0,18.899999618530273,0,Low,30,0.988,0.012,0.0,0.0,2026-04-25 17:11:05,2,4,3,1,2026-04-16 21:54:00,0.0
68693714,2026-04-16 10:04:37,2026-04-16 15:21:00,Closed,Pothole,QUEENS,nan,40.7478190517708,-73.86063683487203,9.296163134444445,4959.1547619047615,4660.0,11,1,30.799999237060547,1,Medium,14,0.001,0.999,0.0,0.0,2026-04-25 17:11:05,2,4,3,1,2026-04-16 15:21:00,0.0
68689845,2026-04-16 10:01:03,,Open,Pothole,BROOKLYN,nan,40.63796392469594,-74.01057149321049,9.298639986296296,5664.555555555556,6673.0,9,1,33.9,1,Medium,14,0.661,0.169,0.102,0.068,2026-04-25 17:11:05,1,4,3,1,,
68689386,2026-04-16 10:00:34,2026-04-16 10:00:34,Closed,Pothole,BROOKLYN,nan,40.632028059794536,-74.03344819888213,9.298975634444444,5664.555555555556,6673.0,2,0,19.899999618530273,0,Low,30,0.999,0.001,0.0,0.0,2026-04-25 17:11:05,1,4,3,1,2026-04-16 10:00:34,0.0
68688388,2026-04-16 09:49:48,,Open,Pothole,BROOKLYN,nan,40.61635334088733,-73.98244778153928,9.306452486296296,5664.555555555556,6673.0,7,1,28.6,1,Medium,14,0.714,0.143,0.086,0.057,2026-04-25 17:11:05,1,4,3,1,,
68686354,2026-04-16 09:49:41,2026-04-16 09:49:41,Closed,Pothole,QUEENS,nan,40.692971283312886,-73.78023854020637,9.306533504814814,4959.1547619047615,4660.0,11,1,31.100000381469727,1,Medium,14,0.001,0.999,0.0,0.0,2026-04-25 17:11:05,2,4,3,1,2026-04-16 09:49:41,0.0
68692272,2026-04-16 09:41:58,2026-04-16 21:51:00,Closed,Pothole,QUEENS,nan,40.741960157482175,-73.90830232366856,9.311892301111111,4959.1547619047615,4660.0,11,0,29.5,1,Medium,14,0.001,0.999,0.0,0.0,2026-04-25 17:11:05,2,4,3,1,2026-04-16 21:51:00,0.0
68684893,2026-04-16 09:36:01,2026-04-16 09:36:01,Closed,Pothole,BROOKLYN,nan,40.586524571977066,-73.92952365157892,9.316024245555555,5664.555555555556,6673.0,20,1,33.79999923706055,1,Medium,14,0.0,1.0,0.0,0.0,2026-04-25 17:11:05,1,4,3,1,2026-04-16 09:36:01,0.0
68688389,2026-04-16 09:35:52,,Open,Pothole,BROOKLYN,nan,40.6727536769434,-73.95431770783026,9.316128412222222,5664.555555555556,6673.0,11,1,39.2,1,Medium,14,0.608,0.196,0.118,0.078,2026-04-25 17:11:05,1,4,3,1,,
68692273,2026-04-16 09:35:31,2026-04-16 21:54:00,Closed,Pothole,QUEENS,nan,40.742943772445635,-73.91684294834832,9.316371467777778,4959.1547619047615,4660.0,22,0,31.0,1,Medium,14,0.0,1.0,0.0,0.0,2026-04-25 17:11:05,2,4,3,1,2026-04-16 21:54:00,0.0
68689378,2026-04-16 09:27:58,2026-04-16 09:27:58,Closed,Pothole,QUEENS,nan,40.74581825411661,-73.94564947600665,9.321614523333333,4959.1547619047615,4660.0,12,1,31.200000762939453,1,Medium,14,0.007,0.993,0.0,0.0,2026-04-25 17:11:05,2,4,3,1,2026-04-16 09:27:58,0.0
68693717,2026-04-16 09:17:10,2026-04-16 09:17:10,Closed,Pothole,QUEENS,nan,40.74611707160226,-73.94489135289582,9.329114523333333,4959.1547619047615,4660.0,13,1,30.5,1,Medium,14,0.001,0.999,0.0,0.0,2026-04-25 17:11:05,2,4,3,1,2026-04-16 09:17:10,0.0
68691312,2026-04-16 09:09:16,,Open,Pothole,BROOKLYN,nan,40.587071719924,-73.95278136258212,9.334600634444444,5664.555555555556,6673.0,15,0,49.9,1,Medium,14,0.501,0.25,0.15,0.1,2026-04-25 17:11:05,1,4,3,1,,
68686841,2026-04-16 09:03:43,,Open,Pothole,MANHATTAN,nan,40.71802667305119,-74.00304466876497,9.33845480111111,16591.571428571428,6876.0,31,1,63.0,2,High,7,0.37,0.315,0.189,0.126,2026-04-25 17:11:05,0,4,3,1,,
68685370,2026-04-16 09:01:32,,Open,Pothole,BRONX,nan,40.84678128275266,-73.88378945928034,9.339971004814815,6677.6,6655.5,7,1,29.8,1,Medium,14,0.702,0.149,0.089,0.06,2026-04-25 17:11:05,3,4,3,1,,
68686850,2026-04-16 08:28:04,,Pending,Pothole,QUEENS,nan,40.67478158644584,-73.80617947871728,9.363211745555555,4959.1547619047615,4660.0,15,0,29.5,1,Medium,14,0.001,0.999,0.0,0.0,2026-04-25 17:11:05,2,4,3,1,,
68684888,2026-04-16 08:28:03,2026-04-16 08:28:03,Closed,Pothole,MANHATTAN,nan,40.84672578941482,-73.93562017903595,9.363223319629629,16591.571428571428,6876.0,25,1,40.5,1,Medium,14,0.0,1.0,0.0,0.0,2026-04-25 17:11:05,0,4,3,1,2026-04-16 08:28:03,0.0
68687888,2026-04-16 08:26:58,2026-04-16 08:26:58,Closed,Pothole,MANHATTAN,nan,40.74154879564148,-73.98957446267119,9.363975634444444,16591.571428571428,6876.0,22,0,39.099998474121094,1,Medium,14,0.0,1.0,0.0,0.0,2026-04-25 17:11:05,0,4,3,1,2026-04-16 08:26:58,0.0
68685366,2026-04-16 08:10:58,2026-04-22 12:22:00,Closed,Pothole,BROOKLYN,nan,40.632028059794536,-74.03344819888213,9.375086745555555,5664.555555555556,6673.0,2,0,21.5,0,Low,30,0.999,0.001,0.0,0.0,2026-04-25 17:11:05,1,4,3,1,2026-04-22 12:22:00,6.0
68689846,2026-04-16 07:51:45,2026-04-18 15:09:00,Closed,Pothole,BROOKLYN,nan,40.59819993606757,-73.9424855670156,9.388431652962963,5664.555555555556,6673.0,8,0,28.5,1,Medium,14,0.006,0.994,0.0,0.0,2026-04-25 17:11:05,1,4,3,1,2026-04-18 15:09:00,2.0
68687882,2026-04-16 07:42:03,2026-04-16 07:42:03,Closed,Pothole,QUEENS,nan,40.73177902884212,-73.77010866842208,9.395167764074074,4959.1547619047615,4660.0,5,1,24.399999618530273,0,Low,30,0.795,0.205,0.0,0.0,2026-04-25 17:11:05,2,4,3,1,2026-04-16 07:42:03,0.0
68692274,2026-04-16 07:41:27,2026-04-16 07:41:27,Closed,Pothole,QUEENS,nan,40.725476145414376,-73.76557731286611,9.39558443074074,4959.1547619047615,4660.0,31,1,30.5,1,Medium,14,0.0,1.0,0.0,0.0,2026-04-25 17:11:05,2,4,3,1,2026-04-16 07:41:27,0.0
68684882,2026-04-16 07:40:20,2026-04-16 07:40:20,Closed,Pothole,QUEENS,nan,40.69104664978981,-73.73922324000723,9.396359893703703,4959.1547619047615,4660.0,2,0,20.700000762939453,0,Low,30,0.977,0.023,0.0,0.0,2026-04-25 17:11:05,2,4,3,1,2026-04-16 07:40:20,0.0
68692275,2026-04-16 07:39:56,2026-04-16 15:51:00,Closed,Pothole,QUEENS,nan,40.70327874865508,-73.73620712128428,9.396637671481482,4959.1547619047615,4660.0,7,1,26.899999618530273,1,Medium,14,0.185,0.815,0.0,0.0,2026-04-25 17:11:05,2,4,3,1,2026-04-16 15:51:00,0.0
68695192,2026-04-16 07:38:46,2026-04-16 07:38:46,Closed,Pothole,QUEENS,nan,40.705490887638646,-73.72788837873111,9.397447856666666,4959.1547619047615,4660.0,3,0,20.899999618530273,0,Low,30,0.981,0.019,0.0,0.0,2026-04-25 17:11:05,2,4,3,1,2026-04-16 07:38:46,0.0
68692276,2026-04-16 07:37:06,2026-04-16 20:45:00,Closed,Pothole,QUEENS,nan,40.68848534557373,-73.76582995965448,9.398605264074074,4959.1547619047615,4660.0,3,1,21.200000762939453,0,Low,30,0.944,0.056,0.0,0.0,2026-04-25 17:11:05,2,4,3,1,2026-04-16 20:45:00,0.0
68686355,2026-04-16 07:36:30,2026-04-16 20:57:00,Closed,Pothole,QUEENS,nan,40.68625095400348,-73.76847358848285,9.39902193074074,4959.1547619047615,4660.0,1,1,19.5,0,Low,30,0.999,0.001,0.0,0.0,2026-04-25 17:11:05,2,4,3,1,2026-04-16 20:57:00,0.0
68695194,2026-04-16 07:35:03,2026-04-16 07:35:03,Closed,Pothole,QUEENS,nan,40.67948147234004,-73.7574034114413,9.400028875185185,4959.1547619047615,4660.0,11,0,30.399999618530273,1,Medium,14,0.0,1.0,0.0,0.0,2026-04-25 17:11:05,2,4,3,1,2026-04-16 07:35:03,0.0
68690827,2026-04-16 07:19:39,2026-04-16 07:19:39,Closed,Pothole,BRONX,nan,40.8248480272072,-73.91130992324541,9.41072331962963,6677.6,6655.5,25,1,31.799999237060547,1,Medium,14,0.0,1.0,0.0,0.0,2026-04-25 17:11:05,3,4,3,1,2026-04-16 07:19:39,0.0
68692294,2026-04-16 07:16:39,2026-04-16 07:16:39,Closed,Pothole,BRONX,nan,40.85301827223642,-73.85121686739964,9.412806652962963,6677.6,6655.5,7,0,29.399999618530273,1,Medium,14,0.153,0.847,0.0,0.0,2026-04-25 17:11:05,3,4,3,1,2026-04-16 07:16:39,0.0
68693721,2026-04-16 06:32:06,2026-04-16 16:02:00,Closed,Pothole,QUEENS,LINDEN BOULEVARD,40.69312423892186,-73.7727842442327,9.443744152962962,4959.1547619047615,29111.0,1,1,23.399999618530273,0,Low,30,0.988,0.012,0.0,0.0,2026-04-25 17:11:05,2,4,3,1,2026-04-16 16:02:00,0.0
68692277,2026-04-16 06:24:59,2026-04-16 19:51:00,Closed,Pothole,QUEENS,nan,40.72631790982883,-73.90178276378069,9.448686282592593,4959.1547619047615,4660.0,15,0,27.600000381469727,1,Medium,14,0.0,1.0,0.0,0.0,2026-04-25 17:11:05,2,4,3,1,2026-04-16 19:51:00,0.0
68688394,2026-04-16 06:19:14,,Open,Pothole,BRONX,nan,40.839087458372646,-73.84391883604151,9.452679338148148,6677.6,6655.5,3,0,19.2,0,Low,14,0.808,0.096,0.057,0.038,2026-04-25 17:11:05,3,4,3,1,,
68685371,2026-04-16 06:18:46,,Open,Pothole,BRONX,nan,40.839797179573985,-73.84306425838369,9.453003412222222,6677.6,6655.5,13,0,45.8,1,Medium,14,0.542,0.229,0.137,0.092,2026-04-25 17:11:05,3,4,3,1,,
68688395,2026-04-16 06:18:06,,Open,Pothole,BRONX,nan,40.84016709912428,-73.84261162869595,9.453466375185185,6677.6,6655.5,20,0,51.2,2,High,14,0.488,0.256,0.153,0.102,2026-04-25 17:11:05,3,4,3,1,,
68692278,2026-04-16 06:06:18,2026-04-16 06:06:18,Closed,Pothole,QUEENS,GRAND CENTRL PARKWAY,40.70832440953769,-73.86975831380914,9.46166081962963,4959.1547619047615,4660.0,10,1,30.700000762939453,1,Medium,14,0.001,0.999,0.0,0.0,2026-04-25 17:11:05,2,4,3,1,2026-04-16 06:06:18,0.0
68674917,2026-04-16 01:56:31,,Open,Pothole,MANHATTAN,nan,40.731288980124575,-73.99039150873776,9.635121467777777,16591.571428571428,6876.0,25,0,63.1,2,High,7,0.369,0.316,0.189,0.126,2026-04-25 17:11:05,0,4,3,1,,
68683373,2026-04-16 01:38:00,2026-04-16 01:38:00,Closed,Pothole,QUEENS,nan,40.652564629491025,-73.74654903024499,9.647980264074073,4959.1547619047615,4660.0,0,1,18.200000762939453,0,Low,30,1.0,0.0,0.0,0.0,2026-04-25 17:11:05,2,4,3,0,2026-04-16 01:38:00,0.0
68680935,2026-04-16 01:34:16,,Pending,Pothole,QUEENS,nan,40.68602699585525,-73.82505149980587,9.650572856666667,4959.1547619047615,4660.0,15,1,30.600000381469727,1,Medium,14,0.0,1.0,0.0,0.0,2026-04-25 17:11:05,2,4,3,1,,
68682412,2026-04-16 01:30:01,2026-04-16 18:21:00,Closed,Pothole,QUEENS,nan,40.66706786430971,-73.79306643645447,9.653524245555555,4959.1547619047615,4660.0,8,0,27.399999618530273,1,Medium,14,0.005,0.995,0.0,0.0,2026-04-25 17:11:05,2,4,3,1,2026-04-16 18:21:00,0.0
68680936,2026-04-16 01:29:18,2026-04-16 20:54:00,Closed,Pothole,QUEENS,nan,40.66722878249806,-73.78502387259924,9.65402193074074,4959.1547619047615,4660.0,12,1,31.600000381469727,1,Medium,14,0.013,0.987,0.0,0.0,2026-04-25 17:11:05,2,4,3,1,2026-04-16 20:54:00,0.0
68680397,2026-04-16 01:28:32,2026-04-16 01:28:32,Closed,Pothole,QUEENS,nan,40.67699930248896,-73.81964212203187,9.654554338148149,4959.1547619047615,4660.0,12,0,30.700000762939453,1,Medium,14,0.001,0.999,0.0,0.0,2026-04-25 17:11:05,2,4,3,1,2026-04-16 01:28:32,0.0
68677904,2026-04-16 01:27:56,,Pending,Pothole,QUEENS,nan,40.70010803283339,-73.83266746664873,9.654971004814815,4959.1547619047615,4660.0,18,0,31.5,1,Medium,14,0.0,1.0,0.0,0.0,2026-04-25 17:11:05,2,4,3,1,,
68680942,2026-04-16 01:24:48,2026-04-16 19:02:00,Closed,Pothole,QUEENS,nan,40.71966167857218,-73.78767222620871,9.65714693074074,4959.1547619047615,4660.0,5,0,25.5,1,Medium,14,0.167,0.833,0.0,0.0,2026-04-25 17:11:05,2,4,3,1,2026-04-16 19:02:00,0.0
68677382,2026-04-16 01:24:13,2026-04-16 01:24:13,Closed,Pothole,QUEENS,nan,40.72013323771417,-73.79037278029215,9.657552023333333,4959.1547619047615,4660.0,31,0,30.700000762939453,1,Medium,14,0.0,1.0,0.0,0.0,2026-04-25 17:11:05,2,4,3,1,2026-04-16 01:24:13,0.0
68683882,2026-04-16 00:43:53,2026-04-16 16:54:00,Closed,Pothole,QUEENS,48 STREET,40.72308583847206,-73.92127633942825,9.685561282592593,4959.1547619047615,4660.0,3,1,21.799999237060547,0,Low,30,0.988,0.012,0.0,0.0,2026-04-25 17:11:05,2,4,3,1,2026-04-16 16:54:00,0.0
68682404,2026-04-16 00:05:44,,Open,Pothole,MANHATTAN,nan,40.74960328344151,-73.97950370878019,9.712054338148148,16591.571428571428,6876.0,32,0,63.1,2,High,7,0.369,0.316,0.189,0.126,2026-04-25 17:11:05,0,4,3,1,,
68693723,2026-04-15 23:23:29,2026-04-16 17:22:00,Closed,Pothole,MANHATTAN,nan,40.7883145239069,-73.97649807691329,9.741394615925925,16591.571428571428,6876.0,18,0,40.599998474121094,1,Medium,14,0.0,1.0,0.0,0.0,2026-04-25 17:11:05,0,4,2,1,2026-04-16 17:22:00,0.0
68692279,2026-04-15 23:14:12,2026-04-16 22:11:00,Closed,Pothole,MANHATTAN,nan,40.743205353505104,-73.97996038469351,9.747841375185185,16591.571428571428,6876.0,26,1,41.099998474121094,1,Medium,14,0.0,1.0,0.0,0.0,2026-04-25 17:11:05,0,4,2,1,2026-04-16 22:11:00,0.0
68684884,2026-04-15 23:10:55,2026-04-16 22:10:00,Closed,Pothole,MANHATTAN,nan,40.743205353505104,-73.97996038469351,9.750121467777777,16591.571428571428,6876.0,26,1,41.099998474121094,1,Medium,14,0.0,1.0,0.0,0.0,2026-04-25 17:11:05,0,4,2,1,2026-04-16 22:10:00,0.0
68678879,2026-04-15 22:57:32,2026-04-15 22:57:32,Closed,Pothole,MANHATTAN,nan,40.7779047511921,-73.98208745958574,9.75941544925926,16591.571428571428,6876.0,20,0,40.400001525878906,1,Medium,14,0.0,1.0,0.0,0.0,2026-04-25 17:11:05,0,4,2,1,2026-04-15 22:57:32,0.0
68683360,2026-04-15 22:51:52,2026-04-15 22:51:52,Closed,Pothole,BRONX,nan,40.84000345494566,-73.87738636916855,9.763350634444445,6677.6,6655.5,21,1,33.5,1,Medium,14,0.0,1.0,0.0,0.0,2026-04-25 17:11:05,3,4,2,1,2026-04-15 22:51:52,0.0
68680943,2026-04-15 21:48:49,2026-04-18 09:30:00,Closed,Pothole,QUEENS,nan,40.7312668392173,-73.82184054016015,9.807135356666667,4959.1547619047615,4660.0,12,0,30.100000381469727,1,Medium,14,0.003,0.997,0.0,0.0,2026-04-25 17:11:05,2,4,2,1,2026-04-18 09:30:00,2.0
68680945,2026-04-15 21:23:34,2026-04-18 11:00:00,Closed,Pothole,QUEENS,nan,40.73253307082606,-73.76564269207907,9.82467007888889,4959.1547619047615,4660.0,11,1,30.299999237060547,1,Medium,14,0.004,0.996,0.0,0.0,2026-04-25 17:11:05,2,4,2,1,2026-04-18 11:00:00,2.0
68672932,2026-04-15 20:55:48,2026-04-15 20:55:48,Closed,Pothole,QUEENS,nan,40.71714314761746,-73.88504360047885,9.843952486296295,4959.1547619047615,4660.0,4,0,22.799999237060547,0,Low,30,0.821,0.179,0.0,0.0,2026-04-25 17:11:05,2,4,2,1,2026-04-15 20:55:48,0.0
68674937,2026-04-15 20:52:49,,Pending,Pothole,QUEENS,nan,40.72052498694646,-73.8072189102586,9.846024245555556,4959.1547619047615,4660.0,6,0,25.200000762939453,1,Medium,14,0.293,0.707,0.0,0.0,2026-04-25 17:11:05,2,4,2,1,,
68673451,2026-04-15 20:51:23,,Open,Pothole,BROOKLYN,nan,40.6910174553822,-73.95446746327114,9.847019615925927,5664.555555555556,6673.0,15,1,50.1,2,High,14,0.499,0.25,0.15,0.1,2026-04-25 17:11:05,1,4,2,1,,
68683885,2026-04-15 20:48:23,2026-04-16 21:45:00,Closed,Pothole,QUEENS,nan,40.7241881788816,-73.79087954447728,9.84910294925926,4959.1547619047615,4660.0,9,0,28.0,1,Medium,14,0.002,0.998,0.0,0.0,2026-04-25 17:11:05,2,4,2,1,2026-04-16 21:45:00,1.0
68682401,2026-04-15 20:45:46,,Open,Pothole,BRONX,nan,40.830502628386846,-73.86161998020725,9.850920078888889,6677.6,6655.5,7,1,30.0,1,Medium,14,0.7,0.15,0.09,0.06,2026-04-25 17:11:05,3,4,2,1,,
68682419,2026-04-15 20:42:42,,Pending,Pothole,QUEENS,nan,40.7515860835717,-73.74570669268,9.853049708518519,4959.1547619047615,4660.0,4,1,22.899999618530273,0,Low,30,0.969,0.031,0.0,0.0,2026-04-25 17:11:05,2,4,2,1,,
68674938,2026-04-15 20:39:22,,Pending,Pothole,QUEENS,nan,40.72293938441036,-73.80019494496143,9.855364523333334,4959.1547619047615,4660.0,10,0,30.399999618530273,1,Medium,14,0.001,0.999,0.0,0.0,2026-04-25 17:11:05,2,4,2,1,,
68675902,2026-04-15 20:37:58,2026-04-15 20:37:58,Closed,Pothole,QUEENS,nan,40.79171970398557,-73.79995601952946,9.856336745555556,4959.1547619047615,4660.0,0,0,17.899999618530273,0,Low,30,1.0,0.0,0.0,0.0,2026-04-25 17:11:05,2,4,2,0,2026-04-15 20:37:58,0.0
68673457,2026-04-15 20:31:23,2026-04-16 12:24:00,Closed,Pothole,QUEENS,nan,40.72013323771417,-73.79037278029215,9.860908504814814,4959.1547619047615,4660.0,31,0,30.700000762939453,1,Medium,14,0.0,1.0,0.0,0.0,2026-04-25 17:11:05,2,4,2,1,2026-04-16 12:24:00,0.0
68674404,2026-04-15 20:00:00,2026-04-15 20:00:00,Closed,Pothole,BROOKLYN,nan,40.63745924507569,-73.99464223194006,9.882702486296296,5664.555555555556,6673.0,15,1,30.0,1,Medium,14,0.003,0.997,0.0,0.0,2026-04-25 17:11:05,1,4,2,1,2026-04-15 20:00:00,0.0
68682414,2026-04-15 19:51:30,,Open,Pothole,BROOKLYN,nan,40.65417022239662,-73.91376047984436,9.888605264074075,5664.555555555556,6673.0,24,0,50.1,2,High,14,0.499,0.25,0.15,0.1,2026-04-25 17:11:05,1,4,2,1,,
68678898,2026-04-15 19:47:30,2026-04-15 19:47:30,Closed,Pothole,QUEENS,nan,40.67655069259074,-73.76837387183488,9.891383041851851,4959.1547619047615,4660.0,5,0,22.799999237060547,0,Low,30,0.913,0.087,0.0,0.0,2026-04-25 17:11:05,2,4,2,1,2026-04-15 19:47:30,0.0
68680948,2026-04-15 19:45:25,2026-04-16 00:56:00,Closed,Pothole,QUEENS,nan,40.69843455013914,-73.80854501880985,9.89282980111111,4959.1547619047615,4660.0,15,0,30.200000762939453,1,Medium,14,0.0,1.0,0.0,0.0,2026-04-25 17:11:05,2,4,2,1,2026-04-16 00:56:00,0.0
68672935,2026-04-15 19:16:20,2026-04-15 19:16:20,Closed,Pothole,QUEENS,nan,40.74089617616554,-73.89960689847297,9.91302656037037,4959.1547619047615,4660.0,32,1,31.100000381469727,1,Medium,14,0.001,0.999,0.0,0.0,2026-04-25 17:11:05,2,4,2,1,2026-04-15 19:16:20,0.0
68683375,2026-04-15 19:14:04,2026-04-15 19:14:04,Closed,Pothole,BROOKLYN,nan,40.64524579781248,-73.93261468411333,9.914600634444444,5664.555555555556,6673.0,11,0,31.899999618530273,1,Medium,14,0.0,1.0,0.0,0.0,2026-04-25 17:11:05,1,4,2,1,2026-04-15 19:14:04,0.0
68674919,2026-04-15 19:12:40,,Open,Pothole,MANHATTAN,nan,40.731835474021494,-74.00510556763821,9.915572856666667,16591.571428571428,6876.0,20,0,63.2,2,High,7,0.368,0.316,0.19,0.126,2026-04-25 17:11:05,0,4,2,1,,
68680929,2026-04-15 19:11:38,,Open,Pothole,MANHATTAN,nan,40.73167071136886,-74.0066245929398,9.91629044925926,16591.571428571428,6876.0,12,0,55.2,2,High,7,0.448,0.276,0.166,0.11,2026-04-25 17:11:05,0,4,2,1,,
68672919,2026-04-15 19:09:42,2026-04-15 19:09:42,Closed,Pothole,MANHATTAN,nan,40.7779047511921,-73.98208745958574,9.917633041851852,16591.571428571428,6876.0,20,0,40.5,1,Medium,14,0.0,1.0,0.0,0.0,2026-04-25 17:11:05,0,4,2,1,2026-04-15 19:09:42,0.0
68674911,2026-04-15 19:04:37,2026-04-16 03:54:00,Closed,Pothole,QUEENS,nan,40.68070005471548,-73.84464287635403,9.921163134444445,4959.1547619047615,4660.0,12,0,32.0,1,Medium,14,0.001,0.999,0.0,0.0,2026-04-25 17:11:05,2,4,2,1,2026-04-16 03:54:00,0.0
68683340,2026-04-15 18:56:10,2026-04-15 18:56:10,Closed,Pothole,QUEENS,nan,40.72635943797056,-73.7385655188514,9.92703119,4959.1547619047615,4660.0,3,0,17.399999618530273,0,Low,30,0.988,0.012,0.0,0.0,2026-04-25 17:11:05,2,4,2,1,2026-04-15 18:56:10,0.0
68680920,2026-04-15 18:55:50,2026-04-16 02:21:00,Closed,Pothole,QUEENS,nan,40.72635943797056,-73.7385655188514,9.927262671481481,4959.1547619047615,4660.0,3,0,17.399999618530273,0,Low,30,0.988,0.012,0.0,0.0,2026-04-25 17:11:05,2,4,2,1,2026-04-16 02:21:00,0.0
68680938,2026-04-15 18:31:14,,Open,Pothole,BROOKLYN,nan,40.601088257464504,-73.95682990059771,9.944346004814815,5664.555555555556,6673.0,7,1,28.8,1,Medium,14,0.712,0.144,0.086,0.058,2026-04-25 17:11:05,1,4,2,1,,
68683877,2026-04-15 18:29:29,,Open,Pothole,BROOKLYN,nan,40.59851723408199,-73.97984896843452,9.945561282592593,5664.555555555556,6673.0,1,0,12.8,0,Low,14,0.872,0.064,0.038,0.026,2026-04-25 17:11:05,1,4,2,1,,
68677890,2026-04-15 18:27:54,2026-04-16 02:54:00,Closed,Pothole,QUEENS,nan,40.7283765764596,-73.89872736998207,9.94666081962963,4959.1547619047615,4660.0,0,1,19.399999618530273,0,Low,30,1.0,0.0,0.0,0.0,2026-04-25 17:11:05,2,4,2,0,2026-04-16 02:54:00,0.0
68679409,2026-04-15 18:15:52,,Open,Pothole,BRONX,nan,40.845291456674005,-73.85299794452786,9.955017301111111,6677.6,6655.5,0,0,11.3,0,Low,14,0.887,0.057,0.034,0.023,2026-04-25 17:11:05,3,4,2,0,,
68674912,2026-04-15 18:11:33,,Pending,Pothole,QUEENS,nan,40.73282805582589,-73.91886896486093,9.958014986296297,4959.1547619047615,4660.0,11,1,31.100000381469727,1,Medium,14,0.005,0.995,0.0,0.0,2026-04-25 17:11:05,2,4,2,1,,
68674913,2026-04-15 18:06:12,2026-04-16 02:12:00,Closed,Pothole,QUEENS,nan,40.73920388783147,-73.9185400379831,9.961730264074074,4959.1547619047615,4660.0,8,1,28.299999237060547,1,Medium,14,0.036,0.964,0.0,0.0,2026-04-25 17:11:05,2,4,2,1,2026-04-16 02:12:00,0.0
68683341,2026-04-15 17:58:28,2026-04-15 17:58:28,Closed,Pothole,QUEENS,nan,40.676113611708814,-73.8488247372634,9.967100634444444,4959.1547619047615,4660.0,5,0,24.899999618530273,0,Low,30,0.809,0.191,0.0,0.0,2026-04-25 17:11:05,2,4,2,1,2026-04-15 17:58:28,0.0
68673440,2026-04-15 17:56:33,2026-04-19 02:16:00,Closed,Pothole,MANHATTAN,nan,40.73813472080256,-74.00417505316446,9.968431652962963,16591.571428571428,6876.0,11,0,40.599998474121094,1,Medium,14,0.0,1.0,0.0,0.0,2026-04-25 17:11:05,0,4,2,1,2026-04-19 02:16:00,3.0
68672917,2026-04-15 17:37:38,2026-04-15 17:37:38,Closed,Pothole,BRONX,nan,40.8623094366362,-73.90986809103204,9.981568227037037,6677.6,6655.5,24,1,33.0,1,Medium,14,0.0,1.0,0.0,0.0,2026-04-25 17:11:05,3,4,2,1,2026-04-15 17:37:38,0.0
68673431,2026-04-15 17:37:30,,Pending,Pothole,QUEENS,nan,40.73699349160567,-73.8104838310263,9.98166081962963,4959.1547619047615,4660.0,4,0,22.899999618530273,0,Low,30,0.915,0.085,0.0,0.0,2026-04-25 17:11:05,2,4,2,1,,
68677908,2026-04-15 17:19:24,,Open,Pothole,BROOKLYN,nan,40.616420460017785,-73.97444426100346,9.994230264074075,5664.555555555556,6673.0,7,1,28.8,1,Medium,14,0.712,0.144,0.086,0.058,2026-04-25 17:11:05,1,4,2,1,,
68677891,2026-04-15 17:14:03,2026-04-16 02:54:00,Closed,Pothole,QUEENS,nan,40.73330040629176,-73.82522686896588,9.997945541851852,4959.1547619047615,4660.0,2,0,22.399999618530273,0,Low,30,0.998,0.002,0.0,0.0,2026-04-25 17:11:05,2,4,2,1,2026-04-16 02:54:00,0.0
68674914,2026-04-15 17:06:13,,Pending,Pothole,QUEENS,nan,40.73577809149982,-73.74653922101146,10.003385356666666,4959.1547619047615,4660.0,10,1,29.200000762939453,1,Medium,14,0.003,0.997,0.0,0.0,2026-04-25 17:11:05,2,4,2,1,,
68673432,2026-04-15 17:04:32,,Pending,Pothole,QUEENS,nan,40.676113611708814,-73.8488247372634,10.004554338148148,4959.1547619047615,4660.0,5,0,24.799999237060547,1,Medium,14,0.386,0.614,0.0,0.0,2026-04-25 17:11:05,2,4,2,1,,
68679430,2026-04-15 17:04:02,2026-04-16 09:45:00,Closed,Pothole,BROOKLYN,nan,40.70931729883858,-73.93299717676499,10.00490156037037,5664.555555555556,6673.0,16,1,32.20000076293945,1,Medium,14,0.0,1.0,0.0,0.0,2026-04-25 17:11:05,1,4,2,1,2026-04-16 09:45:00,0.0
68680921,2026-04-15 16:57:11,,Pending,Pothole,QUEENS,nan,40.71443200748087,-73.84572578383464,10.009658504814814,4959.1547619047615,4660.0,1,0,18.600000381469727,0,Low,30,0.999,0.001,0.0,0.0,2026-04-25 17:11:05,2,4,2,1,,
68672896,2026-04-15 16:54:35,2026-04-15 16:54:35,Closed,Pothole,QUEENS,nan,40.76509677669708,-73.92506047957714,10.01146406037037,4959.1547619047615,4660.0,19,0,30.200000762939453,1,Medium,14,0.001,0.999,0.0,0.0,2026-04-25 17:11:05,2,4,2,1,2026-04-15 16:54:35,0.0
68679431,2026-04-15 16:54:23,2026-04-23 10:50:00,Closed,Pothole,BROOKLYN,nan,40.601431115925024,-74.00513880928703,10.01160294925926,5664.555555555556,6673.0,9,1,29.399999618530273,1,Medium,14,0.072,0.928,0.0,0.0,2026-04-25 17:11:05,1,4,2,1,2026-04-23 10:50:00,7.0
68683342,2026-04-15 16:50:31,2026-04-15 16:50:31,Closed,Pothole,QUEENS,nan,40.5986012593936,-73.75904404725512,10.014288134444444,4959.1547619047615,4660.0,4,0,23.100000381469727,0,Low,30,0.917,0.083,0.0,0.0,2026-04-25 17:11:05,2,4,2,1,2026-04-15 16:50:31,0.0
68677893,2026-04-15 16:49:20,2026-04-16 07:51:00,Closed,Pothole,QUEENS,nan,40.5986012593936,-73.75904404725512,10.015109893703704,4959.1547619047615,4660.0,4,0,23.100000381469727,0,Low,30,0.917,0.083,0.0,0.0,2026-04-25 17:11:05,2,4,2,1,2026-04-16 07:51:00,0.0
68673434,2026-04-15 16:36:08,2026-04-15 21:45:00,Closed,Pothole,QUEENS,nan,40.76509677669708,-73.92506047957714,10.024276560370371,4959.1547619047615,4660.0,19,0,30.200000762939453,1,Medium,14,0.001,0.999,0.0,0.0,2026-04-25 17:11:05,2,4,2,1,2026-04-15 21:45:00,0.0
68673439,2026-04-15 16:27:41,,Open,Pothole,BRONX,nan,40.84954856236909,-73.85304636935012,10.030144615925925,6677.6,6655.5,4,0,22.0,0,Low,15,0.78,0.11,0.066,0.044,2026-04-25 17:11:05,3,4,2,1,,
68689383,2026-04-15 16:13:36,2026-04-16 14:15:00,Closed,Pothole,BROOKLYN,GATES AVENUE,40.68563265622099,-73.95559611090636,10.039924708518518,5664.555555555556,7106.0,17,0,32.70000076293945,1,Medium,14,0.0,1.0,0.0,0.0,2026-04-25 17:11:05,1,4,2,1,2026-04-16 14:15:00,0.0
68684891,2026-04-15 16:09:36,2026-04-16 15:16:00,Closed,Pothole,BROOKLYN,BROADWAY,40.67959068489165,-73.90467457239929,10.042702486296296,5664.555555555556,13110.0,14,1,30.100000381469727,1,Medium,14,0.0,1.0,0.0,0.0,2026-04-25 17:11:05,1,4,2,1,2026-04-16 15:16:00,0.0
68692286,2026-04-15 16:09:00,2026-04-16 15:07:00,Closed,Pothole,BROOKLYN,BROADWAY,40.685280171991344,-73.91461444898687,10.043119152962962,5664.555555555556,13110.0,11,1,32.29999923706055,1,Medium,14,0.0,1.0,0.0,0.0,2026-04-25 17:11:05,1,4,2,1,2026-04-16 15:07:00,0.0
68687889,2026-04-15 16:07:45,2026-04-16 14:49:00,Closed,Pothole,BROOKLYN,MYRTLE AVENUE,40.69914717061724,-73.91518092691436,10.043987208518518,5664.555555555556,11836.0,26,0,29.200000762939453,1,Medium,14,0.0,1.0,0.0,0.0,2026-04-25 17:11:05,1,4,2,1,2026-04-16 14:49:00,0.0
68674395,2026-04-15 16:02:51,2026-04-15 16:02:51,Closed,Pothole,BRONX,nan,40.844341017728645,-73.89203789556964,10.047389986296297,6677.6,6655.5,27,1,32.099998474121094,1,Medium,14,0.0,1.0,0.0,0.0,2026-04-25 17:11:05,3,4,2,1,2026-04-15 16:02:51,0.0
68680926,2026-04-15 16:01:00,,Open,Pothole,BRONX,nan,40.844341017728645,-73.89203789556964,10.048674708518519,6677.6,6655.5,27,1,51.4,2,High,15,0.486,0.257,0.154,0.103,2026-04-25 17:11:05,3,4,2,1,,
68680923,2026-04-15 15:44:37,2026-04-18 10:05:00,Closed,Pothole,QUEENS,nan,40.73177902884212,-73.77010866842208,10.060052023333332,4959.1547619047615,4660.0,5,1,27.100000381469727,1,Medium,14,0.43,0.57,0.0,0.0,2026-04-25 17:11:05,2,4,2,1,2026-04-18 10:05:00,2.0
68692287,2026-04-15 15:44:34,2026-04-16 13:47:00,Closed,Pothole,BROOKLYN,nan,40.63047853362767,-73.98609359679054,10.060086745555555,5664.555555555556,6673.0,11,0,28.200000762939453,1,Medium,14,0.001,0.999,0.0,0.0,2026-04-25 17:11:05,1,4,2,1,2026-04-16 13:47:00,0.0
68673436,2026-04-15 15:43:33,2026-04-16 02:55:00,Closed,Pothole,QUEENS,nan,40.725476145414376,-73.76557731286611,10.060792764074074,4959.1547619047615,4660.0,31,1,30.700000762939453,1,Medium,14,0.0,1.0,0.0,0.0,2026-04-25 17:11:05,2,4,2,1,2026-04-16 02:55:00,0.0
68683343,2026-04-15 15:41:42,2026-04-15 15:41:42,Closed,Pothole,QUEENS,nan,40.69104664978981,-73.73922324000723,10.062077486296296,4959.1547619047615,4660.0,2,0,21.299999237060547,0,Low,30,0.952,0.048,0.0,0.0,2026-04-25 17:11:05,2,4,2,1,2026-04-15 15:41:42,0.0
68680924,2026-04-15 15:40:15,2026-04-17 03:32:00,Closed,Pothole,QUEENS,nan,40.705490887638646,-73.72788837873111,10.06308443074074,4959.1547619047615,4660.0,3,0,21.899999618530273,0,Low,30,0.959,0.041,0.0,0.0,2026-04-25 17:11:05,2,4,2,1,2026-04-17 03:32:00,1.0
68684892,2026-04-15 15:39:22,2026-04-16 13:17:00,Closed,Pothole,BROOKLYN,JEROME STREET,40.66976371152322,-73.88584622471096,10.063697856666666,5664.555555555556,1257.0,7,1,27.299999237060547,1,Medium,14,0.023,0.977,0.0,0.0,2026-04-25 17:11:05,1,4,2,1,2026-04-16 13:17:00,0.0
68672897,2026-04-15 15:39:06,2026-04-15 15:39:06,Closed,Pothole,QUEENS,nan,40.68848534557373,-73.76582995965448,10.063883041851852,4959.1547619047615,4660.0,3,1,21.899999618530273,0,Low,30,0.912,0.088,0.0,0.0,2026-04-25 17:11:05,2,4,2,1,2026-04-15 15:39:06,0.0
68672898,2026-04-15 15:38:27,2026-04-15 15:38:27,Closed,Pothole,QUEENS,nan,40.68625095400348,-73.76847358848285,10.064334430740741,4959.1547619047615,4660.0,1,1,19.899999618530273,0,Low,30,0.999,0.001,0.0,0.0,2026-04-25 17:11:05,2,4,2,1,2026-04-15 15:38:27,0.0
68695202,2026-04-15 15:38:22,2026-04-16 12:58:00,Closed,Pothole,BROOKLYN,NEW LOTS AVENUE,40.66552731924555,-73.8846459367598,10.064392301111111,5664.555555555556,7333.0,20,1,32.099998474121094,1,Medium,14,0.0,1.0,0.0,0.0,2026-04-25 17:11:05,1,4,2,1,2026-04-16 12:58:00,0.0
68689385,2026-04-15 15:37:09,2026-04-16 10:48:00,Closed,Pothole,BROOKLYN,RALPH AVENUE,40.678288788603226,-73.92170777454093,10.065237208518518,5664.555555555556,26660.0,17,1,32.79999923706055,1,Medium,14,0.0,1.0,0.0,0.0,2026-04-25 17:11:05,1,4,2,1,2026-04-16 10:48:00,0.0
68690821,2026-04-15 15:34:16,2026-04-16 09:22:00,Closed,Pothole,BROOKLYN,EAST   34 STREET,40.6447665733015,-73.94502551007055,10.067239523333333,5664.555555555556,6673.0,21,0,31.899999618530273,1,Medium,14,0.0,1.0,0.0,0.0,2026-04-25 17:11:05,1,4,2,1,2026-04-16 09:22:00,0.0
68693732,2026-04-15 15:33:04,2026-04-18 13:20:00,Closed,Pothole,BROOKLYN,AVENUE D,40.64226993914296,-73.92727034333386,10.068072856666667,5664.555555555556,13676.0,22,0,32.099998474121094,1,Medium,14,0.0,1.0,0.0,0.0,2026-04-25 17:11:05,1,4,2,1,2026-04-18 13:20:00,2.0
68679411,2026-04-15 15:29:44,,Open,Pothole,MANHATTAN,nan,40.763114133956435,-73.96251511418777,10.070387671481482,16591.571428571428,6876.0,27,1,63.3,2,High,8,0.367,0.316,0.19,0.127,2026-04-25 17:11:05,0,4,2,1,,
68678882,2026-04-15 15:21:25,2026-04-15 15:21:25,Closed,Pothole,MANHATTAN,nan,40.754876209548584,-73.96852222092697,10.076163134444444,16591.571428571428,6876.0,20,1,40.0,1,Medium,14,0.0,0.999,0.0,0.0,2026-04-25 17:11:05,0,4,2,1,2026-04-15 15:21:25,0.0
68677370,2026-04-15 15:20:19,2026-04-15 15:20:19,Closed,Pothole,MANHATTAN,nan,40.76123442230889,-73.9638842741059,10.076927023333333,16591.571428571428,6876.0,49,1,41.70000076293945,1,Medium,14,0.0,1.0,0.0,0.0,2026-04-25 17:11:05,0,4,2,1,2026-04-15 15:20:19,0.0
68677349,2026-04-15 15:18:08,2026-04-15 21:11:00,Closed,Pothole,QUEENS,nan,40.77147914725186,-73.91823339483405,10.078443227037036,4959.1547619047615,4660.0,46,1,30.399999618530273,1,Medium,14,0.0,1.0,0.0,0.0,2026-04-25 17:11:05,2,4,2,1,2026-04-15 21:11:00,0.0
68680373,2026-04-15 15:10:37,2026-04-15 15:10:37,Closed,Pothole,QUEENS,nan,40.71877018691972,-73.77636922755279,10.083663134444445,4959.1547619047615,4660.0,1,0,19.600000381469727,0,Low,30,0.996,0.004,0.0,0.0,2026-04-25 17:11:05,2,4,2,1,2026-04-15 15:10:37,0.0
68683871,2026-04-15 15:06:10,,Open,Pothole,STATEN ISLAND,nan,40.59511213846311,-74.09127636499284,10.086753412222222,23788.714285714286,2762.0,1,1,34.6,1,Medium,15,0.654,0.173,0.104,0.069,2026-04-25 17:11:05,4,4,2,1,,
68675871,2026-04-15 15:05:33,2026-04-15 15:05:33,Closed,Pothole,QUEENS,nan,40.72013323771417,-73.79037278029215,10.087181652962963,4959.1547619047615,4660.0,31,0,30.799999237060547,1,Medium,14,0.0,1.0,0.0,0.0,2026-04-25 17:11:05,2,4,2,1,2026-04-15 15:05:33,0.0
68676406,2026-04-15 15:02:53,,Open,Pothole,BROOKLYN,nan,40.70176317377992,-73.92758773316608,10.089033504814815,5664.555555555556,6673.0,12,1,42.2,1,Medium,15,0.578,0.211,0.126,0.084,2026-04-25 17:11:05,1,4,2,1,,
68674928,2026-04-15 15:02:10,,Open,Pothole,BROOKLYN,nan,40.7007187813526,-73.92978882773821,10.08953119,5664.555555555556,6673.0,7,1,28.8,1,Medium,15,0.712,0.144,0.086,0.058,2026-04-25 17:11:05,1,4,2,1,,
68683344,2026-04-15 15:01:49,2026-04-15 15:01:49,Closed,Pothole,QUEENS,nan,40.72792341486303,-73.87100083747289,10.089774245555555,4959.1547619047615,4660.0,7,0,25.399999618530273,1,Medium,14,0.432,0.568,0.0,0.0,2026-04-25 17:11:05,2,4,2,1,2026-04-15 15:01:49,0.0
68674379,2026-04-15 14:54:55,2026-04-15 21:12:00,Closed,Pothole,QUEENS,nan,40.7386450764329,-73.8873051469592,10.094565912222222,4959.1547619047615,4660.0,13,1,30.299999237060547,1,Medium,14,0.001,0.999,0.0,0.0,2026-04-25 17:11:05,2,4,2,1,2026-04-15 21:12:00,0.0
68693707,2026-04-15 14:54:42,2026-04-16 12:38:00,Closed,Pothole,QUEENS,QUEENS BOULEVARD,40.742623236589445,-73.91392386083788,10.094716375185184,4959.1547619047615,123690.0,11,0,43.0,1,Medium,14,0.0,1.0,0.0,0.0,2026-04-25 17:11:05,2,4,2,1,2026-04-16 12:38:00,0.0
68686351,2026-04-15 14:54:12,2026-04-16 10:40:00,Closed,Pothole,QUEENS,DALNY ROAD,40.715968014170286,-73.77933663813025,10.095063597407407,4959.1547619047615,4660.0,6,0,28.399999618530273,1,Medium,14,0.045,0.955,0.0,0.0,2026-04-25 17:11:05,2,4,2,1,2026-04-16 10:40:00,0.0
68686352,2026-04-15 14:53:41,2026-04-16 08:25:00,Closed,Pothole,QUEENS,67 ROAD,40.712061840349435,-73.87895635152918,10.095422393703704,4959.1547619047615,428.0,8,0,26.5,1,Medium,14,0.005,0.995,0.0,0.0,2026-04-25 17:11:05,2,4,2,1,2026-04-16 08:25:00,0.0
68683867,2026-04-15 14:50:47,,Open,Pothole,MANHATTAN,5 AVENUE,40.78123426747261,-73.9606164376545,10.097436282592593,16591.571428571428,6876.0,10,1,49.9,1,Medium,8,0.501,0.25,0.15,0.1,2026-04-25 17:11:05,0,4,2,1,,
68680930,2026-04-15 14:50:17,,Open,Pothole,MANHATTAN,nan,40.7774128851202,-73.97879829456296,10.097783504814815,16591.571428571428,6876.0,8,0,44.6,1,Medium,8,0.554,0.223,0.134,0.089,2026-04-25 17:11:05,0,4,2,1,,
68679413,2026-04-15 14:49:46,,Open,Pothole,MANHATTAN,nan,40.786425119593346,-73.9423807520361,10.09814230111111,16591.571428571428,6876.0,22,1,63.3,2,High,8,0.367,0.316,0.19,0.127,2026-04-25 17:11:05,0,4,2,1,,
68672902,2026-04-15 14:44:37,2026-04-15 21:45:00,Closed,Pothole,QUEENS,nan,40.75022764956716,-73.85513863030356,10.10171869,4959.1547619047615,4660.0,18,1,30.799999237060547,1,Medium,14,0.0,1.0,0.0,0.0,2026-04-25 17:11:05,2,4,2,1,2026-04-15 21:45:00,0.0
68673442,2026-04-15 14:38:44,2026-04-17 08:45:00,Closed,Pothole,MANHATTAN,nan,40.76461681260692,-73.95832311500644,10.105804338148149,16591.571428571428,6876.0,21,1,41.20000076293945,1,Medium,14,0.0,1.0,0.0,0.0,2026-04-25 17:11:05,0,4,2,1,2026-04-17 08:45:00,1.0
68679445,2026-04-15 14:33:08,,Pending,Pothole,QUEENS,nan,40.72013323771417,-73.79037278029215,10.109693227037036,4959.1547619047615,4660.0,31,0,30.799999237060547,1,Medium,14,0.0,1.0,0.0,0.0,2026-04-25 17:11:05,2,4,2,1,,
68676390,2026-04-15 14:15:27,,Open,Pothole,BRONX,nan,40.86680178864927,-73.88442695575957,10.12197331962963,6677.6,6655.5,20,1,51.4,2,High,15,0.486,0.257,0.154,0.103,2026-04-25 17:11:05,3,4,2,1,,
68675872,2026-04-15 14:02:03,2026-04-15 14:02:03,Closed,Pothole,QUEENS,nan,40.7402725268642,-73.89585124979992,10.131278875185185,4959.1547619047615,4660.0,23,0,29.0,1,Medium,14,0.001,0.999,0.0,0.0,2026-04-25 17:11:05,2,4,2,1,2026-04-15 14:02:03,0.0
68675873,2026-04-15 14:00:10,2026-04-15 14:00:10,Closed,Pothole,QUEENS,nan,40.7402725268642,-73.89585124979992,10.132586745555555,4959.1547619047615,4660.0,23,0,29.0,1,Medium,14,0.001,0.999,0.0,0.0,2026-04-25 17:11:05,2,4,2,1,2026-04-15 14:00:10,0.0
68682402,2026-04-15 13:52:38,2026-04-16 09:19:00,Closed,Pothole,BRONX,nan,40.83206303983589,-73.8243531249409,10.137818227037037,6677.6,6655.5,7,1,29.600000381469727,1,Medium,14,0.026,0.974,0.0,0.0,2026-04-25 17:11:05,3,4,2,1,2026-04-16 09:19:00,0.0
68680927,2026-04-15 13:43:38,,Open,Pothole,BRONX,nan,40.86281999816562,-73.82598553733978,10.144068227037037,6677.6,6655.5,4,0,22.1,0,Low,15,0.779,0.11,0.066,0.044,2026-04-25 17:11:05,3,4,2,1,,
68690823,2026-04-15 13:35:06,2026-04-16 12:15:00,Closed,Pothole,BROOKLYN,RIDGE BOULEVARD,40.63465866308299,-74.02943946629897,10.149994152962963,5664.555555555556,13968.0,5,0,25.799999237060547,0,Low,30,0.887,0.113,0.0,0.0,2026-04-25 17:11:05,1,4,2,1,2026-04-16 12:15:00,0.0
68692288,2026-04-15 13:34:42,2026-04-16 11:47:00,Closed,Pothole,BROOKLYN,BAY   47 STREET,40.59131286399573,-73.98453910043746,10.150271930740741,5664.555555555556,6673.0,6,1,26.899999618530273,1,Medium,14,0.022,0.978,0.0,0.0,2026-04-25 17:11:05,1,4,2,1,2026-04-16 11:47:00,0.0
68674401,2026-04-15 13:20:30,2026-04-15 13:20:30,Closed,Pothole,MANHATTAN,nan,40.76123442230889,-73.9638842741059,10.160133041851852,16591.571428571428,6876.0,49,1,41.70000076293945,1,Medium,14,0.0,1.0,0.0,0.0,2026-04-25 17:11:05,0,4,2,1,2026-04-15 13:20:30,0.0
68679410,2026-04-15 13:19:29,,Open,Pothole,BRONX,nan,40.82629209397202,-73.81631430280669,10.160839060370371,6677.6,6655.5,2,0,16.7,0,Low,15,0.833,0.084,0.05,0.033,2026-04-25 17:11:05,3,4,2,1,,
68676398,2026-04-15 13:19:15,,Open,Pothole,MANHATTAN,nan,40.762179295833846,-73.96612906924031,10.161001097407407,16591.571428571428,6876.0,36,0,63.3,2,High,8,0.367,0.316,0.19,0.127,2026-04-25 17:11:05,0,4,2,1,,
68679416,2026-04-15 13:18:13,,Open,Pothole,MANHATTAN,nan,40.76428917713265,-73.95561586982379,10.16171869,16591.571428571428,6876.0,16,1,63.3,2,High,8,0.367,0.316,0.19,0.127,2026-04-25 17:11:05,0,4,2,1,,
68675874,2026-04-15 13:13:07,2026-04-15 21:45:00,Closed,Pothole,QUEENS,nan,40.66684164323722,-73.78940839883084,10.165260356666666,4959.1547619047615,4660.0,17,0,33.5,1,Medium,14,0.0,1.0,0.0,0.0,2026-04-25 17:11:05,2,4,2,1,2026-04-15 21:45:00,0.0
68683380,2026-04-15 12:57:14,2026-04-15 12:57:14,Closed,Pothole,BROOKLYN,nan,40.648707042232765,-74.01024886427484,10.176290449259259,5664.555555555556,6673.0,23,1,31.299999237060547,1,Medium,14,0.002,0.998,0.0,0.0,2026-04-25 17:11:05,1,4,2,1,2026-04-15 12:57:14,0.0
68673444,2026-04-15 12:51:38,,Open,Pothole,MANHATTAN,nan,40.77007338983615,-73.95139885639155,10.180179338148148,16591.571428571428,6876.0,6,0,39.3,1,Medium,8,0.607,0.197,0.118,0.079,2026-04-25 17:11:05,0,4,2,1,,
68679424,2026-04-15 12:46:30,,Open,Pothole,STATEN ISLAND,nan,40.62485313279033,-74.16044700328256,10.183744152962962,23788.714285714286,2762.0,5,0,45.3,1,Medium,15,0.547,0.226,0.136,0.091,2026-04-25 17:11:05,4,4,2,1,,
68677352,2026-04-15 12:43:54,2026-04-15 12:43:54,Closed,Pothole,QUEENS,nan,40.7443500939338,-73.7040085498426,10.185549708518518,4959.1547619047615,4660.0,0,0,20.799999237060547,0,Low,30,1.0,0.0,0.0,0.0,2026-04-25 17:11:05,2,4,2,0,2026-04-15 12:43:54,0.0
68682410,2026-04-15 12:34:58,2026-04-15 23:49:00,Closed,Pothole,STATEN ISLAND,nan,40.63568144016979,-74.08970330931174,10.191753412222223,23788.714285714286,2762.0,2,1,31.0,1,Medium,14,0.005,0.995,0.0,0.0,2026-04-25 17:11:05,4,4,2,1,2026-04-15 23:49:00,0.0
68674382,2026-04-15 12:30:57,2026-04-15 16:54:00,Closed,Pothole,QUEENS,nan,40.74304598119282,-73.91775223427982,10.194542764074074,4959.1547619047615,4660.0,16,0,30.100000381469727,1,Medium,14,0.0,1.0,0.0,0.0,2026-04-25 17:11:05,2,4,2,1,2026-04-15 16:54:00,0.0
68673458,2026-04-15 12:29:42,,Pending,Pothole,QUEENS,nan,40.72576276408367,-73.90420444825385,10.195410819629629,4959.1547619047615,4660.0,14,0,30.200000762939453,1,Medium,14,0.0,1.0,0.0,0.0,2026-04-25 17:11:05,2,4,2,1,,
68674383,2026-04-15 12:28:17,2026-04-15 21:45:00,Closed,Pothole,QUEENS,nan,40.75213645696293,-73.9256272786863,10.196394615925925,4959.1547619047615,4660.0,18,0,28.5,1,Medium,14,0.002,0.998,0.0,0.0,2026-04-25 17:11:05,2,4,2,1,2026-04-15 21:45:00,0.0
68676399,2026-04-15 12:27:00,,Open,Pothole,MANHATTAN,nan,40.72172652636259,-74.00530682036884,10.197285819629629,16591.571428571428,6876.0,35,1,63.3,2,High,8,0.367,0.317,0.19,0.127,2026-04-25 17:11:05,0,4,2,1,,
68677909,2026-04-15 12:26:45,,Open,Pothole,BROOKLYN,nan,40.63581678873192,-73.95342423250342,10.197459430740741,5664.555555555556,6673.0,10,1,36.9,1,Medium,15,0.631,0.184,0.111,0.074,2026-04-25 17:11:05,1,4,2,1,,
68681919,2026-04-15 12:26:34,2026-04-15 12:26:34,Closed,Pothole,MANHATTAN,nan,40.80949059299736,-73.95166267659963,10.197586745555556,16591.571428571428,6876.0,45,0,38.70000076293945,1,Medium,14,0.0,1.0,0.0,0.0,2026-04-25 17:11:05,0,4,2,1,2026-04-15 12:26:34,0.0
68674930,2026-04-15 12:25:40,,Open,Pothole,BROOKLYN,nan,40.70028049866335,-73.94114966404247,10.198211745555556,5664.555555555556,6673.0,46,1,50.2,2,High,15,0.498,0.251,0.151,0.1,2026-04-25 17:11:05,1,4,2,1,,
68683347,2026-04-15 12:24:53,2026-04-15 12:24:53,Closed,Pothole,QUEENS,nan,40.74466900121858,-73.93168408303255,10.198755727037037,4959.1547619047615,4660.0,18,0,30.600000381469727,1,Medium,14,0.001,0.999,0.0,0.0,2026-04-25 17:11:05,2,4,2,1,2026-04-15 12:24:53,0.0
68680377,2026-04-15 12:21:53,2026-04-15 12:21:53,Closed,Pothole,QUEENS,nan,40.731182109653254,-73.87159708902749,10.20083906037037,4959.1547619047615,4660.0,20,0,30.100000381469727,1,Medium,14,0.001,0.999,0.0,0.0,2026-04-25 17:11:05,2,4,2,1,2026-04-15 12:21:53,0.0
68682408,2026-04-15 12:19:00,2026-04-18 09:15:00,Closed,Pothole,MANHATTAN,nan,40.7225499038568,-74.00629899581318,10.202841375185185,16591.571428571428,6876.0,46,0,40.20000076293945,1,Medium,14,0.0,1.0,0.0,0.0,2026-04-25 17:11:05,0,4,2,1,2026-04-18 09:15:00,2.0
68682403,2026-04-15 12:18:13,,Open,Pothole,BRONX,nan,40.817389295643494,-73.86012263841882,10.203385356666667,6677.6,6655.5,7,1,30.1,1,Medium,15,0.699,0.15,0.09,0.06,2026-04-25 17:11:05,3,4,2,1,,
68674923,2026-04-15 12:15:08,,Open,Pothole,MANHATTAN,nan,40.74237765355967,-73.9889644549032,10.20552656037037,16591.571428571428,6876.0,18,0,63.3,2,High,8,0.367,0.317,0.19,0.127,2026-04-25 17:11:05,0,4,2,1,,
68681903,2026-04-15 12:05:11,2026-04-15 21:45:00,Closed,Pothole,QUEENS,nan,40.68848534557373,-73.76582995965448,10.212436282592593,4959.1547619047615,4660.0,3,1,21.600000381469727,0,Low,30,0.934,0.066,0.0,0.0,2026-04-25 17:11:05,2,4,2,1,2026-04-15 21:45:00,0.0
68680951,2026-04-15 12:03:28,,Pending,Pothole,QUEENS,nan,40.7402661546192,-73.8706160766944,10.213628412222223,4959.1547619047615,4660.0,8,0,27.299999237060547,1,Medium,14,0.036,0.964,0.0,0.0,2026-04-25 17:11:05,2,4,2,1,,
68677354,2026-04-15 12:02:30,2026-04-15 12:02:30,Closed,Pothole,QUEENS,nan,40.68226523856321,-73.8451331832496,10.214299708518519,4959.1547619047615,4660.0,9,0,30.399999618530273,1,Medium,14,0.003,0.997,0.0,0.0,2026-04-25 17:11:05,2,4,2,1,2026-04-15 12:02:30,0.0
68683348,2026-04-15 12:00:48,2026-04-15 12:00:48,Closed,Pothole,QUEENS,nan,40.7443500939338,-73.7040085498426,10.215480264074074,4959.1547619047615,4660.0,0,0,20.799999237060547,0,Low,30,1.0,0.0,0.0,0.0,2026-04-25 17:11:05,2,4,2,0,2026-04-15 12:00:48,0.0
68679415,2026-04-15 11:48:28,,Open,Pothole,BRONX,nan,40.90336032499629,-73.9115669025736,10.224045078888889,6677.6,6655.5,1,1,14.1,0,Low,15,0.859,0.07,0.042,0.028,2026-04-25 17:11:05,3,4,2,1,,
68677357,2026-04-15 11:25:47,2026-04-15 19:55:00,Closed,Pothole,QUEENS,nan,40.70299771958722,-73.91106809219384,10.239797393703704,4959.1547619047615,4660.0,14,1,28.200000762939453,1,Medium,14,0.001,0.999,0.0,0.0,2026-04-25 17:11:05,2,4,2,1,2026-04-15 19:55:00,0.0
68683351,2026-04-15 11:25:03,2026-04-15 23:21:00,Closed,Pothole,QUEENS,nan,40.787198413472126,-73.7799889137467,10.240306652962962,4959.1547619047615,4660.0,2,1,21.5,0,Low,30,0.982,0.018,0.0,0.0,2026-04-25 17:11:05,2,4,2,1,2026-04-15 23:21:00,0.0
68677358,2026-04-15 11:23:45,2026-04-15 21:55:00,Closed,Pothole,QUEENS,nan,40.78544475577318,-73.77867666007816,10.24120943074074,4959.1547619047615,4660.0,2,1,21.200000762939453,0,Low,30,0.992,0.008,0.0,0.0,2026-04-25 17:11:05,2,4,2,1,2026-04-15 21:55:00,0.0
68680380,2026-04-15 11:19:43,2026-04-15 11:19:43,Closed,Pothole,QUEENS,nan,40.68625095400348,-73.76847358848285,10.244010356666667,4959.1547619047615,4660.0,1,1,19.200000762939453,0,Low,30,0.999,0.001,0.0,0.0,2026-04-25 17:11:05,2,4,2,1,2026-04-15 11:19:43,0.0
68680392,2026-04-15 11:16:25,2026-04-15 11:16:25,Closed,Pothole,BRONX,nan,40.8805075666858,-73.88595088419072,10.246302023333334,6677.6,6655.5,15,1,32.0,1,Medium,14,0.0,1.0,0.0,0.0,2026-04-25 17:11:05,3,4,2,1,2026-04-15 11:16:25,0.0
68672927,2026-04-15 11:13:45,2026-04-15 11:13:45,Closed,Pothole,BROOKLYN,nan,40.648707042232765,-74.01024886427484,10.248153875185185,5664.555555555556,6673.0,23,1,31.100000381469727,1,Medium,14,0.002,0.998,0.0,0.0,2026-04-25 17:11:05,1,4,2,1,2026-04-15 11:13:45,0.0
68676403,2026-04-15 11:13:02,,Open,Pothole,STATEN ISLAND,nan,40.541395897831435,-74.2120743894584,10.24865156037037,23788.714285714286,2762.0,2,0,37.3,1,Medium,15,0.627,0.186,0.112,0.075,2026-04-25 17:11:05,4,4,2,1,,
68676392,2026-04-15 11:11:09,,Open,Pothole,BRONX,nan,40.872113412889206,-73.88785272403739,10.249959430740741,6677.6,6655.5,18,1,51.4,2,High,15,0.486,0.257,0.154,0.103,2026-04-25 17:11:05,3,4,2,1,,
68682405,2026-04-15 10:55:42,,Open,Pothole,BRONX,nan,40.87724199774324,-73.88657483344912,10.260688597407407,6677.6,6655.5,7,1,30.1,1,Medium,15,0.699,0.151,0.09,0.06,2026-04-25 17:11:05,3,4,2,1,,
68683352,2026-04-15 10:55:14,2026-04-15 23:11:00,Closed,Pothole,QUEENS,nan,40.56090606971587,-73.91548600085787,10.261012671481481,4959.1547619047615,4660.0,2,0,19.899999618530273,0,Low,30,0.976,0.024,0.0,0.0,2026-04-25 17:11:05,2,4,2,1,2026-04-15 23:11:00,0.0
68676400,2026-04-15 10:54:39,,Open,Pothole,MANHATTAN,nan,40.79269756028083,-73.97507360897227,10.261417764074073,16591.571428571428,6876.0,13,1,58.0,2,High,8,0.42,0.29,0.174,0.116,2026-04-25 17:11:05,0,4,2,1,,
68673453,2026-04-15 10:52:49,2026-04-18 16:12:00,Closed,Pothole,BROOKLYN,nan,40.65422352209103,-73.91530651798409,10.262690912222222,5664.555555555556,6673.0,19,1,30.100000381469727,1,Medium,14,0.0,1.0,0.0,0.0,2026-04-25 17:11:05,1,4,2,1,2026-04-18 16:12:00,3.0
68680941,2026-04-15 10:51:01,,Open,Pothole,BROOKLYN,nan,40.66243093261302,-73.88167403709707,10.263940912222223,5664.555555555556,6673.0,16,0,50.2,2,High,15,0.498,0.251,0.151,0.1,2026-04-25 17:11:05,1,4,2,1,,
68679433,2026-04-15 10:50:13,2026-04-23 13:59:00,Closed,Pothole,BROOKLYN,nan,40.63579042607502,-73.99489457465786,10.264496467777777,5664.555555555556,6673.0,13,1,30.700000762939453,1,Medium,14,0.005,0.995,0.0,0.0,2026-04-25 17:11:05,1,4,2,1,2026-04-23 13:59:00,8.0
68676416,2026-04-15 10:48:42,,Pending,Pothole,QUEENS,nan,40.69366255534651,-73.852163876474,10.265549708518519,4959.1547619047615,4660.0,25,0,32.5,1,Medium,14,0.0,1.0,0.0,0.0,2026-04-25 17:11:05,2,4,2,1,,
68679417,2026-04-15 10:46:37,,Open,Pothole,MANHATTAN,nan,40.754876209548584,-73.96852222092697,10.266996467777778,16591.571428571428,6876.0,20,1,63.3,2,High,8,0.367,0.317,0.19,0.127,2026-04-25 17:11:05,0,4,2,1,,
68679434,2026-04-15 10:37:13,2026-04-22 14:00:00,Closed,Pothole,BROOKLYN,nan,40.63132920273728,-74.03879791951721,10.273524245555555,5664.555555555556,6673.0,4,0,25.600000381469727,0,Low,30,0.911,0.089,0.0,0.0,2026-04-25 17:11:05,1,4,2,1,2026-04-22 14:00:00,7.0
68672922,2026-04-15 10:37:07,2026-04-15 10:37:07,Closed,Pothole,MANHATTAN,nan,40.816122838598154,-73.96161458531367,10.27359369,16591.571428571428,6876.0,4,0,33.79999923706055,1,Medium,14,0.001,0.999,0.0,0.0,2026-04-25 17:11:05,0,4,2,1,2026-04-15 10:37:07,0.0
68679418,2026-04-15 10:35:44,2026-04-18 20:10:00,Closed,Pothole,MANHATTAN,nan,40.816122838598154,-73.96161458531367,10.274554338148148,16591.571428571428,6876.0,4,0,33.79999923706055,1,Medium,14,0.001,0.999,0.0,0.0,2026-04-25 17:11:05,0,4,2,1,2026-04-18 20:10:00,3.0
68674921,2026-04-15 10:33:46,,Open,Pothole,BRONX,nan,40.830334844214,-73.91894520045653,10.27592007888889,6677.6,6655.5,12,1,43.4,1,Medium,15,0.566,0.217,0.13,0.087,2026-04-25 17:11:05,3,4,2,1,,
68678885,2026-04-15 10:32:26,2026-04-15 10:32:26,Closed,Pothole,MANHATTAN,nan,40.802928040912455,-73.96757481807968,10.276846004814814,16591.571428571428,6876.0,16,1,40.79999923706055,1,Medium,14,0.0,1.0,0.0,0.0,2026-04-25 17:11:05,0,4,2,1,2026-04-15 10:32:26,0.0
68682418,2026-04-15 10:32:09,2026-04-18 19:00:00,Closed,Pothole,BROOKLYN,nan,40.57724405166864,-74.000032398413,10.277042764074073,5664.555555555556,6673.0,12,1,34.29999923706055,1,Medium,14,0.016,0.984,0.0,0.0,2026-04-25 17:11:05,1,4,2,1,2026-04-18 19:00:00,3.0
68675880,2026-04-15 10:13:41,2026-04-15 10:13:41,Closed,Pothole,QUEENS,nan,40.72792341486303,-73.87100083747289,10.289866838148148,4959.1547619047615,4660.0,7,0,24.5,0,Low,30,0.637,0.363,0.0,0.0,2026-04-25 17:11:05,2,4,2,1,2026-04-15 10:13:41,0.0
68676417,2026-04-15 10:05:32,,Pending,Pothole,QUEENS,nan,40.66028603798031,-73.7429766464903,10.29552656037037,4959.1547619047615,4660.0,6,0,23.5,0,Low,30,0.624,0.376,0.0,0.0,2026-04-25 17:11:05,2,4,2,1,,
68679425,2026-04-15 10:03:21,,Open,Pothole,STATEN ISLAND,nan,40.61201340646981,-74.12213363887855,10.297042764074074,23788.714285714286,2762.0,12,1,64.0,2,High,15,0.36,0.32,0.192,0.128,2026-04-25 17:11:05,4,4,2,1,,
68673459,2026-04-15 10:01:26,,Pending,Pothole,QUEENS,nan,40.66086948840343,-73.74244455869922,10.298373782592593,4959.1547619047615,4660.0,5,0,23.299999237060547,0,Low,30,0.974,0.026,0.0,0.0,2026-04-25 17:11:05,2,4,2,1,,
68680952,2026-04-15 09:56:22,,Pending,Pothole,QUEENS,nan,40.66343214568916,-73.74078741169663,10.301892301111112,4959.1547619047615,4660.0,6,1,26.0,1,Medium,14,0.122,0.878,0.0,0.0,2026-04-25 17:11:05,2,4,2,1,,
68676393,2026-04-15 09:54:37,,Open,Pothole,BRONX,nan,40.86703060750593,-73.89110802695467,10.30310757888889,6677.6,6655.5,12,1,43.4,1,Medium,15,0.566,0.217,0.13,0.087,2026-04-25 17:11:05,3,4,2,1,,
68677896,2026-04-15 09:53:50,,Open,Pothole,BRONX,nan,40.85381531966821,-73.90733117171574,10.30365156037037,6677.6,6655.5,20,1,51.4,2,High,15,0.486,0.257,0.154,0.103,2026-04-25 17:11:05,3,4,2,1,,
68682409,2026-04-15 09:49:45,2026-04-18 21:24:00,Closed,Pothole,MANHATTAN,nan,40.7242353361815,-73.99778483319649,10.306487208518519,16591.571428571428,6876.0,40,1,42.900001525878906,1,Medium,14,0.0,1.0,0.0,0.0,2026-04-25 17:11:05,0,4,2,1,2026-04-18 21:24:00,3.0
68679436,2026-04-15 09:49:29,,Open,Pothole,BROOKLYN,nan,40.63284777043393,-73.92836506191817,10.306672393703703,5664.555555555556,6673.0,23,1,50.2,2,High,15,0.498,0.251,0.151,0.1,2026-04-25 17:11:05,1,4,2,1,,
68677898,2026-04-15 09:47:45,,Open,Pothole,MANHATTAN,nan,40.761550882570425,-73.96658422171976,10.307876097407407,16591.571428571428,6876.0,34,0,63.3,2,High,8,0.367,0.317,0.19,0.127,2026-04-25 17:11:05,0,4,2,1,,
68683880,2026-04-15 09:47:19,,Open,Pothole,BROOKLYN,nan,40.62091387130242,-73.97529625702678,10.308177023333334,5664.555555555556,6673.0,5,0,23.6,0,Low,15,0.764,0.118,0.071,0.047,2026-04-25 17:11:05,1,4,2,1,,
68673445,2026-04-15 09:43:31,,Open,Pothole,MANHATTAN,nan,40.73032038707009,-74.00468691277086,10.310815912222223,16591.571428571428,6876.0,22,0,63.3,2,High,8,0.367,0.317,0.19,0.127,2026-04-25 17:11:05,0,4,2,1,,
68673450,2026-04-15 09:42:55,,Open,Pothole,STATEN ISLAND,nan,40.5337038558157,-74.18743956709913,10.31123257888889,23788.714285714286,2762.0,0,0,32.0,1,Medium,15,0.68,0.16,0.096,0.064,2026-04-25 17:11:05,4,4,2,0,,
68678887,2026-04-15 09:42:06,2026-04-15 09:42:06,Closed,Pothole,STATEN ISLAND,nan,40.53440150529732,-74.18546288535472,10.31179970851852,23788.714285714286,2762.0,0,0,28.700000762939453,1,Medium,14,0.041,0.959,0.0,0.0,2026-04-25 17:11:05,4,4,2,0,2026-04-15 09:42:06,0.0
68677897,2026-04-15 09:33:25,,Open,Pothole,BRONX,nan,40.82188135609053,-73.85926051342122,10.317829801111111,6677.6,6655.5,9,1,35.5,1,Medium,15,0.645,0.177,0.106,0.071,2026-04-25 17:11:05,3,4,2,1,,
68679438,2026-04-15 09:31:55,2026-04-18 13:49:00,Closed,Pothole,BROOKLYN,nan,40.63448283365947,-73.9188516173332,10.318871467777777,5664.555555555556,6673.0,12,0,31.600000381469727,1,Medium,14,0.001,0.999,0.0,0.0,2026-04-25 17:11:05,1,4,2,1,2026-04-18 13:49:00,3.0
68683353,2026-04-15 09:31:35,2026-04-15 12:12:00,Closed,Pothole,QUEENS,nan,40.68129301808039,-73.82555426000988,10.319102949259259,4959.1547619047615,4660.0,5,1,26.200000762939453,0,Low,30,0.592,0.408,0.0,0.0,2026-04-25 17:11:05,2,4,2,1,2026-04-15 12:12:00,0.0
68672906,2026-04-15 09:30:32,2026-04-15 21:02:00,Closed,Pothole,QUEENS,nan,40.68175985794817,-73.8239017322567,10.319832115925927,4959.1547619047615,4660.0,5,1,24.600000381469727,0,Low,30,0.602,0.398,0.0,0.0,2026-04-25 17:11:05,2,4,2,1,2026-04-15 21:02:00,0.0
68674932,2026-04-15 09:29:42,,Open,Pothole,BROOKLYN,nan,40.676448835455936,-73.86453897126174,10.320410819629629,5664.555555555556,6673.0,13,0,44.9,1,Medium,15,0.551,0.225,0.135,0.09,2026-04-25 17:11:05,1,4,2,1,,
68679419,2026-04-15 09:29:33,,Open,Pothole,MANHATTAN,nan,40.76671457146749,-73.98287746335355,10.320514986296295,16591.571428571428,6876.0,36,0,63.4,2,High,8,0.366,0.317,0.19,0.127,2026-04-25 17:11:05,0,4,2,1,,
68673454,2026-04-15 09:27:43,2026-04-18 19:20:00,Closed,Pothole,BROOKLYN,nan,40.57698181631863,-73.98156537524474,10.321788134444445,5664.555555555556,6673.0,13,1,30.600000381469727,1,Medium,14,0.002,0.998,0.0,0.0,2026-04-25 17:11:05,1,4,2,1,2026-04-18 19:20:00,3.0
68674387,2026-04-15 09:27:32,2026-04-15 09:27:32,Closed,Pothole,QUEENS,nan,40.679892820889535,-73.85065851418706,10.32191544925926,4959.1547619047615,4660.0,2,0,19.700000762939453,0,Low,30,0.998,0.002,0.0,0.0,2026-04-25 17:11:05,2,4,2,1,2026-04-15 09:27:32,0.0
68683354,2026-04-15 09:26:32,2026-04-15 12:02:00,Closed,Pothole,QUEENS,nan,40.67983364880765,-73.85159604202171,10.322609893703703,4959.1547619047615,4660.0,5,0,24.299999237060547,0,Low,30,0.819,0.181,0.0,0.0,2026-04-25 17:11:05,2,4,2,1,2026-04-15 12:02:00,0.0
68675881,2026-04-15 09:22:44,2026-04-15 09:22:44,Closed,Pothole,QUEENS,nan,40.679892820889535,-73.85065851418706,10.325248782592592,4959.1547619047615,4660.0,2,0,19.700000762939453,0,Low,30,0.998,0.002,0.0,0.0,2026-04-25 17:11:05,2,4,2,1,2026-04-15 09:22:44,0.0
68674409,2026-04-15 09:21:21,2026-04-15 09:21:21,Closed,Pothole,BROOKLYN,nan,40.648707042232765,-74.01024886427484,10.326209430740741,5664.555555555556,6673.0,23,1,31.0,1,Medium,14,0.002,0.998,0.0,0.0,2026-04-25 17:11:05,1,4,2,1,2026-04-15 09:21:21,0.0
68673460,2026-04-15 09:20:23,,Pending,Pothole,QUEENS,nan,40.680064787457326,-73.8478351171216,10.326880727037038,4959.1547619047615,4660.0,0,0,21.399999618530273,0,Low,30,1.0,0.0,0.0,0.0,2026-04-25 17:11:05,2,4,2,0,,
68680381,2026-04-15 09:19:36,2026-04-15 21:55:00,Closed,Pothole,QUEENS,nan,40.680185715731525,-73.84589153815574,10.32742470851852,4959.1547619047615,4660.0,7,0,28.100000381469727,1,Medium,14,0.236,0.764,0.0,0.0,2026-04-25 17:11:05,2,4,2,1,2026-04-15 21:55:00,0.0
68674939,2026-04-15 09:18:08,,Pending,Pothole,QUEENS,nan,40.680132124818265,-73.84686872082064,10.328443227037036,4959.1547619047615,4660.0,6,0,25.200000762939453,0,Low,30,0.611,0.388,0.0,0.0,2026-04-25 17:11:05,2,4,2,1,,
68680382,2026-04-15 09:17:51,2026-04-15 17:11:00,Closed,Pothole,QUEENS,nan,40.707554859160936,-73.87377425768258,10.328639986296297,4959.1547619047615,4660.0,7,0,25.899999618530273,1,Medium,14,0.055,0.945,0.0,0.0,2026-04-25 17:11:05,2,4,2,1,2026-04-15 17:11:00,0.0
68677910,2026-04-15 09:15:06,2026-04-18 17:49:00,Closed,Pothole,BROOKLYN,nan,40.60925305771447,-73.92336981787635,10.330549708518518,5664.555555555556,6673.0,27,0,29.600000381469727,1,Medium,14,0.001,0.999,0.0,0.0,2026-04-25 17:11:05,1,4,2,1,2026-04-18 17:49:00,3.0
68680931,2026-04-15 09:11:37,,Open,Pothole,MANHATTAN,nan,40.87249773707309,-73.91717267927005,10.33296869,16591.571428571428,6876.0,1,0,26.0,1,Medium,8,0.74,0.13,0.078,0.052,2026-04-25 17:11:05,0,4,2,1,,
68674922,2026-04-15 09:10:37,,Open,Pothole,BRONX,nan,40.8623094366362,-73.90986809103204,10.333663134444445,6677.6,6655.5,24,1,51.5,2,High,15,0.485,0.257,0.154,0.103,2026-04-25 17:11:05,3,4,2,1,,
68677372,2026-04-15 09:08:57,2026-04-15 09:08:57,Closed,Pothole,MANHATTAN,nan,40.865957306587084,-73.92986745192913,10.334820541851851,16591.571428571428,6876.0,13,1,40.599998474121094,1,Medium,14,0.0,1.0,0.0,0.0,2026-04-25 17:11:05,0,4,2,1,2026-04-15 09:08:57,0.0
68681916,2026-04-15 08:53:28,2026-04-15 08:53:28,Closed,Pothole,BRONX,nan,40.89608250690141,-73.86691632989255,10.345572856666667,6677.6,6655.5,6,1,26.700000762939453,1,Medium,14,0.012,0.988,0.0,0.0,2026-04-25 17:11:05,3,4,2,1,2026-04-15 08:53:28,0.0
68680383,2026-04-15 08:43:34,2026-04-15 14:14:00,Closed,Pothole,QUEENS,144 STREET,40.78934040885278,-73.82553839333063,10.352447856666666,4959.1547619047615,238.0,2,1,20.100000381469727,0,Low,30,0.995,0.005,0.0,0.0,2026-04-25 17:11:05,2,4,2,1,2026-04-15 14:14:00,0.0
68681924,2026-04-15 08:43:33,2026-04-15 08:43:33,Closed,Pothole,BROOKLYN,nan,40.648707042232765,-74.01024886427484,10.35245943074074,5664.555555555556,6673.0,23,1,31.100000381469727,1,Medium,14,0.002,0.998,0.0,0.0,2026-04-25 17:11:05,1,4,2,1,2026-04-15 08:43:33,0.0
68672929,2026-04-15 08:38:43,2026-04-15 08:38:43,Closed,Pothole,BROOKLYN,nan,40.648707042232765,-74.01024886427484,10.355815912222223,5664.555555555556,6673.0,23,1,31.100000381469727,1,Medium,14,0.002,0.998,0.0,0.0,2026-04-25 17:11:05,1,4,2,1,2026-04-15 08:38:43,0.0
68680400,2026-04-15 08:35:55,2026-04-15 08:35:55,Closed,Pothole,BROOKLYN,nan,40.648707042232765,-74.01024886427484,10.357760356666667,5664.555555555556,6673.0,23,1,31.100000381469727,1,Medium,14,0.002,0.998,0.0,0.0,2026-04-25 17:11:05,1,4,2,1,2026-04-15 08:35:55,0.0
68677899,2026-04-15 08:29:24,,Open,Pothole,MANHATTAN,nan,40.70623706771039,-74.01433698810037,10.36228581962963,16591.571428571428,6876.0,24,1,63.4,2,High,8,0.366,0.317,0.19,0.127,2026-04-25 17:11:05,0,4,2,1,,
68677359,2026-04-15 08:15:45,2026-04-15 21:15:00,Closed,Pothole,QUEENS,nan,40.69091679076116,-73.72817863918132,10.371764986296297,4959.1547619047615,4660.0,43,1,28.600000381469727,1,Medium,14,0.0,1.0,0.0,0.0,2026-04-25 17:11:05,2,4,2,1,2026-04-15 21:15:00,0.0
68683381,2026-04-15 08:14:39,2026-04-15 08:14:39,Closed,Pothole,BROOKLYN,nan,40.648707042232765,-74.01024886427484,10.372528875185186,5664.555555555556,6673.0,23,1,31.100000381469727,1,Medium,14,0.002,0.998,0.0,0.0,2026-04-25 17:11:05,1,4,2,1,2026-04-15 08:14:39,0.0
68673446,2026-04-15 08:13:39,,Open,Pothole,MANHATTAN,nan,40.77011968174121,-73.95740266786355,10.373223319629629,16591.571428571428,6876.0,9,0,47.4,1,Medium,8,0.526,0.237,0.142,0.095,2026-04-25 17:11:05,0,4,2,1,,
68679421,2026-04-15 08:13:19,,Open,Pothole,MANHATTAN,nan,40.77138740575629,-73.95647761547139,10.37345480111111,16591.571428571428,6876.0,13,0,58.0,2,High,8,0.42,0.29,0.174,0.116,2026-04-25 17:11:05,0,4,2,1,,
68679422,2026-04-15 08:13:01,,Open,Pothole,MANHATTAN,nan,40.772021264888394,-73.95601507606814,10.373663134444444,16591.571428571428,6876.0,10,0,50.0,1,Medium,8,0.5,0.25,0.15,0.1,2026-04-25 17:11:05,0,4,2,1,,
68676401,2026-04-15 08:12:38,,Open,Pothole,MANHATTAN,nan,40.77265512210335,-73.95555252785981,10.373929338148148,16591.571428571428,6876.0,9,0,47.4,1,Medium,8,0.526,0.237,0.142,0.095,2026-04-25 17:11:05,0,4,2,1,,
68681908,2026-04-15 08:04:11,2026-04-15 20:44:00,Closed,Pothole,QUEENS,nan,40.69014333778544,-73.72958810738825,10.379797393703704,4959.1547619047615,4660.0,12,1,29.799999237060547,1,Medium,14,0.001,0.999,0.0,0.0,2026-04-25 17:11:05,2,4,2,1,2026-04-15 20:44:00,0.0
68683881,2026-04-15 08:03:24,2026-04-21 14:05:00,Closed,Pothole,BROOKLYN,nan,40.689299702273765,-73.87405401530438,10.380341375185186,5664.555555555556,6673.0,17,0,31.399999618530273,1,Medium,14,0.0,1.0,0.0,0.0,2026-04-25 17:11:05,1,4,2,1,2026-04-21 14:05:00,6.0
68677900,2026-04-15 07:59:29,2026-04-19 01:10:00,Closed,Pothole,MANHATTAN,nan,40.7298565508983,-74.00395444237157,10.383061282592593,16591.571428571428,6876.0,27,0,42.400001525878906,1,Medium,14,0.0,1.0,0.0,0.0,2026-04-25 17:11:05,0,4,2,1,2026-04-19 01:10:00,3.0
68678874,2026-04-15 07:55:24,2026-04-15 21:54:00,Closed,Pothole,QUEENS,nan,40.75942796748809,-73.88417649447432,10.38589693074074,4959.1547619047615,4660.0,14,0,30.200000762939453,1,Medium,14,0.001,0.999,0.0,0.0,2026-04-25 17:11:05,2,4,2,1,2026-04-15 21:54:00,0.0
68675884,2026-04-15 07:53:11,2026-04-15 07:53:11,Closed,Pothole,QUEENS,nan,40.68509877182678,-73.76072902749495,10.387436282592592,4959.1547619047615,4660.0,4,1,24.799999237060547,1,Medium,14,0.328,0.672,0.0,0.0,2026-04-25 17:11:05,2,4,2,1,2026-04-15 07:53:11,0.0
68675885,2026-04-15 07:52:37,2026-04-15 21:15:00,Closed,Pothole,QUEENS,nan,40.724316707492115,-73.80146436092937,10.387829801111112,4959.1547619047615,4660.0,8,0,28.799999237060547,1,Medium,14,0.014,0.986,0.0,0.0,2026-04-25 17:11:05,2,4,2,1,2026-04-15 21:15:00,0.0
68678888,2026-04-15 07:49:22,2026-04-15 07:49:22,Closed,Pothole,STATEN ISLAND,nan,40.53440150529732,-74.18546288535472,10.390086745555555,23788.714285714286,2762.0,0,0,29.5,1,Medium,14,0.031,0.969,0.0,0.0,2026-04-25 17:11:05,4,4,2,0,2026-04-15 07:49:22,0.0
68674391,2026-04-15 07:48:15,2026-04-15 07:48:15,Closed,Pothole,QUEENS,nan,40.67948147234004,-73.7574034114413,10.390862208518518,4959.1547619047615,4660.0,11,0,30.700000762939453,1,Medium,14,0.0,1.0,0.0,0.0,2026-04-25 17:11:05,2,4,2,1,2026-04-15 07:48:15,0.0
68677901,2026-04-15 07:42:54,,Open,Pothole,MANHATTAN,nan,40.73940874906709,-73.97669936553606,10.394577486296296,16591.571428571428,6876.0,25,1,63.4,2,High,8,0.366,0.317,0.19,0.127,2026-04-25 17:11:05,0,4,2,1,,
68672911,2026-04-15 07:42:14,2026-04-15 23:02:00,Closed,Pothole,QUEENS,nan,40.67237934648254,-73.78574628974769,10.395040449259259,4959.1547619047615,4660.0,11,0,33.29999923706055,1,Medium,14,0.007,0.993,0.0,0.0,2026-04-25 17:11:05,2,4,2,1,2026-04-15 23:02:00,0.0
68676394,2026-04-15 07:34:59,2026-04-23 10:05:00,Closed,Pothole,BRONX,nan,40.895375946561074,-73.86355749899745,10.40007517148148,6677.6,6655.5,25,1,29.399999618530273,1,Medium,14,0.0,1.0,0.0,0.0,2026-04-25 17:11:05,3,4,2,1,2026-04-23 10:05:00,8.0
68680385,2026-04-15 07:34:27,2026-04-15 15:00:00,Closed,Pothole,QUEENS,nan,40.725789943726326,-73.79174401191865,10.400445541851852,4959.1547619047615,4660.0,11,0,30.200000762939453,1,Medium,14,0.0,1.0,0.0,0.0,2026-04-25 17:11:05,2,4,2,1,2026-04-15 15:00:00,0.0
68680386,2026-04-15 07:34:04,2026-04-15 15:21:00,Closed,Pothole,QUEENS,nan,40.743865663625414,-73.82567912802195,10.400711745555556,4959.1547619047615,4660.0,15,1,31.399999618530273,1,Medium,14,0.001,0.999,0.0,0.0,2026-04-25 17:11:05,2,4,2,1,2026-04-15 15:21:00,0.0
68681911,2026-04-15 07:31:28,2026-04-15 12:45:00,Closed,Pothole,QUEENS,nan,40.742162732300706,-73.80443169997793,10.40251730111111,4959.1547619047615,4660.0,4,0,22.899999618530273,0,Low,30,0.933,0.067,0.0,0.0,2026-04-25 17:11:05,2,4,2,1,2026-04-15 12:45:00,0.0
68674392,2026-04-15 07:27:42,2026-04-15 17:24:00,Closed,Pothole,QUEENS,nan,40.7343762769571,-73.87341674191903,10.405133041851851,4959.1547619047615,4660.0,23,0,29.600000381469727,1,Medium,14,0.005,0.995,0.0,0.0,2026-04-25 17:11:05,2,4,2,1,2026-04-15 17:24:00,0.0
68678875,2026-04-15 07:27:34,2026-04-15 07:27:34,Closed,Pothole,QUEENS,nan,40.74193295150507,-73.79695147470842,10.405225634444445,4959.1547619047615,4660.0,2,1,20.200000762939453,0,Low,30,0.999,0.001,0.0,0.0,2026-04-25 17:11:05,2,4,2,1,2026-04-15 07:27:34,0.0
68682422,2026-04-15 07:24:58,,Pending,Pothole,QUEENS,nan,40.66614380206199,-73.82325087127278,10.40703119,4959.1547619047615,4660.0,33,1,31.0,1,Medium,14,0.0,1.0,0.0,0.0,2026-04-25 17:11:05,2,4,2,1,,
68674933,2026-04-15 07:08:30,,Open,Pothole,BROOKLYN,nan,40.61910563757932,-73.95830950968423,10.418466375185185,5664.555555555556,6673.0,10,1,36.9,1,Medium,15,0.631,0.185,0.111,0.074,2026-04-25 17:11:05,1,4,2,1,,
68676408,2026-04-15 07:04:16,2026-04-16 09:50:00,Closed,Pothole,BROOKLYN,nan,40.677628283071634,-74.01477788784943,10.421406189999999,5664.555555555556,6673.0,9,0,30.0,1,Medium,14,0.014,0.986,0.0,0.0,2026-04-25 17:11:05,1,4,2,1,2026-04-16 09:50:00,1.0
68672913,2026-04-15 07:01:50,2026-04-15 07:01:50,Closed,Pothole,QUEENS,nan,40.744791406467726,-73.91742167156947,10.423096004814814,4959.1547619047615,4660.0,7,0,26.0,1,Medium,14,0.133,0.867,0.0,0.0,2026-04-25 17:11:05,2,4,2,1,2026-04-15 07:01:50,0.0
68683357,2026-04-15 06:52:24,2026-04-15 06:52:24,Closed,Pothole,QUEENS,nan,40.7402725268642,-73.89585124979992,10.429646930740741,4959.1547619047615,4660.0,23,0,29.399999618530273,1,Medium,14,0.001,0.999,0.0,0.0,2026-04-25 17:11:05,2,4,2,1,2026-04-15 06:52:24,0.0
68681918,2026-04-15 06:30:05,2026-04-15 06:30:05,Closed,Pothole,BRONX,nan,40.88270955300674,-73.88124583052429,10.445144615925926,6677.6,6655.5,22,0,32.0,1,Medium,14,0.0,1.0,0.0,0.0,2026-04-25 17:11:05,3,4,2,1,2026-04-15 06:30:05,0.0
68699654,2026-04-15 05:51:49,2026-04-16 20:55:00,Closed,Pothole,BROOKLYN,nan,40.635520338103106,-74.01669615060825,10.47171869,5664.555555555556,6673.0,26,1,33.79999923706055,1,Medium,14,0.006,0.994,0.0,0.0,2026-04-25 17:11:05,1,4,2,1,2026-04-16 20:55:00,1.0
68681912,2026-04-15 04:26:34,2026-04-15 04:26:34,Closed,Pothole,QUEENS,nan,40.73108132164628,-73.7739970491349,10.530920078888888,4959.1547619047615,4660.0,0,0,18.899999618530273,0,Low,30,0.999,0.001,0.0,0.0,2026-04-25 17:11:05,2,4,2,0,2026-04-15 04:26:34,0.0
68680396,2026-04-15 04:11:02,2026-04-15 04:11:02,Closed,Pothole,STATEN ISLAND,nan,40.554856649342554,-74.13352315426452,10.541707115925925,23788.714285714286,2762.0,2,1,31.100000381469727,1,Medium,14,0.001,0.999,0.0,0.0,2026-04-25 17:11:05,4,4,2,1,2026-04-15 04:11:02,0.0
68678876,2026-04-15 04:05:57,2026-04-15 21:45:00,Closed,Pothole,QUEENS,nan,40.68723843749791,-73.82752909036041,10.545237208518518,4959.1547619047615,4660.0,12,1,30.200000762939453,1,Medium,14,0.003,0.997,0.0,0.0,2026-04-25 17:11:05,2,4,2,1,2026-04-15 21:45:00,0.0
68668723,2026-04-15 01:52:13,,Pending,Pothole,QUEENS,nan,40.75112071150661,-73.74751669571391,10.638107578888889,4959.1547619047615,4660.0,12,1,29.899999618530273,1,Medium,14,0.012,0.988,0.0,0.0,2026-04-25 17:11:05,2,4,2,1,,
68668719,2026-04-15 00:50:44,,Open,Pothole,BRONX,nan,40.83081979459333,-73.8700063632717,10.680804338148148,6677.6,6655.5,11,1,40.9,1,Medium,15,0.591,0.205,0.123,0.082,2026-04-25 17:11:05,3,4,2,1,,
68668724,2026-04-15 00:21:07,2026-04-15 09:11:00,Closed,Pothole,QUEENS,nan,40.75827569385723,-73.93335220513019,10.701371467777777,4959.1547619047615,4660.0,9,1,26.899999618530273,0,Low,30,0.717,0.283,0.0,0.0,2026-04-25 17:11:05,2,4,2,1,2026-04-15 09:11:00,0.0
68663900,2026-04-14 23:28:52,2026-04-23 09:50:00,Closed,Pothole,BROOKLYN,nan,40.69909044367837,-73.95607401194755,10.73765619,5664.555555555556,6673.0,35,1,28.700000762939453,1,Medium,14,0.001,0.999,0.0,0.0,2026-04-25 17:11:05,1,4,1,1,2026-04-23 09:50:00,8.0
68671890,2026-04-14 23:10:38,,Pending,Pothole,QUEENS,nan,40.76197072257963,-73.92538165997419,10.750318227037036,4959.1547619047615,4660.0,17,0,27.700000762939453,1,Medium,14,0.009,0.991,0.0,0.0,2026-04-25 17:11:05,2,4,1,1,,
68667098,2026-04-14 22:54:06,2026-04-16 10:10:00,Closed,Pothole,BROOKLYN,nan,40.676487398993885,-73.99872737127434,10.761799708518518,5664.555555555556,6673.0,12,1,28.100000381469727,1,Medium,14,0.032,0.968,0.0,0.0,2026-04-25 17:11:05,1,4,1,1,2026-04-16 10:10:00,1.0
68667085,2026-04-14 22:52:28,,Pending,Pothole,QUEENS,nan,40.59585602867145,-73.79259576791172,10.762933967777778,4959.1547619047615,4660.0,4,1,21.799999237060547,0,Low,30,0.874,0.126,0.0,0.0,2026-04-25 17:11:05,2,4,1,1,,
68664866,2026-04-14 22:37:38,2026-04-14 22:37:38,Closed,Pothole,QUEENS,nan,40.74089617616554,-73.89960689847297,10.773234893703703,4959.1547619047615,4660.0,32,1,30.399999618530273,1,Medium,14,0.001,0.999,0.0,0.0,2026-04-25 17:11:05,2,4,1,1,2026-04-14 22:37:38,0.0
68671226,2026-04-14 21:50:40,2026-04-14 21:50:40,Closed,Pothole,MANHATTAN,nan,40.75899755593863,-73.99593192853008,10.805850634444445,16591.571428571428,6876.0,39,1,44.20000076293945,1,Medium,14,0.0,0.998,0.002,0.0,2026-04-25 17:11:05,0,4,1,1,2026-04-14 21:50:40,0.0
68662333,2026-04-14 21:09:26,2026-04-15 14:51:00,Closed,Pothole,QUEENS,nan,40.59241023046713,-73.78899501697998,10.834484893703703,4959.1547619047615,4660.0,10,0,29.899999618530273,1,Medium,14,0.003,0.997,0.0,0.0,2026-04-25 17:11:05,2,4,1,1,2026-04-15 14:51:00,0.0
68664888,2026-04-14 20:56:38,2026-04-14 20:56:38,Closed,Pothole,BROOKLYN,nan,40.65246393267372,-73.92284807681267,10.843373782592593,5664.555555555556,6673.0,23,1,31.899999618530273,1,Medium,14,0.001,0.999,0.0,0.0,2026-04-25 17:11:05,1,4,1,1,2026-04-14 20:56:38,0.0
68671900,2026-04-14 20:55:33,2026-04-18 16:22:00,Closed,Pothole,BROOKLYN,nan,40.65246393267372,-73.92284807681267,10.844126097407408,5664.555555555556,6673.0,23,1,31.899999618530273,1,Medium,14,0.001,0.999,0.0,0.0,2026-04-25 17:11:05,1,4,1,1,2026-04-18 16:22:00,3.0
68667099,2026-04-14 20:41:41,2026-04-16 12:45:00,Closed,Pothole,BROOKLYN,nan,40.61516094373182,-74.02395962903049,10.853755727037036,5664.555555555556,6673.0,6,1,26.5,0,Low,30,0.859,0.141,0.0,0.0,2026-04-25 17:11:05,1,4,1,1,2026-04-16 12:45:00,1.0
68667086,2026-04-14 20:28:11,2026-04-15 01:24:00,Closed,Pothole,QUEENS,nan,40.74165064549895,-73.71656808379508,10.863130727037037,4959.1547619047615,4660.0,4,0,24.200000762939453,0,Low,30,0.924,0.076,0.0,0.0,2026-04-25 17:11:05,2,4,1,1,2026-04-15 01:24:00,0.0
68671211,2026-04-14 20:22:29,2026-04-14 20:22:29,Closed,Pothole,QUEENS,nan,40.74336274351488,-73.70861418133741,10.86708906037037,4959.1547619047615,4660.0,2,0,19.600000381469727,0,Low,30,1.0,0.0,0.0,0.0,2026-04-25 17:11:05,2,4,1,1,2026-04-14 20:22:29,0.0
68663901,2026-04-14 19:40:33,2026-04-16 13:20:00,Closed,Pothole,BROOKLYN,nan,40.70935262107056,-73.96241549626342,10.89620943074074,5664.555555555556,6673.0,20,1,31.399999618530273,1,Medium,14,0.001,0.999,0.0,0.0,2026-04-25 17:11:05,1,4,1,1,2026-04-16 13:20:00,1.0
68668062,2026-04-14 19:05:02,2026-04-14 19:05:02,Closed,Pothole,BRONX,nan,40.84596607196421,-73.89223766274013,10.920873782592592,6677.6,6655.5,23,1,32.0,1,Medium,14,0.0,1.0,0.0,0.0,2026-04-25 17:11:05,3,4,1,1,2026-04-14 19:05:02,0.0
68662340,2026-04-14 19:04:07,2026-04-18 11:16:00,Closed,Pothole,BROOKLYN,nan,40.63659189659396,-73.99473237720723,10.921510356666667,5664.555555555556,6673.0,10,1,31.100000381469727,1,Medium,14,0.009,0.991,0.0,0.0,2026-04-25 17:11:05,1,4,1,1,2026-04-18 11:16:00,3.0
68670248,2026-04-14 19:02:31,,Open,Pothole,BRONX,nan,40.84490184926121,-73.89009610058542,10.922621467777777,6677.6,6655.5,22,1,51.7,2,High,15,0.483,0.258,0.155,0.103,2026-04-25 17:11:05,3,4,1,1,,
68665517,2026-04-14 19:02:31,2026-04-18 10:50:00,Closed,Pothole,BROOKLYN,nan,40.63745924507569,-73.99464223194006,10.922621467777777,5664.555555555556,6673.0,15,1,31.0,1,Medium,14,0.004,0.996,0.0,0.0,2026-04-25 17:11:05,1,4,1,1,2026-04-18 10:50:00,3.0
68660022,2026-04-14 19:02:21,2026-04-14 19:02:21,Closed,Pothole,STATEN ISLAND,nan,40.55189236936027,-74.17438497953906,10.922737208518518,23788.714285714286,2762.0,2,1,28.299999237060547,1,Medium,14,0.001,0.999,0.0,0.0,2026-04-25 17:11:05,4,4,1,1,2026-04-14 19:02:21,0.0
68671891,2026-04-14 18:57:35,2026-04-15 21:44:00,Closed,Pothole,QUEENS,nan,40.592675338522646,-73.79907964334934,10.926047393703703,4959.1547619047615,4660.0,8,1,26.5,1,Medium,14,0.023,0.977,0.0,0.0,2026-04-25 17:11:05,2,4,1,1,2026-04-15 21:44:00,1.0
68670253,2026-04-14 18:57:08,2026-04-15 14:52:00,Closed,Pothole,QUEENS,nan,40.59532656654049,-73.78091638747061,10.926359893703703,4959.1547619047615,4660.0,6,1,26.0,1,Medium,14,0.137,0.863,0.0,0.0,2026-04-25 17:11:05,2,4,1,1,2026-04-15 14:52:00,0.0
68660663,2026-04-14 18:55:33,2026-04-17 12:22:00,Closed,Pothole,BROOKLYN,nan,40.69118413152543,-73.86805731855816,10.92745943074074,5664.555555555556,6673.0,7,0,26.899999618530273,1,Medium,14,0.043,0.957,0.0,0.0,2026-04-25 17:11:05,1,4,1,1,2026-04-17 12:22:00,2.0
68666484,2026-04-14 18:45:59,2026-04-14 18:45:59,Closed,Pothole,STATEN ISLAND,nan,40.615186301699424,-74.10256686753505,10.934102949259259,23788.714285714286,2762.0,6,1,34.70000076293945,1,Medium,14,0.004,0.996,0.0,0.0,2026-04-25 17:11:05,4,4,1,1,2026-04-14 18:45:59,0.0
68661662,2026-04-14 18:42:20,2026-04-14 18:42:20,Closed,Pothole,MANHATTAN,nan,40.75897825494627,-73.99393579583666,10.936637671481481,16591.571428571428,6876.0,44,1,39.400001525878906,1,Medium,14,0.0,0.999,0.001,0.0,2026-04-25 17:11:05,0,4,1,1,2026-04-14 18:42:20,0.0
68670260,2026-04-14 18:35:55,,Open,Pothole,MANHATTAN,nan,40.71153733500604,-73.98674399475725,10.94109369,16591.571428571428,6876.0,18,1,63.6,2,High,8,0.364,0.318,0.191,0.127,2026-04-25 17:11:05,0,4,1,1,,
68661663,2026-04-14 18:28:11,2026-04-14 18:28:11,Closed,Pothole,MANHATTAN,nan,40.7779047511921,-73.98208745958574,10.94646406037037,16591.571428571428,6876.0,20,0,41.5,1,Medium,14,0.0,1.0,0.0,0.0,2026-04-25 17:11:05,0,4,1,1,2026-04-14 18:28:11,0.0
68660643,2026-04-14 18:02:51,2026-04-19 01:35:00,Closed,Pothole,STATEN ISLAND,nan,40.55900624540367,-74.1340028961997,10.964056652962963,23788.714285714286,2762.0,0,0,30.399999618530273,1,Medium,14,0.031,0.969,0.0,0.0,2026-04-25 17:11:05,4,4,1,0,2026-04-19 01:35:00,4.0
68662334,2026-04-14 17:43:19,,Pending,Pothole,QUEENS,nan,40.750119075321,-73.80727041758703,10.977621467777778,4959.1547619047615,4660.0,7,0,26.200000762939453,0,Low,30,0.631,0.368,0.0,0.0,2026-04-25 17:11:05,2,4,1,1,,
68661664,2026-04-14 17:33:15,2026-04-14 17:33:15,Closed,Pothole,MANHATTAN,nan,40.84604758805665,-73.9402400014605,10.984612208518518,16591.571428571428,6876.0,29,1,40.900001525878906,1,Medium,14,0.0,1.0,0.0,0.0,2026-04-25 17:11:05,0,4,1,1,2026-04-14 17:33:15,0.0
68660653,2026-04-14 17:26:19,2026-04-15 01:12:00,Closed,Pothole,QUEENS,nan,40.69242106739628,-73.85150311647946,10.989427023333333,4959.1547619047615,4660.0,22,0,30.399999618530273,1,Medium,14,0.0,1.0,0.0,0.0,2026-04-25 17:11:05,2,4,1,1,2026-04-15 01:12:00,0.0
68663282,2026-04-14 17:24:08,2026-04-14 17:24:08,Closed,Pothole,MANHATTAN,nan,40.8060810703871,-73.96530843266166,10.990943227037038,16591.571428571428,6876.0,17,1,42.099998474121094,1,Medium,14,0.0,1.0,0.0,0.0,2026-04-25 17:11:05,0,4,1,1,2026-04-14 17:24:08,0.0
68668732,2026-04-14 17:17:18,,Open,Pothole,MANHATTAN,nan,40.79601867019603,-73.97501457897238,10.995688597407407,16591.571428571428,6876.0,36,1,63.6,2,High,8,0.364,0.318,0.191,0.127,2026-04-25 17:11:05,0,4,1,1,,
68661643,2026-04-14 17:10:00,2026-04-14 17:10:00,Closed,Pothole,QUEENS,nan,40.761217008162774,-73.8863970016137,11.000758041851851,4959.1547619047615,4660.0,7,0,26.299999237060547,1,Medium,14,0.216,0.784,0.0,0.0,2026-04-25 17:11:05,2,4,1,1,2026-04-14 17:10:00,0.0
68667101,2026-04-14 17:01:50,2026-04-23 08:20:00,Closed,Pothole,BROOKLYN,nan,40.648707042232765,-74.01024886427484,11.006429338148148,5664.555555555556,6673.0,23,1,30.5,1,Medium,14,0.003,0.997,0.0,0.0,2026-04-25 17:11:05,1,4,1,1,2026-04-23 08:20:00,8.0
68671893,2026-04-14 16:58:56,,Pending,Pothole,QUEENS,nan,40.76535886057919,-73.74428230406164,11.008443227037038,4959.1547619047615,4660.0,13,0,30.399999618530273,1,Medium,14,0.001,0.999,0.0,0.0,2026-04-25 17:11:05,2,4,1,1,,
68671881,2026-04-14 16:51:34,,Open,Pothole,BRONX,nan,40.83662504817424,-73.92610743426546,11.013558967777778,6677.6,6655.5,16,0,51.7,2,High,15,0.483,0.258,0.155,0.103,2026-04-25 17:11:05,3,4,1,1,,
68664867,2026-04-14 16:43:56,2026-04-14 16:43:56,Closed,Pothole,QUEENS,nan,40.73380012604392,-73.81480121129775,11.018859893703704,4959.1547619047615,4660.0,10,0,31.5,1,Medium,14,0.006,0.994,0.0,0.0,2026-04-25 17:11:05,2,4,1,1,2026-04-14 16:43:56,0.0
68663885,2026-04-14 16:39:54,2026-04-18 08:45:00,Closed,Pothole,STATEN ISLAND,nan,40.57980288006784,-74.10582089649856,11.021660819629629,23788.714285714286,2762.0,5,0,37.0,1,Medium,14,0.001,0.999,0.0,0.0,2026-04-25 17:11:05,4,4,1,1,2026-04-18 08:45:00,3.0
68671207,2026-04-14 16:38:28,2026-04-14 16:38:28,Closed,Pothole,STATEN ISLAND,nan,40.580575571725625,-74.10726932314459,11.02265619,23788.714285714286,2762.0,8,0,38.20000076293945,1,Medium,14,0.0,1.0,0.0,0.0,2026-04-25 17:11:05,4,4,1,1,2026-04-14 16:38:28,0.0
68670251,2026-04-14 16:37:54,2026-04-18 08:33:00,Closed,Pothole,STATEN ISLAND,nan,40.580729011287275,-74.10755757072388,11.023049708518519,23788.714285714286,2762.0,8,0,38.20000076293945,1,Medium,14,0.0,1.0,0.0,0.0,2026-04-25 17:11:05,4,4,1,1,2026-04-18 08:33:00,3.0
68671894,2026-04-14 16:32:55,,Pending,Pothole,QUEENS,nan,40.715773343301734,-73.87437554332324,11.026510356666666,4959.1547619047615,4660.0,3,0,20.700000762939453,0,Low,30,0.949,0.051,0.0,0.0,2026-04-25 17:11:05,2,4,1,1,,
68665518,2026-04-14 16:25:53,,Open,Pothole,BROOKLYN,nan,40.66470914066399,-73.92822991770124,11.031394615925926,5664.555555555556,6673.0,8,0,31.8,1,Medium,15,0.682,0.159,0.095,0.064,2026-04-25 17:11:05,1,4,1,1,,
68677376,2026-04-14 16:25:42,2026-04-15 12:35:00,Closed,Pothole,BROOKLYN,nan,40.73019885741805,-73.9542458544055,11.031521930740741,5664.555555555556,6673.0,12,0,31.799999237060547,1,Medium,14,0.003,0.997,0.0,0.0,2026-04-25 17:11:05,1,4,1,1,2026-04-15 12:35:00,0.0
68674405,2026-04-14 16:24:39,2026-04-15 12:15:00,Closed,Pothole,BROOKLYN,nan,40.724285234871346,-73.95772058597298,11.032251097407407,5664.555555555556,6673.0,7,1,29.0,1,Medium,14,0.021,0.979,0.0,0.0,2026-04-25 17:11:05,1,4,1,1,2026-04-15 12:15:00,0.0
68674406,2026-04-14 16:24:07,2026-04-15 12:00:00,Closed,Pothole,BROOKLYN,nan,40.70919250004041,-73.96847886888783,11.032621467777778,5664.555555555556,6673.0,7,1,29.0,1,Medium,14,0.028,0.972,0.0,0.0,2026-04-25 17:11:05,1,4,1,1,2026-04-15 12:00:00,0.0
68665509,2026-04-14 16:23:38,,Pending,Pothole,QUEENS,nan,40.74700886214913,-73.8602343215567,11.032957115925926,4959.1547619047615,4660.0,8,1,26.200000762939453,1,Medium,14,0.009,0.991,0.0,0.0,2026-04-25 17:11:05,2,4,1,1,,
68667079,2026-04-14 16:22:40,,Open,Pothole,STATEN ISLAND,nan,40.59070847642687,-74.16578740066916,11.033628412222223,23788.714285714286,2762.0,11,1,61.6,2,High,15,0.384,0.308,0.185,0.123,2026-04-25 17:11:05,4,4,1,1,,
68675897,2026-04-14 16:22:19,2026-04-15 10:35:00,Closed,Pothole,BROOKLYN,nan,40.714728200728246,-73.96675559311906,11.033871467777777,5664.555555555556,6673.0,12,1,31.5,1,Medium,14,0.006,0.994,0.0,0.0,2026-04-25 17:11:05,1,4,1,1,2026-04-15 10:35:00,0.0
68678890,2026-04-14 16:21:56,2026-04-15 10:15:00,Closed,Pothole,BROOKLYN,nan,40.713298368917734,-73.96741641869905,11.034137671481481,5664.555555555556,6673.0,28,1,33.0,1,Medium,14,0.001,0.999,0.0,0.0,2026-04-25 17:11:05,1,4,1,1,2026-04-15 10:15:00,0.0
68665498,2026-04-14 16:21:50,,Open,Pothole,BRONX,nan,40.83265918761328,-73.86096503838782,11.034207115925925,6677.6,6655.5,35,1,51.7,2,High,15,0.483,0.258,0.155,0.103,2026-04-25 17:11:05,3,4,1,1,,
68666483,2026-04-14 16:20:50,2026-04-14 16:20:50,Closed,Pothole,BRONX,nan,40.86874961696823,-73.8949630643024,11.03490156037037,6677.6,6655.5,19,1,33.0,1,Medium,14,0.0,1.0,0.0,0.0,2026-04-25 17:11:05,3,4,1,1,2026-04-14 16:20:50,0.0
68671895,2026-04-14 16:20:35,2026-04-14 23:54:00,Closed,Pothole,QUEENS,nan,40.74788084248102,-73.85730194459506,11.03507517148148,4959.1547619047615,4660.0,9,0,28.899999618530273,1,Medium,14,0.006,0.994,0.0,0.0,2026-04-25 17:11:05,2,4,1,1,2026-04-14 23:54:00,0.0
68677377,2026-04-14 16:20:21,2026-04-15 09:35:00,Closed,Pothole,BROOKLYN,nan,40.69771642802073,-73.96772696566879,11.035237208518518,5664.555555555556,6673.0,21,1,30.799999237060547,1,Medium,14,0.009,0.991,0.0,0.0,2026-04-25 17:11:05,1,4,1,1,2026-04-15 09:35:00,0.0
68667093,2026-04-14 16:16:52,2026-04-14 21:55:00,Closed,Pothole,QUEENS,nan,40.69335210250701,-73.90040331190272,11.03765619,4959.1547619047615,4660.0,4,1,23.600000381469727,0,Low,30,0.947,0.053,0.0,0.0,2026-04-25 17:11:05,2,4,1,1,2026-04-14 21:55:00,0.0
68669677,2026-04-14 16:15:38,2026-04-14 16:15:38,Closed,Pothole,BRONX,nan,40.84108689567926,-73.86447840535152,11.038512671481481,6677.6,6655.5,20,0,33.0,1,Medium,14,0.0,1.0,0.0,0.0,2026-04-25 17:11:05,3,4,1,1,2026-04-14 16:15:38,0.0
68663882,2026-04-14 16:12:58,,Open,Pothole,BRONX,nan,40.87114927476741,-73.8508291880295,11.040364523333333,6677.6,6655.5,7,1,30.4,1,Medium,15,0.696,0.152,0.091,0.061,2026-04-25 17:11:05,3,4,1,1,,
68666488,2026-04-14 16:10:29,2026-04-14 16:10:29,Closed,Pothole,QUEENS,nan,40.71580653703652,-73.88791732478406,11.04208906037037,4959.1547619047615,4660.0,2,0,19.799999237060547,0,Low,30,0.994,0.006,0.0,0.0,2026-04-25 17:11:05,2,4,1,1,2026-04-14 16:10:29,0.0
68665519,2026-04-14 16:06:13,2026-04-23 14:20:00,Closed,Pothole,BROOKLYN,nan,40.68129694085058,-73.93471267670999,11.045052023333334,5664.555555555556,6673.0,10,0,32.79999923706055,1,Medium,14,0.001,0.999,0.0,0.0,2026-04-25 17:11:05,1,4,1,1,2026-04-23 14:20:00,8.0
68667103,2026-04-14 16:04:47,2026-04-23 14:30:00,Closed,Pothole,BROOKLYN,nan,40.68056400682413,-73.93457278358274,11.046047393703704,5664.555555555556,6673.0,17,0,31.700000762939453,1,Medium,14,0.0,1.0,0.0,0.0,2026-04-25 17:11:05,1,4,1,1,2026-04-23 14:30:00,8.0
68661638,2026-04-14 16:04:44,2026-04-14 16:04:44,Closed,Pothole,BRONX,nan,40.84042677415491,-73.92238795172126,11.046082115925925,6677.6,6655.5,14,0,34.0,1,Medium,14,0.0,1.0,0.0,0.0,2026-04-25 17:11:05,3,4,1,1,2026-04-14 16:04:44,0.0
68660665,2026-04-14 16:03:13,,Open,Pothole,BROOKLYN,OCEAN AVENUE,40.63226850896585,-73.93759243607215,11.047135356666667,1410.142857142857,42188.0,3,0,13.4,0,Low,15,0.866,0.067,0.04,0.027,2026-04-25 17:11:05,1,4,1,1,,
68664884,2026-04-14 16:01:56,2026-04-14 16:01:56,Closed,Pothole,MANHATTAN,nan,40.77402161430348,-73.95455873895823,11.04802656037037,16591.571428571428,6876.0,12,0,40.79999923706055,1,Medium,14,0.0,1.0,0.0,0.0,2026-04-25 17:11:05,0,4,1,1,2026-04-14 16:01:56,0.0
68661644,2026-04-14 15:59:38,2026-04-14 15:59:38,Closed,Pothole,QUEENS,nan,40.72792341486303,-73.87100083747289,11.049623782592592,4959.1547619047615,4660.0,7,0,24.5,1,Medium,14,0.342,0.658,0.0,0.0,2026-04-25 17:11:05,2,4,1,1,2026-04-14 15:59:38,0.0
68663892,2026-04-14 15:59:19,2026-04-15 02:54:00,Closed,Pothole,QUEENS,nan,40.7504660966887,-73.79216493866147,11.04984369,4959.1547619047615,4660.0,3,0,23.899999618530273,1,Medium,14,0.257,0.743,0.0,0.0,2026-04-25 17:11:05,2,4,1,1,2026-04-15 02:54:00,0.0
68678891,2026-04-14 15:30:38,2026-04-15 12:10:00,Closed,Pothole,BROOKLYN,nan,40.70700184687184,-73.96728965050787,11.069762671481481,5664.555555555556,6673.0,7,1,28.5,1,Medium,14,0.013,0.987,0.0,0.0,2026-04-25 17:11:05,1,4,1,1,2026-04-15 12:10:00,0.0
68660655,2026-04-14 15:27:13,,Pending,Pothole,QUEENS,nan,40.68848534557373,-73.76582995965448,11.072135356666667,4959.1547619047615,4660.0,3,1,21.600000381469727,0,Low,30,0.911,0.089,0.0,0.0,2026-04-25 17:11:05,2,4,1,1,,
68667094,2026-04-14 15:26:37,2026-04-15 03:00:00,Closed,Pothole,QUEENS,nan,40.68625095400348,-73.76847358848285,11.072552023333333,4959.1547619047615,4660.0,1,1,19.600000381469727,0,Low,30,0.998,0.002,0.0,0.0,2026-04-25 17:11:05,2,4,1,1,2026-04-15 03:00:00,0.0
68668729,2026-04-14 15:23:13,2026-04-15 22:44:00,Closed,Pothole,QUEENS,nan,40.705490887638646,-73.72788837873111,11.074913134444444,4959.1547619047615,4660.0,3,0,21.600000381469727,0,Low,30,0.923,0.077,0.0,0.0,2026-04-25 17:11:05,2,4,1,1,2026-04-15 22:44:00,1.0
68668066,2026-04-14 15:22:40,2026-04-14 15:22:40,Closed,Pothole,QUEENS,nan,40.706953993315146,-73.72794732947887,11.075295078888889,4959.1547619047615,4660.0,1,0,16.399999618530273,0,Low,30,0.992,0.008,0.0,0.0,2026-04-25 17:11:05,2,4,1,1,2026-04-14 15:22:40,0.0
68661646,2026-04-14 15:21:54,2026-04-14 15:21:54,Closed,Pothole,QUEENS,nan,40.70768417366226,-73.72797681142353,11.075827486296296,4959.1547619047615,4660.0,4,0,24.200000762939453,1,Medium,14,0.125,0.875,0.0,0.0,2026-04-25 17:11:05,2,4,1,1,2026-04-14 15:21:54,0.0
68665511,2026-04-14 15:13:23,,Open,Pothole,MANHATTAN,CHAMBERS STREET,40.717054376726,-74.01261859716696,11.081741838148147,16591.571428571428,11761.0,10,0,50.3,2,High,8,0.497,0.251,0.151,0.101,2026-04-25 17:11:05,0,4,1,1,,
68671897,2026-04-14 15:13:02,2026-04-18 10:50:00,Closed,Pothole,MANHATTAN,JOE DIMAGGIO HIGHWAY,40.71169914313016,-74.01436341253036,11.081984893703703,16591.571428571428,6876.0,10,0,41.79999923706055,1,Medium,14,0.0,1.0,0.0,0.0,2026-04-25 17:11:05,0,4,1,1,2026-04-18 10:50:00,3.0
68670261,2026-04-14 15:12:20,2026-04-18 21:40:00,Closed,Pothole,MANHATTAN,nan,40.7216382023764,-74.01189072521957,11.082471004814815,16591.571428571428,6876.0,10,0,40.900001525878906,1,Medium,14,0.0,1.0,0.0,0.0,2026-04-25 17:11:05,0,4,1,1,2026-04-18 21:40:00,4.0
68663895,2026-04-14 15:11:24,2026-04-18 21:20:00,Closed,Pothole,MANHATTAN,JOE DIMAGGIO HIGHWAY,40.7222228496197,-74.01175734631052,11.083119152962963,16591.571428571428,6876.0,10,0,41.400001525878906,1,Medium,14,0.0,1.0,0.0,0.0,2026-04-25 17:11:05,0,4,1,1,2026-04-18 21:20:00,4.0
68665512,2026-04-14 15:10:58,,Open,Pothole,MANHATTAN,nan,40.7291122954418,-74.0106725455461,11.083420078888889,16591.571428571428,6876.0,14,0,60.9,2,High,8,0.391,0.305,0.183,0.122,2026-04-25 17:11:05,0,4,1,1,,
68668733,2026-04-14 15:10:02,,Open,Pothole,MANHATTAN,nan,40.7291122954418,-74.0106725455461,11.084068227037037,16591.571428571428,6876.0,14,0,60.9,2,High,8,0.391,0.305,0.183,0.122,2026-04-25 17:11:05,0,4,1,1,,
68668067,2026-04-14 15:06:47,2026-04-14 15:06:47,Closed,Pothole,QUEENS,nan,40.73791458307863,-73.81484029418725,11.086325171481482,4959.1547619047615,4660.0,40,0,29.799999237060547,1,Medium,14,0.0,1.0,0.0,0.0,2026-04-25 17:11:05,2,4,1,1,2026-04-14 15:06:47,0.0
68661647,2026-04-14 15:04:48,2026-04-14 16:55:00,Closed,Pothole,QUEENS,nan,40.735633458384704,-73.87601599872089,11.087702486296296,4959.1547619047615,4660.0,21,0,29.5,1,Medium,14,0.002,0.998,0.0,0.0,2026-04-25 17:11:05,2,4,1,1,2026-04-14 16:55:00,0.0
68670269,2026-04-14 15:03:57,,Pending,Pothole,QUEENS,nan,40.77927979314408,-73.9008741728962,11.088292764074074,4959.1547619047615,4660.0,2,0,20.799999237060547,0,Low,30,0.997,0.003,0.0,0.0,2026-04-25 17:11:05,2,4,1,1,,
68672901,2026-04-14 15:00:51,2026-04-15 08:50:00,Closed,Pothole,QUEENS,nan,40.71346114581336,-73.91521321258027,11.090445541851851,4959.1547619047615,4660.0,7,0,26.600000381469727,1,Medium,14,0.062,0.938,0.0,0.0,2026-04-25 17:11:05,2,4,1,1,2026-04-15 08:50:00,0.0
68677379,2026-04-14 14:57:47,2026-04-15 14:20:00,Closed,Pothole,BROOKLYN,AVENUE J,40.628428283495815,-73.92352072516573,11.092575171481482,5664.555555555556,14024.0,6,0,27.5,1,Medium,14,0.014,0.986,0.0,0.0,2026-04-25 17:11:05,1,4,1,1,2026-04-15 14:20:00,0.0
68672926,2026-04-14 14:57:27,2026-04-15 13:49:00,Closed,Pothole,BROOKLYN,KNAPP STREET,40.59787126484802,-73.9336095412854,11.092806652962963,5664.555555555556,23422.0,4,0,28.100000381469727,1,Medium,14,0.034,0.965,0.0,0.0,2026-04-25 17:11:05,1,4,1,1,2026-04-15 13:49:00,0.0
68680399,2026-04-14 14:57:00,2026-04-15 13:15:00,Closed,Pothole,BROOKLYN,86 STREET,40.59304946642858,-73.9791268826187,11.093119152962963,5664.555555555556,6673.0,8,1,26.600000381469727,1,Medium,14,0.009,0.991,0.0,0.0,2026-04-25 17:11:05,1,4,1,1,2026-04-15 13:15:00,0.0
68677380,2026-04-14 14:56:39,2026-04-15 10:55:00,Closed,Pothole,BROOKLYN,PLUMB BEACH,40.58315949966937,-73.9211604683732,11.093362208518519,5664.555555555556,6673.0,4,1,23.100000381469727,0,Low,30,0.94,0.06,0.0,0.0,2026-04-25 17:11:05,1,4,1,1,2026-04-15 10:55:00,0.0
68683377,2026-04-14 14:55:39,2026-04-15 10:40:00,Closed,Pothole,BROOKLYN,ABBEY COURT,40.58789094879219,-73.92030518836665,11.094056652962962,5664.555555555556,6673.0,1,0,19.200000762939453,0,Low,30,0.997,0.003,0.0,0.0,2026-04-25 17:11:05,1,4,1,1,2026-04-15 10:40:00,0.0
68683378,2026-04-14 14:55:13,2026-04-15 09:20:00,Closed,Pothole,BROOKLYN,FOSTER AVENUE,40.65219083951529,-73.89973317397195,11.09435757888889,5664.555555555556,15647.0,2,0,21.0,0,Low,30,0.987,0.013,0.0,0.0,2026-04-25 17:11:05,1,4,1,1,2026-04-15 09:20:00,0.0
68677381,2026-04-14 14:54:30,2026-04-15 08:30:00,Closed,Pothole,BROOKLYN,nan,40.640584552868496,-73.91893067476197,11.094855264074074,5664.555555555556,6673.0,14,0,31.899999618530273,1,Medium,14,0.0,1.0,0.0,0.0,2026-04-25 17:11:05,1,4,1,1,2026-04-15 08:30:00,0.0
68661648,2026-04-14 14:45:31,2026-04-14 16:55:00,Closed,Pothole,QUEENS,nan,40.73562754680888,-73.73693424342152,11.101093689999999,4959.1547619047615,4660.0,2,1,17.0,0,Low,30,0.997,0.003,0.0,0.0,2026-04-25 17:11:05,2,4,1,1,2026-04-14 16:55:00,0.0
68660028,2026-04-14 14:42:33,2026-04-14 16:45:00,Closed,Pothole,QUEENS,nan,40.73477005155517,-73.87458148691805,11.103153875185185,4959.1547619047615,4660.0,22,0,30.399999618530273,1,Medium,14,0.002,0.998,0.0,0.0,2026-04-25 17:11:05,2,4,1,1,2026-04-14 16:45:00,0.0
68663272,2026-04-14 14:34:46,2026-04-14 16:24:00,Closed,Pothole,QUEENS,nan,40.76090926079676,-73.8729367561121,11.108558967777778,4959.1547619047615,4660.0,10,1,29.899999618530273,1,Medium,14,0.009,0.991,0.0,0.0,2026-04-25 17:11:05,2,4,1,1,2026-04-14 16:24:00,0.0
68660666,2026-04-14 14:33:40,,Open,Pothole,BROOKLYN,nan,40.69579116172514,-73.933118956802,11.109322856666667,5664.555555555556,6673.0,32,1,50.5,2,High,15,0.495,0.253,0.152,0.101,2026-04-25 17:11:05,1,4,1,1,,
68660029,2026-04-14 14:33:38,2026-04-14 17:15:00,Closed,Pothole,QUEENS,nan,40.76072441242055,-73.87207798972129,11.109346004814816,4959.1547619047615,4660.0,6,1,24.0,0,Low,30,0.836,0.164,0.0,0.0,2026-04-25 17:11:05,2,4,1,1,2026-04-14 17:15:00,0.0
68660658,2026-04-14 14:22:33,2026-04-18 23:14:00,Closed,Pothole,MANHATTAN,nan,40.73392137502841,-73.99279424893993,11.117042764074075,16591.571428571428,6876.0,26,0,40.0,1,Medium,14,0.0,1.0,0.0,0.0,2026-04-25 17:11:05,0,4,1,1,2026-04-18 23:14:00,4.0
68665502,2026-04-14 14:21:11,,Open,Pothole,STATEN ISLAND,nan,40.53648809935369,-74.15142425499839,11.117991838148148,23788.714285714286,2762.0,2,0,37.6,1,Medium,15,0.624,0.188,0.113,0.075,2026-04-25 17:11:05,4,4,1,1,,
68667081,2026-04-14 14:06:50,,Open,Pothole,STATEN ISLAND,nan,40.56345223685677,-74.16974713844488,11.127957115925925,23788.714285714286,2762.0,4,1,42.9,1,Medium,15,0.571,0.215,0.129,0.086,2026-04-25 17:11:05,4,4,1,1,,
68661649,2026-04-14 14:06:37,2026-04-14 18:02:00,Closed,Pothole,QUEENS,nan,40.79003362220796,-73.82117047105781,11.128107578888889,4959.1547619047615,4660.0,11,1,31.0,1,Medium,14,0.007,0.992,0.0,0.0,2026-04-25 17:11:05,2,4,1,1,2026-04-14 18:02:00,0.0
68668069,2026-04-14 14:02:51,2026-04-14 14:02:51,Closed,Pothole,QUEENS,nan,40.735655957402535,-73.85099901475667,11.13072331962963,4959.1547619047615,4660.0,17,1,29.299999237060547,1,Medium,14,0.0,1.0,0.0,0.0,2026-04-25 17:11:05,2,4,1,1,2026-04-14 14:02:51,0.0
68668736,2026-04-14 13:51:49,2026-04-18 10:35:00,Closed,Pothole,BROOKLYN,nan,40.6409121701874,-73.99431045491522,11.138385356666667,5664.555555555556,6673.0,18,1,31.299999237060547,1,Medium,14,0.003,0.997,0.0,0.0,2026-04-25 17:11:05,1,4,1,1,2026-04-18 10:35:00,3.0
68665522,2026-04-14 13:43:00,,Pending,Pothole,QUEENS,nan,40.769524718686306,-73.93522548140903,11.144508041851852,4959.1547619047615,4660.0,0,0,16.799999237060547,0,Low,30,0.998,0.002,0.0,0.0,2026-04-25 17:11:05,2,4,1,0,,
68660030,2026-04-14 13:39:06,2026-04-14 21:02:00,Closed,Pothole,QUEENS,nan,40.768935054292,-73.79190152081351,11.147216375185184,4959.1547619047615,4660.0,5,0,26.299999237060547,1,Medium,14,0.154,0.846,0.0,0.0,2026-04-25 17:11:05,2,4,1,1,2026-04-14 21:02:00,0.0
68663907,2026-04-14 13:31:53,,Pending,Pothole,QUEENS,nan,40.72030388803784,-73.73233735891611,11.15222794925926,4959.1547619047615,4660.0,3,0,22.799999237060547,0,Low,30,0.954,0.046,0.0,0.0,2026-04-25 17:11:05,2,4,1,1,,
68667105,2026-04-14 13:09:46,2026-04-21 11:42:00,Closed,Pothole,BROOKLYN,nan,40.64678857590275,-74.00856930325476,11.167586745555555,5664.555555555556,6673.0,24,1,30.600000381469727,1,Medium,14,0.002,0.998,0.0,0.0,2026-04-25 17:11:05,1,4,1,1,2026-04-21 11:42:00,6.0
68667096,2026-04-14 13:06:40,,Open,Pothole,MANHATTAN,nan,40.8667415916192,-73.9287277435673,11.169739523333334,16591.571428571428,6876.0,16,1,63.6,2,High,8,0.364,0.318,0.191,0.127,2026-04-25 17:11:05,0,4,1,1,,
68664870,2026-04-14 12:55:08,2026-04-14 12:55:08,Closed,Pothole,QUEENS,nan,40.71381648205454,-73.92083999438904,11.177748782592593,4959.1547619047615,4660.0,3,1,22.200000762939453,0,Low,30,0.967,0.033,0.0,0.0,2026-04-25 17:11:05,2,4,1,1,2026-04-14 12:55:08,0.0
68668085,2026-04-14 12:43:34,2026-04-14 12:43:34,Closed,Pothole,MANHATTAN,nan,40.7779047511921,-73.98208745958574,11.18578119,16591.571428571428,6876.0,20,0,40.70000076293945,1,Medium,14,0.0,1.0,0.0,0.0,2026-04-25 17:11:05,0,4,1,1,2026-04-14 12:43:34,0.0
68663273,2026-04-14 12:40:49,2026-04-14 17:15:00,Closed,Pothole,QUEENS,nan,40.75903640272996,-73.88789511644337,11.187690912222223,4959.1547619047615,4660.0,13,0,31.0,1,Medium,14,0.001,0.999,0.0,0.0,2026-04-25 17:11:05,2,4,1,1,2026-04-14 17:15:00,0.0
68668070,2026-04-14 12:40:07,2026-04-14 12:40:07,Closed,Pothole,QUEENS,nan,40.76033839737429,-73.89475861598132,11.188177023333333,4959.1547619047615,4660.0,8,0,27.700000762939453,1,Medium,14,0.034,0.966,0.0,0.0,2026-04-25 17:11:05,2,4,1,1,2026-04-14 12:40:07,0.0
68668071,2026-04-14 12:35:46,2026-04-14 16:55:00,Closed,Pothole,QUEENS,nan,40.7599300035456,-73.89845559346726,11.191197856666667,4959.1547619047615,4660.0,8,0,27.100000381469727,1,Medium,14,0.049,0.95,0.0,0.0,2026-04-25 17:11:05,2,4,1,1,2026-04-14 16:55:00,0.0
68671216,2026-04-14 12:33:43,2026-04-14 12:33:43,Closed,Pothole,QUEENS,nan,40.74256703423045,-73.70334523891631,11.192621467777778,4959.1547619047615,4660.0,2,0,21.200000762939453,0,Low,30,0.997,0.003,0.0,0.0,2026-04-25 17:11:05,2,4,1,1,2026-04-14 12:33:43,0.0
68664871,2026-04-14 12:32:56,2026-04-14 12:32:56,Closed,Pothole,QUEENS,nan,40.74603472114661,-73.93440021822178,11.19316544925926,4959.1547619047615,4660.0,20,0,29.0,1,Medium,14,0.0,1.0,0.0,0.0,2026-04-25 17:11:05,2,4,1,1,2026-04-14 12:32:56,0.0
68663906,2026-04-14 12:20:10,,Open,Pothole,BROOKLYN,nan,40.62757300150698,-73.97657629585788,11.20203119,5664.555555555556,6673.0,14,0,47.9,1,Medium,15,0.521,0.239,0.144,0.096,2026-04-25 17:11:05,1,4,1,1,,
68663275,2026-04-14 12:19:46,2026-04-14 21:54:00,Closed,Pothole,QUEENS,nan,40.69358954337473,-73.80018914008213,11.202308967777778,4959.1547619047615,4660.0,22,0,31.399999618530273,1,Medium,14,0.0,1.0,0.0,0.0,2026-04-25 17:11:05,2,4,1,1,2026-04-14 21:54:00,0.0
68669688,2026-04-14 12:15:54,2026-04-14 21:55:00,Closed,Pothole,QUEENS,nan,40.68454080712751,-73.80708857513527,11.204994152962962,4959.1547619047615,4660.0,15,0,31.700000762939453,1,Medium,14,0.0,1.0,0.0,0.0,2026-04-25 17:11:05,2,4,1,1,2026-04-14 21:55:00,0.0
68669689,2026-04-14 12:00:21,2026-04-14 12:00:21,Closed,Pothole,QUEENS,nan,40.743216338952784,-73.90716021602749,11.215792764074074,4959.1547619047615,4660.0,11,0,29.399999618530273,1,Medium,14,0.0,1.0,0.0,0.0,2026-04-25 17:11:05,2,4,1,1,2026-04-14 12:00:21,0.0
68666492,2026-04-14 11:56:44,2026-04-14 11:56:44,Closed,Pothole,QUEENS,nan,40.74466900121858,-73.93168408303255,11.218304338148148,4959.1547619047615,4660.0,18,0,29.100000381469727,1,Medium,14,0.0,1.0,0.0,0.0,2026-04-25 17:11:05,2,4,1,1,2026-04-14 11:56:44,0.0
68668072,2026-04-14 11:52:04,2026-04-14 16:22:00,Closed,Pothole,QUEENS,nan,40.704697195718175,-73.79679799447223,11.221545078888889,4959.1547619047615,4660.0,23,1,31.700000762939453,1,Medium,14,0.001,0.999,0.0,0.0,2026-04-25 17:11:05,2,4,1,1,2026-04-14 16:22:00,0.0
68660644,2026-04-14 11:38:14,2026-04-18 09:55:00,Closed,Pothole,STATEN ISLAND,nan,40.62693141835579,-74.07790054905978,11.231151560370371,23788.714285714286,2762.0,6,1,34.5,1,Medium,14,0.002,0.998,0.0,0.0,2026-04-25 17:11:05,4,4,1,1,2026-04-18 09:55:00,3.0
68660645,2026-04-14 11:35:41,,Open,Pothole,STATEN ISLAND,nan,40.607427447247595,-74.09203150051069,11.232922393703703,23788.714285714286,2762.0,6,1,48.3,1,Medium,15,0.517,0.241,0.145,0.097,2026-04-25 17:11:05,4,4,1,1,,
68666493,2026-04-14 11:26:00,2026-04-14 21:51:00,Closed,Pothole,QUEENS,nan,40.67521422723454,-73.73779262409046,11.23964693074074,4959.1547619047615,4660.0,15,1,32.400001525878906,1,Medium,14,0.0,1.0,0.0,0.0,2026-04-25 17:11:05,2,4,1,1,2026-04-14 21:51:00,0.0
68666494,2026-04-14 11:23:36,2026-04-14 22:12:00,Closed,Pothole,QUEENS,nan,40.69212936228362,-73.83483307985836,11.241313597407407,4959.1547619047615,4660.0,6,0,25.700000762939453,1,Medium,14,0.308,0.692,0.0,0.0,2026-04-25 17:11:05,2,4,1,1,2026-04-14 22:12:00,0.0
68660641,2026-04-14 11:06:05,,Open,Pothole,BRONX,nan,40.85218928495525,-73.88200157479936,11.25347794925926,6677.6,6655.5,8,1,33.1,1,Medium,15,0.669,0.165,0.099,0.066,2026-04-25 17:11:05,3,4,1,1,,
68663888,2026-04-14 10:50:10,2026-04-18 08:15:00,Closed,Pothole,STATEN ISLAND,nan,40.56877901310027,-74.10660609258669,11.26453119,23788.714285714286,2762.0,7,0,40.599998474121094,1,Medium,14,0.0,1.0,0.0,0.0,2026-04-25 17:11:05,4,4,1,1,2026-04-18 08:15:00,3.0
68665514,2026-04-14 10:37:45,,Open,Pothole,MANHATTAN,nan,40.78654777999216,-73.95255322912092,11.273153875185185,16591.571428571428,6876.0,19,1,63.7,2,High,8,0.363,0.318,0.191,0.127,2026-04-25 17:11:05,0,4,1,1,,
68671218,2026-04-14 10:36:21,2026-04-14 10:36:21,Closed,Pothole,QUEENS,nan,40.735655957402535,-73.85099901475667,11.274126097407407,4959.1547619047615,4660.0,17,1,30.200000762939453,1,Medium,14,0.0,1.0,0.0,0.0,2026-04-25 17:11:05,2,4,1,1,2026-04-14 10:36:21,0.0
68666496,2026-04-14 10:35:39,2026-04-14 12:54:00,Closed,Pothole,QUEENS,nan,40.70287294069154,-73.89952350150388,11.27461220851852,4959.1547619047615,4660.0,8,1,30.600000381469727,1,Medium,14,0.033,0.967,0.0,0.0,2026-04-25 17:11:05,2,4,1,1,2026-04-14 12:54:00,0.0
68669692,2026-04-14 10:32:28,2026-04-14 10:32:28,Closed,Pothole,QUEENS,nan,40.73996638301459,-73.89423145890211,11.276822856666666,4959.1547619047615,4660.0,29,0,29.100000381469727,1,Medium,14,0.006,0.994,0.0,0.0,2026-04-25 17:11:05,2,4,1,1,2026-04-14 10:32:28,0.0
68663286,2026-04-14 10:22:04,2026-04-14 10:22:04,Closed,Pothole,BROOKLYN,nan,40.633111001293685,-73.97216087625087,11.284045078888889,5664.555555555556,6673.0,18,0,32.099998474121094,1,Medium,14,0.001,0.999,0.0,0.0,2026-04-25 17:11:05,1,4,1,1,2026-04-14 10:22:04,0.0
68662329,2026-04-14 10:20:34,,Open,Pothole,BRONX,nan,40.82539670614824,-73.88327759218794,11.285086745555555,6677.6,6655.5,6,1,27.8,1,Medium,15,0.722,0.139,0.083,0.056,2026-04-25 17:11:05,3,4,1,1,,
68664873,2026-04-14 10:18:00,2026-04-14 10:18:00,Closed,Pothole,QUEENS,DECATUR STREET,40.694275589555886,-73.9018516025562,11.286869152962963,4959.1547619047615,3159.0,7,1,26.399999618530273,1,Medium,14,0.427,0.573,0.0,0.0,2026-04-25 17:11:05,2,4,1,1,2026-04-14 10:18:00,0.0
68663276,2026-04-14 10:17:54,2026-04-14 11:55:00,Closed,Pothole,QUEENS,nan,40.757824102636256,-73.86099851810266,11.286938597407408,4959.1547619047615,4660.0,15,1,30.5,1,Medium,14,0.0,1.0,0.0,0.0,2026-04-25 17:11:05,2,4,1,1,2026-04-14 11:55:00,0.0
68664875,2026-04-14 10:13:36,2026-04-14 10:13:36,Closed,Pothole,QUEENS,DECATUR STREET,40.694275589555886,-73.9018516025562,11.289924708518518,4959.1547619047615,3159.0,7,1,26.399999618530273,1,Medium,14,0.427,0.573,0.0,0.0,2026-04-25 17:11:05,2,4,1,1,2026-04-14 10:13:36,0.0
68663909,2026-04-14 10:00:49,,Pending,Pothole,QUEENS,nan,40.7123213226908,-73.73200870046806,11.298802023333334,4959.1547619047615,4660.0,18,0,32.400001525878906,1,Medium,14,0.0,1.0,0.0,0.0,2026-04-25 17:11:05,2,4,1,1,,
68663284,2026-04-14 09:59:31,2026-04-14 09:59:31,Closed,Pothole,MANHATTAN,nan,40.71123050257566,-74.00647827911699,11.299704801111112,16591.571428571428,6876.0,25,0,40.400001525878906,1,Medium,14,0.0,1.0,0.0,0.0,2026-04-25 17:11:05,0,4,1,1,2026-04-14 09:59:31,0.0
68665520,2026-04-14 09:55:59,2026-04-22 10:25:00,Closed,Pothole,BROOKLYN,nan,40.68001502929528,-73.87742815425175,11.302158504814814,5664.555555555556,6673.0,28,1,31.299999237060547,1,Medium,14,0.001,0.999,0.0,0.0,2026-04-25 17:11:05,1,4,1,1,2026-04-22 10:25:00,8.0
68660659,2026-04-14 09:55:31,2026-04-18 08:40:00,Closed,Pothole,MANHATTAN,nan,40.71153487787932,-74.01046412781942,11.302482578888888,16591.571428571428,6876.0,10,0,41.79999923706055,1,Medium,14,0.0,1.0,0.0,0.0,2026-04-25 17:11:05,0,4,1,1,2026-04-18 08:40:00,3.0
68668073,2026-04-14 09:47:39,2026-04-14 21:52:00,Closed,Pothole,QUEENS,nan,40.753283121350506,-73.75108897632309,11.307945541851852,4959.1547619047615,4660.0,0,0,18.200000762939453,0,Low,30,0.999,0.001,0.0,0.0,2026-04-25 17:11:05,2,4,1,0,2026-04-14 21:52:00,0.0
68668063,2026-04-14 09:39:00,2026-04-14 09:39:00,Closed,Pothole,BRONX,nan,40.86874961696823,-73.8949630643024,11.313952486296296,6677.6,6655.5,19,1,32.900001525878906,1,Medium,14,0.0,1.0,0.0,0.0,2026-04-25 17:11:05,3,4,1,1,2026-04-14 09:39:00,0.0
68660032,2026-04-14 09:37:31,2026-04-14 20:12:00,Closed,Pothole,QUEENS,nan,40.735633458384704,-73.87601599872089,11.31498257888889,4959.1547619047615,4660.0,21,0,30.600000381469727,1,Medium,14,0.002,0.998,0.0,0.0,2026-04-25 17:11:05,2,4,1,1,2026-04-14 20:12:00,0.0
68668076,2026-04-14 09:36:41,2026-04-14 09:36:41,Closed,Pothole,QUEENS,nan,40.71580653703652,-73.88791732478406,11.315561282592592,4959.1547619047615,4660.0,2,0,20.0,0,Low,30,0.996,0.004,0.0,0.0,2026-04-25 17:11:05,2,4,1,1,2026-04-14 09:36:41,0.0
68661656,2026-04-14 09:29:00,2026-04-14 21:15:00,Closed,Pothole,QUEENS,nan,40.68152506310864,-73.82472439718683,11.32089693074074,4959.1547619047615,4660.0,3,1,23.5,0,Low,30,0.967,0.033,0.0,0.0,2026-04-25 17:11:05,2,4,1,1,2026-04-14 21:15:00,0.0
68663890,2026-04-14 09:27:24,,Open,Pothole,STATEN ISLAND,nan,40.55729561635355,-74.1273021861721,11.322008041851852,23788.714285714286,2762.0,2,0,37.7,1,Medium,15,0.623,0.188,0.113,0.075,2026-04-25 17:11:05,4,4,1,1,,
68663277,2026-04-14 09:24:59,2026-04-14 09:24:59,Closed,Pothole,QUEENS,nan,40.68266446695532,-73.77588097574849,11.323686282592593,4959.1547619047615,4660.0,4,0,25.100000381469727,0,Low,30,0.857,0.143,0.0,0.0,2026-04-25 17:11:05,2,4,1,1,2026-04-14 09:24:59,0.0
68668077,2026-04-14 09:23:25,2026-04-14 23:21:00,Closed,Pothole,QUEENS,nan,40.68266446695532,-73.77588097574849,11.324774245555556,4959.1547619047615,4660.0,4,0,25.100000381469727,0,Low,30,0.857,0.143,0.0,0.0,2026-04-25 17:11:05,2,4,1,1,2026-04-14 23:21:00,0.0
68666497,2026-04-14 09:15:33,2026-04-14 09:15:33,Closed,Pothole,QUEENS,nan,40.761217008162774,-73.8863970016137,11.330237208518518,4959.1547619047615,4660.0,7,0,26.399999618530273,1,Medium,14,0.241,0.758,0.0,0.0,2026-04-25 17:11:05,2,4,1,1,2026-04-14 09:15:33,0.0
68665521,2026-04-14 09:11:50,,Open,Pothole,BROOKLYN,nan,40.69578346204688,-73.91707126215489,11.332818227037038,5664.555555555556,6673.0,16,0,50.6,2,High,15,0.494,0.253,0.152,0.101,2026-04-25 17:11:05,1,4,1,1,,
68667075,2026-04-14 09:05:54,,Open,Pothole,BRONX,nan,40.82875251994936,-73.8472096256091,11.336938597407407,6677.6,6655.5,22,1,51.8,2,High,15,0.482,0.259,0.155,0.104,2026-04-25 17:11:05,3,4,1,1,,
68670252,2026-04-14 09:03:31,,Open,Pothole,STATEN ISLAND,nan,40.54512698095617,-74.13985795384941,11.33859369,23788.714285714286,2762.0,1,0,35.0,1,Medium,15,0.65,0.175,0.105,0.07,2026-04-25 17:11:05,4,4,1,1,,
68660021,2026-04-14 08:43:06,2026-04-14 08:43:06,Closed,Pothole,BRONX,nan,40.88270955300674,-73.88124583052429,11.35277193074074,6677.6,6655.5,22,0,33.5,1,Medium,14,0.0,1.0,0.0,0.0,2026-04-25 17:11:05,3,4,1,1,2026-04-14 08:43:06,0.0
68664878,2026-04-14 08:39:12,2026-04-14 08:39:12,Closed,Pothole,QUEENS,nan,40.72792341486303,-73.87100083747289,11.355480264074075,4959.1547619047615,4660.0,7,0,24.600000381469727,0,Low,30,0.775,0.225,0.0,0.0,2026-04-25 17:11:05,2,4,1,1,2026-04-14 08:39:12,0.0
68668078,2026-04-14 08:37:07,2026-04-14 20:15:00,Closed,Pothole,QUEENS,nan,40.74998017257995,-73.91162614778652,11.356927023333332,4959.1547619047615,4660.0,4,0,24.600000381469727,1,Medium,14,0.261,0.739,0.0,0.0,2026-04-25 17:11:05,2,4,1,1,2026-04-14 20:15:00,0.0
68667107,2026-04-14 08:35:10,,Pending,Pothole,QUEENS,nan,40.69091679076116,-73.72817863918132,11.35828119,4959.1547619047615,4660.0,43,1,30.0,1,Medium,14,0.0,1.0,0.0,0.0,2026-04-25 17:11:05,2,4,1,1,,
68671222,2026-04-14 08:27:29,2026-04-14 21:14:00,Closed,Pothole,QUEENS,nan,40.71059995970241,-73.8088960294562,11.363616838148149,4959.1547619047615,4660.0,7,1,26.700000762939453,1,Medium,14,0.175,0.825,0.0,0.0,2026-04-25 17:11:05,2,4,1,1,2026-04-14 21:14:00,0.0
68668080,2026-04-14 08:22:07,2026-04-14 11:15:00,Closed,Pothole,QUEENS,nan,40.749294544422526,-73.9429470170874,11.36734369,4959.1547619047615,4660.0,7,1,25.399999618530273,0,Low,30,0.765,0.234,0.0,0.0,2026-04-25 17:11:05,2,4,1,1,2026-04-14 11:15:00,0.0
68671898,2026-04-14 08:09:32,,Open,Pothole,MANHATTAN,nan,40.718273618564794,-74.00532458264176,11.376082115925925,16591.571428571428,6876.0,22,1,63.7,2,High,8,0.363,0.319,0.191,0.127,2026-04-25 17:11:05,0,4,1,1,,
68671223,2026-04-14 08:06:09,2026-04-14 21:45:00,Closed,Pothole,QUEENS,nan,40.74248247838665,-73.91289193922543,11.378431652962963,4959.1547619047615,4660.0,9,0,30.700000762939453,1,Medium,14,0.005,0.995,0.0,0.0,2026-04-25 17:11:05,2,4,1,1,2026-04-14 21:45:00,0.0
68671224,2026-04-14 07:49:59,2026-04-14 07:49:59,Closed,Pothole,QUEENS,nan,40.7343762769571,-73.87341674191903,11.389658504814815,4959.1547619047615,4660.0,23,0,30.200000762939453,1,Medium,14,0.004,0.996,0.0,0.0,2026-04-25 17:11:05,2,4,1,1,2026-04-14 07:49:59,0.0
68661660,2026-04-14 07:47:41,2026-04-14 15:27:00,Closed,Pothole,QUEENS,nan,40.72412012824127,-73.85561748802189,11.391255727037038,4959.1547619047615,4660.0,7,0,25.299999237060547,0,Low,30,0.69,0.309,0.0,0.0,2026-04-25 17:11:05,2,4,1,1,2026-04-14 15:27:00,0.0
68664880,2026-04-14 07:45:44,2026-04-14 07:45:44,Closed,Pothole,QUEENS,nan,40.727629622880755,-73.84427730525874,11.392609893703703,4959.1547619047615,4660.0,3,1,23.200000762939453,0,Low,30,0.961,0.039,0.0,0.0,2026-04-25 17:11:05,2,4,1,1,2026-04-14 07:45:44,0.0
68660642,2026-04-14 07:36:25,,Open,Pothole,BRONX,nan,40.84448941674184,-73.84623376474096,11.39907980111111,6677.6,6655.5,17,0,51.8,2,High,15,0.482,0.259,0.155,0.104,2026-04-25 17:11:05,3,4,1,1,,
68671904,2026-04-14 07:36:14,,Pending,Pothole,QUEENS,nan,40.733497309506575,-73.87036942449794,11.399207115925925,4959.1547619047615,4660.0,44,1,27.299999237060547,1,Medium,14,0.0,1.0,0.0,0.0,2026-04-25 17:11:05,2,4,1,1,,
68668721,2026-04-14 07:30:01,,Open,Pothole,STATEN ISLAND,nan,40.56029031513674,-74.16592065392997,11.403524245555555,23788.714285714286,2762.0,8,1,53.7,2,High,15,0.463,0.268,0.161,0.107,2026-04-25 17:11:05,4,4,1,1,,
68671209,2026-04-14 07:29:31,2026-04-14 07:29:31,Closed,Pothole,STATEN ISLAND,nan,40.56047555908232,-74.1668892252524,11.403871467777778,23788.714285714286,2762.0,13,1,40.5,1,Medium,14,0.0,1.0,0.0,0.0,2026-04-25 17:11:05,4,4,1,1,2026-04-14 07:29:31,0.0
68666499,2026-04-14 07:28:51,2026-04-14 23:25:00,Closed,Pothole,QUEENS,HOLLIS AVENUE,40.70676774823251,-73.75372613185054,11.404334430740741,4959.1547619047615,8454.0,5,0,26.5,1,Medium,14,0.092,0.908,0.0,0.0,2026-04-25 17:11:05,2,4,1,1,2026-04-14 23:25:00,0.0
68669695,2026-04-14 07:25:24,2026-04-14 11:21:00,Closed,Pothole,QUEENS,nan,40.65740589843868,-73.7450601378565,11.406730264074074,4959.1547619047615,4660.0,3,1,21.200000762939453,0,Low,30,0.999,0.001,0.0,0.0,2026-04-25 17:11:05,2,4,1,1,2026-04-14 11:21:00,0.0
68667082,2026-04-14 07:23:50,,Open,Pothole,STATEN ISLAND,nan,40.56152224988719,-74.1718512388755,11.407818227037037,23788.714285714286,2762.0,15,1,72.3,2,High,15,0.277,0.362,0.217,0.145,2026-04-25 17:11:05,4,4,1,1,,
68670268,2026-04-14 06:58:36,2026-04-23 14:20:00,Closed,Pothole,BROOKLYN,nan,40.62691815775337,-73.983215938756,11.425341375185186,5664.555555555556,6673.0,8,0,30.899999618530273,1,Medium,14,0.001,0.999,0.0,0.0,2026-04-25 17:11:05,1,4,1,1,2026-04-23 14:20:00,9.0
68664883,2026-04-14 06:32:21,2026-04-14 06:32:21,Closed,Pothole,QUEENS,nan,40.70279438166465,-73.83213055212143,11.443570541851852,4959.1547619047615,4660.0,2,0,22.399999618530273,0,Low,30,0.999,0.001,0.0,0.0,2026-04-25 17:11:05,2,4,1,1,2026-04-14 06:32:21,0.0
68663897,2026-04-14 06:24:30,,Open,Pothole,MANHATTAN,nan,40.720044107703515,-73.99906204047267,11.449021930740741,16591.571428571428,6876.0,19,1,63.7,2,High,8,0.363,0.319,0.191,0.127,2026-04-25 17:11:05,0,4,1,1,,
68671228,2026-04-14 06:12:07,2026-04-14 06:12:07,Closed,Pothole,MANHATTAN,nan,40.7779047511921,-73.98208745958574,11.457621467777777,16591.571428571428,6876.0,20,0,40.29999923706055,1,Medium,14,0.0,1.0,0.0,0.0,2026-04-25 17:11:05,0,4,1,1,2026-04-14 06:12:07,0.0
68668734,2026-04-14 06:11:27,,Open,Pothole,MANHATTAN,nan,40.86510132036433,-73.92188192082645,11.45808443074074,16591.571428571428,6876.0,14,1,61.1,2,High,8,0.389,0.305,0.183,0.122,2026-04-25 17:11:05,0,4,1,1,,
68666505,2026-04-14 06:10:29,2026-04-14 06:10:29,Closed,Pothole,MANHATTAN,nan,40.76222654302536,-73.96818664354069,11.458755727037037,16591.571428571428,6876.0,36,0,37.5,1,Medium,14,0.0,0.999,0.0,0.0,2026-04-25 17:11:05,0,4,1,1,2026-04-14 06:10:29,0.0
68663898,2026-04-14 06:10:00,,Open,Pothole,MANHATTAN,nan,40.79465104923777,-73.97178272840256,11.459091375185185,16591.571428571428,6876.0,50,1,63.7,2,High,8,0.363,0.319,0.191,0.127,2026-04-25 17:11:05,0,4,1,1,,
68668722,2026-04-14 05:41:15,2026-04-18 21:15:00,Closed,Pothole,STATEN ISLAND,nan,40.63367281444026,-74.12944026998728,11.479056652962964,23788.714285714286,2762.0,8,0,41.0,1,Medium,14,0.0,1.0,0.0,0.0,2026-04-25 17:11:05,4,4,1,1,2026-04-18 21:15:00,4.0
68656935,2026-04-14 01:51:19,2026-04-14 01:51:19,Closed,Pothole,QUEENS,nan,40.68723843749791,-73.82752909036041,11.638732578888888,4959.1547619047615,4660.0,12,1,29.0,1,Medium,14,0.004,0.996,0.0,0.0,2026-04-25 17:11:05,2,4,1,1,2026-04-14 01:51:19,0.0
68649457,2026-04-14 01:48:39,2026-04-14 01:48:39,Closed,Pothole,QUEENS,nan,40.6795460362876,-73.82469715045208,11.640584430740741,4959.1547619047615,4660.0,3,1,22.899999618530273,0,Low,30,0.982,0.018,0.0,0.0,2026-04-25 17:11:05,2,4,1,1,2026-04-14 01:48:39,0.0
68658964,2026-04-14 01:48:16,2026-04-14 20:45:00,Closed,Pothole,QUEENS,nan,40.68723843749791,-73.82752909036041,11.640850634444444,4959.1547619047615,4660.0,12,1,29.0,1,Medium,14,0.004,0.996,0.0,0.0,2026-04-25 17:11:05,2,4,1,1,2026-04-14 20:45:00,0.0
68649956,2026-04-14 01:32:33,2026-04-23 13:00:00,Closed,Pothole,BRONX,nan,40.89934182709327,-73.87301575910902,11.651764986296296,6677.6,6655.5,3,1,22.299999237060547,0,Low,30,0.956,0.044,0.0,0.0,2026-04-25 17:11:05,3,4,1,1,2026-04-23 13:00:00,9.0
68678877,2026-04-14 01:23:44,2026-04-15 22:45:00,Closed,Pothole,MANHATTAN,nan,40.77759147143326,-73.9590912852142,11.65788767148148,16591.571428571428,6876.0,11,1,41.900001525878906,1,Medium,14,0.0,1.0,0.0,0.0,2026-04-25 17:11:05,0,4,1,1,2026-04-15 22:45:00,1.0
68647945,2026-04-14 00:06:47,2026-04-14 00:06:47,Pending,Pothole,QUEENS,nan,40.68973616714039,-73.74728757941112,11.711325171481482,4959.1547619047615,4660.0,5,0,24.0,0,Low,30,0.867,0.132,0.0,0.0,2026-04-25 17:11:05,2,4,1,1,2026-04-14 00:06:47,
68652421,2026-04-14 00:05:54,2026-04-14 00:05:54,Closed,Pothole,QUEENS,nan,40.69104664978981,-73.73922324000723,11.711938597407407,4959.1547619047615,4660.0,2,0,22.5,0,Low,30,0.946,0.054,0.0,0.0,2026-04-25 17:11:05,2,4,1,1,2026-04-14 00:05:54,0.0
68653894,2026-04-14 00:02:45,2026-04-14 00:02:45,Closed,Pothole,QUEENS,nan,40.725476145414376,-73.76557731286611,11.714126097407407,4959.1547619047615,4660.0,31,1,29.200000762939453,1,Medium,14,0.0,1.0,0.0,0.0,2026-04-25 17:11:05,2,4,1,1,2026-04-14 00:02:45,0.0
68654422,2026-04-13 23:48:48,2026-04-18 12:30:00,Closed,Pothole,STATEN ISLAND,nan,40.576502824266896,-74.10368819441264,11.723813597407407,23788.714285714286,2762.0,24,0,38.5,1,Medium,14,0.0,1.0,0.0,0.0,2026-04-25 17:11:05,4,4,0,1,2026-04-18 12:30:00,4.0
68651448,2026-04-13 23:31:26,,Open,Pothole,MANHATTAN,nan,40.7779047511921,-73.98208745958574,11.735873782592593,16591.571428571428,6876.0,20,0,63.8,2,High,8,0.362,0.319,0.191,0.128,2026-04-25 17:11:05,0,4,0,1,,
68651459,2026-04-13 22:52:38,2026-04-15 13:00:00,Closed,Pothole,BRONX,nan,40.841521022215225,-73.87459346550746,11.762818227037037,6677.6,6655.5,12,1,32.599998474121094,1,Medium,14,0.001,0.999,0.0,0.0,2026-04-25 17:11:05,3,4,0,1,2026-04-15 13:00:00,1.0
68666482,2026-04-13 22:50:23,2026-04-14 20:40:00,Closed,Pothole,BRONX,nan,40.86203226292979,-73.80213781465784,11.764380727037038,6677.6,6655.5,4,1,23.399999618530273,0,Low,30,0.8,0.199,0.0,0.0,2026-04-25 17:11:05,3,4,0,1,2026-04-14 20:40:00,0.0
68661635,2026-04-13 22:48:18,2026-04-14 20:40:00,Closed,Pothole,BRONX,nan,40.86203226292979,-73.80213781465784,11.765827486296295,6677.6,6655.5,4,1,23.399999618530273,0,Low,30,0.8,0.199,0.0,0.0,2026-04-25 17:11:05,3,4,0,1,2026-04-14 20:40:00,0.0
68661636,2026-04-13 22:43:43,2026-04-14 17:00:00,Closed,Pothole,BRONX,nan,40.86203226292979,-73.80213781465784,11.769010356666666,6677.6,6655.5,4,1,26.0,1,Medium,14,0.247,0.752,0.0,0.0,2026-04-25 17:11:05,3,4,0,1,2026-04-14 17:00:00,0.0
68648481,2026-04-13 22:33:03,,Open,Pothole,BROOKLYN,nan,40.72792795154911,-73.94011501822816,11.776417764074074,5664.555555555556,6673.0,1,0,13.4,0,Low,15,0.866,0.067,0.04,0.027,2026-04-25 17:11:05,1,4,0,1,,
68658486,2026-04-13 21:39:40,2026-04-13 21:39:40,Closed,Pothole,QUEENS,nan,40.76443696224299,-73.87357620617962,11.813489523333333,4959.1547619047615,4660.0,9,0,28.600000381469727,1,Medium,14,0.004,0.996,0.0,0.0,2026-04-25 17:11:05,2,4,0,1,2026-04-13 21:39:40,0.0
68648474,2026-04-13 21:39:35,,Pending,Pothole,QUEENS,nan,40.74782926792669,-73.88207093262777,11.813547393703704,4959.1547619047615,4660.0,33,0,29.399999618530273,1,Medium,14,0.0,1.0,0.0,0.0,2026-04-25 17:11:05,2,4,0,1,,
68654406,2026-04-13 21:34:31,2026-04-18 13:46:00,Closed,Pothole,QUEENS,nan,40.7515860835717,-73.74570669268,11.817065912222223,4959.1547619047615,4660.0,4,1,23.600000381469727,0,Low,30,0.777,0.222,0.0,0.0,2026-04-25 17:11:05,2,4,0,1,2026-04-18 13:46:00,4.0
68654407,2026-04-13 21:33:00,2026-04-13 23:57:00,Closed,Pothole,QUEENS,nan,40.74915781037565,-73.8694258444689,11.818119152962963,4959.1547619047615,4660.0,31,0,30.700000762939453,1,Medium,14,0.001,0.999,0.0,0.0,2026-04-25 17:11:05,2,4,0,1,2026-04-13 23:57:00,0.0
68656968,2026-04-13 21:19:03,2026-04-13 21:19:03,Closed,Pothole,STATEN ISLAND,nan,40.603768599589216,-74.13156825644174,11.827806652962963,23788.714285714286,2762.0,1,1,28.700000762939453,1,Medium,14,0.011,0.989,0.0,0.0,2026-04-25 17:11:05,4,4,0,1,2026-04-13 21:19:03,0.0
68653920,2026-04-13 21:08:22,2026-04-13 21:08:22,Closed,Pothole,BROOKLYN,nan,40.69641839095006,-73.95976858130945,11.835225634444445,5664.555555555556,6673.0,17,1,32.29999923706055,1,Medium,14,0.001,0.998,0.0,0.0,2026-04-25 17:11:05,1,4,0,1,2026-04-13 21:08:22,0.0
68649484,2026-04-13 20:55:57,2026-04-13 20:55:57,Closed,Pothole,STATEN ISLAND,nan,40.554856649342554,-74.13352315426452,11.843848319629629,23788.714285714286,2762.0,2,1,31.200000762939453,1,Medium,14,0.001,0.999,0.0,0.0,2026-04-25 17:11:05,4,4,0,1,2026-04-13 20:55:57,0.0
68647965,2026-04-13 20:42:54,2026-04-13 20:42:54,Closed,Pothole,BRONX,nan,40.85301827223642,-73.85121686739964,11.85291081962963,6677.6,6655.5,7,0,30.899999618530273,1,Medium,14,0.042,0.958,0.0,0.0,2026-04-25 17:11:05,3,4,0,1,2026-04-13 20:42:54,0.0
68656936,2026-04-13 20:29:58,2026-04-13 20:29:58,Closed,Pothole,QUEENS,nan,40.761217008162774,-73.8863970016137,11.86189230111111,4959.1547619047615,4660.0,7,0,26.600000381469727,1,Medium,14,0.081,0.919,0.0,0.0,2026-04-25 17:11:05,2,4,0,1,2026-04-13 20:29:58,0.0
68657430,2026-04-13 20:17:31,,Pending,Pothole,QUEENS,nan,40.6836524800872,-73.77442100089847,11.870538134444445,4959.1547619047615,4660.0,4,1,26.399999618530273,1,Medium,14,0.261,0.739,0.0,0.0,2026-04-25 17:11:05,2,4,0,1,,
68649933,2026-04-13 20:16:40,2026-04-18 12:58:00,Closed,Pothole,QUEENS,nan,40.66838918993619,-73.75197173485634,11.871128412222221,4959.1547619047615,4660.0,6,0,23.5,1,Medium,14,0.452,0.548,0.0,0.0,2026-04-25 17:11:05,2,4,0,1,2026-04-18 12:58:00,4.0
68654420,2026-04-13 20:05:25,2026-04-14 09:11:00,Closed,Pothole,BRONX,nan,40.88418500438301,-73.83361818805416,11.878940912222221,6677.6,6655.5,1,1,23.299999237060547,0,Low,30,0.91,0.09,0.0,0.0,2026-04-25 17:11:05,3,4,0,1,2026-04-14 09:11:00,0.0
68658967,2026-04-13 19:59:54,2026-04-14 00:12:00,Closed,Pothole,QUEENS,nan,40.68167430985592,-73.83279304191575,11.882771930740741,4959.1547619047615,4660.0,4,1,26.200000762939453,1,Medium,14,0.461,0.539,0.0,0.0,2026-04-25 17:11:05,2,4,0,1,2026-04-14 00:12:00,0.0
68652431,2026-04-13 19:50:46,2026-04-13 19:50:46,Closed,Pothole,MANHATTAN,nan,40.861592751649304,-73.92474206293129,11.889114523333333,16591.571428571428,6876.0,18,0,39.599998474121094,1,Medium,14,0.0,1.0,0.0,0.0,2026-04-25 17:11:05,0,4,0,1,2026-04-13 19:50:46,0.0
68652957,2026-04-13 19:47:01,,Open,Pothole,MANHATTAN,nan,40.75899755593863,-73.99593192853008,11.89171869,16591.571428571428,6876.0,39,1,63.9,2,High,8,0.361,0.319,0.192,0.128,2026-04-25 17:11:05,0,4,0,1,,
68649468,2026-04-13 19:42:07,2026-04-13 19:42:07,Closed,Pothole,MANHATTAN,nan,40.84107667637581,-73.93976740555671,11.895121467777777,16591.571428571428,6876.0,15,1,42.599998474121094,1,Medium,14,0.0,1.0,0.0,0.0,2026-04-25 17:11:05,0,4,0,1,2026-04-13 19:42:07,0.0
68649957,2026-04-13 19:34:30,2026-04-20 10:11:00,Closed,Pothole,STATEN ISLAND,nan,40.61252800916059,-74.15918198573071,11.900410819629629,23788.714285714286,2762.0,6,1,37.400001525878906,1,Medium,14,0.002,0.998,0.0,0.0,2026-04-25 17:11:05,4,4,0,1,2026-04-20 10:11:00,6.0
68648477,2026-04-13 19:32:54,,Pending,Pothole,QUEENS,nan,40.70566482104637,-73.86507111185703,11.90152193074074,4959.1547619047615,4660.0,7,1,27.100000381469727,1,Medium,14,0.1,0.899,0.0,0.0,2026-04-25 17:11:05,2,4,0,1,,
68647949,2026-04-13 18:58:25,2026-04-13 18:58:25,Closed,Pothole,QUEENS,nan,40.74089617616554,-73.89960689847297,11.92546869,4959.1547619047615,4660.0,32,1,30.799999237060547,1,Medium,14,0.001,0.999,0.0,0.0,2026-04-25 17:11:05,2,4,0,1,2026-04-13 18:58:25,0.0
68650955,2026-04-13 18:56:40,2026-04-13 18:56:40,Closed,Pothole,MANHATTAN,nan,40.85176565957254,-73.94190484692963,11.926683967777779,16591.571428571428,6876.0,11,1,40.79999923706055,1,Medium,14,0.0,1.0,0.0,0.0,2026-04-25 17:11:05,0,4,0,1,2026-04-13 18:56:40,0.0
68655907,2026-04-13 18:52:02,,Open,Pothole,BRONX,nan,40.85395971199113,-73.90943117047416,11.92990156037037,6677.6,6655.5,18,1,52.0,2,High,15,0.48,0.26,0.156,0.104,2026-04-25 17:11:05,3,4,0,1,,
68651441,2026-04-13 18:47:35,,Open,Pothole,QUEENS,nan,40.76033418554274,-73.73499569870101,11.932991838148148,4959.1547619047615,4660.0,1,1,12.6,0,Low,15,0.874,0.063,0.038,0.025,2026-04-25 17:11:05,2,4,0,1,,
68649458,2026-04-13 18:19:17,2026-04-13 18:19:17,Closed,Pothole,QUEENS,nan,40.653025211183135,-73.73894299197293,11.952644615925927,4959.1547619047615,4660.0,2,1,19.799999237060547,0,Low,30,0.991,0.009,0.0,0.0,2026-04-25 17:11:05,2,4,0,1,2026-04-13 18:19:17,0.0
68657432,2026-04-13 18:18:36,2026-04-18 11:07:00,Closed,Pothole,QUEENS,nan,40.653025211183135,-73.73894299197293,11.953119152962962,4959.1547619047615,4660.0,2,1,19.799999237060547,0,Low,30,0.991,0.009,0.0,0.0,2026-04-25 17:11:05,2,4,0,1,2026-04-18 11:07:00,4.0
68651454,2026-04-13 18:17:25,,Open,Pothole,BROOKLYN,nan,40.68350470490595,-73.91151233376623,11.953940912222222,5664.555555555556,6673.0,17,1,50.8,2,High,15,0.492,0.254,0.152,0.102,2026-04-25 17:11:05,1,4,0,1,,
68658507,2026-04-13 18:10:02,2026-04-13 18:10:02,Closed,Pothole,BRONX,nan,40.85301827223642,-73.85121686739964,11.959068227037037,6677.6,6655.5,7,0,30.899999618530273,1,Medium,14,0.042,0.958,0.0,0.0,2026-04-25 17:11:05,3,4,0,1,2026-04-13 18:10:02,0.0
68657433,2026-04-13 17:48:45,2026-04-14 15:21:00,Closed,Pothole,QUEENS,nan,40.75307125129423,-73.79237698006892,11.97384831962963,4959.1547619047615,4660.0,8,0,29.5,1,Medium,14,0.002,0.998,0.0,0.0,2026-04-25 17:11:05,2,4,0,1,2026-04-14 15:21:00,0.0
68658990,2026-04-13 17:45:17,,Open,Pothole,STATEN ISLAND,nan,40.59633037451381,-74.13378613130703,11.976255727037037,23788.714285714286,2762.0,2,0,37.9,1,Medium,15,0.621,0.189,0.114,0.076,2026-04-25 17:11:05,4,4,0,1,,
68650956,2026-04-13 17:44:12,2026-04-13 17:44:12,Closed,Pothole,MANHATTAN,nan,40.72900831955276,-73.99374729799094,11.977008041851851,16591.571428571428,6876.0,17,1,41.0,1,Medium,14,0.0,1.0,0.0,0.0,2026-04-25 17:11:05,0,4,0,1,2026-04-13 17:44:12,0.0
68651443,2026-04-13 17:13:39,,Pending,Pothole,QUEENS,nan,40.74508150126993,-73.86437055183656,11.998223319629629,4959.1547619047615,4660.0,15,1,29.100000381469727,1,Medium,14,0.0,1.0,0.0,0.0,2026-04-25 17:11:05,2,4,0,1,,
68658488,2026-04-13 16:55:37,2026-04-13 16:55:37,Closed,Pothole,QUEENS,nan,40.7402725268642,-73.89585124979992,12.010746467777778,4959.1547619047615,4660.0,23,0,28.700000762939453,1,Medium,14,0.0,1.0,0.0,0.0,2026-04-25 17:11:05,2,4,0,1,2026-04-13 16:55:37,0.0
68649936,2026-04-13 16:53:56,,Pending,Pothole,QUEENS,nan,40.761265587233325,-73.87499725675143,12.01191544925926,4959.1547619047615,4660.0,13,0,29.899999618530273,1,Medium,14,0.002,0.998,0.0,0.0,2026-04-25 17:11:05,2,4,0,1,,
68655891,2026-04-13 16:51:28,2026-04-13 20:15:00,Closed,Pothole,QUEENS,nan,40.76300885313022,-73.87532248292224,12.013628412222221,4959.1547619047615,4660.0,12,0,30.200000762939453,1,Medium,14,0.003,0.997,0.0,0.0,2026-04-25 17:11:05,2,4,0,1,2026-04-13 20:15:00,0.0
68649949,2026-04-13 16:50:24,2026-04-21 11:10:00,Closed,Pothole,BROOKLYN,nan,40.65691307724143,-73.86827286993399,12.014369152962963,5664.555555555556,6673.0,9,0,29.299999237060547,1,Medium,14,0.003,0.997,0.0,0.0,2026-04-25 17:11:05,1,4,0,1,2026-04-21 11:10:00,7.0
68658970,2026-04-13 16:44:20,2026-04-18 10:55:00,Closed,Pothole,QUEENS,nan,40.66467742224856,-73.73798543533151,12.018582115925925,4959.1547619047615,4660.0,19,1,29.899999618530273,1,Medium,14,0.0,1.0,0.0,0.0,2026-04-25 17:11:05,2,4,0,1,2026-04-18 10:55:00,4.0
68664890,2026-04-13 16:34:36,2026-04-14 11:55:00,Closed,Pothole,BROOKLYN,nan,40.672972233472,-73.96744693490606,12.025341375185185,5664.555555555556,6673.0,12,1,28.399999618530273,0,Low,30,0.692,0.308,0.0,0.0,2026-04-25 17:11:05,1,4,0,1,2026-04-14 11:55:00,0.0
68657437,2026-04-13 16:34:13,2026-04-13 22:15:00,Closed,Pothole,QUEENS,nan,40.68093513107675,-73.73572945243734,12.02560757888889,4959.1547619047615,4660.0,4,1,20.799999237060547,0,Low,30,0.936,0.064,0.0,0.0,2026-04-25 17:11:05,2,4,0,1,2026-04-13 22:15:00,0.0
68660038,2026-04-13 16:33:36,2026-04-14 09:40:00,Closed,Pothole,BROOKLYN,nan,40.68890317557533,-73.98092864957985,12.02603581962963,5664.555555555556,6673.0,47,0,34.0,1,Medium,14,0.0,1.0,0.0,0.0,2026-04-25 17:11:05,1,4,0,1,2026-04-14 09:40:00,0.0
68669696,2026-04-13 16:31:15,2026-04-14 08:55:00,Closed,Pothole,BROOKLYN,nan,40.69105035395189,-73.98632977549417,12.027667764074074,5664.555555555556,6673.0,21,1,30.399999618530273,1,Medium,14,0.036,0.964,0.0,0.0,2026-04-25 17:11:05,1,4,0,1,2026-04-14 08:55:00,0.0
68648490,2026-04-13 16:24:35,,Open,Pothole,BRONX,nan,40.81304707050153,-73.8600631255296,12.032297393703704,6677.6,6655.5,3,0,20.0,0,Low,15,0.8,0.1,0.06,0.04,2026-04-25 17:11:05,3,4,0,1,,
68649950,2026-04-13 16:17:04,,Open,Pothole,BROOKLYN,nan,40.59997629625578,-74.00664393591754,12.03751730111111,5664.555555555556,6673.0,5,1,24.1,0,Low,15,0.759,0.121,0.072,0.048,2026-04-25 17:11:05,1,4,0,1,,
68651444,2026-04-13 16:13:38,2026-04-14 21:45:00,Closed,Pothole,QUEENS,nan,40.70843848029657,-73.84857829646248,12.039901560370371,4959.1547619047615,4660.0,15,0,32.70000076293945,1,Medium,14,0.0,1.0,0.0,0.0,2026-04-25 17:11:05,2,4,0,1,2026-04-14 21:45:00,1.0
68648478,2026-04-13 16:12:25,2026-04-13 20:01:00,Closed,Pothole,QUEENS,nan,40.7343762769571,-73.87341674191903,12.040746467777778,4959.1547619047615,4660.0,23,0,30.100000381469727,1,Medium,14,0.002,0.998,0.0,0.0,2026-04-25 17:11:05,2,4,0,1,2026-04-13 20:01:00,0.0
68655404,2026-04-13 16:02:49,2026-04-13 16:02:49,Closed,Pothole,MANHATTAN,nan,40.732848329178424,-73.99591548380599,12.047413134444444,16591.571428571428,6876.0,8,0,38.70000076293945,1,Medium,14,0.0,1.0,0.0,0.0,2026-04-25 17:11:05,0,4,0,1,2026-04-13 16:02:49,0.0
68652955,2026-04-13 16:01:46,2026-04-14 20:47:00,Closed,Pothole,QUEENS,nan,40.723001881107216,-73.85256057957025,12.048142301111112,4959.1547619047615,4660.0,13,1,32.70000076293945,1,Medium,14,0.001,0.999,0.0,0.0,2026-04-25 17:11:05,2,4,0,1,2026-04-14 20:47:00,1.0
68647962,2026-04-13 15:50:06,2026-04-13 15:50:06,Closed,Pothole,MANHATTAN,nan,40.7779047511921,-73.98208745958574,12.056244152962963,16591.571428571428,6876.0,20,0,42.29999923706055,1,Medium,14,0.0,1.0,0.0,0.0,2026-04-25 17:11:05,0,4,0,1,2026-04-13 15:50:06,0.0
68664891,2026-04-13 15:49:26,2026-04-14 14:54:00,Closed,Pothole,BROOKLYN,BERGEN STREET,40.679145063159325,-73.96685625385146,12.056707115925926,5664.555555555556,3798.0,17,1,31.0,1,Medium,14,0.002,0.998,0.0,0.0,2026-04-25 17:11:05,1,4,0,1,2026-04-14 14:54:00,0.0
68664892,2026-04-13 15:48:46,2026-04-14 14:30:00,Closed,Pothole,BROOKLYN,BERGEN STREET,40.67869703050063,-73.96472213876908,12.05717007888889,5664.555555555556,3798.0,16,1,30.399999618530273,1,Medium,14,0.002,0.998,0.0,0.0,2026-04-25 17:11:05,1,4,0,1,2026-04-14 14:30:00,0.0
68669697,2026-04-13 15:42:27,2026-04-14 14:21:00,Closed,Pothole,BROOKLYN,WASHINGTON AVENUE,40.67902892248137,-73.96399368892087,12.061556652962963,5664.555555555556,13517.0,17,1,33.400001525878906,1,Medium,14,0.002,0.998,0.0,0.0,2026-04-25 17:11:05,1,4,0,1,2026-04-14 14:21:00,0.0
68668087,2026-04-13 15:40:43,2026-04-14 14:07:00,Closed,Pothole,BROOKLYN,PACIFIC STREET,40.67883182710752,-73.95749703099078,12.062760356666667,5664.555555555556,9184.0,23,1,33.099998474121094,1,Medium,14,0.002,0.998,0.0,0.0,2026-04-25 17:11:05,1,4,0,1,2026-04-14 14:07:00,0.0
68663285,2026-04-13 15:40:08,2026-04-14 13:50:00,Closed,Pothole,BROOKLYN,PACIFIC STREET,40.678020649612975,-73.95369038932043,12.063165449259259,5664.555555555556,9184.0,40,1,32.0,1,Medium,14,0.001,0.999,0.0,0.0,2026-04-25 17:11:05,1,4,0,1,2026-04-14 13:50:00,0.0
68669698,2026-04-13 15:39:32,2026-04-14 11:30:00,Closed,Pothole,BROOKLYN,BEDFORD AVENUE,40.66237673447606,-73.95707498552609,12.063582115925925,5664.555555555556,20193.0,10,1,33.20000076293945,1,Medium,14,0.002,0.998,0.0,0.0,2026-04-25 17:11:05,1,4,0,1,2026-04-14 11:30:00,0.0
68660039,2026-04-13 15:38:35,2026-04-14 10:04:00,Closed,Pothole,BROOKLYN,EAST NEW YORK AVENUE,40.66519425223883,-73.92709395575261,12.064241838148147,5664.555555555556,6673.0,15,0,34.0,1,Medium,14,0.001,0.999,0.0,0.0,2026-04-25 17:11:05,1,4,0,1,2026-04-14 10:04:00,0.0
68653898,2026-04-13 15:27:19,2026-04-13 15:27:19,Closed,Pothole,QUEENS,nan,40.725476145414376,-73.76557731286611,12.072065912222222,4959.1547619047615,4660.0,31,1,30.5,1,Medium,14,0.0,1.0,0.0,0.0,2026-04-25 17:11:05,2,4,0,1,2026-04-13 15:27:19,0.0
68651445,2026-04-13 15:25:50,2026-04-18 13:27:00,Closed,Pothole,QUEENS,nan,40.69104664978981,-73.73922324000723,12.073096004814815,4959.1547619047615,4660.0,2,0,25.299999237060547,1,Medium,14,0.196,0.804,0.0,0.0,2026-04-25 17:11:05,2,4,0,1,2026-04-18 13:27:00,4.0
68653899,2026-04-13 15:25:20,2026-04-13 15:25:20,Closed,Pothole,QUEENS,nan,40.68973616714039,-73.74728757941112,12.073443227037037,4959.1547619047615,4660.0,5,0,24.399999618530273,0,Low,30,0.529,0.471,0.0,0.0,2026-04-25 17:11:05,2,4,0,1,2026-04-13 15:25:20,0.0
68651446,2026-04-13 15:24:18,2026-04-14 21:02:00,Closed,Pothole,QUEENS,nan,40.705490887638646,-73.72788837873111,12.074160819629629,4959.1547619047615,4660.0,3,0,25.200000762939453,1,Medium,14,0.286,0.714,0.0,0.0,2026-04-25 17:11:05,2,4,0,1,2026-04-14 21:02:00,1.0
68649939,2026-04-13 15:15:53,,Pending,Pothole,QUEENS,nan,40.76535886057919,-73.74428230406164,12.080005727037037,4959.1547619047615,4660.0,13,0,32.099998474121094,1,Medium,14,0.0,1.0,0.0,0.0,2026-04-25 17:11:05,2,4,0,1,,
68658971,2026-04-13 15:15:32,2026-04-14 12:15:00,Closed,Pothole,QUEENS,nan,40.73564828767018,-73.85357902833027,12.080248782592593,4959.1547619047615,4660.0,8,1,29.5,1,Medium,14,0.009,0.991,0.0,0.0,2026-04-25 17:11:05,2,4,0,1,2026-04-14 12:15:00,0.0
68658972,2026-04-13 15:13:26,2026-04-14 01:10:00,Closed,Pothole,QUEENS,nan,40.7363156833607,-73.85390953661874,12.081707115925926,4959.1547619047615,4660.0,10,1,31.899999618530273,1,Medium,14,0.002,0.998,0.0,0.0,2026-04-25 17:11:05,2,4,0,1,2026-04-14 01:10:00,0.0
68651465,2026-04-13 15:10:23,,Pending,Pothole,QUEENS,nan,40.73631514022435,-73.85134034085074,12.08382517148148,4959.1547619047615,4660.0,42,1,30.5,1,Medium,14,0.0,1.0,0.0,0.0,2026-04-25 17:11:05,2,4,0,1,,
68658993,2026-04-13 15:07:24,,Pending,Pothole,QUEENS,nan,40.736996289258826,-73.85168884171875,12.085896930740741,4959.1547619047615,4660.0,45,1,30.600000381469727,1,Medium,14,0.0,1.0,0.0,0.0,2026-04-25 17:11:05,2,4,0,1,,
68658985,2026-04-13 15:06:41,,Open,Pothole,BRONX,nan,40.88816801142551,-73.84376743469198,12.086394615925926,6677.6,6655.5,12,0,44.0,1,Medium,15,0.56,0.22,0.132,0.088,2026-04-25 17:11:05,3,4,0,1,,
68651460,2026-04-13 14:51:16,2026-04-18 10:25:00,Closed,Pothole,STATEN ISLAND,nan,40.61592421766282,-74.07875576413373,12.097100634444445,23788.714285714286,2762.0,3,0,31.5,1,Medium,14,0.001,0.999,0.0,0.0,2026-04-25 17:11:05,4,4,0,1,2026-04-18 10:25:00,4.0
68668068,2026-04-13 14:51:15,2026-04-14 12:48:00,Closed,Pothole,QUEENS,228 STREET,40.66322624671581,-73.75070413351055,12.097112208518519,4959.1547619047615,4660.0,4,0,21.5,0,Low,30,0.958,0.042,0.0,0.0,2026-04-25 17:11:05,2,4,0,1,2026-04-14 12:48:00,0.0
68660027,2026-04-13 14:49:35,2026-04-14 11:10:00,Closed,Pothole,QUEENS,231 STREET,40.65856293643155,-73.74948170661109,12.098269615925926,4959.1547619047615,1308.0,0,0,17.399999618530273,0,Low,30,0.993,0.007,0.0,0.0,2026-04-25 17:11:05,2,4,0,0,2026-04-14 11:10:00,0.0
68655910,2026-04-13 14:49:28,,Open,Pothole,STATEN ISLAND,nan,40.615186301699424,-74.10256686753505,12.098350634444444,23788.714285714286,2762.0,6,1,48.6,1,Medium,15,0.514,0.243,0.146,0.097,2026-04-25 17:11:05,4,4,0,1,,
68651461,2026-04-13 14:48:54,,Open,Pothole,STATEN ISLAND,nan,40.60018338355403,-74.06463904082321,12.098744152962963,23788.714285714286,2762.0,7,1,51.2,2,High,15,0.488,0.256,0.154,0.102,2026-04-25 17:11:05,4,4,0,1,,
68664893,2026-04-13 14:36:07,2026-04-14 04:30:00,Closed,Pothole,BROOKLYN,nan,40.66056220378517,-74.0011894255518,12.107621467777777,5664.555555555556,6673.0,22,0,31.700000762939453,1,Medium,14,0.002,0.998,0.0,0.0,2026-04-25 17:11:05,1,4,0,1,2026-04-14 04:30:00,0.0
68661667,2026-04-13 14:35:22,2026-04-14 04:15:00,Closed,Pothole,BROOKLYN,nan,40.642546997558235,-74.01665106531672,12.10814230111111,5664.555555555556,6673.0,13,0,33.29999923706055,1,Medium,14,0.005,0.995,0.0,0.0,2026-04-25 17:11:05,1,4,0,1,2026-04-14 04:15:00,0.0
68648492,2026-04-13 14:22:40,,Pending,Pothole,QUEENS,nan,40.76004448372803,-73.89755299254857,12.116961745555555,4959.1547619047615,4660.0,11,0,31.100000381469727,1,Medium,14,0.001,0.999,0.0,0.0,2026-04-25 17:11:05,2,4,0,1,,
68652445,2026-04-13 14:22:39,2026-04-13 14:22:39,Closed,Pothole,STATEN ISLAND,nan,40.56047555908232,-74.1668892252524,12.11697331962963,23788.714285714286,2762.0,13,1,36.0,1,Medium,14,0.0,1.0,0.0,0.0,2026-04-25 17:11:05,4,4,0,1,2026-04-13 14:22:39,0.0
68657451,2026-04-13 14:20:46,,Pending,Pothole,QUEENS,nan,40.728021635398605,-73.7105538077066,12.11828119,4959.1547619047615,4660.0,6,1,24.700000762939453,0,Low,30,0.601,0.398,0.0,0.0,2026-04-25 17:11:05,2,4,0,1,,
68648491,2026-04-13 14:20:31,,Open,Pothole,STATEN ISLAND,nan,40.53711701703829,-74.16700358331366,12.118454801111112,23788.714285714286,2762.0,0,0,32.6,1,Medium,15,0.674,0.163,0.098,0.065,2026-04-25 17:11:05,4,4,0,0,,
68657439,2026-04-13 14:13:37,,Open,Pothole,BROOKLYN,nan,40.61910563757932,-73.95830950968423,12.123246467777777,5664.555555555556,6673.0,10,1,37.5,1,Medium,15,0.625,0.188,0.113,0.075,2026-04-25 17:11:05,1,4,0,1,,
68651466,2026-04-13 14:04:28,,Pending,Pothole,QUEENS,nan,40.74113581317115,-73.93523503798474,12.129600634444444,4959.1547619047615,4660.0,18,0,29.0,1,Medium,14,0.0,1.0,0.0,0.0,2026-04-25 17:11:05,2,4,0,1,,
68657441,2026-04-13 13:55:18,,Open,Pothole,BROOKLYN,nan,40.66224201349145,-73.99943771194341,12.135966375185186,5664.555555555556,6673.0,15,0,50.8,2,High,15,0.492,0.254,0.153,0.102,2026-04-25 17:11:05,1,4,0,1,,
68658986,2026-04-13 13:42:29,,Open,Pothole,BRONX,nan,40.88040026285712,-73.90050281894527,12.144866838148149,6677.6,6655.5,15,0,52.1,2,High,15,0.479,0.26,0.156,0.104,2026-04-25 17:11:05,3,4,0,1,,
68658489,2026-04-13 13:36:15,2026-04-13 21:15:00,Closed,Pothole,QUEENS,nan,40.75112071150661,-73.74751669571391,12.149195541851853,4959.1547619047615,4660.0,12,1,30.899999618530273,1,Medium,14,0.006,0.994,0.0,0.0,2026-04-25 17:11:05,2,4,0,1,2026-04-13 21:15:00,0.0
68650968,2026-04-13 13:35:53,2026-04-13 13:35:53,Closed,Pothole,BRONX,nan,40.88136272908464,-73.90938299177161,12.149450171481483,6677.6,6655.5,10,0,33.5,1,Medium,14,0.0,1.0,0.0,0.0,2026-04-25 17:11:05,3,4,0,1,2026-04-13 13:35:53,0.0
68649470,2026-04-13 13:33:05,2026-04-13 13:33:05,Closed,Pothole,MANHATTAN,nan,40.78152514006051,-73.96041405700397,12.151394615925927,16591.571428571428,6876.0,10,1,42.400001525878906,1,Medium,14,0.0,1.0,0.0,0.0,2026-04-25 17:11:05,0,4,0,1,2026-04-13 13:33:05,0.0
68657452,2026-04-13 13:19:48,,Pending,Pothole,QUEENS,nan,40.71285465019912,-73.90480375078845,12.160619152962964,4959.1547619047615,4660.0,16,1,31.299999237060547,1,Medium,14,0.0,1.0,0.0,0.0,2026-04-25 17:11:05,2,4,0,1,,
68649941,2026-04-13 13:06:36,,Open,Pothole,MANHATTAN,nan,40.71997252866537,-73.99289676796991,12.169785819629631,16591.571428571428,6876.0,42,1,64.0,2,High,8,0.36,0.32,0.192,0.128,2026-04-25 17:11:05,0,4,0,1,,
68654416,2026-04-13 13:06:13,2026-04-23 16:00:00,Closed,Pothole,BROOKLYN,nan,40.62572768265902,-74.02715158069623,12.170052023333335,5664.555555555556,6673.0,3,0,22.899999618530273,0,Low,30,0.948,0.052,0.0,0.0,2026-04-25 17:11:05,1,4,0,1,2026-04-23 16:00:00,10.0
68657442,2026-04-13 13:05:13,2026-04-18 19:40:00,Closed,Pothole,BROOKLYN,nan,40.58106207019991,-74.00070560577348,12.170746467777779,5664.555555555556,6673.0,2,1,23.100000381469727,0,Low,30,0.997,0.003,0.0,0.0,2026-04-25 17:11:05,1,4,0,1,2026-04-18 19:40:00,5.0
68650944,2026-04-13 13:02:24,2026-04-13 13:02:24,Closed,Pothole,QUEENS,nan,40.73911404167521,-73.88974013991411,12.172702486296297,4959.1547619047615,4660.0,12,1,30.700000762939453,1,Medium,14,0.008,0.991,0.0,0.0,2026-04-25 17:11:05,2,4,0,1,2026-04-13 13:02:24,0.0
68656941,2026-04-13 13:00:45,2026-04-13 13:00:45,Closed,Pothole,QUEENS,nan,40.74089617616554,-73.89960689847297,12.17384831962963,4959.1547619047615,4660.0,32,1,30.5,1,Medium,14,0.001,0.999,0.0,0.0,2026-04-25 17:11:05,2,4,0,1,2026-04-13 13:00:45,0.0
68658491,2026-04-13 12:58:56,2026-04-13 12:58:56,Closed,Pothole,QUEENS,nan,40.74089617616554,-73.89960689847297,12.175109893703706,4959.1547619047615,4660.0,32,1,30.5,1,Medium,14,0.001,0.999,0.0,0.0,2026-04-25 17:11:05,2,4,0,1,2026-04-13 12:58:56,0.0
68652425,2026-04-13 12:56:36,2026-04-13 21:45:00,Closed,Pothole,QUEENS,nan,40.681799995281445,-73.76094637603065,12.176730264074076,4959.1547619047615,4660.0,5,0,24.799999237060547,1,Medium,14,0.42,0.58,0.0,0.0,2026-04-25 17:11:05,2,4,0,1,2026-04-13 21:45:00,0.0
68655392,2026-04-13 12:53:22,2026-04-13 12:53:22,Closed,Pothole,QUEENS,nan,40.68337716117407,-73.76042512611521,12.178975634444445,4959.1547619047615,4660.0,3,1,22.100000381469727,0,Low,30,0.919,0.081,0.0,0.0,2026-04-25 17:11:05,2,4,0,1,2026-04-13 12:53:22,0.0
68657443,2026-04-13 12:53:10,,Open,Pothole,BROOKLYN,STREET OF ARTS,40.68785712540414,-73.97923783074734,12.179114523333334,5664.555555555556,6673.0,51,1,50.9,2,High,15,0.491,0.254,0.153,0.102,2026-04-25 17:11:05,1,4,0,1,,
68647951,2026-04-13 12:51:13,2026-04-13 12:51:13,Closed,Pothole,QUEENS,nan,40.73911404167521,-73.88974013991411,12.180468690000001,4959.1547619047615,4660.0,12,1,29.600000381469727,1,Medium,14,0.008,0.991,0.0,0.0,2026-04-25 17:11:05,2,4,0,1,2026-04-13 12:51:13,0.0
68658979,2026-04-13 12:26:16,2026-04-14 13:42:00,Closed,Pothole,BROOKLYN,nan,40.64534980704459,-74.01374374177156,12.19779507888889,5664.555555555556,6673.0,16,1,30.799999237060547,1,Medium,14,0.005,0.995,0.0,0.0,2026-04-25 17:11:05,1,4,0,1,2026-04-14 13:42:00,1.0
68658987,2026-04-13 12:12:11,,Open,Pothole,BRONX,nan,40.86321265016391,-73.86742317586139,12.207575171481484,6677.6,6655.5,8,1,33.4,1,Medium,15,0.666,0.167,0.1,0.067,2026-04-25 17:11:05,3,4,0,1,,
68652441,2026-04-13 12:10:51,2026-04-13 12:10:51,Closed,Pothole,BRONX,nan,40.86553149637487,-73.86237140808568,12.208501097407408,6677.6,6655.5,10,0,32.400001525878906,1,Medium,14,0.0,1.0,0.0,0.0,2026-04-25 17:11:05,3,4,0,1,2026-04-13 12:10:51,0.0
68656942,2026-04-13 11:56:18,2026-04-13 11:56:18,Closed,Pothole,QUEENS,nan,40.72016456114445,-73.84478898171724,12.218605264074075,4959.1547619047615,4660.0,28,1,30.399999618530273,1,Medium,14,0.0,1.0,0.0,0.0,2026-04-25 17:11:05,2,4,0,1,2026-04-13 11:56:18,0.0
68658493,2026-04-13 11:54:12,2026-04-13 11:54:12,Closed,Pothole,QUEENS,nan,40.592579272695254,-73.80065702137888,12.220063597407409,4959.1547619047615,4660.0,7,1,24.899999618530273,1,Medium,14,0.427,0.573,0.0,0.0,2026-04-25 17:11:05,2,4,0,1,2026-04-13 11:54:12,0.0
68649471,2026-04-13 11:52:23,2026-04-13 11:52:23,Closed,Pothole,MANHATTAN,AVENUE A,40.72242298861693,-73.98618624907375,12.221325171481483,16591.571428571428,12784.0,36,0,38.900001525878906,1,Medium,14,0.0,1.0,0.0,0.0,2026-04-25 17:11:05,0,4,0,1,2026-04-13 11:52:23,0.0
68649464,2026-04-13 11:51:05,2026-04-13 11:51:05,Closed,Pothole,QUEENS,nan,40.751972940965125,-73.93195811544349,12.22222794925926,4959.1547619047615,4660.0,17,0,29.700000762939453,1,Medium,14,0.0,1.0,0.0,0.0,2026-04-25 17:11:05,2,4,0,1,2026-04-13 11:51:05,0.0
68647954,2026-04-13 11:44:46,2026-04-13 11:44:46,Closed,Pothole,QUEENS,nan,40.74603472114661,-73.93440021822178,12.226614523333335,4959.1547619047615,4660.0,20,0,29.899999618530273,1,Medium,14,0.0,1.0,0.0,0.0,2026-04-25 17:11:05,2,4,0,1,2026-04-13 11:44:46,0.0
68658505,2026-04-13 11:42:13,2026-04-13 11:42:13,Closed,Pothole,BROOKLYN,nan,40.67634313622726,-73.91092698207576,12.228385356666667,5664.555555555556,6673.0,31,1,33.29999923706055,1,Medium,14,0.009,0.991,0.0,0.0,2026-04-25 17:11:05,1,4,0,1,2026-04-13 11:42:13,0.0
68654417,2026-04-13 11:40:00,2026-04-16 12:20:00,Closed,Pothole,BROOKLYN,nan,40.73048634517696,-73.94624649368087,12.229924708518519,5664.555555555556,6673.0,7,0,28.399999618530273,1,Medium,14,0.405,0.595,0.0,0.0,2026-04-25 17:11:05,1,4,0,1,2026-04-16 12:20:00,3.0
68654427,2026-04-13 11:35:44,,Pending,Pothole,QUEENS,nan,40.68814946848958,-73.8488335078858,12.232887671481484,4959.1547619047615,4660.0,17,0,30.799999237060547,1,Medium,14,0.0,1.0,0.0,0.0,2026-04-25 17:11:05,2,4,0,1,,
68649952,2026-04-13 11:27:54,2026-04-18 07:15:00,Closed,Pothole,BROOKLYN,nan,40.700709858825306,-73.99422600884569,12.238327486296297,5664.555555555556,6673.0,29,1,32.29999923706055,1,Medium,14,0.007,0.993,0.0,0.0,2026-04-25 17:11:05,1,4,0,1,2026-04-18 07:15:00,4.0
68649953,2026-04-13 11:23:03,2026-04-16 13:45:00,Closed,Pothole,BROOKLYN,nan,40.70890079120213,-73.96580266192987,12.241695541851852,5664.555555555556,6673.0,6,0,26.399999618530273,1,Medium,14,0.177,0.823,0.0,0.0,2026-04-25 17:11:05,1,4,0,1,2026-04-16 13:45:00,3.0
68647955,2026-04-13 11:13:35,2026-04-13 21:15:00,Closed,Pothole,QUEENS,11 STREET,40.74041958651036,-73.95243451542069,12.248269615925928,4959.1547619047615,4660.0,12,1,30.399999618530273,1,Medium,14,0.014,0.986,0.0,0.0,2026-04-25 17:11:05,2,4,0,1,2026-04-13 21:15:00,0.0
68654418,2026-04-13 11:08:15,2026-04-23 09:42:00,Closed,Pothole,BROOKLYN,nan,40.62899327936505,-73.98363692284553,12.25197331962963,5664.555555555556,6673.0,4,0,27.600000381469727,1,Medium,14,0.121,0.879,0.0,0.0,2026-04-25 17:11:05,1,4,0,1,2026-04-23 09:42:00,9.0
68648494,2026-04-13 10:58:23,,Pending,Pothole,QUEENS,nan,40.73810390721791,-73.84860830891233,12.258825171481483,4959.1547619047615,4660.0,25,1,29.899999618530273,1,Medium,14,0.0,1.0,0.0,0.0,2026-04-25 17:11:05,2,4,0,1,,
68654425,2026-04-13 10:56:40,,Open,Pothole,STATEN ISLAND,nan,40.60940340129527,-74.11656085044788,12.260017301111112,23788.714285714286,2762.0,8,1,54.0,2,High,15,0.46,0.27,0.162,0.108,2026-04-25 17:11:05,4,4,0,1,,
68656946,2026-04-13 10:43:17,2026-04-13 10:43:17,Closed,Pothole,QUEENS,nan,40.72792341486303,-73.87100083747289,12.269311282592593,4959.1547619047615,4660.0,7,0,24.799999237060547,0,Low,30,0.679,0.321,0.0,0.0,2026-04-25 17:11:05,2,4,0,1,2026-04-13 10:43:17,0.0
68650947,2026-04-13 10:36:05,2026-04-13 10:36:05,Closed,Pothole,QUEENS,nan,40.75787299906427,-73.78849613580287,12.274311282592594,4959.1547619047615,4660.0,5,1,25.0,1,Medium,14,0.159,0.84,0.0,0.0,2026-04-25 17:11:05,2,4,0,1,2026-04-13 10:36:05,0.0
68655397,2026-04-13 10:26:42,2026-04-13 12:00:00,Closed,Pothole,QUEENS,nan,40.75794654400149,-73.78670193105889,12.280827486296298,4959.1547619047615,4660.0,4,1,21.799999237060547,0,Low,30,0.694,0.306,0.0,0.0,2026-04-25 17:11:05,2,4,0,1,2026-04-13 12:00:00,0.0
68658495,2026-04-13 10:26:32,2026-04-13 17:21:00,Closed,Pothole,QUEENS,nan,40.74689076643809,-73.92079708579764,12.280943227037039,4959.1547619047615,4660.0,5,0,21.899999618530273,0,Low,30,0.853,0.147,0.0,0.0,2026-04-25 17:11:05,2,4,0,1,2026-04-13 17:21:00,0.0
68656949,2026-04-13 10:18:07,2026-04-13 10:18:07,Closed,Pothole,QUEENS,nan,40.75787299906427,-73.78849613580287,12.286788134444446,4959.1547619047615,4660.0,5,1,25.0,1,Medium,14,0.165,0.835,0.0,0.0,2026-04-25 17:11:05,2,4,0,1,2026-04-13 10:18:07,0.0
68649962,2026-04-13 10:16:57,,Pending,Pothole,QUEENS,nan,40.75809204251098,-73.79580489539882,12.28759831962963,4959.1547619047615,4660.0,5,1,24.200000762939453,0,Low,30,0.823,0.176,0.0,0.0,2026-04-25 17:11:05,2,4,0,1,,
68649963,2026-04-13 10:15:11,,Pending,Pothole,QUEENS,nan,40.76049224105458,-73.76751884486491,12.288825171481482,4959.1547619047615,4660.0,21,1,32.599998474121094,1,Medium,14,0.002,0.998,0.0,0.0,2026-04-25 17:11:05,2,4,0,1,,
68649481,2026-04-13 10:12:47,2026-04-13 10:12:47,Closed,Pothole,BRONX,nan,40.82896648218944,-73.837091479809,12.29049183814815,6677.6,6655.5,32,1,30.5,1,Medium,14,0.0,1.0,0.0,0.0,2026-04-25 17:11:05,3,4,0,1,2026-04-13 10:12:47,0.0
68658988,2026-04-13 10:10:31,2026-04-14 08:55:00,Closed,Pothole,BRONX,nan,40.82896648218944,-73.837091479809,12.292065912222224,6677.6,6655.5,32,1,30.5,1,Medium,14,0.0,1.0,0.0,0.0,2026-04-25 17:11:05,3,4,0,1,2026-04-14 08:55:00,0.0
68649486,2026-04-13 10:03:32,2026-04-13 10:03:32,Closed,Pothole,STATEN ISLAND,nan,40.56198930836635,-74.10557673975921,12.296915449259261,23788.714285714286,2762.0,1,0,25.700000762939453,1,Medium,14,0.425,0.575,0.0,0.0,2026-04-25 17:11:05,4,4,0,1,2026-04-13 10:03:32,0.0
68657448,2026-04-13 10:03:05,2026-04-18 10:10:00,Closed,Pothole,STATEN ISLAND,nan,40.56198930836635,-74.10557673975921,12.29722794925926,23788.714285714286,2762.0,1,0,25.700000762939453,1,Medium,14,0.425,0.575,0.0,0.0,2026-04-25 17:11:05,4,4,0,1,2026-04-18 10:10:00,5.0
68653904,2026-04-13 10:02:20,2026-04-13 10:02:20,Closed,Pothole,QUEENS,nan,40.725789943726326,-73.79174401191865,12.297748782592594,4959.1547619047615,4660.0,11,0,30.299999237060547,1,Medium,14,0.0,1.0,0.0,0.0,2026-04-25 17:11:05,2,4,0,1,2026-04-13 10:02:20,0.0
68655399,2026-04-13 10:01:17,2026-04-13 12:27:00,Closed,Pothole,QUEENS,nan,40.725789943726326,-73.79174401191865,12.29847794925926,4959.1547619047615,4660.0,11,0,30.299999237060547,1,Medium,14,0.0,1.0,0.0,0.0,2026-04-25 17:11:05,2,4,0,1,2026-04-13 12:27:00,0.0
68653905,2026-04-13 10:00:21,2026-04-13 10:00:21,Closed,Pothole,QUEENS,nan,40.7004993066336,-73.90020149091094,12.29912609740741,4959.1547619047615,4660.0,14,1,30.200000762939453,1,Medium,14,0.001,0.999,0.0,0.0,2026-04-25 17:11:05,2,4,0,1,2026-04-13 10:00:21,0.0
68652428,2026-04-13 09:56:23,2026-04-13 15:11:00,Closed,Pothole,QUEENS,nan,40.763160557736015,-73.81638733639387,12.30188072703704,4959.1547619047615,4660.0,8,0,28.100000381469727,1,Medium,14,0.009,0.991,0.0,0.0,2026-04-25 17:11:05,2,4,0,1,2026-04-13 15:11:00,0.0
68655908,2026-04-13 09:55:00,,Open,Pothole,BRONX,nan,40.85359405008968,-73.85948620758532,12.302841375185187,6677.6,6655.5,6,1,28.1,1,Medium,15,0.719,0.141,0.084,0.056,2026-04-25 17:11:05,3,4,0,1,,
68650949,2026-04-13 09:50:49,2026-04-13 09:50:49,Closed,Pothole,QUEENS,nan,40.67297537964296,-73.73222447990973,12.305746467777778,4959.1547619047615,4660.0,12,1,31.0,1,Medium,14,0.025,0.975,0.0,0.0,2026-04-25 17:11:05,2,4,0,1,2026-04-13 09:50:49,0.0
68652442,2026-04-13 09:44:15,2026-04-13 09:44:15,Closed,Pothole,BRONX,CHARLES J CRIMI ROAD,40.85924525413997,-73.81812844453063,12.310306652962964,6677.6,6655.5,3,0,23.0,0,Low,30,0.53,0.47,0.0,0.0,2026-04-25 17:11:05,3,4,0,1,2026-04-13 09:44:15,0.0
68652968,2026-04-13 09:42:47,,Open,Pothole,BRONX,CHARLES J CRIMI ROAD,40.85924525413997,-73.81812844453063,12.311325171481483,6677.6,6655.5,3,0,20.1,0,Low,15,0.799,0.101,0.06,0.04,2026-04-25 17:11:05,3,4,0,1,,
68656967,2026-04-13 09:34:21,2026-04-13 09:34:21,Closed,Pothole,BRONX,nan,40.85712851005098,-73.88079263989022,12.317181652962963,6677.6,6655.5,28,1,32.79999923706055,1,Medium,14,0.0,1.0,0.0,0.0,2026-04-25 17:11:05,3,4,0,1,2026-04-13 09:34:21,0.0
68649466,2026-04-13 09:31:41,2026-04-13 09:31:41,Closed,Pothole,QUEENS,nan,40.74762067552447,-73.95650396930826,12.319033504814817,4959.1547619047615,4660.0,6,0,25.200000762939453,1,Medium,14,0.153,0.847,0.0,0.0,2026-04-25 17:11:05,2,4,0,1,2026-04-13 09:31:41,0.0
68655895,2026-04-13 09:29:21,,Open,Pothole,MANHATTAN,nan,40.805838015118006,-73.94690085427227,12.320653875185187,16591.571428571428,6876.0,21,1,64.0,2,High,8,0.36,0.32,0.192,0.128,2026-04-25 17:11:05,0,4,0,1,,
68657444,2026-04-13 09:13:06,2026-04-23 08:27:00,Closed,Pothole,BROOKLYN,nan,40.61939737192231,-73.96956588163236,12.331938597407408,5664.555555555556,6673.0,16,0,30.299999237060547,1,Medium,14,0.002,0.998,0.0,0.0,2026-04-25 17:11:05,1,4,0,1,2026-04-23 08:27:00,9.0
68650950,2026-04-13 09:06:52,2026-04-13 11:15:00,Closed,Pothole,QUEENS,nan,40.71822688567068,-73.81514029543717,12.336267301111112,4959.1547619047615,4660.0,9,1,30.0,1,Medium,14,0.009,0.991,0.0,0.0,2026-04-25 17:11:05,2,4,0,1,2026-04-13 11:15:00,0.0
68657456,2026-04-13 08:57:01,,Pending,Pothole,QUEENS,nan,40.745450902026576,-73.70837407659698,12.34310757888889,4959.1547619047615,4660.0,2,0,18.700000762939453,0,Low,30,0.999,0.001,0.0,0.0,2026-04-25 17:11:05,2,4,0,1,,
68653907,2026-04-13 08:56:04,2026-04-13 21:15:00,Closed,Pothole,QUEENS,nan,40.761703638150195,-73.88174675411298,12.343767301111113,4959.1547619047615,4660.0,4,0,22.200000762939453,0,Low,30,0.795,0.205,0.0,0.0,2026-04-25 17:11:05,2,4,0,1,2026-04-13 21:15:00,0.0
68656950,2026-04-13 08:54:07,2026-04-13 08:54:07,Closed,Pothole,QUEENS,nan,40.761217008162774,-73.8863970016137,12.34512146777778,4959.1547619047615,4660.0,7,0,26.5,1,Medium,14,0.321,0.679,0.0,0.0,2026-04-25 17:11:05,2,4,0,1,2026-04-13 08:54:07,0.0
68655904,2026-04-13 08:42:13,2026-04-15 14:54:00,Closed,Pothole,BROOKLYN,nan,40.64351719125751,-73.89649233622994,12.353385356666667,5664.555555555556,6673.0,5,0,24.5,0,Low,30,0.962,0.037,0.0,0.0,2026-04-25 17:11:05,1,4,0,1,2026-04-15 14:54:00,2.0
68651456,2026-04-13 08:41:03,,Open,Pothole,BROOKLYN,nan,40.67295249747627,-73.92516040996338,12.354195541851853,5664.555555555556,6673.0,10,0,37.6,1,Medium,15,0.624,0.188,0.113,0.075,2026-04-25 17:11:05,1,4,0,1,,
68654428,2026-04-13 08:40:52,,Pending,Pothole,QUEENS,nan,40.74762067552447,-73.95650396930826,12.354322856666668,4959.1547619047615,4660.0,6,0,25.200000762939453,1,Medium,14,0.11,0.89,0.0,0.0,2026-04-25 17:11:05,2,4,0,1,,
68651457,2026-04-13 08:35:37,,Open,Pothole,BROOKLYN,nan,40.60194983071301,-73.99380961331761,12.357968690000002,5664.555555555556,6673.0,29,0,50.9,2,High,15,0.491,0.255,0.153,0.102,2026-04-25 17:11:05,1,4,0,1,,
68649945,2026-04-13 08:32:23,2026-04-18 09:22:00,Closed,Pothole,MANHATTAN,nan,40.71325594707911,-74.00925599630611,12.360214060370371,16591.571428571428,6876.0,23,0,41.400001525878906,1,Medium,14,0.0,1.0,0.0,0.0,2026-04-25 17:11:05,0,4,0,1,2026-04-18 09:22:00,5.0
68650963,2026-04-13 08:31:19,2026-04-13 08:31:19,Closed,Pothole,BROOKLYN,nan,40.67941992696954,-73.96822614618212,12.360954801111113,5664.555555555556,6673.0,18,1,30.5,1,Medium,14,0.006,0.994,0.0,0.0,2026-04-25 17:11:05,1,4,0,1,2026-04-13 08:31:19,0.0
68648488,2026-04-13 08:29:56,2026-04-21 12:00:00,Closed,Pothole,BROOKLYN,nan,40.658577881793626,-73.89062293057096,12.36191544925926,5664.555555555556,6673.0,29,1,32.599998474121094,1,Medium,14,0.001,0.999,0.0,0.0,2026-04-25 17:11:05,1,4,0,1,2026-04-21 12:00:00,8.0
68648489,2026-04-13 08:26:57,2026-04-21 10:38:00,Closed,Pothole,BROOKLYN,nan,40.658219101132126,-73.8914524839163,12.36398720851852,5664.555555555556,6673.0,29,1,32.599998474121094,1,Medium,14,0.001,0.999,0.0,0.0,2026-04-25 17:11:05,1,4,0,1,2026-04-21 10:38:00,8.0
68654415,2026-04-13 08:23:15,,Open,Pothole,MANHATTAN,nan,40.76628623437032,-73.9818487116524,12.366556652962965,16591.571428571428,6876.0,40,0,64.0,2,High,8,0.36,0.32,0.192,0.128,2026-04-25 17:11:05,0,4,0,1,,
68651452,2026-04-13 08:19:31,,Open,Pothole,MANHATTAN,nan,40.76859696922497,-73.96775760076508,12.369149245555557,16591.571428571428,6876.0,13,0,58.7,2,High,8,0.413,0.293,0.176,0.117,2026-04-25 17:11:05,0,4,0,1,,
68655412,2026-04-13 08:16:44,2026-04-13 08:16:44,Closed,Pothole,BRONX,nan,40.8198786241704,-73.8577689862912,12.371082115925928,6677.6,6655.5,6,1,27.899999618530273,1,Medium,14,0.007,0.993,0.0,0.0,2026-04-25 17:11:05,3,4,0,1,2026-04-13 08:16:44,0.0
68650951,2026-04-13 08:16:22,2026-04-13 20:15:00,Closed,Pothole,QUEENS,nan,40.73577809149982,-73.74653922101146,12.371336745555556,4959.1547619047615,4660.0,10,1,31.600000381469727,1,Medium,14,0.001,0.999,0.0,0.0,2026-04-25 17:11:05,2,4,0,1,2026-04-13 20:15:00,0.0
68647959,2026-04-13 08:16:00,2026-04-13 08:16:00,Closed,Pothole,QUEENS,nan,40.734300926235,-73.75519759871486,12.371591375185186,4959.1547619047615,4660.0,4,0,25.100000381469727,0,Low,30,0.731,0.269,0.0,0.0,2026-04-25 17:11:05,2,4,0,1,2026-04-13 08:16:00,0.0
68649946,2026-04-13 08:11:39,,Open,Pothole,MANHATTAN,nan,40.77303218808042,-73.97828340102534,12.37461220851852,16591.571428571428,6876.0,17,0,64.0,2,High,8,0.36,0.32,0.192,0.128,2026-04-25 17:11:05,0,4,0,1,,
68658995,2026-04-13 08:06:35,,Pending,Pothole,QUEENS,nan,40.71836919350643,-73.84055801431353,12.378130727037039,4959.1547619047615,4660.0,11,0,30.600000381469727,1,Medium,14,0.0,1.0,0.0,0.0,2026-04-25 17:11:05,2,4,0,1,,
68651453,2026-04-13 08:00:50,,Open,Pothole,MANHATTAN,nan,40.70694257111171,-74.01351838995673,12.382123782592593,16591.571428571428,6876.0,12,1,56.0,2,High,8,0.44,0.28,0.168,0.112,2026-04-25 17:11:05,0,4,0,1,,
68656956,2026-04-13 07:58:03,2026-04-13 07:58:03,Closed,Pothole,MANHATTAN,nan,40.706767020397514,-74.01250844527229,12.384056652962965,16591.571428571428,6876.0,5,1,33.0,1,Medium,14,0.001,0.999,0.0,0.0,2026-04-25 17:11:05,0,4,0,1,2026-04-13 07:58:03,0.0
68650952,2026-04-13 07:56:15,2026-04-13 07:56:15,Closed,Pothole,QUEENS,nan,40.761217008162774,-73.8863970016137,12.385306652962964,4959.1547619047615,4660.0,7,0,26.5,1,Medium,14,0.214,0.786,0.0,0.0,2026-04-25 17:11:05,2,4,0,1,2026-04-13 07:56:15,0.0
68652971,2026-04-13 07:46:57,,Pending,Pothole,QUEENS,nan,40.761265587233325,-73.87499725675143,12.391764986296298,4959.1547619047615,4660.0,13,0,30.299999237060547,1,Medium,14,0.001,0.999,0.0,0.0,2026-04-25 17:11:05,2,4,0,1,,
68653912,2026-04-13 07:43:09,2026-04-13 07:43:09,Closed,Pothole,QUEENS,nan,40.69104664978981,-73.73922324000723,12.394403875185187,4959.1547619047615,4660.0,2,0,23.5,0,Low,30,0.918,0.082,0.0,0.0,2026-04-25 17:11:05,2,4,0,1,2026-04-13 07:43:09,0.0
68652430,2026-04-13 07:42:57,2026-04-13 21:15:00,Closed,Pothole,QUEENS,nan,40.74934718953207,-73.82584524088693,12.394542764074075,4959.1547619047615,4660.0,10,1,31.0,1,Medium,14,0.001,0.999,0.0,0.0,2026-04-25 17:11:05,2,4,0,1,2026-04-13 21:15:00,0.0
68655401,2026-04-13 07:42:38,2026-04-13 07:42:38,Closed,Pothole,QUEENS,nan,40.68973616714039,-73.74728757941112,12.394762671481482,4959.1547619047615,4660.0,5,0,24.0,0,Low,30,0.938,0.062,0.0,0.0,2026-04-25 17:11:05,2,4,0,1,2026-04-13 07:42:38,0.0
68658497,2026-04-13 07:41:21,2026-04-13 14:51:00,Closed,Pothole,QUEENS,nan,40.750969217545055,-73.82576520683054,12.395653875185186,4959.1547619047615,4660.0,17,1,29.799999237060547,1,Medium,14,0.0,1.0,0.0,0.0,2026-04-25 17:11:05,2,4,0,1,2026-04-13 14:51:00,0.0
68658989,2026-04-13 07:38:02,,Open,Pothole,BRONX,nan,40.856895816531086,-73.85715842488324,12.397957115925927,6677.6,6655.5,23,1,52.1,2,High,15,0.479,0.261,0.156,0.104,2026-04-25 17:11:05,3,4,0,1,,
68675900,2026-04-13 07:13:15,2026-04-14 12:40:00,Closed,Pothole,BROOKLYN,nan,40.65734788840061,-73.97404293877959,12.415167764074075,5664.555555555556,6673.0,2,0,21.5,0,Low,30,0.997,0.003,0.0,0.0,2026-04-25 17:11:05,1,4,0,1,2026-04-14 12:40:00,1.0
68647968,2026-04-13 06:59:52,2026-04-13 06:59:52,Closed,Pothole,BRONX,nan,40.85987440127748,-73.89321651600159,12.424461745555556,6677.6,6655.5,27,1,29.299999237060547,1,Medium,14,0.0,1.0,0.0,0.0,2026-04-25 17:11:05,3,4,0,1,2026-04-13 06:59:52,0.0
68649467,2026-04-13 06:24:02,2026-04-13 21:44:00,Closed,Pothole,QUEENS,nan,40.71755172836099,-73.73152231260185,12.449346004814815,4959.1547619047615,4660.0,4,0,22.100000381469727,0,Low,30,0.872,0.128,0.0,0.0,2026-04-25 17:11:05,2,4,0,1,2026-04-13 21:44:00,0.0
68655413,2026-04-13 05:45:05,2026-04-13 05:45:05,Closed,Pothole,BRONX,nan,40.84317496421008,-73.91194689088798,12.476394615925928,6677.6,6655.5,12,1,31.700000762939453,1,Medium,14,0.0,1.0,0.0,0.0,2026-04-25 17:11:05,3,4,0,1,2026-04-13 05:45:05,0.0
68656962,2026-04-13 05:42:22,2026-04-13 05:42:22,Closed,Pothole,BROOKLYN,nan,40.654738552069986,-73.9069229436871,12.47828119,5664.555555555556,6673.0,22,0,30.5,1,Medium,14,0.0,1.0,0.0,0.0,2026-04-25 17:11:05,1,4,0,1,2026-04-13 05:42:22,0.0
68647245,2026-04-13 02:16:27,,Open,Pothole,MANHATTAN,nan,40.799577189828355,-73.93589693679573,12.621278875185187,16591.571428571428,6876.0,15,1,64.1,2,High,8,0.359,0.321,0.192,0.128,2026-04-25 17:11:05,0,4,0,1,,
68646799,2026-04-13 02:01:27,2026-04-13 02:01:27,Closed,Pothole,QUEENS,nan,40.695995345656485,-73.78277097622183,12.631695541851853,4959.1547619047615,4660.0,10,1,31.399999618530273,1,Medium,14,0.001,0.999,0.0,0.0,2026-04-25 17:11:05,2,4,0,1,2026-04-13 02:01:27,0.0
68643804,2026-04-13 02:00:57,,Pending,Pothole,QUEENS,nan,40.66290085740794,-73.76836720263869,12.632042764074075,4959.1547619047615,4660.0,7,0,24.600000381469727,0,Low,30,0.81,0.19,0.0,0.0,2026-04-25 17:11:05,2,4,0,1,,
68644995,2026-04-13 02:00:14,,Pending,Pothole,QUEENS,nan,40.65808744137499,-73.75299037951785,12.63254044925926,4959.1547619047615,4660.0,1,0,19.799999237060547,0,Low,30,0.998,0.002,0.0,0.0,2026-04-25 17:11:05,2,4,0,1,,
68640278,2026-04-13 01:59:44,2026-04-13 21:45:00,Closed,Pothole,QUEENS,nan,40.6632233748504,-73.7335071736261,12.632887671481482,4959.1547619047615,4660.0,13,1,30.5,1,Medium,14,0.001,0.999,0.0,0.0,2026-04-25 17:11:05,2,4,0,1,2026-04-13 21:45:00,0.0
68640279,2026-04-13 01:59:20,,Pending,Pothole,QUEENS,nan,40.6950905500885,-73.74573104254247,12.63316544925926,4959.1547619047615,4660.0,11,0,32.29999923706055,1,Medium,14,0.0,1.0,0.0,0.0,2026-04-25 17:11:05,2,4,0,1,,
68640280,2026-04-13 01:58:54,,Pending,Pothole,QUEENS,nan,40.66028603798031,-73.7429766464903,12.633466375185186,4959.1547619047615,4660.0,6,0,24.700000762939453,1,Medium,14,0.299,0.701,0.0,0.0,2026-04-25 17:11:05,2,4,0,1,,
68639103,2026-04-13 01:57:10,,Pending,Pothole,QUEENS,ROCKAWAY BOULEVARD,40.67681569654339,-73.82337040132575,12.63467007888889,4959.1547619047615,66278.0,12,0,34.5,1,Medium,14,0.0,1.0,0.0,0.0,2026-04-25 17:11:05,2,4,0,1,,
68640953,2026-04-13 01:52:56,2026-04-13 01:52:56,Closed,Pothole,QUEENS,nan,40.68527890014995,-73.77239993054968,12.637609893703704,4959.1547619047615,4660.0,2,1,20.799999237060547,0,Low,30,0.965,0.035,0.0,0.0,2026-04-25 17:11:05,2,4,0,1,2026-04-13 01:52:56,0.0
68644996,2026-04-13 01:50:39,,Pending,Pothole,QUEENS,nan,40.70622105961461,-73.7279142526118,12.639195541851853,4959.1547619047615,4660.0,3,0,21.899999618530273,0,Low,30,0.941,0.059,0.0,0.0,2026-04-25 17:11:05,2,4,0,1,,
68645008,2026-04-13 01:33:22,,Open,Pothole,BROOKLYN,nan,40.64430573764678,-73.95178594756857,12.651197856666668,5664.555555555556,6673.0,14,0,48.3,1,Medium,15,0.517,0.242,0.145,0.097,2026-04-25 17:11:05,1,4,0,1,,
68646130,2026-04-13 01:21:36,2026-04-18 18:53:00,Closed,Pothole,BROOKLYN,nan,40.61738380267253,-73.94347039067173,12.659369152962965,5664.555555555556,6673.0,17,1,29.600000381469727,1,Medium,14,0.001,0.999,0.0,0.0,2026-04-25 17:11:05,1,4,0,1,2026-04-18 18:53:00,5.0
68641466,2026-04-13 01:14:14,,Open,Pothole,BROOKLYN,nan,40.648532493553994,-73.95826229264829,12.664484893703705,5664.555555555556,6673.0,12,1,43.0,1,Medium,15,0.57,0.215,0.129,0.086,2026-04-25 17:11:05,1,4,0,1,,
68638650,2026-04-13 00:41:59,2026-04-13 00:41:59,Closed,Pothole,QUEENS,nan,40.72013323771417,-73.79037278029215,12.686880727037039,4959.1547619047615,4660.0,31,0,31.0,1,Medium,14,0.0,1.0,0.0,0.0,2026-04-25 17:11:05,2,4,0,1,2026-04-13 00:41:59,0.0
68646122,2026-04-12 23:31:27,2026-04-13 23:45:00,Closed,Pothole,QUEENS,nan,40.76670792041144,-73.86959721031349,12.735862208518519,4959.1547619047615,4660.0,4,1,22.399999618530273,0,Low,30,0.94,0.059,0.0,0.0,2026-04-25 17:11:05,2,4,6,1,2026-04-13 23:45:00,1.0
68646123,2026-04-12 23:29:40,2026-04-13 21:17:00,Closed,Pothole,QUEENS,nan,40.66601019569554,-73.78952997649682,12.737100634444445,4959.1547619047615,4660.0,20,0,29.399999618530273,1,Medium,14,0.0,1.0,0.0,0.0,2026-04-25 17:11:05,2,4,6,1,2026-04-13 21:17:00,0.0
68644522,2026-04-12 23:28:09,2026-04-12 23:28:09,Closed,Pothole,QUEENS,nan,40.74729882640561,-73.82899044260391,12.738153875185187,4959.1547619047615,4660.0,7,1,25.799999237060547,1,Medium,14,0.094,0.906,0.0,0.0,2026-04-25 17:11:05,2,4,6,1,2026-04-12 23:28:09,0.0
68646118,2026-04-12 23:16:35,,Open,Pothole,BRONX,nan,40.83510301726856,-73.84870198819223,12.746186282592594,6677.6,6655.5,9,0,36.3,1,Medium,15,0.637,0.181,0.109,0.073,2026-04-25 17:11:05,3,4,6,1,,
68646801,2026-04-12 23:06:40,2026-04-12 23:06:40,Closed,Pothole,QUEENS,nan,40.71818218795277,-73.78032496285253,12.753072856666668,4959.1547619047615,4660.0,1,0,18.799999237060547,0,Low,30,0.874,0.126,0.0,0.0,2026-04-25 17:11:05,2,4,6,1,2026-04-12 23:06:40,0.0
68642153,2026-04-12 22:56:25,2026-04-12 22:56:25,Closed,Pothole,BRONX,nan,40.85931342005406,-73.89207504711318,12.760190912222223,6677.6,6655.5,28,1,29.399999618530273,1,Medium,14,0.0,1.0,0.0,0.0,2026-04-25 17:11:05,3,4,6,1,2026-04-12 22:56:25,0.0
68640947,2026-04-12 22:36:53,2026-04-12 22:36:53,Closed,Pothole,BRONX,nan,40.854582378348454,-73.91619006517614,12.773755727037038,6677.6,6655.5,21,1,33.79999923706055,1,Medium,14,0.0,1.0,0.0,0.0,2026-04-25 17:11:05,3,4,6,1,2026-04-12 22:36:53,0.0
68639104,2026-04-12 22:26:44,2026-04-12 23:45:00,Closed,Pothole,QUEENS,nan,40.73011739434729,-73.86231192688876,12.78080433814815,4959.1547619047615,4660.0,19,0,29.5,1,Medium,14,0.0,1.0,0.0,0.0,2026-04-25 17:11:05,2,4,6,1,2026-04-12 23:45:00,0.0
68645005,2026-04-12 22:20:45,,Open,Pothole,MANHATTAN,WEST   35 STREET,40.75580000013446,-73.99996029579586,12.784959430740741,16591.571428571428,6876.0,37,1,64.2,2,High,8,0.358,0.321,0.193,0.128,2026-04-25 17:11:05,0,4,6,1,,
68647232,2026-04-12 21:40:02,,Open,Pothole,BRONX,nan,40.911324184299175,-73.90656718994754,12.813234893703704,6677.6,6655.5,0,0,12.3,0,Low,15,0.877,0.061,0.037,0.025,2026-04-25 17:11:05,3,4,6,0,,
68639111,2026-04-12 21:38:26,2026-04-23 10:40:00,Closed,Pothole,BROOKLYN,nan,40.64258387667548,-73.99859469400046,12.814346004814816,5664.555555555556,6673.0,18,0,28.399999618530273,1,Medium,14,0.001,0.999,0.0,0.0,2026-04-25 17:11:05,1,4,6,1,2026-04-23 10:40:00,10.0
68647233,2026-04-12 21:37:34,,Open,Pothole,BRONX,nan,40.903549941896955,-73.85482615644081,12.814947856666668,6677.6,6655.5,7,1,31.0,1,Medium,15,0.69,0.155,0.093,0.062,2026-04-25 17:11:05,3,4,6,1,,
68647236,2026-04-12 21:34:45,2026-04-18 12:10:00,Closed,Pothole,STATEN ISLAND,nan,40.57519340684877,-74.1007667923593,12.816903875185186,23788.714285714286,2762.0,0,0,27.5,1,Medium,14,0.012,0.988,0.0,0.0,2026-04-25 17:11:05,4,4,6,0,2026-04-18 12:10:00,5.0
68640286,2026-04-12 21:13:45,,Open,Pothole,MANHATTAN,nan,40.76561398604396,-73.96069065452585,12.831487208518519,16591.571428571428,6876.0,24,1,64.2,2,High,8,0.358,0.321,0.193,0.128,2026-04-25 17:11:05,0,4,6,1,,
68644532,2026-04-12 20:36:33,2026-04-12 20:36:33,Closed,Pothole,MANHATTAN,nan,40.768023997074046,-73.97028136310426,12.857320541851854,16591.571428571428,6876.0,10,0,41.900001525878906,1,Medium,14,0.0,1.0,0.0,0.0,2026-04-25 17:11:05,0,4,6,1,2026-04-12 20:36:33,0.0
68642159,2026-04-12 20:12:32,2026-04-12 20:12:32,Closed,Pothole,QUEENS,nan,40.7599300035456,-73.89845559346726,12.873998782592594,4959.1547619047615,4660.0,8,0,29.399999618530273,1,Medium,14,0.011,0.989,0.0,0.0,2026-04-25 17:11:05,2,4,6,1,2026-04-12 20:12:32,0.0
68640960,2026-04-12 19:51:33,2026-04-12 19:51:33,Closed,Pothole,MANHATTAN,nan,40.82264393376656,-73.95321759407697,12.888570541851854,16591.571428571428,6876.0,16,1,43.0,1,Medium,14,0.0,1.0,0.0,0.0,2026-04-25 17:11:05,0,4,6,1,2026-04-12 19:51:33,0.0
68644536,2026-04-12 19:43:19,2026-04-12 19:43:19,Closed,Pothole,BROOKLYN,nan,40.5988707652351,-73.97693566102312,12.894288134444446,5664.555555555556,6673.0,3,0,23.5,0,Low,30,0.527,0.473,0.0,0.0,2026-04-25 17:11:05,1,4,6,1,2026-04-12 19:43:19,0.0
68643814,2026-04-12 19:42:00,,Open,Pothole,BROOKLYN,nan,40.5988707652351,-73.97693566102312,12.895202486296297,5664.555555555556,6673.0,3,0,19.1,0,Low,15,0.809,0.095,0.057,0.038,2026-04-25 17:11:05,1,4,6,1,,
68643815,2026-04-12 19:37:50,,Open,Pothole,BROOKLYN,nan,40.60786630894426,-73.98162527513117,12.898096004814816,5664.555555555556,6673.0,11,1,40.4,1,Medium,15,0.596,0.202,0.121,0.081,2026-04-25 17:11:05,1,4,6,1,,
68646131,2026-04-12 19:30:42,2026-04-18 19:15:00,Closed,Pothole,BROOKLYN,nan,40.602895218797755,-73.94039282196016,12.90304970851852,5664.555555555556,6673.0,1,0,20.700000762939453,0,Low,30,0.992,0.008,0.0,0.0,2026-04-25 17:11:05,1,4,6,1,2026-04-18 19:15:00,5.0
68644519,2026-04-12 19:18:14,2026-04-12 19:18:14,Closed,Pothole,STATEN ISLAND,nan,40.596055938893045,-74.08828895816184,12.911707115925926,23788.714285714286,2762.0,1,0,28.899999618530273,1,Medium,14,0.009,0.991,0.0,0.0,2026-04-25 17:11:05,4,4,6,1,2026-04-12 19:18:14,0.0
68640275,2026-04-12 19:13:44,,Open,Pothole,STATEN ISLAND,nan,40.6070730741089,-74.09239835827645,12.914832115925927,23788.714285714286,2762.0,1,1,35.5,1,Medium,15,0.645,0.178,0.107,0.071,2026-04-25 17:11:05,4,4,6,1,,
68644516,2026-04-12 19:03:34,2026-04-12 19:03:34,Closed,Pothole,BRONX,RIVERDALE AVENUE,40.88660870773108,-73.90703591556115,12.921892301111113,6677.6,11569.0,15,1,33.20000076293945,1,Medium,14,0.0,1.0,0.0,0.0,2026-04-25 17:11:05,3,4,6,1,2026-04-12 19:03:34,0.0
68641456,2026-04-12 18:51:39,2026-04-12 23:21:00,Closed,Pothole,QUEENS,nan,40.75497515811921,-73.93105630084379,12.930167764074076,4959.1547619047615,4660.0,6,0,26.600000381469727,1,Medium,14,0.143,0.857,0.0,0.0,2026-04-25 17:11:05,2,4,6,1,2026-04-12 23:21:00,0.0
68643300,2026-04-12 18:39:24,2026-04-12 18:39:24,Closed,Pothole,QUEENS,nan,40.7599300035456,-73.89845559346726,12.93867470851852,4959.1547619047615,4660.0,8,0,29.399999618530273,1,Medium,14,0.011,0.989,0.0,0.0,2026-04-25 17:11:05,2,4,6,1,2026-04-12 18:39:24,0.0
68643308,2026-04-12 18:38:39,2026-04-12 18:38:39,Closed,Pothole,MANHATTAN,nan,40.77809623035551,-73.97829258153799,12.939195541851854,16591.571428571428,6876.0,10,0,42.099998474121094,1,Medium,14,0.0,1.0,0.0,0.0,2026-04-25 17:11:05,0,4,6,1,2026-04-12 18:38:39,0.0
68640961,2026-04-12 18:20:15,2026-04-12 18:20:15,Closed,Pothole,MANHATTAN,nan,40.77102399632221,-73.95364737877979,12.95197331962963,16591.571428571428,6876.0,14,0,41.79999923706055,1,Medium,14,0.0,1.0,0.0,0.0,2026-04-25 17:11:05,0,4,6,1,2026-04-12 18:20:15,0.0
68643301,2026-04-12 18:19:48,2026-04-12 18:19:48,Closed,Pothole,QUEENS,nan,40.67297537964296,-73.73222447990973,12.952285819629632,4959.1547619047615,4660.0,12,1,31.399999618530273,1,Medium,14,0.013,0.987,0.0,0.0,2026-04-25 17:11:05,2,4,6,1,2026-04-12 18:19:48,0.0
68647238,2026-04-12 18:18:32,2026-04-12 20:17:00,Closed,Pothole,QUEENS,nan,40.736611764000976,-73.8514876250466,12.953165449259261,4959.1547619047615,4660.0,43,1,30.299999237060547,1,Medium,14,0.0,1.0,0.0,0.0,2026-04-25 17:11:05,2,4,6,1,2026-04-12 20:17:00,0.0
68646124,2026-04-12 18:02:39,2026-04-18 10:37:00,Closed,Pothole,QUEENS,nan,40.722289717622814,-73.8673102806824,12.964195541851852,4959.1547619047615,4660.0,8,0,27.600000381469727,1,Medium,14,0.002,0.998,0.0,0.0,2026-04-25 17:11:05,2,4,6,1,2026-04-18 10:37:00,5.0
68639106,2026-04-12 18:01:05,2026-04-18 10:39:00,Closed,Pothole,QUEENS,nan,40.72957489112354,-73.86082652828729,12.965283504814815,4959.1547619047615,4660.0,21,0,30.799999237060547,1,Medium,14,0.0,1.0,0.0,0.0,2026-04-25 17:11:05,2,4,6,1,2026-04-18 10:39:00,5.0
68640954,2026-04-12 17:58:56,2026-04-12 17:58:56,Closed,Pothole,QUEENS,nan,40.72792341486303,-73.87100083747289,12.966776560370372,4959.1547619047615,4660.0,7,0,25.399999618530273,1,Medium,14,0.441,0.559,0.0,0.0,2026-04-25 17:11:05,2,4,6,1,2026-04-12 17:58:56,0.0
68647239,2026-04-12 17:57:12,2026-04-13 20:05:00,Closed,Pothole,QUEENS,nan,40.71060222440439,-73.82772113031032,12.967980264074075,4959.1547619047615,4660.0,5,1,24.600000381469727,1,Medium,14,0.227,0.773,0.0,0.0,2026-04-25 17:11:05,2,4,6,1,2026-04-13 20:05:00,1.0
68643302,2026-04-12 17:53:33,2026-04-12 17:53:33,Closed,Pothole,QUEENS,nan,40.726570171449424,-73.852639274396,12.970514986296298,4959.1547619047615,4660.0,9,0,28.200000762939453,1,Medium,14,0.003,0.997,0.0,0.0,2026-04-25 17:11:05,2,4,6,1,2026-04-12 17:53:33,0.0
68643799,2026-04-12 17:48:37,,Open,Pothole,BRONX,nan,40.83589717261666,-73.85585916698197,12.973940912222224,6677.6,6655.5,10,0,39.0,1,Medium,15,0.61,0.195,0.117,0.078,2026-04-25 17:11:05,3,4,6,1,,
68645011,2026-04-12 17:47:47,2026-04-23 09:58:00,Closed,Pothole,BROOKLYN,nan,40.63047853362767,-73.98609359679054,12.974519615925928,5664.555555555556,6673.0,11,0,28.700000762939453,1,Medium,14,0.001,0.999,0.0,0.0,2026-04-25 17:11:05,1,4,6,1,2026-04-23 09:58:00,10.0
68642600,2026-04-12 17:44:46,,Pending,Pothole,QUEENS,nan,40.696120836693545,-73.74618150170096,12.976614523333335,4959.1547619047615,4660.0,15,1,31.799999237060547,1,Medium,14,0.0,1.0,0.0,0.0,2026-04-25 17:11:05,2,4,6,1,,
68646807,2026-04-12 17:41:32,2026-04-12 17:41:32,Closed,Pothole,MANHATTAN,nan,40.775640458711536,-73.96051142948765,12.978859893703705,16591.571428571428,6876.0,18,1,41.599998474121094,1,Medium,14,0.0,1.0,0.0,0.0,2026-04-25 17:11:05,0,4,6,1,2026-04-12 17:41:32,0.0
68639109,2026-04-12 17:40:28,,Open,Pothole,MANHATTAN,nan,40.775640458711536,-73.96051142948765,12.979600634444445,16591.571428571428,6876.0,18,1,64.2,2,High,8,0.358,0.321,0.193,0.128,2026-04-25 17:11:05,0,4,6,1,,
68645677,2026-04-12 17:25:55,2026-04-12 17:25:55,Closed,Pothole,QUEENS,nan,40.74256703423045,-73.70334523891631,12.989704801111113,4959.1547619047615,4660.0,2,0,19.799999237060547,0,Low,30,0.992,0.008,0.0,0.0,2026-04-25 17:11:05,2,4,6,1,2026-04-12 17:25:55,0.0
68640957,2026-04-12 17:01:16,2026-04-12 17:01:16,Closed,Pothole,QUEENS,nan,40.73177902884212,-73.77010866842208,13.006822856666668,4959.1547619047615,4660.0,5,1,25.100000381469727,1,Medium,14,0.24,0.76,0.0,0.0,2026-04-25 17:11:05,2,4,6,1,2026-04-12 17:01:16,0.0
68642167,2026-04-12 16:45:04,2026-04-12 16:45:04,Closed,Pothole,BROOKLYN,nan,40.65290115850118,-73.8667202982866,13.018072856666668,5664.555555555556,6673.0,45,1,29.799999237060547,1,Medium,14,0.0,1.0,0.0,0.0,2026-04-25 17:11:05,1,4,6,1,2026-04-12 16:45:04,0.0
68646125,2026-04-12 16:29:26,,Pending,Pothole,QUEENS,nan,40.7599300035456,-73.89845559346726,13.02892933814815,4959.1547619047615,4660.0,8,0,29.399999618530273,1,Medium,14,0.012,0.988,0.0,0.0,2026-04-25 17:11:05,2,4,6,1,,
68640283,2026-04-12 16:29:13,2026-04-13 02:54:00,Closed,Pothole,QUEENS,nan,40.7246918900282,-73.75409283063345,13.029079801111113,4959.1547619047615,4660.0,10,1,32.70000076293945,1,Medium,14,0.0,1.0,0.0,0.0,2026-04-25 17:11:05,2,4,6,1,2026-04-13 02:54:00,0.0
68645000,2026-04-12 16:26:54,,Pending,Pothole,QUEENS,nan,40.76196800333389,-73.89693997607289,13.030688597407408,4959.1547619047615,4660.0,4,0,23.200000762939453,0,Low,30,0.717,0.282,0.0,0.0,2026-04-25 17:11:05,2,4,6,1,,
68653921,2026-04-12 16:25:22,2026-04-13 15:00:00,Closed,Pothole,BROOKLYN,nan,40.69014428921757,-73.98406905004947,13.031753412222223,5664.555555555556,6673.0,25,1,32.70000076293945,1,Medium,14,0.001,0.999,0.0,0.0,2026-04-25 17:11:05,1,4,6,1,2026-04-13 15:00:00,0.0
68656957,2026-04-12 16:25:05,2026-04-13 14:30:00,Closed,Pothole,BROOKLYN,nan,40.690561632815246,-73.98510385556358,13.031950171481483,5664.555555555556,6673.0,22,1,32.79999923706055,1,Medium,14,0.001,0.999,0.0,0.0,2026-04-25 17:11:05,1,4,6,1,2026-04-13 14:30:00,0.0
68656958,2026-04-12 16:24:44,2026-04-13 14:10:00,Closed,Pothole,BROOKLYN,nan,40.69110252034191,-73.98646318571856,13.032193227037038,5664.555555555556,6673.0,22,1,31.799999237060547,1,Medium,14,0.016,0.984,0.0,0.0,2026-04-25 17:11:05,1,4,6,1,2026-04-13 14:10:00,0.0
68656959,2026-04-12 16:24:13,2026-04-13 13:35:00,Closed,Pothole,BROOKLYN,nan,40.69145669611528,-73.98734658135137,13.032552023333334,5664.555555555556,6673.0,36,1,30.200000762939453,1,Medium,14,0.002,0.998,0.0,0.0,2026-04-25 17:11:05,1,4,6,1,2026-04-13 13:35:00,0.0
68658502,2026-04-12 16:23:50,2026-04-13 13:15:00,Closed,Pothole,BROOKLYN,nan,40.6918053733385,-73.98820835128572,13.032818227037039,5664.555555555556,6673.0,34,1,29.299999237060547,1,Medium,14,0.002,0.998,0.0,0.0,2026-04-25 17:11:05,1,4,6,1,2026-04-13 13:15:00,0.0
68650961,2026-04-12 16:23:14,2026-04-13 12:32:00,Closed,Pothole,BROOKLYN,nan,40.70048474132848,-73.99336047356454,13.033234893703705,5664.555555555556,6673.0,33,1,32.20000076293945,1,Medium,14,0.002,0.998,0.0,0.0,2026-04-25 17:11:05,1,4,6,1,2026-04-13 12:32:00,0.0
68649472,2026-04-12 16:22:44,2026-04-13 12:50:00,Closed,Pothole,BROOKLYN,nan,40.6937214302458,-73.99045462046223,13.033582115925928,5664.555555555556,6673.0,23,1,31.200000762939453,1,Medium,14,0.01,0.99,0.0,0.0,2026-04-25 17:11:05,1,4,6,1,2026-04-13 12:50:00,0.0
68647248,2026-04-12 16:21:37,2026-04-15 14:32:00,Closed,Pothole,BROOKLYN,nan,40.624164384774794,-73.91775103468464,13.03435757888889,5664.555555555556,6673.0,4,0,23.700000762939453,1,Medium,14,0.216,0.784,0.0,0.0,2026-04-25 17:11:05,1,4,6,1,2026-04-15 14:32:00,2.0
68649473,2026-04-12 16:20:55,2026-04-13 11:00:00,Closed,Pothole,BROOKLYN,nan,40.70206019145194,-73.99261375801929,13.03484369,5664.555555555556,6673.0,37,1,32.79999923706055,1,Medium,14,0.002,0.998,0.0,0.0,2026-04-25 17:11:05,1,4,6,1,2026-04-13 11:00:00,0.0
68650962,2026-04-12 16:19:19,2026-04-13 09:20:00,Closed,Pothole,BROOKLYN,nan,40.70243077673197,-73.99329896782932,13.035954801111112,5664.555555555556,6673.0,34,1,29.799999237060547,1,Medium,14,0.002,0.998,0.0,0.0,2026-04-25 17:11:05,1,4,6,1,2026-04-13 09:20:00,0.0
68639801,2026-04-12 15:56:29,2026-04-12 15:56:29,Closed,Pothole,MANHATTAN,nan,40.79084201128931,-73.97456510009495,13.051811282592594,16591.571428571428,6876.0,15,1,42.20000076293945,1,Medium,14,0.0,1.0,0.0,0.0,2026-04-25 17:11:05,0,4,6,1,2026-04-12 15:56:29,0.0
68643309,2026-04-12 15:36:11,2026-04-12 15:36:11,Closed,Pothole,MANHATTAN,nan,40.7713904523201,-73.95043032980328,13.065908504814816,16591.571428571428,6876.0,4,0,33.900001525878906,1,Medium,14,0.001,0.998,0.0,0.0,2026-04-25 17:11:05,0,4,6,1,2026-04-12 15:36:11,0.0
68647242,2026-04-12 15:27:49,2026-04-13 03:00:00,Closed,Pothole,QUEENS,nan,40.70279438166465,-73.83213055212143,13.07171869,4959.1547619047615,4660.0,2,0,22.100000381469727,0,Low,30,0.993,0.007,0.0,0.0,2026-04-25 17:11:05,2,4,6,1,2026-04-13 03:00:00,0.0
68649474,2026-04-12 15:25:59,2026-04-13 11:46:00,Closed,Pothole,BROOKLYN,PINE STREET,40.67170398456498,-73.87005333028854,13.07299183814815,5664.555555555556,6673.0,9,0,29.399999618530273,1,Medium,14,0.004,0.996,0.0,0.0,2026-04-25 17:11:05,1,4,6,1,2026-04-13 11:46:00,0.0
68658503,2026-04-12 15:24:19,2026-04-13 11:22:00,Closed,Pothole,BROOKLYN,LINDEN BOULEVARD,40.65233298505888,-73.95550655400287,13.074149245555557,5880.8,43214.0,16,1,37.70000076293945,1,Medium,14,0.0,1.0,0.0,0.0,2026-04-25 17:11:05,1,4,6,1,2026-04-13 11:22:00,0.0
68642598,2026-04-12 15:22:01,,Open,Pothole,BRONX,nan,40.819058076902294,-73.92921958719643,13.07574646777778,6677.6,6655.5,42,1,52.4,2,High,15,0.476,0.262,0.157,0.105,2026-04-25 17:11:05,3,4,6,1,,
68639798,2026-04-12 15:03:06,2026-04-12 15:03:06,Closed,Pothole,QUEENS,nan,40.7515860835717,-73.74570669268,13.088883041851853,4959.1547619047615,4660.0,4,1,24.0,1,Medium,14,0.225,0.775,0.0,0.0,2026-04-25 17:11:05,2,4,6,1,2026-04-12 15:03:06,0.0
68639098,2026-04-12 15:00:43,2026-04-21 12:10:00,Closed,Pothole,BRONX,nan,40.81828808607556,-73.81097489556502,13.090538134444445,6677.6,6655.5,5,0,26.700000762939453,1,Medium,14,0.085,0.915,0.0,0.0,2026-04-25 17:11:05,3,4,6,1,2026-04-21 12:10:00,8.0
68640276,2026-04-12 14:56:14,2026-04-18 10:20:00,Closed,Pothole,STATEN ISLAND,nan,40.55990671872006,-74.10173702979904,13.093651560370372,23788.714285714286,2762.0,1,0,30.0,1,Medium,14,0.012,0.988,0.0,0.0,2026-04-25 17:11:05,4,4,6,1,2026-04-18 10:20:00,5.0
68658504,2026-04-12 14:43:07,2026-04-13 09:15:00,Closed,Pothole,BROOKLYN,nan,40.71323746441695,-73.92947985315024,13.102760356666668,5664.555555555556,6673.0,9,0,30.100000381469727,1,Medium,14,0.002,0.998,0.0,0.0,2026-04-25 17:11:05,1,4,6,1,2026-04-13 09:15:00,0.0
68646121,2026-04-12 14:36:41,,Open,Pothole,STATEN ISLAND,nan,40.53553460000128,-74.17886805907325,13.107227949259261,23788.714285714286,2762.0,1,0,35.6,1,Medium,15,0.644,0.178,0.107,0.071,2026-04-25 17:11:05,4,4,6,1,,
68646796,2026-04-12 14:34:47,2026-04-12 14:34:47,Closed,Pothole,STATEN ISLAND,nan,40.534095480441856,-74.18629665794039,13.108547393703706,23788.714285714286,2762.0,0,0,28.700000762939453,1,Medium,14,0.008,0.992,0.0,0.0,2026-04-25 17:11:05,4,4,6,0,2026-04-12 14:34:47,0.0
68646127,2026-04-12 14:15:48,2026-04-13 05:21:00,Closed,Pothole,QUEENS,nan,40.73177902884212,-73.77010866842208,13.121730264074076,4959.1547619047615,4660.0,5,1,25.100000381469727,0,Low,30,0.67,0.33,0.0,0.0,2026-04-25 17:11:05,2,4,6,1,2026-04-13 05:21:00,0.0
68645684,2026-04-12 13:43:47,2026-04-12 13:43:47,Closed,Pothole,MANHATTAN,nan,40.74702220490454,-74.00465199781137,13.143964060370372,16591.571428571428,6876.0,12,0,40.29999923706055,1,Medium,14,0.0,1.0,0.0,0.0,2026-04-25 17:11:05,0,4,6,1,2026-04-12 13:43:47,0.0
68643303,2026-04-12 13:38:47,2026-04-12 13:38:47,Closed,Pothole,QUEENS,nan,40.734300926235,-73.75519759871486,13.147436282592594,4959.1547619047615,4660.0,4,0,25.700000762939453,0,Low,30,0.772,0.228,0.0,0.0,2026-04-25 17:11:05,2,4,6,1,2026-04-12 13:38:47,0.0
68643817,2026-04-12 13:24:34,2026-04-14 14:35:00,Closed,Pothole,BROOKLYN,nan,40.657517956864154,-74.00819584933578,13.157308967777778,5664.555555555556,6673.0,3,0,24.600000381469727,0,Low,30,0.931,0.069,0.0,0.0,2026-04-25 17:11:05,1,4,6,1,2026-04-14 14:35:00,2.0
68639101,2026-04-12 13:21:03,,Open,Pothole,STATEN ISLAND,nan,40.57242260164918,-74.14110656256885,13.159751097407408,23788.714285714286,2762.0,0,1,32.9,1,Medium,15,0.671,0.165,0.099,0.066,2026-04-25 17:11:05,4,4,6,0,,
68640288,2026-04-12 13:14:32,,Open,Pothole,MANHATTAN,nan,40.762963091945046,-73.97186835046374,13.164276560370372,16591.571428571428,6876.0,40,0,64.3,2,High,8,0.357,0.321,0.193,0.129,2026-04-25 17:11:05,0,4,6,1,,
68643808,2026-04-12 13:00:22,2026-04-18 10:45:00,Closed,Pothole,QUEENS,nan,40.71827799347932,-73.8635701318199,13.174114523333335,4959.1547619047615,4660.0,3,0,20.700000762939453,0,Low,30,0.953,0.047,0.0,0.0,2026-04-25 17:11:05,2,4,6,1,2026-04-18 10:45:00,5.0
68645002,2026-04-12 12:51:00,2026-04-12 23:12:00,Closed,Pothole,QUEENS,nan,40.745945999814005,-73.95551260426583,13.180619152962965,4959.1547619047615,4660.0,9,1,29.0,1,Medium,14,0.007,0.993,0.0,0.0,2026-04-25 17:11:05,2,4,6,1,2026-04-12 23:12:00,0.0
68642155,2026-04-12 12:18:48,2026-04-12 12:18:48,Closed,Pothole,BRONX,nan,40.87648397598507,-73.88064945711628,13.202980264074075,6677.6,6655.5,14,1,32.900001525878906,1,Medium,14,0.0,1.0,0.0,0.0,2026-04-25 17:11:05,3,4,6,1,2026-04-12 12:18:48,0.0
68643809,2026-04-12 12:14:08,,Pending,Pothole,QUEENS,nan,40.73508059707355,-73.77689182464756,13.206221004814816,4959.1547619047615,4660.0,3,0,23.200000762939453,0,Low,30,0.915,0.085,0.0,0.0,2026-04-25 17:11:05,2,4,6,1,,
68645014,2026-04-12 12:05:09,2026-04-16 15:20:00,Closed,Pothole,BROOKLYN,nan,40.62810109707451,-74.01722387188936,13.212459430740742,5664.555555555556,6673.0,11,1,32.29999923706055,1,Medium,14,0.024,0.976,0.0,0.0,2026-04-25 17:11:05,1,4,6,1,2026-04-16 15:20:00,4.0
68644521,2026-04-12 11:18:32,2026-04-12 11:18:32,Closed,Pothole,STATEN ISLAND,nan,40.58993700346024,-74.14566941588764,13.244832115925927,23788.714285714286,2762.0,6,0,40.400001525878906,1,Medium,14,0.001,0.999,0.0,0.0,2026-04-25 17:11:05,4,4,6,1,2026-04-12 11:18:32,0.0
68643304,2026-04-12 11:18:27,2026-04-12 11:18:27,Closed,Pothole,QUEENS,nan,40.74478208021145,-73.93260783965736,13.244889986296297,4959.1547619047615,4660.0,17,0,30.399999618530273,1,Medium,14,0.0,1.0,0.0,0.0,2026-04-25 17:11:05,2,4,6,1,2026-04-12 11:18:27,0.0
68642603,2026-04-12 11:18:27,2026-04-12 20:45:00,Closed,Pothole,QUEENS,nan,40.74478208021145,-73.93260783965736,13.244889986296297,4959.1547619047615,4660.0,17,0,30.399999618530273,1,Medium,14,0.0,1.0,0.0,0.0,2026-04-25 17:11:05,2,4,6,1,2026-04-12 20:45:00,0.0
68643803,2026-04-12 11:16:56,,Open,Pothole,STATEN ISLAND,nan,40.597551715175385,-74.14075996526178,13.245943227037039,23788.714285714286,2762.0,1,1,35.6,1,Medium,15,0.644,0.178,0.107,0.071,2026-04-25 17:11:05,4,4,6,1,,
68647246,2026-04-12 11:13:48,,Open,Pothole,MANHATTAN,nan,40.799285633381594,-73.94536021697608,13.248119152962964,16591.571428571428,6876.0,28,1,64.3,2,High,8,0.357,0.322,0.193,0.129,2026-04-25 17:11:05,0,4,6,1,,
68640284,2026-04-12 11:01:30,2026-04-12 20:15:00,Closed,Pothole,QUEENS,nan,40.77597689723576,-73.82777946503842,13.25666081962963,4959.1547619047615,4660.0,8,0,27.399999618530273,1,Medium,14,0.032,0.967,0.0,0.0,2026-04-25 17:11:05,2,4,6,1,2026-04-12 20:15:00,0.0
68641454,2026-04-12 10:45:01,,Open,Pothole,STATEN ISLAND,nan,40.6055936558937,-74.13177352900222,13.26810757888889,23788.714285714286,2762.0,2,1,38.3,1,Medium,15,0.617,0.192,0.115,0.077,2026-04-25 17:11:05,4,4,6,1,,
68644994,2026-04-12 10:43:57,,Open,Pothole,STATEN ISLAND,nan,40.603768599589216,-74.13156825644174,13.268848319629631,23788.714285714286,2762.0,1,1,35.6,1,Medium,15,0.644,0.178,0.107,0.071,2026-04-25 17:11:05,4,4,6,1,,
68640292,2026-04-12 10:42:24,2026-04-18 12:40:00,Closed,Pothole,BROOKLYN,nan,40.65380558417177,-73.93060584269861,13.26992470851852,5664.555555555556,6673.0,18,0,32.400001525878906,1,Medium,14,0.0,1.0,0.0,0.0,2026-04-25 17:11:05,1,4,6,1,2026-04-18 12:40:00,6.0
68644527,2026-04-12 10:38:00,2026-04-12 10:38:00,Closed,Pothole,QUEENS,nan,40.73635569678721,-73.84876022643942,13.272980264074075,4959.1547619047615,4660.0,4,1,23.100000381469727,0,Low,30,0.805,0.194,0.0,0.0,2026-04-25 17:11:05,2,4,6,1,2026-04-12 10:38:00,0.0
68638655,2026-04-12 10:31:05,2026-04-12 10:31:05,Closed,Pothole,QUEENS,nan,40.76935266656995,-73.83257651909997,13.277783504814815,4959.1547619047615,4660.0,12,1,30.5,1,Medium,14,0.004,0.996,0.0,0.0,2026-04-25 17:11:05,2,4,6,1,2026-04-12 10:31:05,0.0
68646808,2026-04-12 10:27:17,2026-04-12 10:27:17,Closed,Pothole,MANHATTAN,nan,40.86795092389553,-73.92700182445367,13.280422393703706,16591.571428571428,6876.0,7,1,35.70000076293945,1,Medium,14,0.001,0.998,0.0,0.0,2026-04-25 17:11:05,0,4,6,1,2026-04-12 10:27:17,0.0
68642164,2026-04-12 10:25:37,2026-04-12 10:25:37,Closed,Pothole,MANHATTAN,nan,40.86795092389553,-73.92700182445367,13.281579801111112,16591.571428571428,6876.0,7,1,35.70000076293945,1,Medium,14,0.001,0.998,0.0,0.0,2026-04-25 17:11:05,0,4,6,1,2026-04-12 10:25:37,0.0
68641455,2026-04-12 10:22:48,,Open,Pothole,STATEN ISLAND,AMBOY ROAD,40.54681209051057,-74.15900025062514,13.28353581962963,23788.714285714286,17542.0,6,1,49.0,1,Medium,15,0.51,0.245,0.147,0.098,2026-04-25 17:11:05,4,4,6,1,,
68642607,2026-04-12 09:41:59,,Open,Pothole,QUEENS,nan,40.72016456114445,-73.84478898171724,13.311880727037039,4959.1547619047615,4660.0,28,1,50.4,2,High,15,0.496,0.252,0.151,0.101,2026-04-25 17:11:05,2,4,6,1,,
68641470,2026-04-12 09:23:28,2026-04-23 09:30:00,Closed,Pothole,BROOKLYN,nan,40.6332903676771,-73.9764337780509,13.324739523333335,5664.555555555556,6673.0,5,0,26.0,0,Low,30,0.873,0.127,0.0,0.0,2026-04-25 17:11:05,1,4,6,1,2026-04-23 09:30:00,11.0
68642611,2026-04-12 09:13:53,2026-04-18 16:50:00,Closed,Pothole,BROOKLYN,nan,40.65678326902591,-73.91377872659088,13.331394615925927,5664.555555555556,6673.0,18,0,32.400001525878906,1,Medium,14,0.0,1.0,0.0,0.0,2026-04-25 17:11:05,1,4,6,1,2026-04-18 16:50:00,6.0
68641464,2026-04-12 09:07:42,2026-04-18 14:10:00,Closed,Pothole,MANHATTAN,nan,40.7082242712472,-74.01438069826862,13.335688597407408,16591.571428571428,6876.0,16,1,41.79999923706055,1,Medium,14,0.0,1.0,0.0,0.0,2026-04-25 17:11:05,0,4,6,1,2026-04-18 14:10:00,6.0
68642161,2026-04-12 08:50:58,2026-04-12 08:50:58,Closed,Pothole,QUEENS,nan,40.74193295150507,-73.79695147470842,13.34730896777778,4959.1547619047615,4660.0,2,1,20.299999237060547,0,Low,30,0.994,0.006,0.0,0.0,2026-04-25 17:11:05,2,4,6,1,2026-04-12 08:50:58,0.0
68640952,2026-04-12 08:40:40,2026-04-12 08:40:40,Closed,Pothole,STATEN ISLAND,nan,40.554856649342554,-74.13352315426452,13.354461745555557,23788.714285714286,2762.0,2,1,30.600000381469727,1,Medium,14,0.001,0.999,0.0,0.0,2026-04-25 17:11:05,4,4,6,1,2026-04-12 08:40:40,0.0
68642162,2026-04-12 08:17:38,2026-04-12 08:17:38,Closed,Pothole,QUEENS,nan,40.728370959098946,-73.87113346680071,13.370457115925927,4959.1547619047615,4660.0,10,0,30.5,1,Medium,14,0.0,1.0,0.0,0.0,2026-04-25 17:11:05,2,4,6,1,2026-04-12 08:17:38,0.0
68647235,2026-04-12 08:13:50,,Open,Pothole,BRONX,nan,40.85899327013792,-73.90572247843104,13.373096004814816,6677.6,6655.5,23,1,52.5,2,High,15,0.475,0.262,0.157,0.105,2026-04-25 17:11:05,3,4,6,1,,
68641465,2026-04-12 07:53:27,,Open,Pothole,MANHATTAN,nan,40.80297085227577,-73.96386162910126,13.38725109740741,16591.571428571428,6876.0,16,0,64.4,2,High,8,0.356,0.322,0.193,0.129,2026-04-25 17:11:05,0,4,6,1,,
68644531,2026-04-12 07:40:18,2026-04-12 07:40:18,Closed,Pothole,QUEENS,nan,40.751972940965125,-73.93195811544349,13.396383041851854,4959.1547619047615,4660.0,17,0,31.600000381469727,1,Medium,14,0.0,1.0,0.0,0.0,2026-04-25 17:11:05,2,4,6,1,2026-04-12 07:40:18,0.0
68643310,2026-04-12 07:37:05,2026-04-12 07:37:05,Closed,Pothole,MANHATTAN,nan,40.76123442230889,-73.9638842741059,13.398616838148149,16591.571428571428,6876.0,49,1,42.70000076293945,1,Medium,14,0.0,1.0,0.0,0.0,2026-04-25 17:11:05,0,4,6,1,2026-04-12 07:37:05,0.0
68644534,2026-04-12 07:36:12,2026-04-12 07:36:12,Closed,Pothole,MANHATTAN,nan,40.76123442230889,-73.9638842741059,13.399230264074076,16591.571428571428,6876.0,49,1,42.70000076293945,1,Medium,14,0.0,1.0,0.0,0.0,2026-04-25 17:11:05,0,4,6,1,2026-04-12 07:36:12,0.0
68656969,2026-04-12 07:00:00,2026-04-13 08:25:00,Closed,Pothole,STATEN ISLAND,ARLENE STREET,40.61352557008587,-74.16418364390017,13.424369152962964,23788.714285714286,2762.0,2,0,29.700000762939453,1,Medium,14,0.001,0.999,0.0,0.0,2026-04-25 17:11:05,4,4,6,1,2026-04-13 08:25:00,1.0
68643818,2026-04-12 06:29:23,,Open,Pothole,BROOKLYN,nan,40.65878633711774,-73.9997585169985,13.445630727037038,5664.555555555556,6673.0,15,0,51.3,2,High,15,0.487,0.256,0.154,0.103,2026-04-25 17:11:05,1,4,6,1,,
68646805,2026-04-12 04:31:38,2026-04-12 04:31:38,Closed,Pothole,QUEENS,nan,40.74603472114661,-73.93440021822178,13.527401560370372,4959.1547619047615,4660.0,20,0,30.600000381469727,1,Medium,14,0.0,1.0,0.0,0.0,2026-04-25 17:11:05,2,4,6,1,2026-04-12 04:31:38,0.0
68640285,2026-04-12 03:51:01,2026-04-12 19:54:00,Closed,Pothole,QUEENS,nan,40.71779364576859,-73.90965949431525,13.55560757888889,4959.1547619047615,4660.0,4,0,24.100000381469727,1,Medium,14,0.308,0.692,0.0,0.0,2026-04-25 17:11:05,2,4,6,1,2026-04-12 19:54:00,0.0
68646806,2026-04-12 03:46:11,2026-04-12 03:46:11,Closed,Pothole,QUEENS,nan,40.73911404167521,-73.88974013991411,13.558964060370371,4959.1547619047615,4660.0,12,1,30.100000381469727,1,Medium,14,0.006,0.994,0.0,0.0,2026-04-25 17:11:05,2,4,6,1,2026-04-12 03:46:11,0.0
68656964,2026-04-12 01:22:37,2026-04-13 23:33:00,Closed,Pothole,BRONX,nan,40.813303113946255,-73.93039618778353,13.658663134444446,6677.6,6655.5,46,1,33.20000076293945,1,Medium,14,0.0,1.0,0.0,0.0,2026-04-25 17:11:05,3,4,6,1,2026-04-13 23:33:00,1.0
68649477,2026-04-12 01:17:07,2026-04-13 18:47:00,Closed,Pothole,BRONX,nan,40.81358895557613,-73.93104615834683,13.66248257888889,6677.6,6655.5,45,1,29.5,1,Medium,14,0.0,1.0,0.0,0.0,2026-04-25 17:11:05,3,4,6,1,2026-04-13 18:47:00,1.0
68658506,2026-04-12 01:15:50,2026-04-13 18:25:00,Closed,Pothole,BRONX,nan,40.8123388334372,-73.92894856748539,13.663373782592593,6677.6,6655.5,25,1,32.900001525878906,1,Medium,14,0.0,1.0,0.0,0.0,2026-04-25 17:11:05,3,4,6,1,2026-04-13 18:25:00,1.0
68656965,2026-04-12 01:13:08,2026-04-13 17:35:00,Closed,Pothole,BRONX,nan,40.81262177278995,-73.92932758379884,13.665248782592593,6677.6,6655.5,31,1,32.5,1,Medium,14,0.0,1.0,0.0,0.0,2026-04-25 17:11:05,3,4,6,1,2026-04-13 17:35:00,1.0
68655410,2026-04-12 01:11:41,2026-04-13 16:45:00,Closed,Pothole,BRONX,nan,40.813303113946255,-73.93039618778353,13.666255727037038,6677.6,6655.5,46,1,33.20000076293945,1,Medium,14,0.0,1.0,0.0,0.0,2026-04-25 17:11:05,3,4,6,1,2026-04-13 16:45:00,1.0
68656953,2026-04-12 00:49:30,2026-04-13 19:00:00,Closed,Pothole,MANHATTAN,nan,40.74776486500815,-73.98295812360449,13.68166081962963,16591.571428571428,6876.0,41,1,41.20000076293945,1,Medium,14,0.0,1.0,0.0,0.0,2026-04-25 17:11:05,0,4,6,1,2026-04-13 19:00:00,1.0
68629348,2026-04-12 00:46:59,,Pending,Pothole,QUEENS,nan,40.70580928772878,-73.82734037876067,13.683408504814816,4959.1547619047615,4660.0,5,1,24.100000381469727,1,Medium,14,0.402,0.598,0.0,0.0,2026-04-25 17:11:05,2,4,6,1,,
68629349,2026-04-12 00:03:05,2026-04-18 12:23:00,Closed,Pothole,QUEENS,nan,40.726570171449424,-73.852639274396,13.713894615925927,4959.1547619047615,4660.0,9,0,27.299999237060547,1,Medium,14,0.004,0.996,0.0,0.0,2026-04-25 17:11:05,2,4,6,1,2026-04-18 12:23:00,6.0
68633770,2026-04-11 23:39:48,2026-04-11 23:39:48,Closed,Pothole,MANHATTAN,nan,40.86795092389553,-73.92700182445367,13.730063597407408,16591.571428571428,6876.0,7,1,36.0,1,Medium,14,0.001,0.998,0.0,0.0,2026-04-25 17:11:05,0,4,5,1,2026-04-11 23:39:48,0.0
68632477,2026-04-11 23:39:48,2026-04-11 23:39:48,Closed,Pothole,MANHATTAN,nan,40.86795092389553,-73.92700182445367,13.730063597407408,16591.571428571428,6876.0,7,1,36.0,1,Medium,14,0.001,0.998,0.0,0.0,2026-04-25 17:11:05,0,4,5,1,2026-04-11 23:39:48,0.0
68644535,2026-04-11 22:45:10,2026-04-12 21:35:00,Closed,Pothole,BROOKLYN,nan,40.71758731876742,-73.95584537725969,13.768003412222223,5664.555555555556,6673.0,16,1,32.20000076293945,1,Medium,14,0.001,0.999,0.0,0.0,2026-04-25 17:11:05,1,4,5,1,2026-04-12 21:35:00,0.0
68646809,2026-04-11 22:44:16,2026-04-12 20:50:00,Closed,Pothole,BROOKLYN,nan,40.67634313622726,-73.91092698207576,13.768628412222224,5664.555555555556,6673.0,31,1,33.400001525878906,1,Medium,14,0.01,0.99,0.0,0.0,2026-04-25 17:11:05,1,4,5,1,2026-04-12 20:50:00,0.0
68642166,2026-04-11 22:43:22,2026-04-12 19:25:00,Closed,Pothole,BROOKLYN,nan,40.62970989234464,-73.90485389908439,13.769253412222223,5664.555555555556,6673.0,7,1,24.700000762939453,0,Low,30,0.81,0.189,0.0,0.0,2026-04-25 17:11:05,1,4,5,1,2026-04-12 19:25:00,0.0
68645685,2026-04-11 22:41:53,2026-04-12 17:35:00,Closed,Pothole,BROOKLYN,nan,40.578700844485304,-73.98733914397317,13.770283504814817,5664.555555555556,6673.0,17,1,32.0,1,Medium,14,0.007,0.993,0.0,0.0,2026-04-25 17:11:05,1,4,5,1,2026-04-12 17:35:00,0.0
68632480,2026-04-11 22:40:12,2026-04-11 22:40:12,Closed,Pothole,BRONX,nan,40.854069350554,-73.89931678814408,13.771452486296297,6677.6,6655.5,15,1,36.29999923706055,1,Medium,14,0.0,1.0,0.0,0.0,2026-04-25 17:11:05,3,4,5,1,2026-04-11 22:40:12,0.0
68631746,2026-04-11 22:35:20,2026-04-18 14:33:00,Closed,Pothole,BROOKLYN,nan,40.62040194766659,-73.96048439959483,13.774832115925927,5664.555555555556,6673.0,5,0,25.5,0,Low,30,0.809,0.191,0.0,0.0,2026-04-25 17:11:05,1,4,5,1,2026-04-18 14:33:00,6.0
68636274,2026-04-11 21:59:35,2026-04-11 21:59:35,Closed,Pothole,QUEENS,nan,40.73911404167521,-73.88974013991411,13.799658504814817,4959.1547619047615,4660.0,12,1,30.200000762939453,1,Medium,14,0.008,0.992,0.0,0.0,2026-04-25 17:11:05,2,4,5,1,2026-04-11 21:59:35,0.0
68634999,2026-04-11 21:53:41,2026-04-11 21:53:41,Closed,Pothole,QUEENS,nan,40.734300926235,-73.75519759871486,13.803755727037037,4959.1547619047615,4660.0,4,0,25.299999237060547,1,Medium,14,0.332,0.668,0.0,0.0,2026-04-25 17:11:05,2,4,5,1,2026-04-11 21:53:41,0.0
68636748,2026-04-11 21:39:39,,Pending,Pothole,QUEENS,nan,40.71614153172501,-73.83356872719871,13.813501097407409,4959.1547619047615,4660.0,17,0,31.600000381469727,1,Medium,14,0.0,1.0,0.0,0.0,2026-04-25 17:11:05,2,4,5,1,,
68636295,2026-04-11 21:18:05,2026-04-11 21:18:05,Closed,Pothole,STATEN ISLAND,nan,40.62693141835579,-74.07790054905978,13.82847794925926,23788.714285714286,2762.0,6,1,35.70000076293945,1,Medium,14,0.002,0.998,0.0,0.0,2026-04-25 17:11:05,4,4,5,1,2026-04-11 21:18:05,0.0
68629360,2026-04-11 21:07:01,,Open,Pothole,BROOKLYN,nan,40.606906054797825,-73.97048633747791,13.836163134444446,5664.555555555556,6673.0,7,1,30.1,1,Medium,15,0.699,0.15,0.09,0.06,2026-04-25 17:11:05,1,4,5,1,,
68634251,2026-04-11 21:05:34,2026-04-15 23:15:00,Closed,Pothole,QUEENS,nan,40.75450025471251,-73.83407205034965,13.83717007888889,4959.1547619047615,4660.0,17,1,32.20000076293945,1,Medium,14,0.0,1.0,0.0,0.0,2026-04-25 17:11:05,2,4,5,1,2026-04-15 23:15:00,4.0
68632978,2026-04-11 20:25:21,2026-04-18 02:15:00,Closed,Pothole,QUEENS,nan,40.778616899523335,-73.83886114728601,13.865098319629631,4959.1547619047615,4660.0,5,0,25.100000381469727,0,Low,30,0.831,0.169,0.0,0.0,2026-04-25 17:11:05,2,4,5,1,2026-04-18 02:15:00,6.0
68634264,2026-04-11 19:47:44,,Open,Pothole,BROOKLYN,nan,40.66017856648174,-73.90341918106874,13.891221004814817,5664.555555555556,6673.0,7,0,30.1,1,Medium,15,0.699,0.15,0.09,0.06,2026-04-25 17:11:05,1,4,5,1,,
68635017,2026-04-11 19:43:47,2026-04-11 19:43:47,Closed,Pothole,STATEN ISLAND,nan,40.596055938893045,-74.08828895816184,13.893964060370372,23788.714285714286,2762.0,1,0,29.899999618530273,1,Medium,14,0.004,0.996,0.0,0.0,2026-04-25 17:11:05,4,4,5,1,2026-04-11 19:43:47,0.0
68632996,2026-04-11 19:33:42,2026-04-18 21:35:00,Closed,Pothole,STATEN ISLAND,nan,40.55168097672187,-74.14478715664947,13.900966375185186,23788.714285714286,2762.0,2,0,29.799999237060547,1,Medium,14,0.001,0.999,0.0,0.0,2026-04-25 17:11:05,4,4,5,1,2026-04-18 21:35:00,7.0
68636275,2026-04-11 19:28:54,2026-04-11 19:28:54,Closed,Pothole,QUEENS,nan,40.73380012604392,-73.81480121129775,13.90429970851852,4959.1547619047615,4660.0,10,0,30.799999237060547,1,Medium,14,0.003,0.997,0.0,0.0,2026-04-25 17:11:05,2,4,5,1,2026-04-11 19:28:54,0.0
68629359,2026-04-11 19:24:10,,Open,Pothole,BRONX,nan,40.82307748764026,-73.89179057049003,13.907586745555557,6677.6,6655.5,28,1,52.6,2,High,15,0.474,0.263,0.158,0.105,2026-04-25 17:11:05,3,4,5,1,,
68631228,2026-04-11 19:21:24,2026-04-11 19:21:24,Closed,Pothole,QUEENS,nan,40.692971283312886,-73.78023854020637,13.909508041851852,4959.1547619047615,4660.0,11,1,31.0,1,Medium,14,0.002,0.998,0.0,0.0,2026-04-25 17:11:05,2,4,5,1,2026-04-11 19:21:24,0.0
68628892,2026-04-11 18:35:45,2026-04-11 18:35:45,Closed,Pothole,STATEN ISLAND,nan,40.60872585877758,-74.08837774444845,13.941209430740741,23788.714285714286,2762.0,19,1,41.099998474121094,1,Medium,14,0.0,1.0,0.0,0.0,2026-04-25 17:11:05,4,4,5,1,2026-04-11 18:35:45,0.0
68634270,2026-04-11 18:31:18,,Open,Pothole,STATEN ISLAND,nan,40.60872585877758,-74.08837774444845,13.94429970851852,23788.714285714286,2762.0,19,1,73.2,2,High,15,0.268,0.366,0.22,0.146,2026-04-25 17:11:05,4,4,5,1,,
68634253,2026-04-11 18:07:15,2026-04-15 10:05:00,Closed,Pothole,QUEENS,nan,40.7443500939338,-73.7040085498426,13.961001097407408,4959.1547619047615,4660.0,0,0,17.200000762939453,0,Low,30,0.999,0.001,0.0,0.0,2026-04-25 17:11:05,2,4,5,0,2026-04-15 10:05:00,3.0
68632980,2026-04-11 18:02:07,2026-04-18 13:25:00,Closed,Pothole,QUEENS,nan,40.727629622880755,-73.84427730525874,13.964565912222223,4959.1547619047615,4660.0,3,1,23.600000381469727,1,Medium,14,0.301,0.699,0.0,0.0,2026-04-25 17:11:05,2,4,5,1,2026-04-18 13:25:00,6.0
68630521,2026-04-11 17:58:42,2026-04-21 09:50:00,Closed,Pothole,QUEENS,nan,40.7662932477517,-73.9336257652648,13.966938597407408,4959.1547619047615,4660.0,7,0,28.399999618530273,1,Medium,14,0.158,0.841,0.0,0.0,2026-04-25 17:11:05,2,4,5,1,2026-04-21 09:50:00,9.0
68633776,2026-04-11 17:55:15,2026-04-11 17:55:15,Closed,Pothole,BROOKLYN,nan,40.68350470490595,-73.91151233376623,13.969334430740743,5664.555555555556,6673.0,17,1,32.400001525878906,1,Medium,14,0.0,1.0,0.0,0.0,2026-04-25 17:11:05,1,4,5,1,2026-04-11 17:55:15,0.0
68630530,2026-04-11 17:25:52,2026-04-18 20:43:00,Closed,Pothole,MANHATTAN,nan,40.72032117794149,-73.99404032468442,13.989739523333334,16591.571428571428,6876.0,46,1,39.20000076293945,1,Medium,14,0.0,1.0,0.0,0.0,2026-04-25 17:11:05,0,4,5,1,2026-04-18 20:43:00,7.0
68630522,2026-04-11 17:19:27,2026-04-15 21:45:00,Closed,Pothole,QUEENS,nan,40.75024772557371,-73.95051102722711,13.994195541851854,4959.1547619047615,4660.0,7,1,27.5,0,Low,30,0.516,0.484,0.0,0.0,2026-04-25 17:11:05,2,4,5,1,2026-04-15 21:45:00,4.0
68637482,2026-04-11 17:15:55,2026-04-11 17:15:55,Closed,Pothole,QUEENS,nan,40.726960181320095,-73.84653020957778,13.996649245555556,4959.1547619047615,4660.0,9,1,29.299999237060547,1,Medium,14,0.003,0.997,0.0,0.0,2026-04-25 17:11:05,2,4,5,1,2026-04-11 17:15:55,0.0
68636770,2026-04-11 17:08:28,2026-04-13 11:20:00,Closed,Pothole,STATEN ISLAND,GIEGERICH AVENUE,40.511968275902014,-74.23482487195925,14.001822856666667,23788.714285714286,2762.0,1,0,30.600000381469727,1,Medium,14,0.002,0.998,0.0,0.0,2026-04-25 17:11:05,4,4,5,1,2026-04-13 11:20:00,1.0
68631743,2026-04-11 16:18:59,2026-04-14 10:12:00,Closed,Pothole,BRONX,nan,40.84710443087095,-73.88306962303422,14.036186282592594,6677.6,6655.5,10,1,33.400001525878906,1,Medium,14,0.0,1.0,0.0,0.0,2026-04-25 17:11:05,3,4,5,1,2026-04-14 10:12:00,2.0
68634257,2026-04-11 16:13:05,2026-04-20 10:01:00,Closed,Pothole,QUEENS,nan,40.69498613184721,-73.79990006562997,14.040283504814816,4959.1547619047615,4660.0,16,1,30.700000762939453,1,Medium,14,0.0,1.0,0.0,0.0,2026-04-25 17:11:05,2,4,5,1,2026-04-20 10:01:00,8.0
68636292,2026-04-11 16:10:39,2026-04-11 16:10:39,Closed,Pothole,BRONX,nan,40.834401962521405,-73.87274942134464,14.041973319629632,6677.6,6655.5,19,1,34.099998474121094,1,Medium,14,0.0,1.0,0.0,0.0,2026-04-25 17:11:05,3,4,5,1,2026-04-11 16:10:39,0.0
68637493,2026-04-11 16:09:51,2026-04-11 16:09:51,Closed,Pothole,BRONX,nan,40.834524449975376,-73.87182406761943,14.042528875185186,6677.6,6655.5,13,1,33.20000076293945,1,Medium,14,0.0,1.0,0.0,0.0,2026-04-25 17:11:05,3,4,5,1,2026-04-11 16:09:51,0.0
68629350,2026-04-11 15:57:01,2026-04-15 20:15:00,Closed,Pothole,QUEENS,nan,40.7200215469545,-73.818327993429,14.051440912222224,4959.1547619047615,4660.0,6,1,25.399999618530273,1,Medium,14,0.11,0.89,0.0,0.0,2026-04-25 17:11:05,2,4,5,1,2026-04-15 20:15:00,4.0
68630049,2026-04-11 15:52:21,2026-04-11 15:52:21,Closed,Pothole,BROOKLYN,nan,40.68216496256353,-73.88900864409592,14.054681652962964,5664.555555555556,6673.0,2,0,22.299999237060547,0,Low,30,0.979,0.021,0.0,0.0,2026-04-25 17:11:05,1,4,5,1,2026-04-11 15:52:21,0.0
68631239,2026-04-11 15:47:39,2026-04-11 15:47:39,Closed,Pothole,BRONX,nan,40.88919344270751,-73.83129818365059,14.057945541851852,6677.6,6655.5,10,1,30.799999237060547,1,Medium,14,0.0,1.0,0.0,0.0,2026-04-25 17:11:05,3,4,5,1,2026-04-11 15:47:39,0.0
68629363,2026-04-11 15:43:25,2026-04-21 11:47:00,Closed,Pothole,BROOKLYN,nan,40.647600666352886,-73.88148051696534,14.060885356666668,5664.555555555556,6673.0,2,0,21.100000381469727,0,Low,30,0.994,0.006,0.0,0.0,2026-04-25 17:11:05,1,4,5,1,2026-04-21 11:47:00,9.0
68630524,2026-04-11 15:43:07,2026-04-18 12:40:00,Closed,Pothole,QUEENS,nan,40.667431988364136,-73.76675458345666,14.061093690000002,4959.1547619047615,4660.0,21,0,29.0,1,Medium,14,0.0,1.0,0.0,0.0,2026-04-25 17:11:05,2,4,5,1,2026-04-18 12:40:00,6.0
68634261,2026-04-11 15:40:31,,Open,Pothole,MANHATTAN,nan,40.80096047946833,-73.96905666457744,14.062899245555556,16591.571428571428,6876.0,16,1,64.6,2,High,8,0.354,0.323,0.194,0.129,2026-04-25 17:11:05,0,4,5,1,,
68635518,2026-04-11 15:35:56,,Open,Pothole,STATEN ISLAND,nan,40.572024363270536,-74.12721147145633,14.066082115925926,23788.714285714286,2762.0,0,1,33.2,1,Medium,15,0.668,0.166,0.1,0.066,2026-04-25 17:11:05,4,4,5,0,,
68631740,2026-04-11 14:59:48,,Open,Pothole,MANHATTAN,nan,40.77107903617003,-73.94758203345549,14.091174708518519,16591.571428571428,6876.0,6,0,40.6,1,Medium,8,0.594,0.203,0.122,0.081,2026-04-25 17:11:05,0,4,5,1,,
68628887,2026-04-11 14:52:53,2026-04-11 14:52:53,Closed,Pothole,BROOKLYN,nan,40.65337959957984,-73.9065716541137,14.095977949259261,5664.555555555556,6673.0,14,0,31.799999237060547,1,Medium,14,0.001,0.999,0.0,0.0,2026-04-25 17:11:05,1,4,5,1,2026-04-11 14:52:53,0.0
68635500,2026-04-11 14:50:38,2026-04-18 10:34:00,Closed,Pothole,QUEENS,nan,40.727058400631655,-73.87063089613612,14.097540449259261,4959.1547619047615,4660.0,7,0,26.200000762939453,1,Medium,14,0.454,0.546,0.0,0.0,2026-04-25 17:11:05,2,4,5,1,2026-04-18 10:34:00,6.0
68631233,2026-04-11 14:40:01,2026-04-21 16:05:00,Closed,Pothole,QUEENS,nan,40.692971283312886,-73.78023854020637,14.104913134444446,4959.1547619047615,4660.0,11,1,31.399999618530273,1,Medium,14,0.002,0.998,0.0,0.0,2026-04-25 17:11:05,2,4,5,1,2026-04-21 16:05:00,10.0
68635007,2026-04-11 14:28:03,2026-04-11 14:28:03,Closed,Pothole,MANHATTAN,nan,40.7609899645913,-73.97330947588812,14.11322331962963,16591.571428571428,6876.0,21,0,41.79999923706055,1,Medium,14,0.0,1.0,0.0,0.0,2026-04-25 17:11:05,0,4,5,1,2026-04-11 14:28:03,0.0
68631734,2026-04-11 14:20:36,2026-04-18 10:15:00,Closed,Pothole,QUEENS,nan,40.714052342017744,-73.77800109289635,14.118396930740742,4959.1547619047615,4660.0,9,0,29.700000762939453,1,Medium,14,0.003,0.997,0.0,0.0,2026-04-25 17:11:05,2,4,5,1,2026-04-18 10:15:00,6.0
68640962,2026-04-11 14:09:49,2026-04-12 11:15:00,Closed,Pothole,BROOKLYN,DRIGGS AVENUE,40.711076058019714,-73.96158490262539,14.125885356666668,4530.0,6187.0,27,1,31.200000762939453,1,Medium,14,0.004,0.996,0.0,0.0,2026-04-25 17:11:05,1,4,5,1,2026-04-12 11:15:00,0.0
68643311,2026-04-11 14:09:11,2026-04-12 10:20:00,Closed,Pothole,BROOKLYN,NORTH    7 STREET,40.71819207401155,-73.95827999647607,14.126325171481483,5664.555555555556,6673.0,20,1,32.0,1,Medium,14,0.001,0.999,0.0,0.0,2026-04-25 17:11:05,1,4,5,1,2026-04-12 10:20:00,0.0
68639803,2026-04-11 14:08:23,2026-04-12 09:15:00,Closed,Pothole,BROOKLYN,BROADWAY,40.70132165477387,-73.9429159418591,14.126880727037038,5664.555555555556,13110.0,49,1,34.900001525878906,1,Medium,14,0.001,0.999,0.0,0.0,2026-04-25 17:11:05,1,4,5,1,2026-04-12 09:15:00,0.0
68639804,2026-04-11 14:07:39,2026-04-12 08:30:00,Closed,Pothole,BROOKLYN,KINGSLAND AVENUE,40.719002229212485,-73.94056315085686,14.127389986296297,5664.555555555556,5595.0,16,1,31.100000381469727,1,Medium,14,0.001,0.999,0.0,0.0,2026-04-25 17:11:05,1,4,5,1,2026-04-12 08:30:00,0.0
68640963,2026-04-11 14:06:52,2026-04-12 07:30:00,Closed,Pothole,BROOKLYN,MANHATTAN AVENUE,40.73221912961767,-73.95458002946677,14.127933967777778,3291.0,9726.0,7,0,25.299999237060547,0,Low,30,0.772,0.228,0.0,0.0,2026-04-25 17:11:05,1,4,5,1,2026-04-12 07:30:00,0.0
68672918,2026-04-11 13:58:21,2026-04-15 10:03:00,Closed,Pothole,BRONX,nan,40.83206303983589,-73.8243531249409,14.133848319629632,6677.6,6655.5,7,1,30.899999618530273,1,Medium,14,0.034,0.966,0.0,0.0,2026-04-25 17:11:05,3,4,5,1,2026-04-15 10:03:00,3.0
68635004,2026-04-11 13:49:26,2026-04-11 13:49:26,Closed,Pothole,QUEENS,nan,40.73996996115008,-73.7609469677333,14.14004044925926,4959.1547619047615,4660.0,3,0,22.299999237060547,0,Low,30,0.714,0.286,0.0,0.0,2026-04-25 17:11:05,2,4,5,1,2026-04-11 13:49:26,0.0
68632992,2026-04-11 13:29:12,,Open,Pothole,BRONX,nan,40.8248480272072,-73.91130992324541,14.154091375185187,6677.6,6655.5,25,1,52.7,2,High,15,0.473,0.264,0.158,0.105,2026-04-25 17:11:05,3,4,5,1,,
68629351,2026-04-11 13:22:18,2026-04-18 07:20:00,Closed,Pothole,QUEENS,nan,40.66702460600438,-73.77303896788233,14.158883041851853,4959.1547619047615,4660.0,11,1,32.79999923706055,1,Medium,14,0.001,0.999,0.0,0.0,2026-04-25 17:11:05,2,4,5,1,2026-04-18 07:20:00,6.0
68633778,2026-04-11 13:21:18,2026-04-11 13:21:18,Closed,Pothole,BROOKLYN,nan,40.68176925926219,-73.96753277726584,14.159577486296298,5664.555555555556,6673.0,33,1,34.0,1,Medium,14,0.007,0.992,0.0,0.0,2026-04-25 17:11:05,1,4,5,1,2026-04-11 13:21:18,0.0
68637488,2026-04-11 13:14:19,2026-04-21 18:45:00,Closed,Pothole,QUEENS,nan,40.71818218795277,-73.78032496285253,14.164427023333335,4959.1547619047615,4660.0,1,0,21.299999237060547,1,Medium,14,0.343,0.656,0.0,0.0,2026-04-25 17:11:05,2,4,5,1,2026-04-21 18:45:00,10.0
68636280,2026-04-11 13:08:58,2026-04-21 19:15:00,Closed,Pothole,QUEENS,GRAND CENTRAL PARKWAY,40.722230159712126,-73.77717655780093,14.168142301111113,4959.1547619047615,4660.0,23,0,30.600000381469727,1,Medium,14,0.0,1.0,0.0,0.0,2026-04-25 17:11:05,2,4,5,1,2026-04-21 19:15:00,10.0
68630526,2026-04-11 12:59:08,2026-04-21 15:11:00,Closed,Pothole,QUEENS,nan,40.721376471944154,-73.79029310984477,14.174971004814816,4959.1547619047615,4660.0,10,0,31.5,1,Medium,14,0.001,0.999,0.0,0.0,2026-04-25 17:11:05,2,4,5,1,2026-04-21 15:11:00,10.0
68631243,2026-04-11 12:57:06,2026-04-11 12:57:06,Closed,Pothole,STATEN ISLAND,nan,40.550511721214605,-74.14475943429196,14.176383041851853,23788.714285714286,2762.0,1,0,29.0,1,Medium,14,0.002,0.998,0.0,0.0,2026-04-25 17:11:05,4,4,5,1,2026-04-11 12:57:06,0.0
68628889,2026-04-11 12:55:36,2026-04-11 12:55:36,Closed,Pothole,BROOKLYN,nan,40.67941992696954,-73.96822614618212,14.17742470851852,5664.555555555556,6673.0,18,1,30.899999618530273,1,Medium,14,0.011,0.989,0.0,0.0,2026-04-25 17:11:05,1,4,5,1,2026-04-11 12:55:36,0.0
68635502,2026-04-11 12:37:41,2026-04-18 12:52:00,Closed,Pothole,QUEENS,nan,40.67935108418468,-73.75034100595664,14.189866838148149,4959.1547619047615,4660.0,10,0,29.100000381469727,1,Medium,14,0.0,1.0,0.0,0.0,2026-04-25 17:11:05,2,4,5,1,2026-04-18 12:52:00,7.0
68637953,2026-04-11 12:35:10,2026-04-21 10:25:00,Closed,Pothole,QUEENS,nan,40.771996630244075,-73.93329875946658,14.191614523333335,4959.1547619047615,4660.0,6,0,26.0,0,Low,30,0.701,0.299,0.0,0.0,2026-04-25 17:11:05,2,4,5,1,2026-04-21 10:25:00,9.0
68632475,2026-04-11 11:57:13,2026-04-11 11:57:13,Closed,Pothole,QUEENS,nan,40.735655957402535,-73.85099901475667,14.217968690000001,4959.1547619047615,4660.0,17,1,29.799999237060547,1,Medium,14,0.0,1.0,0.0,0.0,2026-04-25 17:11:05,2,4,5,1,2026-04-11 11:57:13,0.0
68630527,2026-04-11 11:49:58,2026-04-18 10:35:00,Closed,Pothole,QUEENS,nan,40.71877018691972,-73.77636922755279,14.223003412222223,4959.1547619047615,4660.0,1,0,19.799999237060547,0,Low,30,0.963,0.037,0.0,0.0,2026-04-25 17:11:05,2,4,5,1,2026-04-18 10:35:00,6.0
68633779,2026-04-11 11:44:00,2026-04-11 11:44:00,Closed,Pothole,BROOKLYN,nan,40.639619430604675,-73.92042356802314,14.227146930740743,5664.555555555556,6673.0,13,0,31.399999618530273,1,Medium,14,0.0,1.0,0.0,0.0,2026-04-25 17:11:05,1,4,5,1,2026-04-11 11:44:00,0.0
68631735,2026-04-11 11:27:44,2026-04-18 08:06:00,Closed,Pothole,QUEENS,nan,40.75775370534105,-73.78338172591826,14.238443227037038,4959.1547619047615,4660.0,9,0,31.399999618530273,1,Medium,14,0.007,0.993,0.0,0.0,2026-04-25 17:11:05,2,4,5,1,2026-04-18 08:06:00,6.0
68636755,2026-04-11 11:19:51,2026-04-15 14:52:00,Closed,Pothole,QUEENS,nan,40.57718957962207,-73.86052488685198,14.243917764074075,4959.1547619047615,4660.0,1,0,18.799999237060547,0,Low,30,0.988,0.012,0.0,0.0,2026-04-25 17:11:05,2,4,5,1,2026-04-15 14:52:00,4.0
68636281,2026-04-11 11:19:49,2026-04-11 11:19:49,Closed,Pothole,QUEENS,nan,40.761217008162774,-73.8863970016137,14.243940912222223,4959.1547619047615,4660.0,7,0,28.799999237060547,1,Medium,14,0.24,0.759,0.0,0.0,2026-04-25 17:11:05,2,4,5,1,2026-04-11 11:19:49,0.0
68636756,2026-04-11 11:10:05,2026-04-15 23:54:00,Closed,Pothole,QUEENS,nan,40.68253997592348,-73.80715565705358,14.250700171481483,4959.1547619047615,4660.0,28,0,31.200000762939453,1,Medium,14,0.0,1.0,0.0,0.0,2026-04-25 17:11:05,2,4,5,1,2026-04-15 23:54:00,4.0
68632984,2026-04-11 11:08:34,2026-04-15 14:53:00,Closed,Pothole,QUEENS,nan,40.59602243403555,-73.76767018535315,14.251753412222223,4959.1547619047615,4660.0,10,0,29.899999618530273,1,Medium,14,0.001,0.999,0.0,0.0,2026-04-25 17:11:05,2,4,5,1,2026-04-15 14:53:00,4.0
68636283,2026-04-11 11:04:01,2026-04-11 11:04:01,Closed,Pothole,QUEENS,nan,40.7193491704373,-73.84262277024277,14.254913134444445,4959.1547619047615,4660.0,7,0,27.5,0,Low,30,0.586,0.414,0.0,0.0,2026-04-25 17:11:05,2,4,5,1,2026-04-11 11:04:01,0.0
68630528,2026-04-11 11:00:55,2026-04-18 10:30:00,Closed,Pothole,QUEENS,nan,40.77309049734575,-73.911075579805,14.257065912222224,4959.1547619047615,4660.0,5,1,27.600000381469727,1,Medium,14,0.193,0.807,0.0,0.0,2026-04-25 17:11:05,2,4,5,1,2026-04-18 10:30:00,6.0
68636757,2026-04-11 10:57:51,2026-04-15 21:47:00,Closed,Pothole,QUEENS,nan,40.73796248084692,-73.79299781462943,14.259195541851852,4959.1547619047615,4660.0,21,1,31.700000762939453,1,Medium,14,0.001,0.999,0.0,0.0,2026-04-25 17:11:05,2,4,5,1,2026-04-15 21:47:00,4.0
68631736,2026-04-11 10:50:33,2026-04-15 20:15:00,Closed,Pothole,QUEENS,nan,40.76092329390421,-73.8891878421829,14.264264986296297,4959.1547619047615,4660.0,8,0,30.200000762939453,1,Medium,14,0.01,0.99,0.0,0.0,2026-04-25 17:11:05,2,4,5,1,2026-04-15 20:15:00,4.0
68637954,2026-04-11 10:43:44,2026-04-13 09:45:00,Closed,Pothole,QUEENS,nan,40.7174165472844,-73.91930979013569,14.268998782592593,4959.1547619047615,4660.0,4,1,23.5,0,Low,30,0.856,0.144,0.0,0.0,2026-04-25 17:11:05,2,4,5,1,2026-04-13 09:45:00,1.0
68637492,2026-04-11 10:33:54,2026-04-11 10:33:54,Closed,Pothole,MANHATTAN,nan,40.7779047511921,-73.98208745958574,14.275827486296297,16591.571428571428,6876.0,20,0,41.5,1,Medium,14,0.0,1.0,0.0,0.0,2026-04-25 17:11:05,0,4,5,1,2026-04-11 10:33:54,0.0
68633772,2026-04-11 10:29:25,2026-04-11 10:29:25,Closed,Pothole,MANHATTAN,nan,40.77299166968827,-73.98207794989732,14.278940912222224,16591.571428571428,6876.0,20,0,41.20000076293945,1,Medium,14,0.0,1.0,0.0,0.0,2026-04-25 17:11:05,0,4,5,1,2026-04-11 10:29:25,0.0
68635505,2026-04-11 10:24:54,2026-04-18 09:16:00,Closed,Pothole,QUEENS,nan,40.71328525018715,-73.73579237172676,14.282077486296297,4959.1547619047615,4660.0,21,1,34.5,1,Medium,14,0.0,1.0,0.0,0.0,2026-04-25 17:11:05,2,4,5,1,2026-04-18 09:16:00,6.0
68635009,2026-04-11 10:19:46,2026-04-11 10:19:46,Closed,Pothole,BRONX,nan,40.86526411435674,-73.84624719067614,14.285642301111112,6677.6,6655.5,1,1,23.600000381469727,0,Low,30,0.951,0.049,0.0,0.0,2026-04-25 17:11:05,3,4,5,1,2026-04-11 10:19:46,0.0
68636768,2026-04-11 10:12:10,,Open,Pothole,BROOKLYN,nan,40.69007582336544,-73.91915536897329,14.29092007888889,5664.555555555556,6673.0,14,1,48.9,1,Medium,15,0.511,0.244,0.147,0.098,2026-04-25 17:11:05,1,4,5,1,,
68637955,2026-04-11 10:04:38,2026-04-22 09:19:00,Closed,Pothole,QUEENS,216 STREET,40.75599534963019,-73.76433291613704,14.296151560370372,4959.1547619047615,4660.0,1,0,17.299999237060547,0,Low,30,0.988,0.012,0.0,0.0,2026-04-25 17:11:05,2,4,5,1,2026-04-22 09:19:00,10.0
68636758,2026-04-11 09:51:50,2026-04-18 11:50:00,Closed,Pothole,QUEENS,nan,40.7269695728085,-73.85374602160852,14.30504044925926,4959.1547619047615,4660.0,10,0,30.700000762939453,1,Medium,14,0.001,0.999,0.0,0.0,2026-04-25 17:11:05,2,4,5,1,2026-04-18 11:50:00,7.0
68632993,2026-04-11 09:50:10,2026-04-16 13:52:00,Closed,Pothole,BROOKLYN,nan,40.675091646890074,-73.89186124066255,14.306197856666667,5664.555555555556,6673.0,12,1,32.29999923706055,1,Medium,14,0.01,0.99,0.0,0.0,2026-04-25 17:11:05,1,4,5,1,2026-04-16 13:52:00,5.0
68636289,2026-04-11 09:08:21,2026-04-11 09:08:21,Closed,Pothole,MANHATTAN,nan,40.80297085227577,-73.96386162910126,14.33523720851852,16591.571428571428,6876.0,16,0,41.599998474121094,1,Medium,14,0.0,1.0,0.0,0.0,2026-04-25 17:11:05,0,4,5,1,2026-04-11 09:08:21,0.0
68631240,2026-04-11 09:02:47,2026-04-11 09:02:47,Closed,Pothole,BRONX,nan,40.85161961551013,-73.82649197743508,14.33910294925926,6677.6,6655.5,20,1,34.900001525878906,1,Medium,14,0.0,1.0,0.0,0.0,2026-04-25 17:11:05,3,4,5,1,2026-04-11 09:02:47,0.0
68632989,2026-04-11 08:35:56,2026-04-18 07:40:00,Closed,Pothole,QUEENS,nan,40.66696247751433,-73.77077544154798,14.357748782592594,4959.1547619047615,4660.0,20,0,29.299999237060547,1,Medium,14,0.0,1.0,0.0,0.0,2026-04-25 17:11:05,2,4,5,1,2026-04-18 07:40:00,6.0
68637959,2026-04-11 08:34:23,2026-04-18 13:00:00,Closed,Pothole,QUEENS,nan,40.66796310754493,-73.77154341539179,14.358825171481483,4959.1547619047615,4660.0,23,1,31.5,1,Medium,14,0.0,1.0,0.0,0.0,2026-04-25 17:11:05,2,4,5,1,2026-04-18 13:00:00,7.0
68632990,2026-04-11 08:10:18,,Pending,Pothole,QUEENS,GRAND CENTRL PARKWAY,40.70832440953769,-73.86975831380914,14.37554970851852,4959.1547619047615,4660.0,10,1,31.5,1,Medium,14,0.001,0.999,0.0,0.0,2026-04-25 17:11:05,2,4,5,1,,
68637499,2026-04-11 07:49:40,2026-04-11 07:49:40,Closed,Pothole,BROOKLYN,nan,40.65276846281514,-73.88628975331724,14.389878412222224,5664.555555555556,6673.0,14,1,30.100000381469727,1,Medium,14,0.001,0.999,0.0,0.0,2026-04-25 17:11:05,1,4,5,1,2026-04-11 07:49:40,0.0
68636286,2026-04-11 07:47:15,2026-04-11 07:47:15,Closed,Pothole,QUEENS,nan,40.7590540604679,-73.79502225980788,14.391556652962965,4959.1547619047615,4660.0,5,1,25.200000762939453,1,Medium,14,0.268,0.732,0.0,0.0,2026-04-25 17:11:05,2,4,5,1,2026-04-11 07:47:15,0.0
68630536,2026-04-11 06:16:17,,Open,Pothole,BRONX,nan,40.90057438618776,-73.84004496706454,14.45472794925926,6677.6,6655.5,1,0,15.5,0,Low,15,0.845,0.077,0.046,0.031,2026-04-25 17:11:05,3,4,5,1,,
68621071,2026-04-11 02:46:42,2026-04-11 02:46:42,Closed,Pothole,MANHATTAN,nan,40.76738695563547,-73.98236465612317,14.600271930740742,16591.571428571428,6876.0,41,0,40.599998474121094,1,Medium,14,0.0,1.0,0.0,0.0,2026-04-25 17:11:05,0,4,5,1,2026-04-11 02:46:42,0.0
68618442,2026-04-11 01:27:27,2026-04-11 01:27:27,Closed,Pothole,QUEENS,nan,40.733497309506575,-73.87036942449794,14.655306652962965,4959.1547619047615,4660.0,44,1,28.899999618530273,1,Medium,14,0.0,1.0,0.0,0.0,2026-04-25 17:11:05,2,4,5,1,2026-04-11 01:27:27,0.0
68622848,2026-04-11 01:14:06,,Open,Pothole,MANHATTAN,nan,40.731706579763554,-74.00095616452742,14.664577486296297,16591.571428571428,6876.0,20,0,64.8,2,High,8,0.352,0.324,0.194,0.13,2026-04-25 17:11:05,0,4,5,1,,
68618926,2026-04-11 00:04:38,2026-04-18 08:51:00,Closed,Pothole,QUEENS,nan,40.703026376782304,-73.80843805924262,14.712818227037038,4959.1547619047615,4660.0,22,1,30.899999618530273,1,Medium,14,0.0,1.0,0.0,0.0,2026-04-25 17:11:05,2,4,5,1,2026-04-18 08:51:00,7.0
68622873,2026-04-11 00:01:30,,Pending,Pothole,QUEENS,nan,40.69283134807327,-73.85467914979081,14.714994152962964,4959.1547619047615,4660.0,11,0,31.0,1,Medium,14,0.001,0.999,0.0,0.0,2026-04-25 17:11:05,2,4,5,1,,
68623723,2026-04-11 00:00:53,2026-04-11 00:00:53,Closed,Pothole,MANHATTAN,nan,40.77879404063979,-73.98205472388632,14.715422393703705,16591.571428571428,6876.0,24,0,41.79999923706055,1,Medium,14,0.0,1.0,0.0,0.0,2026-04-25 17:11:05,0,4,5,1,2026-04-11 00:00:53,0.0
68621539,2026-04-10 23:57:41,2026-04-18 13:52:00,Closed,Pothole,QUEENS,nan,40.70199410772483,-73.80995217762,14.717644615925927,4959.1547619047615,4660.0,26,1,31.100000381469727,1,Medium,14,0.0,1.0,0.0,0.0,2026-04-25 17:11:05,2,4,4,1,2026-04-18 13:52:00,7.0
68622874,2026-04-10 23:57:15,2026-04-18 14:35:00,Closed,Pothole,QUEENS,nan,40.696864915001065,-73.80549499762397,14.717945541851853,4959.1547619047615,4660.0,24,1,30.600000381469727,1,Medium,14,0.0,1.0,0.0,0.0,2026-04-25 17:11:05,2,4,4,1,2026-04-18 14:35:00,7.0
68619750,2026-04-10 23:56:40,2026-04-10 23:56:40,Closed,Pothole,QUEENS,nan,40.701765672958274,-73.80792594429812,14.718350634444446,4959.1547619047615,4660.0,42,1,30.799999237060547,1,Medium,14,0.0,1.0,0.0,0.0,2026-04-25 17:11:05,2,4,4,1,2026-04-10 23:56:40,0.0
68622875,2026-04-10 23:55:35,2026-04-18 13:29:00,Closed,Pothole,QUEENS,nan,40.70188239682594,-73.80551642416637,14.71910294925926,4959.1547619047615,4660.0,19,1,31.299999237060547,1,Medium,14,0.0,1.0,0.0,0.0,2026-04-25 17:11:05,2,4,4,1,2026-04-18 13:29:00,7.0
68622401,2026-04-10 23:52:57,2026-04-10 23:52:57,Closed,Pothole,QUEENS,nan,40.702133093624795,-73.80444093305614,14.720931652962964,4959.1547619047615,4660.0,23,1,31.100000381469727,1,Medium,14,0.0,1.0,0.0,0.0,2026-04-25 17:11:05,2,4,4,1,2026-04-10 23:52:57,0.0
68625472,2026-04-10 23:30:02,2026-04-14 11:19:00,Closed,Pothole,BRONX,nan,40.8109488773861,-73.92714381874927,14.736846004814817,6677.6,6655.5,25,1,32.70000076293945,1,Medium,14,0.0,1.0,0.0,0.0,2026-04-25 17:11:05,3,4,4,1,2026-04-14 11:19:00,3.0
68623724,2026-04-10 22:58:39,2026-04-10 22:58:39,Closed,Pothole,MANHATTAN,nan,40.80297085227577,-73.96386162910126,14.758639986296297,16591.571428571428,6876.0,16,0,41.599998474121094,1,Medium,14,0.0,1.0,0.0,0.0,2026-04-25 17:11:05,0,4,4,1,2026-04-10 22:58:39,0.0
68623725,2026-04-10 22:01:06,2026-04-10 22:01:06,Closed,Pothole,MANHATTAN,nan,40.77039307378342,-73.94807356936934,14.798605264074075,16591.571428571428,6876.0,13,0,41.29999923706055,1,Medium,14,0.0,1.0,0.0,0.0,2026-04-25 17:11:05,0,4,4,1,2026-04-10 22:01:06,0.0
68626722,2026-04-10 21:54:13,2026-04-17 21:52:00,Closed,Pothole,QUEENS,nan,40.78855601926736,-73.78233174659941,14.803385356666668,4959.1547619047615,4660.0,27,1,31.600000381469727,1,Medium,14,0.002,0.998,0.0,0.0,2026-04-25 17:11:05,2,4,4,1,2026-04-17 21:52:00,6.0
68620192,2026-04-10 20:41:48,2026-04-11 18:20:00,Closed,Pothole,STATEN ISLAND,PEACOCK LOOP,40.530451340426985,-74.2213063450376,14.85367470851852,23788.714285714286,2762.0,3,1,33.099998474121094,1,Medium,14,0.001,0.999,0.0,0.0,2026-04-25 17:11:05,4,4,4,1,2026-04-11 18:20:00,0.0
68619741,2026-04-10 20:39:53,2026-04-10 20:39:53,Closed,Pothole,BRONX,nan,40.86874961696823,-73.8949630643024,14.855005727037039,6677.6,6655.5,19,1,33.79999923706055,1,Medium,14,0.0,1.0,0.0,0.0,2026-04-25 17:11:05,3,4,4,1,2026-04-10 20:39:53,0.0
68621077,2026-04-10 20:32:12,2026-04-10 20:32:12,Closed,Pothole,BRONX,nan,40.82531495020251,-73.90821274926546,14.860341375185186,6677.6,6655.5,34,1,30.5,1,Medium,14,0.0,1.0,0.0,0.0,2026-04-25 17:11:05,3,4,4,1,2026-04-10 20:32:12,0.0
68625466,2026-04-10 20:19:57,,Open,Pothole,MANHATTAN,nan,40.75529211028051,-73.99492151006154,14.868848319629631,16591.571428571428,6876.0,35,1,64.9,2,High,8,0.351,0.324,0.195,0.13,2026-04-25 17:11:05,0,4,4,1,,
68621091,2026-04-10 20:11:51,2026-04-10 20:11:51,Closed,Pothole,QUEENS,nan,40.761217008162774,-73.8863970016137,14.874473319629631,4959.1547619047615,4660.0,7,0,28.799999237060547,1,Medium,14,0.137,0.862,0.0,0.0,2026-04-25 17:11:05,2,4,4,1,2026-04-10 20:11:51,0.0
68622877,2026-04-10 20:06:56,2026-04-21 01:55:00,Closed,Pothole,QUEENS,nan,40.76412997827052,-73.87650083073838,14.877887671481483,4959.1547619047615,4660.0,9,0,30.299999237060547,1,Medium,14,0.003,0.997,0.0,0.0,2026-04-25 17:11:05,2,4,4,1,2026-04-21 01:55:00,10.0
68620198,2026-04-10 20:05:22,2026-04-21 02:55:00,Closed,Pothole,QUEENS,nan,40.76487366222409,-73.8870622185048,14.878975634444446,4959.1547619047615,4660.0,14,0,31.600000381469727,1,Medium,14,0.0,1.0,0.0,0.0,2026-04-25 17:11:05,2,4,4,1,2026-04-21 02:55:00,10.0
68627555,2026-04-10 20:03:37,2026-04-10 20:03:37,Closed,Pothole,QUEENS,nan,40.741863453510625,-73.90750492962665,14.880190912222224,4959.1547619047615,4660.0,12,0,30.299999237060547,1,Medium,14,0.001,0.999,0.0,0.0,2026-04-25 17:11:05,2,4,4,1,2026-04-10 20:03:37,0.0
68622382,2026-04-10 19:25:34,2026-04-10 19:25:34,Closed,Pothole,MANHATTAN,nan,40.822836414306245,-73.94191565088148,14.906614523333335,16591.571428571428,6876.0,31,1,42.79999923706055,1,Medium,14,0.0,1.0,0.0,0.0,2026-04-25 17:11:05,0,4,4,1,2026-04-10 19:25:34,0.0
68624200,2026-04-10 19:19:40,,Open,Pothole,MANHATTAN,nan,40.801352652225354,-73.96787537678244,14.910711745555556,16591.571428571428,6876.0,13,1,59.5,2,High,8,0.405,0.298,0.179,0.119,2026-04-25 17:11:05,0,4,4,1,,
68618911,2026-04-10 19:19:11,2026-04-11 08:25:00,Closed,Pothole,BROOKLYN,nan,40.626112457483586,-73.97507458280421,14.911047393703704,5664.555555555556,6673.0,14,0,31.700000762939453,1,Medium,14,0.001,0.999,0.0,0.0,2026-04-25 17:11:05,1,4,4,1,2026-04-11 08:25:00,0.0
68628005,2026-04-10 19:15:45,2026-04-11 12:40:00,Closed,Pothole,BROOKLYN,nan,40.640976829259785,-73.98233680987919,14.913431652962965,5664.555555555556,6673.0,4,0,24.600000381469727,0,Low,30,0.873,0.127,0.0,0.0,2026-04-25 17:11:05,1,4,4,1,2026-04-11 12:40:00,0.0
68626702,2026-04-10 19:14:45,2026-04-18 14:22:00,Closed,Pothole,BROOKLYN,nan,40.62954388793678,-73.96608109965275,14.914126097407408,5664.555555555556,6673.0,12,0,29.5,1,Medium,14,0.002,0.998,0.0,0.0,2026-04-25 17:11:05,1,4,4,1,2026-04-18 14:22:00,7.0
68618912,2026-04-10 19:14:02,2026-04-11 08:40:00,Closed,Pothole,BROOKLYN,nan,40.62091387130242,-73.97529625702678,14.914623782592594,5664.555555555556,6673.0,5,0,26.299999237060547,1,Medium,14,0.129,0.871,0.0,0.0,2026-04-25 17:11:05,1,4,4,1,2026-04-11 08:40:00,0.0
68620194,2026-04-10 19:07:11,,Open,Pothole,STATEN ISLAND,nan,40.56677918029904,-74.1319489117818,14.919380727037039,23788.714285714286,2762.0,0,0,33.5,1,Medium,15,0.665,0.168,0.101,0.067,2026-04-25 17:11:05,4,4,4,0,,
68618428,2026-04-10 19:04:37,2026-04-10 19:04:37,Closed,Pothole,MANHATTAN,nan,40.80297085227577,-73.96386162910126,14.921163134444445,16591.571428571428,6876.0,16,0,41.599998474121094,1,Medium,14,0.0,1.0,0.0,0.0,2026-04-25 17:11:05,0,4,4,1,2026-04-10 19:04:37,0.0
68628023,2026-04-10 19:02:39,2026-04-22 09:11:00,Closed,Pothole,QUEENS,nan,40.74445379340065,-73.92982574105665,14.922528875185186,4959.1547619047615,4660.0,16,0,30.100000381469727,1,Medium,14,0.0,1.0,0.0,0.0,2026-04-25 17:11:05,2,4,4,1,2026-04-22 09:11:00,11.0
68628024,2026-04-10 18:58:49,2026-04-18 09:15:00,Closed,Pothole,QUEENS,nan,40.670403057293704,-73.85628891962003,14.925190912222224,4959.1547619047615,4660.0,4,1,25.0,1,Medium,14,0.17,0.83,0.0,0.0,2026-04-25 17:11:05,2,4,4,1,2026-04-18 09:15:00,7.0
68622393,2026-04-10 18:56:12,2026-04-10 18:56:12,Closed,Pothole,BROOKLYN,nan,40.65794283192471,-73.9368656027231,14.927008041851852,5664.555555555556,6673.0,5,1,24.700000762939453,1,Medium,14,0.286,0.714,0.0,0.0,2026-04-25 17:11:05,1,4,4,1,2026-04-10 18:56:12,0.0
68618446,2026-04-10 18:54:27,2026-04-10 18:54:27,Closed,Pothole,QUEENS,nan,40.761217008162774,-73.8863970016137,14.92822331962963,4959.1547619047615,4660.0,7,0,28.799999237060547,1,Medium,14,0.137,0.862,0.0,0.0,2026-04-25 17:11:05,2,4,4,1,2026-04-10 18:54:27,0.0
68621541,2026-04-10 18:51:20,2026-04-21 08:40:00,Closed,Pothole,QUEENS,nan,40.74891563083155,-73.93739654434637,14.930387671481483,4959.1547619047615,4660.0,27,0,30.299999237060547,1,Medium,14,0.0,1.0,0.0,0.0,2026-04-25 17:11:05,2,4,4,1,2026-04-21 08:40:00,10.0
68626299,2026-04-10 18:40:57,2026-04-10 18:40:57,Closed,Pothole,QUEENS,nan,40.76144509539819,-73.87601487856993,14.93759831962963,4959.1547619047615,4660.0,13,0,30.700000762939453,1,Medium,14,0.001,0.999,0.0,0.0,2026-04-25 17:11:05,2,4,4,1,2026-04-10 18:40:57,0.0
68618447,2026-04-10 18:37:15,2026-04-10 18:37:15,Closed,Pothole,QUEENS,nan,40.74603472114661,-73.93440021822178,14.940167764074076,4959.1547619047615,4660.0,20,0,30.600000381469727,1,Medium,14,0.0,1.0,0.0,0.0,2026-04-25 17:11:05,2,4,4,1,2026-04-10 18:37:15,0.0
68620200,2026-04-10 18:20:42,2026-04-14 15:21:00,Closed,Pothole,QUEENS,nan,40.69515779701562,-73.84539533831932,14.95166081962963,4959.1547619047615,4660.0,4,0,24.100000381469727,0,Low,30,0.903,0.097,0.0,0.0,2026-04-25 17:11:05,2,4,4,1,2026-04-14 15:21:00,3.0
68620195,2026-04-10 18:17:35,,Open,Pothole,STATEN ISLAND,nan,40.59116004041689,-74.09075248004926,14.953825171481483,23788.714285714286,2762.0,3,1,41.5,1,Medium,15,0.585,0.208,0.125,0.083,2026-04-25 17:11:05,4,4,4,1,,
68622872,2026-04-10 18:16:48,,Open,Pothole,STATEN ISLAND,nan,40.61459933638307,-74.1020941245498,14.954369152962965,23788.714285714286,2762.0,2,1,38.9,1,Medium,15,0.611,0.194,0.117,0.078,2026-04-25 17:11:05,4,4,4,1,,
68625474,2026-04-10 18:02:30,2026-04-11 10:55:00,Closed,Pothole,BROOKLYN,nan,40.62856535018501,-74.02897564670356,14.964299708518519,5664.555555555556,6673.0,7,0,29.600000381469727,1,Medium,14,0.107,0.893,0.0,0.0,2026-04-25 17:11:05,1,4,4,1,2026-04-11 10:55:00,0.0
68624214,2026-04-10 18:02:29,2026-04-15 21:48:00,Closed,Pothole,QUEENS,nan,40.736752343034745,-73.8776701929152,14.964311282592593,4959.1547619047615,4660.0,18,0,30.899999618530273,1,Medium,14,0.001,0.999,0.0,0.0,2026-04-25 17:11:05,2,4,4,1,2026-04-15 21:48:00,5.0
68626726,2026-04-10 17:59:54,,Pending,Pothole,QUEENS,nan,40.70695266394977,-73.83784412689718,14.966105264074075,4959.1547619047615,4660.0,9,1,30.200000762939453,1,Medium,14,0.004,0.996,0.0,0.0,2026-04-25 17:11:05,2,4,4,1,,
68626713,2026-04-10 17:57:47,,Open,Pothole,STATEN ISLAND,nan,40.606357661544365,-74.12092042574687,14.967575171481483,23788.714285714286,2762.0,3,1,41.5,1,Medium,15,0.585,0.208,0.125,0.083,2026-04-25 17:11:05,4,4,4,1,,
68620201,2026-04-10 17:56:04,,Pending,Pothole,QUEENS,nan,40.684748761092095,-73.83111952994496,14.968767301111113,4959.1547619047615,4660.0,13,1,33.0,1,Medium,14,0.0,1.0,0.0,0.0,2026-04-25 17:11:05,2,4,4,1,,
68626300,2026-04-10 17:54:11,2026-04-10 17:54:11,Closed,Pothole,QUEENS,nan,40.69212936228362,-73.83483307985836,14.970075171481483,4959.1547619047615,4660.0,6,0,25.5,0,Low,30,0.811,0.189,0.0,0.0,2026-04-25 17:11:05,2,4,4,1,2026-04-10 17:54:11,0.0
68627997,2026-04-10 17:50:28,,Open,Pothole,MANHATTAN,nan,40.79736776946652,-73.96052382309323,14.97265619,16591.571428571428,6876.0,6,1,40.9,1,Medium,8,0.591,0.205,0.123,0.082,2026-04-25 17:11:05,0,4,4,1,,
68623726,2026-04-10 17:39:35,2026-04-10 17:39:35,Closed,Pothole,MANHATTAN,nan,40.79236257545369,-73.9641743612929,14.980214060370372,16591.571428571428,6876.0,13,0,41.70000076293945,1,Medium,14,0.0,1.0,0.0,0.0,2026-04-25 17:11:05,0,4,4,1,2026-04-10 17:39:35,0.0
68618429,2026-04-10 17:37:42,2026-04-10 17:37:42,Closed,Pothole,MANHATTAN,nan,40.79236257545369,-73.9641743612929,14.981521930740742,16591.571428571428,6876.0,13,0,41.70000076293945,1,Medium,14,0.0,1.0,0.0,0.0,2026-04-25 17:11:05,0,4,4,1,2026-04-10 17:37:42,0.0
68621522,2026-04-10 17:33:34,2026-04-11 15:09:00,Closed,Pothole,BROOKLYN,nan,40.59570850575166,-73.96506125122185,14.984392301111113,5664.555555555556,6673.0,8,0,27.0,1,Medium,14,0.005,0.995,0.0,0.0,2026-04-25 17:11:05,1,4,4,1,2026-04-11 15:09:00,0.0
68623740,2026-04-10 17:27:28,2026-04-10 17:27:28,Closed,Pothole,QUEENS,nan,40.69131490562682,-73.86720965298079,14.988628412222223,4959.1547619047615,4660.0,6,0,25.5,0,Low,30,0.754,0.246,0.0,0.0,2026-04-25 17:11:05,2,4,4,1,2026-04-10 17:27:28,0.0
68618435,2026-04-10 17:26:41,2026-04-10 17:26:41,Closed,Pothole,BRONX,nan,40.85301827223642,-73.85121686739964,14.989172393703704,6677.6,6655.5,7,0,28.299999237060547,0,Low,30,0.566,0.434,0.0,0.0,2026-04-25 17:11:05,3,4,4,1,2026-04-10 17:26:41,0.0
68618449,2026-04-10 17:22:43,2026-04-10 17:22:43,Closed,Pothole,QUEENS,nan,40.7590540604679,-73.79502225980788,14.991927023333334,4959.1547619047615,4660.0,5,1,24.5,1,Medium,14,0.365,0.635,0.0,0.0,2026-04-25 17:11:05,2,4,4,1,2026-04-10 17:22:43,0.0
68621523,2026-04-10 17:17:59,2026-04-21 14:42:00,Closed,Pothole,BROOKLYN,nan,40.67659712477811,-73.89037706677782,14.99521406037037,5664.555555555556,6673.0,27,1,30.100000381469727,1,Medium,14,0.0,1.0,0.0,0.0,2026-04-25 17:11:05,1,4,4,1,2026-04-21 14:42:00,10.0
68621092,2026-04-10 17:08:11,2026-04-10 17:08:11,Closed,Pothole,QUEENS,nan,40.724435644856605,-73.86929389395314,15.002019615925928,4959.1547619047615,4660.0,6,0,25.399999618530273,1,Medium,14,0.192,0.808,0.0,0.0,2026-04-25 17:11:05,2,4,4,1,2026-04-10 17:08:11,0.0
68621093,2026-04-10 17:06:06,2026-04-10 17:06:06,Closed,Pothole,QUEENS,nan,40.72792341486303,-73.87100083747289,15.003466375185186,4959.1547619047615,4660.0,7,0,26.5,1,Medium,14,0.313,0.687,0.0,0.0,2026-04-25 17:11:05,2,4,4,1,2026-04-10 17:06:06,0.0
68627998,2026-04-10 17:04:23,2026-04-19 00:40:00,Closed,Pothole,MANHATTAN,nan,40.720628627339245,-74.00520932860381,15.004658504814817,16591.571428571428,6876.0,36,1,40.0,1,Medium,14,0.0,1.0,0.0,0.0,2026-04-25 17:11:05,0,4,4,1,2026-04-19 00:40:00,8.0
68624203,2026-04-10 16:53:50,,Open,Pothole,BRONX,nan,40.821069345346714,-73.89893315538531,15.011984893703705,6677.6,6655.5,20,1,53.0,2,High,15,0.47,0.265,0.159,0.106,2026-04-25 17:11:05,3,4,4,1,,
68625024,2026-04-10 16:53:38,2026-04-10 16:53:38,Closed,Pothole,QUEENS,nan,40.70501926897067,-73.87943080024438,15.012123782592594,4959.1547619047615,4660.0,7,1,27.200000762939453,1,Medium,14,0.173,0.827,0.0,0.0,2026-04-25 17:11:05,2,4,4,1,2026-04-10 16:53:38,0.0
68621535,2026-04-10 16:51:05,,Open,Pothole,STATEN ISLAND,nan,40.59612702995344,-74.11078712558009,15.013894615925928,23788.714285714286,2762.0,6,1,49.6,1,Medium,15,0.504,0.248,0.149,0.099,2026-04-25 17:11:05,4,4,4,1,,
68622856,2026-04-10 16:45:29,2026-04-18 17:55:00,Closed,Pothole,BROOKLYN,nan,40.67649620893194,-73.91369555802885,15.017783504814815,5664.555555555556,6673.0,15,1,32.400001525878906,1,Medium,14,0.001,0.999,0.0,0.0,2026-04-25 17:11:05,1,4,4,1,2026-04-18 17:55:00,8.0
68624216,2026-04-10 16:42:58,2026-04-18 10:17:00,Closed,Pothole,QUEENS,nan,40.7719846484986,-73.91889707891568,15.01953119,4959.1547619047615,4660.0,36,1,30.0,1,Medium,14,0.0,0.999,0.0,0.0,2026-04-25 17:11:05,2,4,4,1,2026-04-18 10:17:00,7.0
68624210,2026-04-10 16:41:44,2026-04-12 03:43:00,Closed,Pothole,STATEN ISLAND,nan,40.57794507789668,-74.10231528539454,15.020387671481483,23788.714285714286,2762.0,24,0,41.79999923706055,1,Medium,14,0.0,1.0,0.0,0.0,2026-04-25 17:11:05,4,4,4,1,2026-04-12 03:43:00,1.0
68625483,2026-04-10 16:39:21,2026-04-18 08:30:00,Closed,Pothole,STATEN ISLAND,nan,40.58138936254942,-74.10877545103523,15.022042764074076,23788.714285714286,2762.0,9,1,41.70000076293945,1,Medium,14,0.0,1.0,0.0,0.0,2026-04-25 17:11:05,4,4,4,1,2026-04-18 08:30:00,7.0
68625025,2026-04-10 16:19:35,2026-04-10 16:19:35,Closed,Pothole,QUEENS,nan,40.68424002310187,-73.84609489919268,15.035769615925927,4959.1547619047615,4660.0,14,0,32.400001525878906,1,Medium,14,0.0,1.0,0.0,0.0,2026-04-25 17:11:05,2,4,4,1,2026-04-10 16:19:35,0.0
68624206,2026-04-10 16:19:00,2026-04-14 10:12:00,Closed,Pothole,BRONX,nan,40.84317496421008,-73.91194689088798,15.03617470851852,6677.6,6655.5,12,1,33.70000076293945,1,Medium,14,0.001,0.999,0.0,0.0,2026-04-25 17:11:05,3,4,4,1,2026-04-14 10:12:00,3.0
68621094,2026-04-10 16:18:07,2026-04-10 16:18:07,Closed,Pothole,QUEENS,nan,40.740426999845056,-73.89670264803654,15.036788134444446,4959.1547619047615,4660.0,27,0,31.700000762939453,1,Medium,14,0.0,1.0,0.0,0.0,2026-04-25 17:11:05,2,4,4,1,2026-04-10 16:18:07,0.0
68628029,2026-04-10 16:12:42,2026-04-14 15:21:00,Closed,Pothole,QUEENS,nan,40.68623957380662,-73.83905914257357,15.040549708518519,4959.1547619047615,4660.0,6,0,25.100000381469727,0,Low,30,0.858,0.142,0.0,0.0,2026-04-25 17:11:05,2,4,4,1,2026-04-14 15:21:00,3.0
68624207,2026-04-10 16:12:16,,Open,Pothole,BRONX,nan,40.82200263686677,-73.82014154701345,15.040850634444446,6677.6,6655.5,9,1,37.0,1,Medium,15,0.63,0.185,0.111,0.074,2026-04-25 17:11:05,3,4,4,1,,
68625478,2026-04-10 16:09:45,,Open,Pothole,BRONX,nan,40.82435222767272,-73.82021107342064,15.042598319629631,6677.6,6655.5,11,1,42.4,1,Medium,15,0.576,0.212,0.127,0.085,2026-04-25 17:11:05,3,4,4,1,,
68621542,2026-04-10 16:03:07,2026-04-18 13:45:00,Closed,Pothole,QUEENS,nan,40.72388881244898,-73.84654449796727,15.047204801111112,4959.1547619047615,4660.0,19,1,31.399999618530273,1,Medium,14,0.001,0.999,0.0,0.0,2026-04-25 17:11:05,2,4,4,1,2026-04-18 13:45:00,7.0
68625488,2026-04-10 15:58:48,2026-04-20 19:55:00,Closed,Pothole,QUEENS,nan,40.75406271427072,-73.89957261758863,15.050202486296298,4959.1547619047615,4660.0,17,0,32.099998474121094,1,Medium,14,0.0,1.0,0.0,0.0,2026-04-25 17:11:05,2,4,4,1,2026-04-20 19:55:00,10.0
68621525,2026-04-10 15:58:24,,Open,Pothole,BRONX,nan,40.8318203473289,-73.85732428064753,15.050480264074075,6677.6,6655.5,15,1,53.0,2,High,15,0.47,0.265,0.159,0.106,2026-04-25 17:11:05,3,4,4,1,,
68637483,2026-04-10 15:57:47,2026-04-11 14:15:00,Closed,Pothole,QUEENS,LINDEN BOULEVARD,40.68464347707175,-73.79970755235794,15.050908504814815,4959.1547619047615,29111.0,12,0,36.400001525878906,1,Medium,14,0.0,1.0,0.0,0.0,2026-04-25 17:11:05,2,4,4,1,2026-04-11 14:15:00,0.0
68626730,2026-04-10 15:57:13,2026-04-20 23:54:00,Closed,Pothole,QUEENS,nan,40.75399198425718,-73.90030181847571,15.051302023333335,4959.1547619047615,4660.0,12,0,31.0,1,Medium,14,0.002,0.997,0.0,0.0,2026-04-25 17:11:05,2,4,4,1,2026-04-20 23:54:00,10.0
68626301,2026-04-10 15:54:52,2026-04-10 15:54:52,Closed,Pothole,QUEENS,nan,40.753902194423326,-73.90121512412604,15.05293396777778,4959.1547619047615,4660.0,9,0,30.299999237060547,1,Medium,14,0.005,0.995,0.0,0.0,2026-04-25 17:11:05,2,4,4,1,2026-04-10 15:54:52,0.0
68637484,2026-04-10 15:52:34,2026-04-11 13:26:00,Closed,Pothole,QUEENS,nan,40.75875504835387,-73.73941297304661,15.05453119,4959.1547619047615,4660.0,15,1,33.20000076293945,1,Medium,14,0.001,0.999,0.0,0.0,2026-04-25 17:11:05,2,4,4,1,2026-04-11 13:26:00,0.0
68623727,2026-04-10 15:48:50,2026-04-10 15:48:50,Closed,Pothole,MANHATTAN,nan,40.86795092389553,-73.92700182445367,15.057123782592594,16591.571428571428,6876.0,7,1,36.29999923706055,1,Medium,14,0.001,0.998,0.0,0.0,2026-04-25 17:11:05,0,4,4,1,2026-04-10 15:48:50,0.0
68635012,2026-04-10 15:47:18,2026-04-11 12:20:00,Closed,Pothole,BROOKLYN,nan,40.62809681878341,-73.99574176633654,15.058188597407408,5664.555555555556,6673.0,11,0,30.899999618530273,1,Medium,14,0.001,0.999,0.0,0.0,2026-04-25 17:11:05,1,4,4,1,2026-04-11 12:20:00,0.0
68628884,2026-04-10 15:40:36,2026-04-11 07:40:00,Closed,Pothole,BROOKLYN,nan,40.64729773629771,-73.98029189341415,15.062841375185187,5664.555555555556,6673.0,9,0,30.0,1,Medium,14,0.002,0.998,0.0,0.0,2026-04-25 17:11:05,1,4,4,1,2026-04-11 07:40:00,0.0
68618913,2026-04-10 15:39:04,,Open,Pothole,BRONX,nan,40.86553149637487,-73.86237140808568,15.06390619,6677.6,6655.5,10,0,39.7,1,Medium,15,0.603,0.199,0.119,0.079,2026-04-25 17:11:05,3,4,4,1,,
68625489,2026-04-10 15:37:48,2026-04-22 10:06:00,Closed,Pothole,QUEENS,nan,40.74380799475082,-73.92425800481875,15.06478581962963,4959.1547619047615,4660.0,9,0,28.299999237060547,1,Medium,14,0.003,0.997,0.0,0.0,2026-04-25 17:11:05,2,4,4,1,2026-04-22 10:06:00,11.0
68637485,2026-04-10 15:34:07,2026-04-11 11:36:00,Closed,Pothole,QUEENS,BEACH CHANNEL DRIVE,40.59955619207154,-73.76421169445064,15.067343690000001,4959.1547619047615,4660.0,6,0,25.899999618530273,1,Medium,14,0.059,0.941,0.0,0.0,2026-04-25 17:11:05,2,4,4,1,2026-04-11 11:36:00,0.0
68619748,2026-04-10 15:32:37,2026-04-10 15:32:37,Closed,Pothole,STATEN ISLAND,nan,40.535457209817274,-74.15261991289623,15.068385356666669,23788.714285714286,2762.0,4,0,37.5,1,Medium,14,0.001,0.999,0.0,0.0,2026-04-25 17:11:05,4,4,4,1,2026-04-10 15:32:37,0.0
68621526,2026-04-10 15:25:36,,Open,Pothole,BRONX,nan,40.866153551197826,-73.86154217866465,15.073258041851853,6677.6,6655.5,8,0,34.4,1,Medium,15,0.656,0.172,0.103,0.069,2026-04-25 17:11:05,3,4,4,1,,
68626716,2026-04-10 15:21:12,,Open,Pothole,STATEN ISLAND,nan,40.61612983868376,-74.16456464977226,15.076313597407408,23788.714285714286,2762.0,2,1,38.9,1,Medium,15,0.611,0.195,0.117,0.078,2026-04-25 17:11:05,4,4,4,1,,
68622862,2026-04-10 15:19:03,,Open,Pothole,BRONX,nan,40.88649475603563,-73.90869608102625,15.077806652962964,6677.6,6655.5,14,1,50.4,2,High,15,0.496,0.252,0.151,0.101,2026-04-25 17:11:05,3,4,4,1,,
68631231,2026-04-10 15:09:44,2026-04-11 14:30:00,Closed,Pothole,QUEENS,nan,40.74530813046468,-73.90752180062752,15.084276560370371,4959.1547619047615,4660.0,7,0,28.200000762939453,1,Medium,14,0.072,0.928,0.0,0.0,2026-04-25 17:11:05,2,4,4,1,2026-04-11 14:30:00,0.0
68636277,2026-04-10 15:09:21,2026-04-11 11:35:00,Closed,Pothole,QUEENS,nan,40.74036378593341,-73.89971235121284,15.084542764074076,4959.1547619047615,4660.0,35,1,30.299999237060547,1,Medium,14,0.0,1.0,0.0,0.0,2026-04-25 17:11:05,2,4,4,1,2026-04-11 11:35:00,0.0
68625475,2026-04-10 15:05:32,2026-04-22 13:01:00,Closed,Pothole,BROOKLYN,nan,40.6988063776396,-73.91836580203518,15.087193227037039,5664.555555555556,6673.0,21,0,31.5,1,Medium,14,0.0,1.0,0.0,0.0,2026-04-25 17:11:05,1,4,4,1,2026-04-22 13:01:00,11.0
68633767,2026-04-10 14:51:06,2026-04-11 12:50:00,Closed,Pothole,QUEENS,nan,40.596538061032845,-73.76747394391735,15.097216375185186,4959.1547619047615,4660.0,10,0,29.399999618530273,1,Medium,14,0.001,0.999,0.0,0.0,2026-04-25 17:11:05,2,4,4,1,2026-04-11 12:50:00,0.0
68631232,2026-04-10 14:50:33,2026-04-11 11:43:00,Closed,Pothole,QUEENS,BEACH CHANNEL DRIVE,40.59957813559521,-73.7642044148772,15.09759831962963,4959.1547619047615,4660.0,6,0,25.299999237060547,1,Medium,14,0.059,0.941,0.0,0.0,2026-04-25 17:11:05,2,4,4,1,2026-04-11 11:43:00,0.0
68621073,2026-04-10 14:48:42,2026-04-10 14:48:42,Closed,Pothole,MANHATTAN,nan,40.77165784559385,-73.95318842529461,15.098883041851852,16591.571428571428,6876.0,16,0,40.79999923706055,1,Medium,14,0.0,1.0,0.0,0.0,2026-04-25 17:11:05,0,4,4,1,2026-04-10 14:48:42,0.0
68623728,2026-04-10 14:39:20,2026-04-10 14:39:20,Closed,Pothole,MANHATTAN,nan,40.80297085227577,-73.96386162910126,15.105387671481482,16591.571428571428,6876.0,16,0,41.0,1,Medium,14,0.0,1.0,0.0,0.0,2026-04-25 17:11:05,0,4,4,1,2026-04-10 14:39:20,0.0
68620183,2026-04-10 14:17:25,,Open,Pothole,MANHATTAN,nan,40.84019455451638,-73.94306422041075,15.12060757888889,16591.571428571428,6876.0,25,1,65.0,2,High,8,0.35,0.325,0.195,0.13,2026-04-25 17:11:05,0,4,4,1,,
68637487,2026-04-10 14:09:15,2026-04-11 13:40:00,Closed,Pothole,QUEENS,123 STREET,40.78773468886761,-73.84468924050502,15.126278875185186,4959.1547619047615,4660.0,9,0,30.600000381469727,1,Medium,14,0.013,0.987,0.0,0.0,2026-04-25 17:11:05,2,4,4,1,2026-04-11 13:40:00,0.0
68621096,2026-04-10 14:05:34,2026-04-10 14:05:34,Closed,Pothole,QUEENS,nan,40.761265587233325,-73.87499725675143,15.128836745555557,4959.1547619047615,4660.0,13,0,31.899999618530273,1,Medium,14,0.001,0.999,0.0,0.0,2026-04-25 17:11:05,2,4,4,1,2026-04-10 14:05:34,0.0
68628007,2026-04-10 14:03:57,2026-04-18 14:55:00,Closed,Pothole,BROOKLYN,nan,40.65413345856589,-73.91232974956823,15.129959430740742,5664.555555555556,6673.0,33,0,32.70000076293945,1,Medium,14,0.0,1.0,0.0,0.0,2026-04-25 17:11:05,1,4,4,1,2026-04-18 14:55:00,8.0
68624218,2026-04-10 13:56:19,2026-04-18 13:52:00,Closed,Pothole,QUEENS,nan,40.71714314761746,-73.88504360047885,15.135260356666668,4959.1547619047615,4660.0,4,0,23.200000762939453,0,Low,30,0.825,0.175,0.0,0.0,2026-04-25 17:11:05,2,4,4,1,2026-04-18 13:52:00,7.0
68635003,2026-04-10 13:55:10,2026-04-11 12:42:00,Closed,Pothole,QUEENS,77 AVENUE,40.73856264473488,-73.74841229368886,15.136058967777778,4959.1547619047615,4660.0,3,1,19.0,0,Low,30,0.969,0.031,0.0,0.0,2026-04-25 17:11:05,2,4,4,1,2026-04-11 12:42:00,0.0
68630047,2026-04-10 13:51:44,2026-04-11 11:34:00,Closed,Pothole,QUEENS,nan,40.734943274847225,-73.75138842149539,15.138443227037039,4959.1547619047615,4660.0,0,1,17.5,0,Low,30,0.999,0.001,0.0,0.0,2026-04-25 17:11:05,2,4,4,0,2026-04-11 11:34:00,0.0
68619739,2026-04-10 13:50:00,2026-04-10 13:50:00,Closed,Pothole,MANHATTAN,nan,40.86795092389553,-73.92700182445367,15.139646930740742,16591.571428571428,6876.0,7,1,36.70000076293945,1,Medium,14,0.001,0.998,0.0,0.0,2026-04-25 17:11:05,0,4,4,1,2026-04-10 13:50:00,0.0
68636751,2026-04-10 13:48:49,2026-04-11 13:48:49,Closed,Pothole,QUEENS,nan,40.734943274847225,-73.75138842149539,15.14046869,4959.1547619047615,4660.0,0,1,16.799999237060547,0,Low,30,0.999,0.001,0.0,0.0,2026-04-25 17:11:05,2,4,4,0,2026-04-11 13:48:49,1.0
68621089,2026-04-10 13:40:04,2026-04-10 13:40:04,Closed,Pothole,STATEN ISLAND,nan,40.576502824266896,-74.10368819441264,15.14654507888889,23788.714285714286,2762.0,24,0,41.79999923706055,1,Medium,14,0.0,1.0,0.0,0.0,2026-04-25 17:11:05,4,4,4,1,2026-04-10 13:40:04,0.0
68618932,2026-04-10 13:37:09,2026-04-11 11:56:00,Closed,Pothole,QUEENS,nan,40.736129683722154,-73.75554811360713,15.148570541851853,4959.1547619047615,4660.0,0,0,17.399999618530273,0,Low,30,0.996,0.004,0.0,0.0,2026-04-25 17:11:05,2,4,4,0,2026-04-11 11:56:00,0.0
68623744,2026-04-10 13:27:58,2026-04-10 13:27:58,Closed,Pothole,QUEENS,nan,40.702166885662926,-73.79239125419967,15.154947856666668,4959.1547619047615,4660.0,11,0,29.899999618530273,1,Medium,14,0.001,0.999,0.0,0.0,2026-04-25 17:11:05,2,4,4,1,2026-04-10 13:27:58,0.0
68628008,2026-04-10 13:20:42,,Open,Pothole,BROOKLYN,nan,40.66236972279966,-73.92685554676966,15.159994152962964,5664.555555555556,6673.0,4,0,22.5,0,Low,15,0.775,0.113,0.068,0.045,2026-04-25 17:11:05,1,4,4,1,,
68634259,2026-04-10 13:17:34,2026-04-11 13:17:34,Closed,Pothole,QUEENS,80 STREET,40.76370328118182,-73.88873197890942,15.16217007888889,4959.1547619047615,4660.0,5,0,26.600000381469727,1,Medium,14,0.171,0.829,0.0,0.0,2026-04-25 17:11:05,2,4,4,1,2026-04-11 13:17:34,1.0
68626302,2026-04-10 13:11:20,2026-04-10 13:11:20,Closed,Pothole,QUEENS,nan,40.75787299906427,-73.78849613580287,15.166498782592594,4959.1547619047615,4660.0,5,1,26.0,1,Medium,14,0.056,0.944,0.0,0.0,2026-04-25 17:11:05,2,4,4,1,2026-04-10 13:11:20,0.0
68621099,2026-04-10 13:10:27,2026-04-10 13:10:27,Closed,Pothole,QUEENS,nan,40.680132124818265,-73.84686872082064,15.16711220851852,4959.1547619047615,4660.0,6,0,25.299999237060547,1,Medium,14,0.171,0.829,0.0,0.0,2026-04-25 17:11:05,2,4,4,1,2026-04-10 13:10:27,0.0
68622858,2026-04-10 13:09:37,2026-04-11 12:05:00,Closed,Pothole,BROOKLYN,BROADWAY,40.68649770568062,-73.91679795831946,15.167690912222223,5664.555555555556,13110.0,17,1,34.400001525878906,1,Medium,14,0.001,0.999,0.0,0.0,2026-04-25 17:11:05,1,4,4,1,2026-04-11 12:05:00,0.0
68622395,2026-04-10 13:07:31,2026-04-10 13:07:31,Closed,Pothole,BROOKLYN,nan,40.64524579781248,-73.93261468411333,15.169149245555557,5664.555555555556,6673.0,11,0,30.899999618530273,1,Medium,14,0.001,0.999,0.0,0.0,2026-04-25 17:11:05,1,4,4,1,2026-04-10 13:07:31,0.0
68625028,2026-04-10 13:01:12,2026-04-10 13:01:12,Closed,Pothole,QUEENS,nan,40.74603472114661,-73.93440021822178,15.173535819629631,4959.1547619047615,4660.0,20,0,30.799999237060547,1,Medium,14,0.0,1.0,0.0,0.0,2026-04-25 17:11:05,2,4,4,1,2026-04-10 13:01:12,0.0
68622863,2026-04-10 12:58:57,,Open,Pothole,BRONX,nan,40.826088625277485,-73.86120640477621,15.175098319629631,6677.6,6655.5,29,1,53.1,2,High,15,0.469,0.265,0.159,0.106,2026-04-25 17:11:05,3,4,4,1,,
68622859,2026-04-10 12:58:18,2026-04-14 09:20:00,Closed,Pothole,BROOKLYN,nan,40.68992188413782,-73.98351018760692,15.17554970851852,5664.555555555556,6673.0,40,1,31.399999618530273,1,Medium,14,0.015,0.985,0.0,0.0,2026-04-25 17:11:05,1,4,4,1,2026-04-14 09:20:00,3.0
68622865,2026-04-10 12:55:06,,Open,Pothole,BRONX,nan,40.82588092362784,-73.85744180102265,15.177771930740741,6677.6,6655.5,28,1,53.1,2,High,15,0.469,0.265,0.159,0.106,2026-04-25 17:11:05,3,4,4,1,,
68625017,2026-04-10 12:53:57,2026-04-10 12:53:57,Closed,Pothole,BROOKLYN,nan,40.68485686852235,-73.97804169469934,15.178570541851853,5664.555555555556,6673.0,47,1,31.0,1,Medium,14,0.022,0.977,0.0,0.0,2026-04-25 17:11:05,1,4,4,1,2026-04-10 12:53:57,0.0
68622860,2026-04-10 12:50:39,2026-04-18 09:30:00,Closed,Pothole,BROOKLYN,nan,40.69014428921757,-73.98406905004947,15.18086220851852,5664.555555555556,6673.0,25,1,33.0,1,Medium,14,0.051,0.949,0.0,0.0,2026-04-25 17:11:05,1,4,4,1,2026-04-18 09:30:00,7.0
68621524,2026-04-10 12:42:41,2026-04-13 10:50:00,Closed,Pothole,BROOKLYN,nan,40.666707724973726,-73.87182213600836,15.186394615925927,5664.555555555556,6673.0,15,1,32.400001525878906,1,Medium,14,0.005,0.995,0.0,0.0,2026-04-25 17:11:05,1,4,4,1,2026-04-13 10:50:00,2.0
68626735,2026-04-10 12:40:16,2026-04-18 12:41:00,Closed,Pothole,QUEENS,nan,40.74186298555622,-73.78413709347015,15.188072856666668,4959.1547619047615,4660.0,12,1,28.399999618530273,0,Low,30,0.719,0.28,0.0,0.0,2026-04-25 17:11:05,2,4,4,1,2026-04-18 12:41:00,8.0
68626736,2026-04-10 12:37:17,2026-04-18 09:15:00,Closed,Pothole,QUEENS,nan,40.73193070813031,-73.80795445692593,15.190144615925927,4959.1547619047615,4660.0,2,1,22.100000381469727,0,Low,30,0.991,0.009,0.0,0.0,2026-04-25 17:11:05,2,4,4,1,2026-04-18 09:15:00,7.0
68619744,2026-04-10 12:32:44,2026-04-10 12:32:44,Closed,Pothole,BROOKLYN,nan,40.69219491584677,-73.98627184435122,15.193304338148149,5664.555555555556,6673.0,21,1,29.299999237060547,0,Low,30,0.713,0.287,0.0,0.0,2026-04-25 17:11:05,1,4,4,1,2026-04-10 12:32:44,0.0
68618923,2026-04-10 12:27:34,,Open,Pothole,STATEN ISLAND,RICHMOND AVENUE,40.58243362208295,-74.16905015973944,15.196892301111113,23788.714285714286,75120.0,12,1,65.6,2,High,15,0.344,0.328,0.197,0.131,2026-04-25 17:11:05,4,4,4,1,,
68622882,2026-04-10 12:24:22,2026-04-15 21:25:00,Closed,Pothole,QUEENS,nan,40.68991733376831,-73.77789394110152,15.199114523333334,4959.1547619047615,4660.0,7,1,29.200000762939453,1,Medium,14,0.146,0.854,0.0,0.0,2026-04-25 17:11:05,2,4,4,1,2026-04-15 21:25:00,5.0
68623745,2026-04-10 12:21:36,2026-04-10 12:21:36,Closed,Pothole,QUEENS,nan,40.69165179668416,-73.77919714574149,15.201035819629631,4959.1547619047615,4660.0,11,1,31.299999237060547,1,Medium,14,0.048,0.952,0.0,0.0,2026-04-25 17:11:05,2,4,4,1,2026-04-10 12:21:36,0.0
68631241,2026-04-10 12:20:50,2026-04-11 07:55:00,Closed,Pothole,BROOKLYN,nan,40.631581792884546,-73.94754388879824,15.201568227037038,5664.555555555556,6673.0,23,1,29.200000762939453,1,Medium,14,0.013,0.987,0.0,0.0,2026-04-25 17:11:05,1,4,4,1,2026-04-11 07:55:00,0.0
68620197,2026-04-10 12:20:41,2026-04-11 13:55:00,Closed,Pothole,STATEN ISLAND,nan,40.62604682697418,-74.15667809539852,15.201672393703705,23788.714285714286,2762.0,13,0,39.099998474121094,1,Medium,14,0.0,1.0,0.0,0.0,2026-04-25 17:11:05,4,4,4,1,2026-04-11 13:55:00,1.0
68625019,2026-04-10 12:15:53,2026-04-10 12:15:53,Closed,Pothole,BROOKLYN,nan,40.69223346061907,-73.98729955552464,15.205005727037038,5664.555555555556,6673.0,33,1,30.299999237060547,1,Medium,14,0.206,0.794,0.0,0.0,2026-04-25 17:11:05,1,4,4,1,2026-04-10 12:15:53,0.0
68626282,2026-04-10 12:14:09,2026-04-10 12:14:09,Closed,Pothole,MANHATTAN,nan,40.73736073291079,-73.99683897658859,15.206209430740742,16591.571428571428,6876.0,14,0,39.599998474121094,1,Medium,14,0.0,1.0,0.0,0.0,2026-04-25 17:11:05,0,4,4,1,2026-04-10 12:14:09,0.0
68628035,2026-04-10 12:14:00,,Pending,Pothole,QUEENS,nan,40.76562140808448,-73.7811359763759,15.206313597407409,4959.1547619047615,4660.0,11,1,31.600000381469727,1,Medium,14,0.004,0.996,0.0,0.0,2026-04-25 17:11:05,2,4,4,1,,
68622398,2026-04-10 12:08:48,2026-04-10 12:08:48,Closed,Pothole,BROOKLYN,nan,40.69223346061907,-73.98729955552464,15.20992470851852,5664.555555555556,6673.0,33,1,30.600000381469727,1,Medium,14,0.01,0.99,0.0,0.0,2026-04-25 17:11:05,1,4,4,1,2026-04-10 12:08:48,0.0
68620204,2026-04-10 12:07:15,2026-04-15 23:11:00,Closed,Pothole,QUEENS,nan,40.67699930248896,-73.81964212203187,15.211001097407408,4959.1547619047615,4660.0,12,0,31.0,1,Medium,14,0.0,1.0,0.0,0.0,2026-04-25 17:11:05,2,4,4,1,2026-04-15 23:11:00,5.0
68626305,2026-04-10 12:06:56,2026-04-10 12:06:56,Closed,Pothole,QUEENS,nan,40.72792341486303,-73.87100083747289,15.211221004814815,4959.1547619047615,4660.0,7,0,26.600000381469727,1,Medium,14,0.251,0.749,0.0,0.0,2026-04-25 17:11:05,2,4,4,1,2026-04-10 12:06:56,0.0
68624222,2026-04-10 12:06:36,2026-04-18 04:45:00,Closed,Pothole,QUEENS,nan,40.773055701972986,-73.84460072089358,15.211452486296297,4959.1547619047615,4660.0,10,1,30.899999618530273,1,Medium,14,0.001,0.999,0.0,0.0,2026-04-25 17:11:05,2,4,4,1,2026-04-18 04:45:00,7.0
68625470,2026-04-10 12:06:16,,Open,Pothole,MANHATTAN,WEST  106 STREET,40.80226448576906,-73.97004574443737,15.211683967777779,16591.571428571428,6876.0,7,1,43.6,1,Medium,8,0.564,0.218,0.131,0.087,2026-04-25 17:11:05,0,4,4,1,,
68618917,2026-04-10 12:04:58,2026-04-16 20:45:00,Closed,Pothole,BROOKLYN,nan,40.65378153969385,-74.01563034650034,15.212586745555557,5664.555555555556,6673.0,2,0,23.200000762939453,0,Low,30,0.998,0.002,0.0,0.0,2026-04-25 17:11:05,1,4,4,1,2026-04-16 20:45:00,6.0
68628000,2026-04-10 12:04:02,,Open,Pothole,MANHATTAN,nan,40.76552015180097,-73.98003670045067,15.213234893703705,16591.571428571428,6876.0,27,0,65.0,2,High,8,0.35,0.325,0.195,0.13,2026-04-25 17:11:05,0,4,4,1,,
68637965,2026-04-10 12:01:44,2026-04-21 14:42:00,Closed,Pothole,BROOKLYN,nan,40.61578101918616,-73.99994236956995,15.214832115925928,5664.555555555556,6673.0,16,1,31.700000762939453,1,Medium,14,0.015,0.985,0.0,0.0,2026-04-25 17:11:05,1,4,4,1,2026-04-21 14:42:00,11.0
68623746,2026-04-10 12:01:41,2026-04-10 12:01:41,Closed,Pothole,QUEENS,nan,40.74603472114661,-73.93440021822178,15.214866838148149,4959.1547619047615,4660.0,20,0,30.5,1,Medium,14,0.0,1.0,0.0,0.0,2026-04-25 17:11:05,2,4,4,1,2026-04-10 12:01:41,0.0
68619754,2026-04-10 12:00:57,2026-04-10 12:00:57,Closed,Pothole,QUEENS,nan,40.69091679076116,-73.72817863918132,15.21537609740741,4959.1547619047615,4660.0,43,1,33.599998474121094,1,Medium,14,0.0,1.0,0.0,0.0,2026-04-25 17:11:05,2,4,4,1,2026-04-10 12:00:57,0.0
68622384,2026-04-10 11:59:46,2026-04-10 11:59:46,Closed,Pothole,MANHATTAN,AVENUE A,40.72242298861693,-73.98618624907375,15.216197856666668,16591.571428571428,12784.0,36,0,38.0,1,Medium,14,0.0,1.0,0.0,0.0,2026-04-25 17:11:05,0,4,4,1,2026-04-10 11:59:46,0.0
68628890,2026-04-10 11:59:35,2026-04-11 08:37:00,Closed,Pothole,BROOKLYN,BELT PARKWAY,40.600953228782586,-74.00967616099794,15.216325171481483,5664.555555555556,6673.0,6,1,29.700000762939453,1,Medium,14,0.081,0.919,0.0,0.0,2026-04-25 17:11:05,1,4,4,1,2026-04-11 08:37:00,0.0
68650945,2026-04-10 11:55:10,2026-04-11 13:15:00,Closed,Pothole,QUEENS,nan,40.75322682470155,-73.9467081849748,15.219392301111112,4959.1547619047615,4660.0,10,1,31.200000762939453,1,Medium,14,0.003,0.997,0.0,0.0,2026-04-25 17:11:05,2,4,4,1,2026-04-11 13:15:00,1.0
68656944,2026-04-10 11:53:39,2026-04-13 21:15:00,Closed,Pothole,QUEENS,nan,40.75416125406995,-73.949403647964,15.220445541851854,4959.1547619047615,4660.0,4,1,23.399999618530273,0,Low,30,0.964,0.036,0.0,0.0,2026-04-25 17:11:05,2,4,4,1,2026-04-13 21:15:00,3.0
68649462,2026-04-10 11:53:10,2026-04-11 11:35:00,Closed,Pothole,QUEENS,nan,40.75301438357151,-73.95040069214215,15.220781190000002,4959.1547619047615,4660.0,4,1,23.399999618530273,0,Low,30,0.97,0.03,0.0,0.0,2026-04-25 17:11:05,2,4,4,1,2026-04-11 11:35:00,0.0
68655394,2026-04-10 11:52:39,2026-04-11 10:40:00,Closed,Pothole,QUEENS,nan,40.75253103895507,-73.943835741445,15.221139986296297,4959.1547619047615,4660.0,18,1,30.299999237060547,1,Medium,14,0.001,0.999,0.0,0.0,2026-04-25 17:11:05,2,4,4,1,2026-04-11 10:40:00,0.0
68647953,2026-04-10 11:52:04,2026-04-11 10:17:00,Closed,Pothole,QUEENS,nan,40.75416125406995,-73.949403647964,15.22154507888889,4959.1547619047615,4660.0,4,1,23.399999618530273,0,Low,30,0.964,0.036,0.0,0.0,2026-04-25 17:11:05,2,4,4,1,2026-04-11 10:17:00,0.0
68649463,2026-04-10 11:51:30,2026-04-11 09:50:00,Closed,Pothole,QUEENS,nan,40.75064627068569,-73.9456563645553,15.221938597407409,4959.1547619047615,4660.0,11,1,30.700000762939453,1,Medium,14,0.001,0.999,0.0,0.0,2026-04-25 17:11:05,2,4,4,1,2026-04-11 09:50:00,0.0
68621101,2026-04-10 11:48:57,2026-04-10 11:48:57,Closed,Pothole,QUEENS,nan,40.708822284670674,-73.75184293054023,15.223709430740742,4959.1547619047615,4660.0,11,0,28.600000381469727,1,Medium,14,0.001,0.999,0.0,0.0,2026-04-25 17:11:05,2,4,4,1,2026-04-10 11:48:57,0.0
68621530,2026-04-10 11:34:54,2026-04-18 08:30:00,Closed,Pothole,BROOKLYN,nan,40.69312550531393,-73.98725250656186,15.233466375185186,5664.555555555556,6673.0,31,1,29.799999237060547,1,Medium,14,0.016,0.984,0.0,0.0,2026-04-25 17:11:05,1,4,4,1,2026-04-18 08:30:00,7.0
68633769,2026-04-10 11:34:18,2026-04-11 10:05:00,Closed,Pothole,QUEENS,111 AVENUE,40.678688683105655,-73.82768099271746,15.233883041851852,4959.1547619047615,4660.0,7,1,28.0,1,Medium,14,0.023,0.977,0.0,0.0,2026-04-25 17:11:05,2,4,4,1,2026-04-11 10:05:00,0.0
68626306,2026-04-10 11:31:46,2026-04-10 11:31:46,Closed,Pothole,QUEENS,nan,40.738900280315264,-73.7337746452388,15.235642301111112,4959.1547619047615,4660.0,9,0,27.5,1,Medium,14,0.007,0.993,0.0,0.0,2026-04-25 17:11:05,2,4,4,1,2026-04-10 11:31:46,0.0
68628013,2026-04-10 11:30:04,2026-04-18 09:10:00,Closed,Pothole,BROOKLYN,nan,40.69219491584677,-73.98627184435122,15.236822856666668,5664.555555555556,6673.0,21,1,29.600000381469727,1,Medium,14,0.069,0.93,0.0,0.0,2026-04-25 17:11:05,1,4,4,1,2026-04-18 09:10:00,7.0
68635015,2026-04-10 11:22:24,2026-04-11 11:55:00,Closed,Pothole,BROOKLYN,nan,40.64300505727438,-73.9526228697136,15.242146930740741,5664.555555555556,6673.0,10,0,31.899999618530273,1,Medium,14,0.001,0.999,0.0,0.0,2026-04-25 17:11:05,1,4,4,1,2026-04-11 11:55:00,1.0
68621085,2026-04-10 11:22:03,2026-04-10 11:22:03,Closed,Pothole,BRONX,nan,40.884399899656366,-73.85237261654099,15.242389986296297,6677.6,6655.5,6,1,27.200000762939453,1,Medium,14,0.06,0.94,0.0,0.0,2026-04-25 17:11:05,3,4,4,1,2026-04-10 11:22:03,0.0
68621532,2026-04-10 11:21:16,,Open,Pothole,BROOKLYN,nan,40.64729773629771,-73.98029189341415,15.242933967777779,5664.555555555556,6673.0,9,0,35.9,1,Medium,15,0.641,0.179,0.108,0.072,2026-04-25 17:11:05,1,4,4,1,,
68633780,2026-04-10 11:21:10,2026-04-11 08:35:00,Closed,Pothole,BROOKLYN,nan,40.650948603491976,-73.94667456086172,15.243003412222224,5664.555555555556,6673.0,15,1,31.299999237060547,1,Medium,14,0.001,0.999,0.0,0.0,2026-04-25 17:11:05,1,4,4,1,2026-04-11 08:35:00,0.0
68626709,2026-04-10 11:20:02,2026-04-20 14:25:00,Closed,Pothole,BROOKLYN,nan,40.69308970489448,-73.98622478109876,15.24379044925926,5664.555555555556,6673.0,17,1,29.899999618530273,1,Medium,14,0.027,0.973,0.0,0.0,2026-04-25 17:11:05,1,4,4,1,2026-04-20 14:25:00,10.0
68633781,2026-04-10 10:55:17,2026-04-11 07:40:00,Closed,Pothole,BROOKLYN,nan,40.696871780931275,-73.92302388382295,15.26097794925926,5664.555555555556,6673.0,5,1,24.0,0,Low,30,0.951,0.049,0.0,0.0,2026-04-25 17:11:05,1,4,4,1,2026-04-11 07:40:00,0.0
68628012,2026-04-10 10:54:37,,Open,Pothole,BRONX,nan,40.83647621626278,-73.88510844674221,15.261440912222223,6677.6,6655.5,13,0,47.8,1,Medium,15,0.522,0.239,0.143,0.096,2026-04-25 17:11:05,3,4,4,1,,
68623749,2026-04-10 10:52:16,2026-04-10 10:52:16,Closed,Pothole,QUEENS,nan,40.78140900291806,-73.77816649796233,15.263072856666668,4959.1547619047615,4660.0,3,0,22.700000762939453,0,Low,30,0.978,0.022,0.0,0.0,2026-04-25 17:11:05,2,4,4,1,2026-04-10 10:52:16,0.0
68620184,2026-04-10 10:50:24,2026-04-18 14:02:00,Closed,Pothole,MANHATTAN,nan,40.707757496828094,-74.01564300268711,15.264369152962963,16591.571428571428,6876.0,30,1,40.0,1,Medium,14,0.0,1.0,0.0,0.0,2026-04-25 17:11:05,0,4,4,1,2026-04-18 14:02:00,8.0
68618934,2026-04-10 10:49:19,2026-04-18 12:51:00,Closed,Pothole,QUEENS,nan,40.67300930175192,-73.81332974114285,15.26512146777778,4959.1547619047615,4660.0,2,0,22.899999618530273,0,Low,30,0.965,0.035,0.0,0.0,2026-04-25 17:11:05,2,4,4,1,2026-04-18 12:51:00,8.0
68626718,2026-04-10 10:47:12,2026-04-18 08:35:00,Closed,Pothole,STATEN ISLAND,nan,40.61250184843605,-74.06496071709117,15.266591375185186,23788.714285714286,2762.0,6,0,34.0,1,Medium,14,0.001,0.999,0.0,0.0,2026-04-25 17:11:05,4,4,4,1,2026-04-18 08:35:00,7.0
68622386,2026-04-10 10:46:59,2026-04-10 10:46:59,Closed,Pothole,MANHATTAN,nan,40.70740354686613,-74.0146979242422,15.26674183814815,16591.571428571428,6876.0,28,1,40.0,1,Medium,14,0.0,1.0,0.0,0.0,2026-04-25 17:11:05,0,4,4,1,2026-04-10 10:46:59,0.0
68620205,2026-04-10 10:46:50,2026-04-11 13:33:00,Closed,Pothole,QUEENS,nan,40.59241023046713,-73.78899501697998,15.266846004814816,4959.1547619047615,4660.0,10,0,30.899999618530273,1,Medium,14,0.001,0.999,0.0,0.0,2026-04-25 17:11:05,2,4,4,1,2026-04-11 13:33:00,1.0
68622397,2026-04-10 10:45:16,2026-04-10 10:45:16,Closed,Pothole,BRONX,nan,40.87648397598507,-73.88064945711628,15.267933967777779,6677.6,6655.5,14,1,32.599998474121094,1,Medium,14,0.0,1.0,0.0,0.0,2026-04-25 17:11:05,3,4,4,1,2026-04-10 10:45:16,0.0
68627552,2026-04-10 10:41:03,2026-04-10 10:41:03,Closed,Pothole,BRONX,nan,40.87648397598507,-73.88064945711628,15.270862208518519,6677.6,6655.5,14,1,32.599998474121094,1,Medium,14,0.0,1.0,0.0,0.0,2026-04-25 17:11:05,3,4,4,1,2026-04-10 10:41:03,0.0
68628038,2026-04-10 10:39:08,2026-04-18 13:05:00,Closed,Pothole,QUEENS,nan,40.715230886098176,-73.84790273285405,15.272193227037038,4959.1547619047615,4660.0,1,0,19.5,0,Low,30,0.997,0.003,0.0,0.0,2026-04-25 17:11:05,2,4,4,1,2026-04-18 13:05:00,8.0
68622852,2026-04-10 10:36:29,,Open,Pothole,MANHATTAN,nan,40.78842025637503,-73.97076338771852,15.274033504814817,16591.571428571428,6876.0,5,0,38.3,1,Medium,8,0.617,0.192,0.115,0.077,2026-04-25 17:11:05,0,4,4,1,,
68626740,2026-04-10 10:35:08,2026-04-18 09:50:00,Closed,Pothole,QUEENS,nan,40.731182109653254,-73.87159708902749,15.274971004814816,4959.1547619047615,4660.0,20,0,31.200000762939453,1,Medium,14,0.0,1.0,0.0,0.0,2026-04-25 17:11:05,2,4,4,1,2026-04-18 09:50:00,7.0
68621518,2026-04-10 10:34:56,2026-04-18 14:25:00,Closed,Pothole,MANHATTAN,nan,40.70849587847563,-74.01534380229157,15.275109893703705,16591.571428571428,6876.0,17,1,40.5,1,Medium,14,0.0,1.0,0.0,0.0,2026-04-25 17:11:05,0,4,4,1,2026-04-18 14:25:00,8.0
68621103,2026-04-10 10:30:52,2026-04-10 10:30:52,Closed,Pothole,QUEENS,nan,40.71836919350643,-73.84055801431353,15.277933967777779,4959.1547619047615,4660.0,11,0,31.399999618530273,1,Medium,14,0.001,0.999,0.0,0.0,2026-04-25 17:11:05,2,4,4,1,2026-04-10 10:30:52,0.0
68618431,2026-04-10 10:27:22,2026-04-10 10:27:22,Closed,Pothole,MANHATTAN,nan,40.80297085227577,-73.96386162910126,15.280364523333335,16591.571428571428,6876.0,16,0,41.0,1,Medium,14,0.0,1.0,0.0,0.0,2026-04-25 17:11:05,0,4,4,1,2026-04-10 10:27:22,0.0
68628040,2026-04-10 10:11:18,2026-04-18 12:35:00,Closed,Pothole,QUEENS,nan,40.77091676389419,-73.88904124299525,15.291521930740743,4959.1547619047615,4660.0,1,0,20.100000381469727,0,Low,30,0.992,0.007,0.0,0.0,2026-04-25 17:11:05,2,4,4,1,2026-04-18 12:35:00,8.0
68626307,2026-04-10 10:08:33,2026-04-10 10:08:33,Closed,Pothole,QUEENS,nan,40.73477005155517,-73.87458148691805,15.293431652962964,4959.1547619047615,4660.0,22,0,31.399999618530273,1,Medium,14,0.001,0.999,0.0,0.0,2026-04-25 17:11:05,2,4,4,1,2026-04-10 10:08:33,0.0
68623735,2026-04-10 10:03:51,2026-04-10 10:03:51,Closed,Pothole,BRONX,nan,40.82243617228965,-73.85513680161803,15.296695541851854,6677.6,6655.5,3,0,24.899999618530273,0,Low,30,0.953,0.047,0.0,0.0,2026-04-25 17:11:05,3,4,4,1,2026-04-10 10:03:51,0.0
68626711,2026-04-10 10:01:41,2026-04-22 11:40:00,Closed,Pothole,BROOKLYN,nan,40.6909277481173,-73.92065802252144,15.298200171481483,5664.555555555556,6673.0,27,1,31.399999618530273,1,Medium,14,0.001,0.999,0.0,0.0,2026-04-25 17:11:05,1,4,4,1,2026-04-22 11:40:00,12.0
68619757,2026-04-10 09:56:32,2026-04-10 09:56:32,Closed,Pothole,QUEENS,nan,40.74603472114661,-73.93440021822178,15.30177656037037,4959.1547619047615,4660.0,20,0,30.700000762939453,1,Medium,14,0.0,1.0,0.0,0.0,2026-04-25 17:11:05,2,4,4,1,2026-04-10 09:56:32,0.0
68621519,2026-04-10 09:56:21,,Open,Pothole,MANHATTAN,nan,40.72876864308615,-73.98443144128736,15.301903875185186,16591.571428571428,6876.0,15,0,65.0,2,High,8,0.35,0.325,0.195,0.13,2026-04-25 17:11:05,0,4,4,1,,
68620190,2026-04-10 09:45:38,,Open,Pothole,BRONX,nan,40.87885161878043,-73.85571903390783,15.309346004814817,6677.6,6655.5,8,1,34.4,1,Medium,15,0.656,0.172,0.103,0.069,2026-04-25 17:11:05,3,4,4,1,,
68625007,2026-04-10 09:45:24,2026-04-10 09:45:24,Closed,Pothole,MANHATTAN,nan,40.7713904523201,-73.95043032980328,15.309508041851853,16591.571428571428,6876.0,4,0,35.599998474121094,1,Medium,14,0.006,0.993,0.001,0.0,2026-04-25 17:11:05,0,4,4,1,2026-04-10 09:45:24,0.0
68626283,2026-04-10 09:43:11,2026-04-10 09:43:11,Closed,Pothole,MANHATTAN,AVENUE A,40.72242298861693,-73.98618624907375,15.311047393703705,16591.571428571428,12784.0,36,0,38.29999923706055,1,Medium,14,0.0,1.0,0.0,0.0,2026-04-25 17:11:05,0,4,4,1,2026-04-10 09:43:11,0.0
68619747,2026-04-10 09:42:56,2026-04-10 09:42:56,Closed,Pothole,BROOKLYN,nan,40.66065647048319,-73.88578611871073,15.311221004814817,5664.555555555556,6673.0,24,1,31.299999237060547,1,Medium,14,0.0,1.0,0.0,0.0,2026-04-25 17:11:05,1,4,4,1,2026-04-10 09:42:56,0.0
68621104,2026-04-10 09:42:45,2026-04-10 09:42:45,Closed,Pothole,QUEENS,nan,40.724984679574874,-73.79421427324037,15.31134831962963,4959.1547619047615,4660.0,1,0,20.5,0,Low,30,0.993,0.007,0.0,0.0,2026-04-25 17:11:05,2,4,4,1,2026-04-10 09:42:45,0.0
68623738,2026-04-10 09:42:12,2026-04-10 09:42:12,Closed,Pothole,STATEN ISLAND,nan,40.558272363158224,-74.13487233521455,15.311730264074075,23788.714285714286,2762.0,0,0,31.5,1,Medium,14,0.004,0.996,0.0,0.0,2026-04-25 17:11:05,4,4,4,0,2026-04-10 09:42:12,0.0
68619758,2026-04-10 09:41:58,2026-04-10 09:41:58,Closed,Pothole,QUEENS,nan,40.733497309506575,-73.87036942449794,15.311892301111113,4959.1547619047615,4660.0,44,1,30.399999618530273,1,Medium,14,0.0,1.0,0.0,0.0,2026-04-25 17:11:05,2,4,4,1,2026-04-10 09:41:58,0.0
68621534,2026-04-10 09:41:24,2026-04-11 13:00:00,Closed,Pothole,BROOKLYN,nan,40.62323731950507,-73.91490635543148,15.312285819629631,5664.555555555556,6673.0,1,0,20.0,0,Low,30,0.989,0.011,0.0,0.0,2026-04-25 17:11:05,1,4,4,1,2026-04-11 13:00:00,1.0
68626743,2026-04-10 09:39:54,2026-04-11 11:15:00,Closed,Pothole,QUEENS,nan,40.74100954676229,-73.90057024365116,15.313327486296297,4959.1547619047615,4660.0,35,1,31.0,1,Medium,14,0.0,1.0,0.0,0.0,2026-04-25 17:11:05,2,4,4,1,2026-04-11 11:15:00,1.0
68618441,2026-04-10 09:33:48,2026-04-10 09:33:48,Closed,Pothole,STATEN ISLAND,nan,40.53440150529732,-74.18546288535472,15.317563597407409,23788.714285714286,2762.0,0,0,30.700000762939453,1,Medium,14,0.003,0.997,0.0,0.0,2026-04-25 17:11:05,4,4,4,0,2026-04-10 09:33:48,0.0
68627561,2026-04-10 09:22:51,2026-04-10 09:22:51,Closed,Pothole,QUEENS,nan,40.7343762769571,-73.87341674191903,15.325167764074076,4959.1547619047615,4660.0,23,0,31.0,1,Medium,14,0.002,0.998,0.0,0.0,2026-04-25 17:11:05,2,4,4,1,2026-04-10 09:22:51,0.0
68626745,2026-04-10 09:18:33,,Pending,Pothole,QUEENS,nan,40.73664309197042,-73.86583110441738,15.328153875185187,4959.1547619047615,4660.0,23,1,31.200000762939453,1,Medium,14,0.0,1.0,0.0,0.0,2026-04-25 17:11:05,2,4,4,1,,
68625494,2026-04-10 09:17:26,2026-04-15 03:22:00,Closed,Pothole,QUEENS,nan,40.734660188222975,-73.86481393909118,15.32892933814815,4959.1547619047615,4660.0,28,1,31.899999618530273,1,Medium,14,0.001,0.999,0.0,0.0,2026-04-25 17:11:05,2,4,4,1,2026-04-15 03:22:00,4.0
68625018,2026-04-10 09:12:54,2026-04-10 09:12:54,Closed,Pothole,BRONX,nan,40.829687544652735,-73.82529528942801,15.332077486296297,6677.6,6655.5,14,0,34.79999923706055,1,Medium,14,0.0,1.0,0.0,0.0,2026-04-25 17:11:05,3,4,4,1,2026-04-10 09:12:54,0.0
68626746,2026-04-10 09:12:36,2026-04-18 08:00:00,Closed,Pothole,QUEENS,nan,40.72167841557099,-73.83596479807059,15.33228581962963,4959.1547619047615,4660.0,10,1,33.5,1,Medium,14,0.001,0.999,0.0,0.0,2026-04-25 17:11:05,2,4,4,1,2026-04-18 08:00:00,7.0
68620208,2026-04-10 09:09:18,2026-04-21 12:05:00,Closed,Pothole,QUEENS,nan,40.777478486976,-73.91730892308352,15.334577486296297,4959.1547619047615,4660.0,2,0,21.100000381469727,0,Low,30,0.986,0.014,0.0,0.0,2026-04-25 17:11:05,2,4,4,1,2026-04-21 12:05:00,11.0
68625471,2026-04-10 08:56:14,,Open,Pothole,MANHATTAN,nan,40.77548084144416,-73.98021063082217,15.343651560370372,16591.571428571428,6876.0,12,0,57.0,2,High,8,0.43,0.285,0.171,0.114,2026-04-25 17:11:05,0,4,4,1,,
68628003,2026-04-10 08:54:58,,Open,Pothole,MANHATTAN,nan,40.7534814808969,-73.97878425533553,15.344531190000001,16591.571428571428,6876.0,34,1,65.0,2,High,8,0.35,0.325,0.195,0.13,2026-04-25 17:11:05,0,4,4,1,,
68628004,2026-04-10 08:49:42,,Open,Pothole,MANHATTAN,nan,40.7398611376435,-73.995016510095,15.34818859740741,16591.571428571428,6876.0,12,0,57.0,2,High,8,0.43,0.285,0.171,0.114,2026-04-25 17:11:05,0,4,4,1,,
68628041,2026-04-10 08:49:36,,Pending,Pothole,QUEENS,nan,40.73616400082923,-73.87676556141705,15.348258041851853,4959.1547619047615,4660.0,16,0,31.299999237060547,1,Medium,14,0.001,0.999,0.0,0.0,2026-04-25 17:11:05,2,4,4,1,,
68625008,2026-04-10 08:48:30,2026-04-10 08:48:30,Closed,Pothole,MANHATTAN,nan,40.77102399632221,-73.95364737877979,15.349021930740742,16591.571428571428,6876.0,14,0,42.29999923706055,1,Medium,14,0.0,1.0,0.0,0.0,2026-04-25 17:11:05,0,4,4,1,2026-04-10 08:48:30,0.0
68621520,2026-04-10 08:48:27,,Open,Pothole,MANHATTAN,nan,40.74785373937869,-73.99290823133913,15.349056652962965,16591.571428571428,6876.0,31,1,65.0,2,High,8,0.35,0.325,0.195,0.13,2026-04-25 17:11:05,0,4,4,1,,
68619759,2026-04-10 08:42:56,2026-04-10 08:42:56,Closed,Pothole,QUEENS,nan,40.71580653703652,-73.88791732478406,15.352887671481483,4959.1547619047615,4660.0,2,0,21.399999618530273,0,Low,30,0.988,0.012,0.0,0.0,2026-04-25 17:11:05,2,4,4,1,2026-04-10 08:42:56,0.0
68626747,2026-04-10 08:41:28,2026-04-11 21:45:00,Closed,Pothole,QUEENS,nan,40.69595062654502,-73.8623680620651,15.353906190000002,4959.1547619047615,4660.0,3,0,22.100000381469727,0,Low,30,0.982,0.018,0.0,0.0,2026-04-25 17:11:05,2,4,4,1,2026-04-11 21:45:00,1.0
68625495,2026-04-10 08:40:08,2026-04-18 10:05:00,Closed,Pothole,QUEENS,nan,40.707305811073425,-73.7512137682723,15.354832115925927,4959.1547619047615,4660.0,13,0,30.5,1,Medium,14,0.001,0.999,0.0,0.0,2026-04-25 17:11:05,2,4,4,1,2026-04-18 10:05:00,8.0
68626308,2026-04-10 08:39:34,2026-04-10 08:39:34,Closed,Pothole,QUEENS,nan,40.6950905500885,-73.74573104254247,15.355225634444446,4959.1547619047615,4660.0,11,0,33.79999923706055,1,Medium,14,0.001,0.999,0.0,0.0,2026-04-25 17:11:05,2,4,4,1,2026-04-10 08:39:34,0.0
68622389,2026-04-10 08:37:45,2026-04-10 08:37:45,Closed,Pothole,MANHATTAN,nan,40.71173825384143,-74.00698692775009,15.35648720851852,16591.571428571428,6876.0,23,0,41.599998474121094,1,Medium,14,0.0,1.0,0.0,0.0,2026-04-25 17:11:05,0,4,4,1,2026-04-10 08:37:45,0.0
68626748,2026-04-10 08:36:40,2026-04-18 09:52:00,Closed,Pothole,QUEENS,nan,40.70660667688688,-73.76196831798403,15.357239523333334,4959.1547619047615,4660.0,5,0,24.899999618530273,0,Low,30,0.823,0.177,0.0,0.0,2026-04-25 17:11:05,2,4,4,1,2026-04-18 09:52:00,8.0
68620209,2026-04-10 08:36:20,2026-04-11 23:54:00,Closed,Pothole,QUEENS,GRAND CENTRAL PARKWAY,40.722230159712126,-73.77717655780093,15.357471004814816,4959.1547619047615,4660.0,23,0,32.29999923706055,1,Medium,14,0.001,0.999,0.0,0.0,2026-04-25 17:11:05,2,4,4,1,2026-04-11 23:54:00,1.0
68622866,2026-04-10 08:33:57,,Open,Pothole,BRONX,HENRY HUDSON BRIDGE,40.878163110876486,-73.9215700525966,15.359126097407408,6677.6,6655.5,1,0,15.8,0,Low,15,0.842,0.079,0.047,0.032,2026-04-25 17:11:05,3,4,4,1,,
68623737,2026-04-10 08:32:12,2026-04-10 08:32:12,Closed,Pothole,BROOKLYN,nan,40.67760425245059,-73.90233760899243,15.360341375185186,5664.555555555556,6673.0,6,1,26.700000762939453,0,Low,30,0.674,0.326,0.0,0.0,2026-04-25 17:11:05,1,4,4,1,2026-04-10 08:32:12,0.0
68624223,2026-04-10 08:31:54,2026-04-18 09:30:00,Closed,Pothole,QUEENS,UTOPIA PARKWAY,40.72013323771417,-73.79037278029215,15.36054970851852,4959.1547619047615,20848.0,31,0,35.20000076293945,1,Medium,14,0.0,1.0,0.0,0.0,2026-04-25 17:11:05,2,4,4,1,2026-04-18 09:30:00,8.0
68626309,2026-04-10 08:31:46,2026-04-10 08:31:46,Closed,Pothole,QUEENS,nan,40.76334584290019,-73.87730728920086,15.360642301111112,4959.1547619047615,4660.0,10,0,31.899999618530273,1,Medium,14,0.001,0.999,0.0,0.0,2026-04-25 17:11:05,2,4,4,1,2026-04-10 08:31:46,0.0
68618919,2026-04-10 08:20:38,2026-04-21 15:00:00,Closed,Pothole,BROOKLYN,nan,40.65766430579988,-73.89704344797478,15.368373782592593,5664.555555555556,6673.0,34,1,29.899999618530273,1,Medium,14,0.0,1.0,0.0,0.0,2026-04-25 17:11:05,1,4,4,1,2026-04-21 15:00:00,11.0
68619745,2026-04-10 08:19:10,2026-04-10 08:19:10,Closed,Pothole,BRONX,nan,40.81801253627153,-73.9251851473035,15.369392301111112,6677.6,6655.5,27,1,34.0,1,Medium,14,0.0,1.0,0.0,0.0,2026-04-25 17:11:05,3,4,4,1,2026-04-10 08:19:10,0.0
68618936,2026-04-10 07:48:24,2026-04-18 11:14:00,Closed,Pothole,QUEENS,nan,40.72010889981792,-73.85043131267804,15.390758041851853,4959.1547619047615,4660.0,8,1,28.700000762939453,1,Medium,14,0.007,0.993,0.0,0.0,2026-04-25 17:11:05,2,4,4,1,2026-04-18 11:14:00,8.0
68618433,2026-04-10 07:46:48,2026-04-10 07:46:48,Closed,Pothole,MANHATTAN,nan,40.76889103158107,-73.98209349413949,15.391869152962965,16591.571428571428,6876.0,31,0,42.20000076293945,1,Medium,14,0.0,1.0,0.0,0.0,2026-04-25 17:11:05,0,4,4,1,2026-04-10 07:46:48,0.0
68618452,2026-04-10 07:43:04,2026-04-10 07:43:04,Closed,Pothole,QUEENS,nan,40.68129301808039,-73.82555426000988,15.394461745555557,4959.1547619047615,4660.0,5,1,27.5,1,Medium,14,0.107,0.893,0.0,0.0,2026-04-25 17:11:05,2,4,4,1,2026-04-10 07:43:04,0.0
68628043,2026-04-10 07:41:12,2026-04-18 09:41:00,Closed,Pothole,QUEENS,nan,40.71580653703652,-73.88791732478406,15.395758041851852,4959.1547619047615,4660.0,2,0,21.899999618530273,0,Low,30,0.987,0.013,0.0,0.0,2026-04-25 17:11:05,2,4,4,1,2026-04-18 09:41:00,8.0
68621105,2026-04-10 07:35:13,2026-04-10 07:35:13,Closed,Pothole,QUEENS,nan,40.724435644856605,-73.86929389395314,15.399913134444446,4959.1547619047615,4660.0,6,0,26.100000381469727,1,Medium,14,0.173,0.827,0.0,0.0,2026-04-25 17:11:05,2,4,4,1,2026-04-10 07:35:13,0.0
68618925,2026-04-10 07:23:51,2026-04-11 11:30:00,Closed,Pothole,STATEN ISLAND,nan,40.51194721546281,-74.23970140930771,15.407806652962964,23788.714285714286,2762.0,1,0,33.400001525878906,1,Medium,14,0.003,0.997,0.0,0.0,2026-04-25 17:11:05,4,4,4,1,2026-04-11 11:30:00,1.0
68647964,2026-04-10 06:50:36,2026-04-11 15:25:00,Closed,Pothole,BROOKLYN,nan,40.58481021452675,-73.98300330696782,15.430896930740742,5664.555555555556,6673.0,21,1,32.5,1,Medium,14,0.0,1.0,0.0,0.0,2026-04-25 17:11:05,1,4,4,1,2026-04-11 15:25:00,1.0
68625479,2026-04-10 06:45:55,,Open,Pothole,BRONX,nan,40.82180518508304,-73.87663225452138,15.434149245555556,6677.6,6655.5,3,1,21.2,0,Low,15,0.788,0.106,0.063,0.042,2026-04-25 17:11:05,3,4,4,1,,
68618916,2026-04-10 06:44:54,,Open,Pothole,BRONX,nan,40.82155463945263,-73.87848621017984,15.434855264074075,6677.6,6655.5,5,1,26.5,1,Medium,15,0.735,0.132,0.079,0.053,2026-04-25 17:11:05,3,4,4,1,,
68626294,2026-04-10 06:41:14,2026-04-10 06:41:14,Closed,Pothole,BROOKLYN,nan,40.653190255883345,-73.96621323435924,15.437401560370372,5664.555555555556,6673.0,7,1,29.200000762939453,1,Medium,14,0.117,0.883,0.0,0.0,2026-04-25 17:11:05,1,4,4,1,2026-04-10 06:41:14,0.0
68625501,2026-04-10 06:40:22,,Pending,Pothole,QUEENS,nan,40.71679083109271,-73.83273380405444,15.438003412222223,4959.1547619047615,4660.0,28,0,31.799999237060547,1,Medium,14,0.0,1.0,0.0,0.0,2026-04-25 17:11:05,2,4,4,1,,
68626719,2026-04-10 05:43:49,2026-04-11 13:50:00,Closed,Pothole,STATEN ISLAND,nan,40.53736403967149,-74.21192128549545,15.477274245555558,23788.714285714286,2762.0,0,0,29.700000762939453,1,Medium,14,0.002,0.998,0.0,0.0,2026-04-25 17:11:05,4,4,4,0,2026-04-11 13:50:00,1.0
68618453,2026-04-10 05:13:07,2026-04-10 05:13:07,Closed,Pothole,QUEENS,nan,40.724690886736816,-73.72685752168772,15.498593690000002,4959.1547619047615,4660.0,22,1,30.700000762939453,1,Medium,14,0.0,1.0,0.0,0.0,2026-04-25 17:11:05,2,4,4,1,2026-04-10 05:13:07,0.0
68627543,2026-04-10 05:01:28,2026-04-10 05:01:28,Closed,Pothole,QUEENS,nan,40.724690886736816,-73.72685752168772,15.506683967777779,4959.1547619047615,4660.0,22,1,30.700000762939453,1,Medium,14,0.0,1.0,0.0,0.0,2026-04-25 17:11:05,2,4,4,1,2026-04-10 05:01:28,0.0
68625010,2026-04-10 04:23:06,2026-04-10 04:23:06,Closed,Pothole,MANHATTAN,nan,40.861592751649304,-73.92474206293129,15.533327486296297,16591.571428571428,6876.0,18,0,40.70000076293945,1,Medium,14,0.0,1.0,0.0,0.0,2026-04-25 17:11:05,0,4,4,1,2026-04-10 04:23:06,0.0
68621076,2026-04-10 03:36:28,2026-04-10 03:36:28,Closed,Pothole,MANHATTAN,nan,40.75029392324656,-73.99484248924927,15.565711745555557,16591.571428571428,6876.0,37,0,39.29999923706055,1,Medium,14,0.0,1.0,0.0,0.0,2026-04-25 17:11:05,0,4,4,1,2026-04-10 03:36:28,0.0
68608399,2026-04-10 00:47:55,,Open,Pothole,STATEN ISLAND,nan,40.60373787854796,-74.08565579628944,15.682760356666668,23788.714285714286,2762.0,3,1,41.8,1,Medium,15,0.582,0.209,0.125,0.084,2026-04-25 17:11:05,4,4,4,1,,
68617079,2026-04-09 23:44:35,2026-04-09 23:44:36,Closed,Pothole,BRONX,nan,40.83737086525621,-73.8877667333652,15.726741838148149,6677.6,6655.5,20,0,34.400001525878906,1,Medium,14,0.0,1.0,0.0,0.0,2026-04-25 17:11:05,3,4,3,1,2026-04-09 23:44:36,0.0
68607839,2026-04-09 23:41:28,2026-04-09 23:41:28,Closed,Pothole,BRONX,nan,40.8596195038866,-73.91328439983843,15.728906190000002,6677.6,6655.5,10,1,31.600000381469727,1,Medium,14,0.0,1.0,0.0,0.0,2026-04-25 17:11:05,3,4,3,1,2026-04-09 23:41:28,0.0
68610466,2026-04-09 23:33:29,2026-04-09 23:33:29,Closed,Pothole,BRONX,nan,40.8596195038866,-73.91328439983843,15.734450171481482,6677.6,6655.5,10,1,31.600000381469727,1,Medium,14,0.0,1.0,0.0,0.0,2026-04-25 17:11:05,3,4,3,1,2026-04-09 23:33:29,0.0
68614965,2026-04-09 23:30:30,2026-04-18 14:09:00,Closed,Pothole,QUEENS,nan,40.71229505210686,-73.73728243570287,15.736521930740741,4959.1547619047615,4660.0,14,1,34.20000076293945,1,Medium,14,0.001,0.999,0.0,0.0,2026-04-25 17:11:05,2,4,3,1,2026-04-18 14:09:00,8.0
68611050,2026-04-09 23:26:26,2026-04-18 13:40:00,Closed,Pothole,QUEENS,nan,40.71616552649031,-73.74475602253723,15.739346004814816,4959.1547619047615,4660.0,19,0,33.599998474121094,1,Medium,14,0.0,1.0,0.0,0.0,2026-04-25 17:11:05,2,4,3,1,2026-04-18 13:40:00,8.0
68622392,2026-04-09 22:59:01,2026-04-10 21:10:00,Closed,Pothole,BROOKLYN,PROSPECT AVENUE,40.66220563463641,-73.98732689913034,15.758385356666668,5664.555555555556,13124.0,11,1,31.700000762939453,1,Medium,14,0.003,0.996,0.0,0.0,2026-04-25 17:11:05,1,4,3,1,2026-04-10 21:10:00,0.0
68627545,2026-04-09 22:56:59,2026-04-10 20:40:00,Closed,Pothole,BROOKLYN,5 AVENUE,40.67790187176027,-73.97943561393731,15.759797393703705,5664.555555555556,6673.0,8,1,29.100000381469727,1,Medium,14,0.013,0.987,0.0,0.0,2026-04-25 17:11:05,1,4,3,1,2026-04-10 20:40:00,0.0
68621078,2026-04-09 22:56:12,2026-04-10 19:45:00,Closed,Pothole,BROOKLYN,5 AVENUE,40.67855230433652,-73.97899917300653,15.760341375185186,5664.555555555556,6673.0,11,1,32.400001525878906,1,Medium,14,0.003,0.997,0.0,0.0,2026-04-25 17:11:05,1,4,3,1,2026-04-10 19:45:00,0.0
68621079,2026-04-09 22:55:29,2026-04-10 18:50:00,Closed,Pothole,BROOKLYN,5 AVENUE,40.67835744967798,-73.97913262979083,15.76083906037037,5664.555555555556,6673.0,10,1,32.70000076293945,1,Medium,14,0.002,0.998,0.0,0.0,2026-04-25 17:11:05,1,4,3,1,2026-04-10 18:50:00,0.0
68623730,2026-04-09 22:54:23,2026-04-10 18:00:00,Closed,Pothole,BROOKLYN,nan,40.680956847187346,-73.96767738969301,15.761602949259261,5664.555555555556,6673.0,32,1,33.599998474121094,1,Medium,14,0.003,0.996,0.0,0.0,2026-04-25 17:11:05,1,4,3,1,2026-04-10 18:00:00,0.0
68625012,2026-04-09 22:52:46,2026-04-10 17:50:00,Closed,Pothole,BROOKLYN,nan,40.719009537386526,-73.95018068961288,15.762725634444445,5664.555555555556,6673.0,8,1,29.200000762939453,1,Medium,14,0.012,0.988,0.0,0.0,2026-04-25 17:11:05,1,4,3,1,2026-04-10 17:50:00,0.0
68609160,2026-04-09 22:35:43,2026-04-09 22:35:43,Closed,Pothole,MANHATTAN,nan,40.72900831955276,-73.99374729799094,15.774565912222224,16591.571428571428,6876.0,17,1,43.400001525878906,1,Medium,14,0.0,1.0,0.0,0.0,2026-04-25 17:11:05,0,4,3,1,2026-04-09 22:35:43,0.0
68609685,2026-04-09 22:29:14,2026-04-18 13:15:00,Closed,Pothole,MANHATTAN,nan,40.70790387479141,-74.00601988210686,15.779068227037039,16591.571428571428,6876.0,32,0,40.099998474121094,1,Medium,14,0.0,1.0,0.0,0.0,2026-04-25 17:11:05,0,4,3,1,2026-04-18 13:15:00,8.0
68614948,2026-04-09 22:07:39,,Open,Pothole,MANHATTAN,nan,40.76473551289493,-73.9822173499321,15.794056652962965,16591.571428571428,6876.0,29,0,65.2,2,High,8,0.348,0.326,0.196,0.13,2026-04-25 17:11:05,0,4,3,1,,
68617087,2026-04-09 21:39:53,2026-04-09 21:39:53,Closed,Pothole,MANHATTAN,nan,40.740879120068314,-73.99006895453684,15.813339060370371,16591.571428571428,6876.0,21,0,43.0,1,Medium,14,0.0,1.0,0.0,0.0,2026-04-25 17:11:05,0,4,3,1,2026-04-09 21:39:53,0.0
68613662,2026-04-09 21:23:48,,Open,Pothole,BRONX,nan,40.83742542598309,-73.9203640534567,15.824508041851853,6677.6,6655.5,26,0,53.3,2,High,15,0.467,0.266,0.16,0.107,2026-04-25 17:11:05,3,4,3,1,,
68612292,2026-04-09 21:20:29,,Open,Pothole,BRONX,nan,40.832715493568145,-73.92874612490239,15.826811282592594,6677.6,6655.5,19,0,53.3,2,High,15,0.467,0.266,0.16,0.107,2026-04-25 17:11:05,3,4,3,1,,
68613687,2026-04-09 21:06:45,2026-04-18 08:45:00,Closed,Pothole,QUEENS,nan,40.69752482086487,-73.74681808392695,15.83634831962963,4959.1547619047615,4660.0,13,1,31.100000381469727,1,Medium,14,0.002,0.998,0.0,0.0,2026-04-25 17:11:05,2,4,3,1,2026-04-18 08:45:00,8.0
68610495,2026-04-09 20:55:49,2026-04-09 20:55:49,Closed,Pothole,QUEENS,nan,40.761217008162774,-73.8863970016137,15.843940912222223,4959.1547619047615,4660.0,7,0,27.600000381469727,1,Medium,14,0.151,0.848,0.0,0.0,2026-04-25 17:11:05,2,4,3,1,2026-04-09 20:55:49,0.0
68608393,2026-04-09 20:42:59,,Open,Pothole,MANHATTAN,nan,40.80949657894705,-73.93580791066717,15.85285294925926,16591.571428571428,6876.0,22,1,65.2,2,High,8,0.348,0.326,0.196,0.13,2026-04-25 17:11:05,0,4,3,1,,
68612296,2026-04-09 20:25:44,,Open,Pothole,MANHATTAN,nan,40.755780769817505,-74.0019852096343,15.864832115925926,16591.571428571428,6876.0,20,1,65.2,2,High,8,0.348,0.326,0.196,0.13,2026-04-25 17:11:05,0,4,3,1,,
68609161,2026-04-09 20:21:57,2026-04-09 20:21:57,Closed,Pothole,MANHATTAN,nan,40.86620047158243,-73.9280594622068,15.867459430740743,16591.571428571428,6876.0,18,1,42.099998474121094,1,Medium,14,0.0,1.0,0.0,0.0,2026-04-25 17:11:05,0,4,3,1,2026-04-09 20:21:57,0.0
68607848,2026-04-09 20:20:10,2026-04-09 20:20:10,Closed,Pothole,MANHATTAN,nan,40.87249773707309,-73.91717267927005,15.868697856666667,16591.571428571428,6876.0,1,0,30.399999618530273,1,Medium,14,0.007,0.992,0.001,0.0,2026-04-25 17:11:05,0,4,3,1,2026-04-09 20:20:10,0.0
68613678,2026-04-09 20:05:39,,Open,Pothole,BROOKLYN,nan,40.646276979116045,-73.96917524836513,15.878778875185187,5664.555555555556,6673.0,8,0,33.4,1,Medium,15,0.666,0.167,0.1,0.067,2026-04-25 17:11:05,1,4,3,1,,
68612307,2026-04-09 20:00:59,,Open,Pothole,BROOKLYN,nan,40.61910563757932,-73.95830950968423,15.882019615925927,5664.555555555556,6673.0,10,1,38.8,1,Medium,15,0.612,0.194,0.116,0.078,2026-04-25 17:11:05,1,4,3,1,,
68608409,2026-04-09 19:55:32,2026-04-11 08:00:00,Closed,Pothole,BROOKLYN,nan,40.60562178201948,-74.01315574540845,15.88580433814815,5664.555555555556,6673.0,2,1,22.200000762939453,0,Low,30,0.964,0.035,0.0,0.0,2026-04-25 17:11:05,1,4,3,1,2026-04-11 08:00:00,1.0
68611796,2026-04-09 19:55:08,2026-04-09 19:55:08,Closed,Pothole,QUEENS,nan,40.68129301808039,-73.82555426000988,15.886082115925927,4959.1547619047615,4660.0,5,1,27.299999237060547,1,Medium,14,0.1,0.9,0.0,0.0,2026-04-25 17:11:05,2,4,3,1,2026-04-09 19:55:08,0.0
68608400,2026-04-09 19:54:45,2026-04-11 21:40:00,Closed,Pothole,STATEN ISLAND,nan,40.55894997332204,-74.12550231876605,15.886348319629631,23788.714285714286,2762.0,2,0,33.20000076293945,1,Medium,14,0.001,0.999,0.0,0.0,2026-04-25 17:11:05,4,4,3,1,2026-04-11 21:40:00,2.0
68609171,2026-04-09 19:53:14,2026-04-09 19:53:14,Closed,Pothole,STATEN ISLAND,nan,40.55785348035161,-74.12669865364474,15.887401560370371,23788.714285714286,2762.0,2,0,33.20000076293945,1,Medium,14,0.001,0.999,0.0,0.0,2026-04-25 17:11:05,4,4,3,1,2026-04-09 19:53:14,0.0
68614945,2026-04-09 19:48:06,,Open,Pothole,BRONX,nan,40.81422520421426,-73.88832598691063,15.890966375185187,6677.6,6655.5,13,0,48.0,1,Medium,15,0.52,0.24,0.144,0.096,2026-04-25 17:11:05,3,4,3,1,,
68613113,2026-04-09 19:06:38,2026-04-09 19:06:38,Closed,Pothole,BROOKLYN,nan,40.67751492496729,-73.95912383192875,15.919762671481482,5664.555555555556,6673.0,12,0,32.599998474121094,1,Medium,14,0.001,0.999,0.0,0.0,2026-04-25 17:11:05,1,4,3,1,2026-04-09 19:06:38,0.0
68611036,2026-04-09 18:38:57,2026-04-11 13:25:00,Closed,Pothole,STATEN ISLAND,nan,40.59418599092392,-74.1677836450896,15.938987208518519,23788.714285714286,2762.0,0,0,32.20000076293945,1,Medium,14,0.001,0.999,0.0,0.0,2026-04-25 17:11:05,4,4,3,0,2026-04-11 13:25:00,1.0
68617105,2026-04-09 18:35:07,2026-04-09 18:35:07,Closed,Pothole,QUEENS,nan,40.73996638301459,-73.89423145890211,15.941649245555556,4959.1547619047615,4660.0,29,0,31.5,1,Medium,14,0.007,0.993,0.0,0.0,2026-04-25 17:11:05,2,4,3,1,2026-04-09 18:35:07,0.0
68608389,2026-04-09 18:32:49,,Open,Pothole,BRONX,nan,40.87788228894741,-73.8447932654327,15.94324646777778,6677.6,6655.5,8,1,34.7,1,Medium,15,0.653,0.173,0.104,0.069,2026-04-25 17:11:05,3,4,3,1,,
68609709,2026-04-09 18:31:36,2026-04-14 16:24:00,Closed,Pothole,QUEENS,nan,40.74062281415047,-73.89775246257864,15.944091375185186,4959.1547619047615,4660.0,35,1,29.700000762939453,1,Medium,14,0.0,1.0,0.0,0.0,2026-04-25 17:11:05,2,4,3,1,2026-04-14 16:24:00,4.0
68607872,2026-04-09 18:18:46,2026-04-09 18:18:46,Closed,Pothole,QUEENS,nan,40.74364416561568,-73.95123047783426,15.953003412222223,4959.1547619047615,4660.0,15,1,32.29999923706055,1,Medium,14,0.001,0.999,0.0,0.0,2026-04-25 17:11:05,2,4,3,1,2026-04-09 18:18:46,0.0
68609162,2026-04-09 18:17:22,2026-04-09 18:17:22,Closed,Pothole,MANHATTAN,nan,40.7779047511921,-73.98208745958574,15.953975634444445,16591.571428571428,6876.0,20,0,42.29999923706055,1,Medium,14,0.0,1.0,0.0,0.0,2026-04-25 17:11:05,0,4,3,1,2026-04-09 18:17:22,0.0
68615784,2026-04-09 18:16:10,2026-04-09 18:16:10,Closed,Pothole,QUEENS,nan,40.666055843423194,-73.76897624267478,15.95480896777778,4959.1547619047615,4660.0,27,0,31.700000762939453,1,Medium,14,0.0,1.0,0.0,0.0,2026-04-25 17:11:05,2,4,3,1,2026-04-09 18:16:10,0.0
68612324,2026-04-09 18:14:54,2026-04-18 10:26:00,Closed,Pothole,QUEENS,nan,40.666448251158755,-73.7689280230942,15.95568859740741,4959.1547619047615,4660.0,27,0,31.700000762939453,1,Medium,14,0.0,1.0,0.0,0.0,2026-04-25 17:11:05,2,4,3,1,2026-04-18 10:26:00,8.0
68611042,2026-04-09 18:12:26,2026-04-11 09:17:00,Closed,Pothole,BROOKLYN,nan,40.687229444626354,-73.94178497937632,15.957401560370371,5664.555555555556,6673.0,12,1,31.700000762939453,1,Medium,14,0.005,0.995,0.0,0.0,2026-04-25 17:11:05,1,4,3,1,2026-04-11 09:17:00,1.0
68607863,2026-04-09 18:10:23,2026-04-09 18:10:23,Closed,Pothole,BROOKLYN,nan,40.68578040283673,-73.95439171425565,15.958825171481482,5664.555555555556,6673.0,10,0,33.79999923706055,1,Medium,14,0.001,0.999,0.0,0.0,2026-04-25 17:11:05,1,4,3,1,2026-04-09 18:10:23,0.0
68616269,2026-04-09 18:01:33,,Open,Pothole,BRONX,nan,40.878132835114705,-73.90670061949659,15.964959430740741,6677.6,6655.5,22,1,53.3,2,High,15,0.467,0.267,0.16,0.107,2026-04-25 17:11:05,3,4,3,1,,
68614421,2026-04-09 17:51:59,2026-04-09 17:51:59,Closed,Pothole,BRONX,nan,40.85487375097522,-73.91678976333644,15.97160294925926,6677.6,6655.5,22,1,34.79999923706055,1,Medium,14,0.0,1.0,0.0,0.0,2026-04-25 17:11:05,3,4,3,1,2026-04-09 17:51:59,0.0
68616301,2026-04-09 17:41:25,2026-04-15 21:47:00,Closed,Pothole,QUEENS,POWER ROAD,40.76822264209847,-73.76138347002832,15.978940912222223,4959.1547619047615,4660.0,3,0,22.700000762939453,0,Low,30,0.968,0.032,0.0,0.0,2026-04-25 17:11:05,2,4,3,1,2026-04-15 21:47:00,6.0
68610497,2026-04-09 17:40:01,2026-04-09 17:40:01,Closed,Pothole,QUEENS,nan,40.75016099104143,-73.90433538539963,15.979913134444446,4959.1547619047615,4660.0,5,0,25.0,0,Low,30,0.779,0.221,0.0,0.0,2026-04-25 17:11:05,2,4,3,1,2026-04-09 17:40:01,0.0
68617597,2026-04-09 17:31:52,,Open,Pothole,BRONX,nan,40.81331479624544,-73.92287475562016,15.985572856666668,6677.6,6655.5,9,1,37.3,1,Medium,15,0.627,0.187,0.112,0.075,2026-04-25 17:11:05,3,4,3,1,,
68617622,2026-04-09 17:31:25,2026-04-18 08:18:00,Closed,Pothole,QUEENS,nan,40.594823217487374,-73.79833502034373,15.985885356666667,4959.1547619047615,4660.0,3,1,21.299999237060547,0,Low,30,0.953,0.047,0.0,0.0,2026-04-25 17:11:05,2,4,3,1,2026-04-18 08:18:00,8.0
68616302,2026-04-09 17:28:19,2026-04-15 21:17:00,Closed,Pothole,QUEENS,nan,40.761217008162774,-73.8863970016137,15.988038134444446,4959.1547619047615,4660.0,7,0,27.600000381469727,1,Medium,14,0.157,0.843,0.0,0.0,2026-04-25 17:11:05,2,4,3,1,2026-04-15 21:17:00,6.0
68613690,2026-04-09 17:24:39,2026-04-18 13:05:00,Closed,Pothole,QUEENS,nan,40.75145646745757,-73.83227500973547,15.990584430740743,4959.1547619047615,4660.0,14,0,31.899999618530273,1,Medium,14,0.0,1.0,0.0,0.0,2026-04-25 17:11:05,2,4,3,1,2026-04-18 13:05:00,8.0
68614949,2026-04-09 17:21:59,,Open,Pothole,MANHATTAN,nan,40.76160086638034,-73.96864177563774,15.992436282592594,16591.571428571428,6876.0,35,0,65.2,2,High,8,0.348,0.326,0.196,0.13,2026-04-25 17:11:05,0,4,3,1,,
68616283,2026-04-09 17:20:33,2026-04-18 08:38:00,Closed,Pothole,STATEN ISLAND,nan,40.580575571725625,-74.10726932314459,15.993431652962965,23788.714285714286,2762.0,8,0,39.099998474121094,1,Medium,14,0.0,1.0,0.0,0.0,2026-04-25 17:11:05,4,4,3,1,2026-04-18 08:38:00,8.0
68609712,2026-04-09 17:19:23,2026-04-18 13:14:00,Closed,Pothole,QUEENS,nan,40.69181891151148,-73.78778252718091,15.994241838148149,4959.1547619047615,4660.0,2,1,22.200000762939453,0,Low,30,0.878,0.121,0.0,0.0,2026-04-25 17:11:05,2,4,3,1,2026-04-18 13:14:00,8.0
68608394,2026-04-09 17:10:20,,Open,Pothole,MANHATTAN,nan,40.783937451116294,-73.95234204029215,16.00052656037037,16591.571428571428,6876.0,12,0,57.2,2,High,8,0.428,0.286,0.172,0.114,2026-04-25 17:11:05,0,4,3,1,,
68613665,2026-04-09 17:09:01,,Open,Pothole,MANHATTAN,nan,40.78461605788552,-73.95395929858083,16.001440912222222,16591.571428571428,6876.0,9,0,49.2,1,Medium,8,0.508,0.246,0.148,0.098,2026-04-25 17:11:05,0,4,3,1,,
68610498,2026-04-09 17:08:21,2026-04-09 17:08:21,Closed,Pothole,QUEENS,nan,40.69355141536431,-73.78365522448765,16.001903875185185,4959.1547619047615,4660.0,4,1,27.299999237060547,1,Medium,14,0.487,0.512,0.0,0.0,2026-04-25 17:11:05,2,4,3,1,2026-04-09 17:08:21,0.0
68615785,2026-04-09 17:06:36,2026-04-09 17:06:36,Closed,Pothole,QUEENS,nan,40.69165179668416,-73.77919714574149,16.003119152962963,4959.1547619047615,4660.0,11,1,33.29999923706055,1,Medium,14,0.002,0.998,0.0,0.0,2026-04-25 17:11:05,2,4,3,1,2026-04-09 17:06:36,0.0
68617624,2026-04-09 17:00:58,2026-04-18 09:40:00,Closed,Pothole,QUEENS,nan,40.72488246372458,-73.88413551558493,16.007031190000003,4959.1547619047615,4660.0,0,0,18.899999618530273,0,Low,30,0.994,0.006,0.0,0.0,2026-04-25 17:11:05,2,4,3,0,2026-04-18 09:40:00,8.0
68617610,2026-04-09 16:55:00,2026-04-11 10:40:00,Closed,Pothole,BROOKLYN,nan,40.66159145897608,-73.99684617146559,16.01117470851852,5664.555555555556,6673.0,17,0,31.0,1,Medium,14,0.001,0.999,0.0,0.0,2026-04-25 17:11:05,1,4,3,1,2026-04-11 10:40:00,1.0
68608411,2026-04-09 16:43:31,2026-04-11 09:00:00,Closed,Pothole,BROOKLYN,nan,40.600777584188776,-74.00940605360461,16.019149245555557,5664.555555555556,6673.0,6,1,29.299999237060547,1,Medium,14,0.052,0.948,0.0,0.0,2026-04-25 17:11:05,1,4,3,1,2026-04-11 09:00:00,1.0
68609678,2026-04-09 16:43:25,,Open,Pothole,BRONX,nan,40.891070382072485,-73.9022771742948,16.019218690000002,6677.6,6655.5,2,1,18.7,0,Low,15,0.813,0.093,0.056,0.037,2026-04-25 17:11:05,3,4,3,1,,
68609157,2026-04-09 16:42:17,2026-04-09 16:42:17,Closed,Pothole,BRONX,nan,40.8901582076212,-73.90443411050143,16.020005727037038,6677.6,6655.5,4,1,26.899999618530273,0,Low,30,0.558,0.442,0.0,0.0,2026-04-25 17:11:05,3,4,3,1,2026-04-09 16:42:17,0.0
68613691,2026-04-09 16:41:53,2026-04-17 20:16:00,Closed,Pothole,QUEENS,nan,40.7004993066336,-73.90020149091094,16.020283504814817,4959.1547619047615,4660.0,14,1,31.399999618530273,1,Medium,14,0.001,0.998,0.0,0.0,2026-04-25 17:11:05,2,4,3,1,2026-04-17 20:16:00,8.0
68609715,2026-04-09 16:33:41,2026-04-18 09:25:00,Closed,Pothole,QUEENS,nan,40.7690928388307,-73.82579360571758,16.02597794925926,4959.1547619047615,4660.0,8,0,28.0,1,Medium,14,0.006,0.994,0.0,0.0,2026-04-25 17:11:05,2,4,3,1,2026-04-18 09:25:00,8.0
68609182,2026-04-09 16:28:22,2026-04-09 16:28:22,Closed,Pothole,QUEENS,nan,40.74089617616554,-73.89960689847297,16.02967007888889,4959.1547619047615,4660.0,32,1,32.20000076293945,1,Medium,14,0.001,0.999,0.0,0.0,2026-04-25 17:11:05,2,4,3,1,2026-04-09 16:28:22,0.0
68612327,2026-04-09 16:17:29,,Pending,Pothole,QUEENS,nan,40.70060614655157,-73.90993523917614,16.03722794925926,4959.1547619047615,4660.0,28,1,32.099998474121094,1,Medium,14,0.001,0.999,0.0,0.0,2026-04-25 17:11:05,2,4,3,1,,
68609163,2026-04-09 16:12:00,2026-04-09 16:12:00,Closed,Pothole,MANHATTAN,nan,40.80180069248254,-73.96107743720668,16.04103581962963,16591.571428571428,6876.0,14,1,42.79999923706055,1,Medium,14,0.0,1.0,0.0,0.0,2026-04-25 17:11:05,0,4,3,1,2026-04-09 16:12:00,0.0
68613125,2026-04-09 16:11:17,2026-04-09 16:11:17,Closed,Pothole,QUEENS,nan,40.74763079674001,-73.88393715438816,16.041533504814815,4959.1547619047615,4660.0,32,1,30.799999237060547,1,Medium,14,0.001,0.999,0.0,0.0,2026-04-25 17:11:05,2,4,3,1,2026-04-09 16:11:17,0.0
68609716,2026-04-09 16:06:46,2026-04-18 08:50:00,Closed,Pothole,QUEENS,nan,40.73124757611127,-73.79384854944942,16.044670078888892,4959.1547619047615,4660.0,3,0,23.299999237060547,0,Low,30,0.725,0.275,0.0,0.0,2026-04-25 17:11:05,2,4,3,1,2026-04-18 08:50:00,8.0
68616273,2026-04-09 16:06:15,,Open,Pothole,MANHATTAN,nan,40.80356743918114,-73.96714105897546,16.045028875185185,16591.571428571428,6876.0,14,1,62.6,2,High,8,0.374,0.313,0.188,0.125,2026-04-25 17:11:05,0,4,3,1,,
68612293,2026-04-09 16:02:51,,Open,Pothole,BRONX,nan,40.86318029995445,-73.86555774278513,16.0473899862963,6677.6,6655.5,9,1,37.4,1,Medium,15,0.626,0.187,0.112,0.075,2026-04-25 17:11:05,3,4,3,1,,
68617625,2026-04-09 15:52:12,2026-04-18 09:05:00,Closed,Pothole,QUEENS,nan,40.68509877182678,-73.76072902749495,16.054785819629632,4959.1547619047615,4660.0,4,1,26.0,1,Medium,14,0.247,0.753,0.0,0.0,2026-04-25 17:11:05,2,4,3,1,2026-04-18 09:05:00,8.0
68614959,2026-04-09 15:45:31,2026-04-11 12:30:00,Closed,Pothole,BROOKLYN,nan,40.620502053477814,-73.99859515891076,16.059427023333335,5664.555555555556,6673.0,7,1,27.299999237060547,0,Low,30,0.504,0.496,0.0,0.0,2026-04-25 17:11:05,1,4,3,1,2026-04-11 12:30:00,1.0
68608412,2026-04-09 15:42:50,,Open,Pothole,BROOKLYN,nan,40.704112957771954,-73.91586709054877,16.06129044925926,5664.555555555556,6673.0,25,0,52.2,2,High,15,0.478,0.261,0.156,0.104,2026-04-25 17:11:05,1,4,3,1,,
68616284,2026-04-09 15:42:42,,Open,Pothole,STATEN ISLAND,nan,40.61485474409661,-74.10794752871804,16.061383041851855,23788.714285714286,2762.0,2,1,39.2,1,Medium,15,0.608,0.196,0.118,0.078,2026-04-25 17:11:05,4,4,3,1,,
68609164,2026-04-09 15:39:57,2026-04-09 15:39:58,Closed,Pothole,MANHATTAN,nan,40.7779047511921,-73.98208745958574,16.063292764074074,16591.571428571428,6876.0,20,0,42.29999923706055,1,Medium,14,0.0,1.0,0.0,0.0,2026-04-25 17:11:05,0,4,3,1,2026-04-09 15:39:58,0.0
68610499,2026-04-09 15:33:57,2026-04-09 15:33:57,Closed,Pothole,QUEENS,nan,40.761217008162774,-73.8863970016137,16.06745943074074,4959.1547619047615,4660.0,7,0,27.5,1,Medium,14,0.244,0.756,0.0,0.0,2026-04-25 17:11:05,2,4,3,1,2026-04-09 15:33:57,0.0
68617627,2026-04-09 15:21:37,2026-04-15 20:54:00,Closed,Pothole,QUEENS,nan,40.75208070444776,-73.88189377037399,16.07602424555556,4959.1547619047615,4660.0,7,0,26.200000762939453,1,Medium,14,0.099,0.901,0.0,0.0,2026-04-25 17:11:05,2,4,3,1,2026-04-15 20:54:00,6.0
68613127,2026-04-09 15:19:34,2026-04-09 15:19:34,Closed,Pothole,QUEENS,nan,40.75454734016645,-73.86602604453657,16.07744785666667,4959.1547619047615,4660.0,13,1,31.799999237060547,1,Medium,14,0.001,0.999,0.0,0.0,2026-04-25 17:11:05,2,4,3,1,2026-04-09 15:19:34,0.0
68611037,2026-04-09 15:09:49,2026-04-18 21:55:00,Closed,Pothole,STATEN ISLAND,nan,40.550511721214605,-74.14475943429196,16.08421869,23788.714285714286,2762.0,1,0,30.899999618530273,1,Medium,14,0.002,0.998,0.0,0.0,2026-04-25 17:11:05,4,4,3,1,2026-04-18 21:55:00,9.0
68619753,2026-04-09 15:04:50,2026-04-10 15:05:00,Closed,Pothole,QUEENS,nan,40.666416023635946,-73.73849046642708,16.08767933814815,4959.1547619047615,4660.0,32,1,29.700000762939453,1,Medium,14,0.0,1.0,0.0,0.0,2026-04-25 17:11:05,2,4,3,1,2026-04-10 15:05:00,1.0
68609718,2026-04-09 14:53:49,2026-04-18 12:45:00,Closed,Pothole,QUEENS,nan,40.66889549232034,-73.82238924714795,16.095329801111113,4959.1547619047615,4660.0,2,1,23.899999618530273,1,Medium,14,0.245,0.754,0.0,0.0,2026-04-25 17:11:05,2,4,3,1,2026-04-18 12:45:00,8.0
68609719,2026-04-09 14:52:29,2026-04-14 15:21:00,Closed,Pothole,QUEENS,nan,40.68599374684717,-73.83992149832302,16.09625572703704,4959.1547619047615,4660.0,5,1,24.700000762939453,0,Low,30,0.821,0.178,0.0,0.0,2026-04-25 17:11:05,2,4,3,1,2026-04-14 15:21:00,5.0
68612294,2026-04-09 14:51:15,,Open,Pothole,BRONX,nan,40.84813390830582,-73.88883653371246,16.09711220851852,6677.6,6655.5,11,1,42.7,1,Medium,15,0.573,0.214,0.128,0.085,2026-04-25 17:11:05,3,4,3,1,,
68611798,2026-04-09 14:47:52,2026-04-09 20:32:00,Closed,Pothole,QUEENS,nan,40.69335210250701,-73.90040331190272,16.09946174555556,4959.1547619047615,4660.0,4,1,25.200000762939453,0,Low,30,0.963,0.037,0.0,0.0,2026-04-25 17:11:05,2,4,3,1,2026-04-09 20:32:00,0.0
68613667,2026-04-09 14:42:04,,Open,Pothole,MANHATTAN,WEST  132 STREET,40.818652073959186,-73.95762811704572,16.103489523333334,16591.571428571428,6876.0,13,1,59.9,2,High,8,0.401,0.3,0.18,0.12,2026-04-25 17:11:05,0,4,3,1,,
68609183,2026-04-09 14:22:14,2026-04-09 14:22:14,Closed,Pothole,QUEENS,nan,40.7599300035456,-73.89845559346726,16.117262671481484,4959.1547619047615,4660.0,8,0,29.100000381469727,1,Medium,14,0.028,0.972,0.0,0.0,2026-04-25 17:11:05,2,4,3,1,2026-04-09 14:22:14,0.0
68621080,2026-04-09 14:18:42,2026-04-10 09:15:00,Closed,Pothole,BROOKLYN,nan,40.715305346740664,-73.96043534986752,16.119716375185188,5664.555555555556,6673.0,22,1,33.900001525878906,1,Medium,14,0.001,0.999,0.0,0.0,2026-04-25 17:11:05,1,4,3,1,2026-04-10 09:15:00,0.0
68612297,2026-04-09 14:16:40,,Open,Pothole,MANHATTAN,WEST   60 STREET,40.76915187291726,-73.98268910648126,16.121128412222223,16591.571428571428,6876.0,34,0,65.3,2,High,8,0.347,0.326,0.196,0.131,2026-04-25 17:11:05,0,4,3,1,,
68616274,2026-04-09 14:16:19,,Open,Pothole,MANHATTAN,EAST   60 STREET,40.76270938851345,-73.96736697746385,16.121371467777777,16591.571428571428,6876.0,35,0,65.3,2,High,8,0.347,0.326,0.196,0.131,2026-04-25 17:11:05,0,4,3,1,,
68617599,2026-04-09 14:15:43,,Open,Pothole,MANHATTAN,nan,40.74511581912218,-73.9806599355382,16.121788134444447,16591.571428571428,6876.0,24,1,65.3,2,High,8,0.347,0.326,0.196,0.131,2026-04-25 17:11:05,0,4,3,1,,
68613668,2026-04-09 14:15:08,,Open,Pothole,MANHATTAN,BEACH STREET,40.72043366987542,-74.00674252540428,16.122193227037037,16591.571428571428,6876.0,18,1,65.3,2,High,8,0.347,0.326,0.196,0.131,2026-04-25 17:11:05,0,4,3,1,,
68616275,2026-04-09 14:14:25,2026-04-18 22:45:00,Closed,Pothole,MANHATTAN,AMSTERDAM AVENUE,40.8513299800638,-73.92853822198025,16.12269091222222,17214.5,22662.0,4,1,37.5,1,Medium,14,0.001,0.999,0.001,0.0,2026-04-25 17:11:05,0,4,3,1,2026-04-18 22:45:00,9.0
68616276,2026-04-09 14:14:06,2026-04-18 22:55:00,Closed,Pothole,MANHATTAN,AMSTERDAM AVENUE,40.85073467414933,-73.9290159921747,16.12291081962963,17214.5,22662.0,7,1,39.29999923706055,1,Medium,14,0.001,0.999,0.001,0.0,2026-04-25 17:11:05,0,4,3,1,2026-04-18 22:55:00,9.0
68616277,2026-04-09 14:13:15,2026-04-18 23:05:00,Closed,Pothole,MANHATTAN,AMSTERDAM AVENUE,40.85007077290906,-73.92953358701308,16.12350109740741,17214.5,22662.0,10,1,42.79999923706055,1,Medium,14,0.0,1.0,0.0,0.0,2026-04-25 17:11:05,0,4,3,1,2026-04-18 23:05:00,9.0
68617083,2026-04-09 14:01:24,2026-04-09 14:01:24,Closed,Pothole,BRONX,nan,40.86526411435674,-73.84624719067614,16.131730264074076,6677.6,6655.5,1,1,24.0,0,Low,30,0.981,0.019,0.0,0.0,2026-04-25 17:11:05,3,4,3,1,2026-04-09 14:01:24,0.0
68612329,2026-04-09 13:54:46,2026-04-18 07:45:00,Closed,Pothole,QUEENS,nan,40.66472479717648,-73.76906375752154,16.136336745555557,4959.1547619047615,4660.0,11,0,31.799999237060547,1,Medium,14,0.001,0.999,0.0,0.0,2026-04-25 17:11:05,2,4,3,1,2026-04-18 07:45:00,8.0
68607876,2026-04-09 13:44:08,2026-04-09 13:44:08,Closed,Pothole,QUEENS,nan,40.753902194423326,-73.90121512412604,16.143721004814815,4959.1547619047615,4660.0,9,0,30.100000381469727,1,Medium,14,0.003,0.997,0.0,0.0,2026-04-25 17:11:05,2,4,3,1,2026-04-09 13:44:08,0.0
68614969,2026-04-09 13:41:53,2026-04-18 08:00:00,Closed,Pothole,QUEENS,nan,40.66630499107526,-73.76730282548127,16.145283504814817,4959.1547619047615,4660.0,18,0,31.5,1,Medium,14,0.0,1.0,0.0,0.0,2026-04-25 17:11:05,2,4,3,1,2026-04-18 08:00:00,8.0
68609186,2026-04-09 13:38:53,2026-04-09 13:38:53,Closed,Pothole,QUEENS,nan,40.753902194423326,-73.90121512412604,16.147366838148148,4959.1547619047615,4660.0,9,0,30.100000381469727,1,Medium,14,0.003,0.997,0.0,0.0,2026-04-25 17:11:05,2,4,3,1,2026-04-09 13:38:53,0.0
68611059,2026-04-09 13:37:13,,Pending,Pothole,QUEENS,nan,40.76825754911106,-73.93202451143456,16.148524245555556,4959.1547619047615,4660.0,6,0,27.100000381469727,1,Medium,14,0.08,0.92,0.0,0.0,2026-04-25 17:11:05,2,4,3,1,,
68618438,2026-04-09 13:27:31,2026-04-10 12:30:00,Closed,Pothole,BROOKLYN,nan,40.67120461052529,-73.90050848223551,16.155260356666666,5664.555555555556,6673.0,28,1,36.099998474121094,1,Medium,14,0.001,0.999,0.0,0.0,2026-04-25 17:11:05,1,4,3,1,2026-04-10 12:30:00,0.0
68627548,2026-04-09 13:26:38,2026-04-10 11:20:00,Closed,Pothole,BROOKLYN,nan,40.676448835455936,-73.86453897126174,16.155873782592593,5664.555555555556,6673.0,13,0,32.29999923706055,1,Medium,14,0.0,1.0,0.0,0.0,2026-04-25 17:11:05,1,4,3,1,2026-04-10 11:20:00,0.0
68621082,2026-04-09 13:25:36,2026-04-10 10:45:00,Closed,Pothole,BROOKLYN,FULTON STREET,40.67723735752213,-73.89707812529129,16.156591375185187,5927.0,13181.0,75,1,34.900001525878906,1,Medium,14,0.0,1.0,0.0,0.0,2026-04-25 17:11:05,1,4,3,1,2026-04-10 10:45:00,0.0
68619743,2026-04-09 13:25:06,2026-04-10 08:30:00,Closed,Pothole,BROOKLYN,FLATLANDS AVENUE,40.63367663038071,-73.91609279973166,16.156938597407407,8120.555555555556,24705.0,13,0,40.20000076293945,1,Medium,14,0.0,1.0,0.0,0.0,2026-04-25 17:11:05,1,4,3,1,2026-04-10 08:30:00,0.0
68614449,2026-04-09 13:22:42,2026-04-09 13:22:42,Closed,Pothole,QUEENS,nan,40.724435644856605,-73.86929389395314,16.158605264074076,4959.1547619047615,4660.0,6,0,25.899999618530273,1,Medium,14,0.123,0.877,0.0,0.0,2026-04-25 17:11:05,2,4,3,1,2026-04-09 13:22:42,0.0
68610500,2026-04-09 13:19:43,2026-04-09 13:19:43,Closed,Pothole,QUEENS,nan,40.74081320861924,-73.89889250809895,16.160677023333335,4959.1547619047615,4660.0,32,1,32.79999923706055,1,Medium,14,0.001,0.999,0.0,0.0,2026-04-25 17:11:05,2,4,3,1,2026-04-09 13:19:43,0.0
68609725,2026-04-09 13:13:15,,Pending,Pothole,QUEENS,nan,40.76788792409486,-73.80202039920825,16.165167764074074,4959.1547619047615,4660.0,3,0,22.200000762939453,0,Low,30,0.937,0.063,0.0,0.0,2026-04-25 17:11:05,2,4,3,1,,
68614450,2026-04-09 13:05:00,2026-04-09 13:05:00,Closed,Pothole,QUEENS,nan,40.753902194423326,-73.90121512412604,16.170896930740742,4959.1547619047615,4660.0,9,0,30.100000381469727,1,Medium,14,0.003,0.997,0.0,0.0,2026-04-25 17:11:05,2,4,3,1,2026-04-09 13:05:00,0.0
68611803,2026-04-09 13:03:37,2026-04-09 13:03:37,Closed,Pothole,QUEENS,nan,40.74603472114661,-73.93440021822178,16.17185757888889,4959.1547619047615,4660.0,20,0,31.5,1,Medium,14,0.0,1.0,0.0,0.0,2026-04-25 17:11:05,2,4,3,1,2026-04-09 13:03:37,0.0
68617090,2026-04-09 13:00:03,2026-04-09 13:00:03,Closed,Pothole,MANHATTAN,nan,40.744099058348795,-73.99564413111167,16.174334430740743,16591.571428571428,6876.0,16,0,41.79999923706055,1,Medium,14,0.0,1.0,0.0,0.0,2026-04-25 17:11:05,0,4,3,1,2026-04-09 13:00:03,0.0
68607877,2026-04-09 13:00:01,2026-04-09 13:00:01,Closed,Pothole,QUEENS,nan,40.7402725268642,-73.89585124979992,16.17435757888889,4959.1547619047615,4660.0,23,0,31.600000381469727,1,Medium,14,0.0,1.0,0.0,0.0,2026-04-25 17:11:05,2,4,3,1,2026-04-09 13:00:01,0.0
68607878,2026-04-09 12:55:33,2026-04-09 12:55:33,Closed,Pothole,QUEENS,nan,40.7402725268642,-73.89585124979992,16.177459430740743,4959.1547619047615,4660.0,23,0,31.600000381469727,1,Medium,14,0.0,1.0,0.0,0.0,2026-04-25 17:11:05,2,4,3,1,2026-04-09 12:55:33,0.0
68615787,2026-04-09 12:47:21,2026-04-09 12:47:21,Closed,Pothole,QUEENS,nan,40.741863453510625,-73.90750492962665,16.183153875185187,4959.1547619047615,4660.0,12,0,31.299999237060547,1,Medium,14,0.001,0.999,0.0,0.0,2026-04-25 17:11:05,2,4,3,1,2026-04-09 12:47:21,0.0
68613696,2026-04-09 12:46:39,,Pending,Pothole,QUEENS,nan,40.725789943726326,-73.79174401191865,16.1836399862963,4959.1547619047615,4660.0,11,0,32.400001525878906,1,Medium,14,0.0,1.0,0.0,0.0,2026-04-25 17:11:05,2,4,3,1,,
68608415,2026-04-09 12:42:52,2026-04-14 09:45:00,Closed,Pothole,BROOKLYN,nan,40.70377178752333,-73.93115614201334,16.186267301111112,5664.555555555556,6673.0,13,1,32.79999923706055,1,Medium,14,0.0,1.0,0.0,0.0,2026-04-25 17:11:05,1,4,3,1,2026-04-14 09:45:00,4.0
68615788,2026-04-09 12:42:45,2026-04-09 12:42:45,Closed,Pothole,QUEENS,nan,40.753902194423326,-73.90121512412604,16.18634831962963,4959.1547619047615,4660.0,9,0,29.899999618530273,1,Medium,14,0.003,0.997,0.0,0.0,2026-04-25 17:11:05,2,4,3,1,2026-04-09 12:42:45,0.0
68607880,2026-04-09 12:42:25,2026-04-09 12:42:25,Closed,Pothole,QUEENS,nan,40.71836919350643,-73.84055801431353,16.18657980111111,4959.1547619047615,4660.0,11,0,33.20000076293945,1,Medium,14,0.0,1.0,0.0,0.0,2026-04-25 17:11:05,2,4,3,1,2026-04-09 12:42:25,0.0
68609680,2026-04-09 12:39:42,,Open,Pothole,BRONX,nan,40.85004543105136,-73.88447775783781,16.188466375185186,6677.6,6655.5,10,1,40.1,1,Medium,15,0.599,0.2,0.12,0.08,2026-04-25 17:11:05,3,4,3,1,,
68614451,2026-04-09 12:38:15,2026-04-09 12:38:15,Closed,Pothole,QUEENS,nan,40.726960181320095,-73.84653020957778,16.18947331962963,4959.1547619047615,4660.0,9,1,29.399999618530273,1,Medium,14,0.003,0.997,0.0,0.0,2026-04-25 17:11:05,2,4,3,1,2026-04-09 12:38:15,0.0
68613133,2026-04-09 12:37:42,2026-04-09 12:37:42,Closed,Pothole,QUEENS,nan,40.753902194423326,-73.90121512412604,16.189855264074076,4959.1547619047615,4660.0,9,0,29.899999618530273,1,Medium,14,0.003,0.997,0.0,0.0,2026-04-25 17:11:05,2,4,3,1,2026-04-09 12:37:42,0.0
68607881,2026-04-09 12:33:30,2026-04-09 12:33:30,Closed,Pothole,QUEENS,nan,40.761217008162774,-73.8863970016137,16.192771930740744,4959.1547619047615,4660.0,7,0,27.600000381469727,1,Medium,14,0.117,0.883,0.0,0.0,2026-04-25 17:11:05,2,4,3,1,2026-04-09 12:33:30,0.0
68609173,2026-04-09 12:31:14,2026-04-09 12:31:14,Closed,Pothole,STATEN ISLAND,nan,40.549671713305585,-74.18667113354685,16.194346004814815,23788.714285714286,2762.0,3,0,34.70000076293945,1,Medium,14,0.001,0.999,0.0,0.0,2026-04-25 17:11:05,4,4,3,1,2026-04-09 12:31:14,0.0
68614436,2026-04-09 12:27:54,2026-04-09 12:27:54,Closed,Pothole,STATEN ISLAND,nan,40.55211615875858,-74.19073344775909,16.19666081962963,23788.714285714286,2762.0,4,0,33.0,1,Medium,14,0.0,1.0,0.0,0.0,2026-04-25 17:11:05,4,4,3,1,2026-04-09 12:27:54,0.0
68614452,2026-04-09 12:25:30,2026-04-09 12:25:30,Closed,Pothole,QUEENS,nan,40.753902194423326,-73.90121512412604,16.198327486296296,4959.1547619047615,4660.0,9,0,29.899999618530273,1,Medium,14,0.003,0.997,0.0,0.0,2026-04-25 17:11:05,2,4,3,1,2026-04-09 12:25:30,0.0
68612334,2026-04-09 12:23:38,,Pending,Pothole,QUEENS,nan,40.75576377023543,-73.91216711454034,16.199623782592592,4959.1547619047615,4660.0,4,0,25.200000762939453,0,Low,30,0.782,0.218,0.0,0.0,2026-04-25 17:11:05,2,4,3,1,,
68614962,2026-04-09 12:21:36,,Open,Pothole,BROOKLYN,nan,40.67111378892755,-73.97806063883692,16.20103581962963,5664.555555555556,6673.0,10,1,38.9,1,Medium,15,0.611,0.194,0.117,0.078,2026-04-25 17:11:05,1,4,3,1,,
68608426,2026-04-09 12:17:05,2026-04-18 08:36:00,Closed,Pothole,QUEENS,nan,40.592579272695254,-73.80065702137888,16.204172393703704,4959.1547619047615,4660.0,7,1,26.100000381469727,1,Medium,14,0.058,0.942,0.0,0.0,2026-04-25 17:11:05,2,4,3,1,2026-04-18 08:36:00,8.0
68656966,2026-04-09 12:01:00,2026-04-11 12:05:00,Closed,Pothole,BRONX,CROSS BRONX EXPRESSWAY,40.83162654232482,-73.85597682662345,16.215341375185186,6677.6,6655.5,18,1,32.79999923706055,1,Medium,14,0.0,1.0,0.0,0.0,2026-04-25 17:11:05,3,4,3,1,2026-04-11 12:05:00,2.0
68647966,2026-04-09 11:58:52,2026-04-11 11:55:00,Closed,Pothole,BRONX,CROSS BRONX EXPRESSWAY,40.83172025911338,-73.85629462026054,16.216822856666667,6677.6,6655.5,14,1,33.5,1,Medium,14,0.0,1.0,0.0,0.0,2026-04-25 17:11:05,3,4,3,1,2026-04-11 11:55:00,1.0
68647967,2026-04-09 11:56:36,2026-04-09 11:30:00,Closed,Pothole,BRONX,CROES AVENUE,40.834952744916734,-73.87193165562294,16.21839693074074,6677.6,91.0,57,1,33.79999923706055,1,Medium,14,0.0,1.0,0.0,0.0,2026-04-25 17:11:05,3,4,3,1,2026-04-09 11:30:00,-1.0
68658508,2026-04-09 11:55:42,2026-04-11 11:30:00,Closed,Pothole,BRONX,CROES AVENUE,40.83530962117293,-73.87198878930538,16.21902193074074,6677.6,91.0,66,1,33.900001525878906,1,Medium,14,0.0,1.0,0.0,0.0,2026-04-25 17:11:05,3,4,3,1,2026-04-11 11:30:00,1.0
68613106,2026-04-09 11:50:00,2026-04-09 11:50:00,Closed,Pothole,MANHATTAN,nan,40.80297085227577,-73.96386162910126,16.222980264074074,16591.571428571428,6876.0,16,0,41.400001525878906,1,Medium,14,0.0,1.0,0.0,0.0,2026-04-25 17:11:05,0,4,3,1,2026-04-09 11:50:00,0.0
68609190,2026-04-09 11:49:49,2026-04-09 11:49:49,Closed,Pothole,QUEENS,nan,40.75011201290421,-73.9154047703965,16.22310757888889,4959.1547619047615,4660.0,5,1,25.299999237060547,0,Low,30,0.506,0.494,0.0,0.0,2026-04-25 17:11:05,2,4,3,1,2026-04-09 11:49:49,0.0
68614963,2026-04-09 11:49:29,2026-04-14 09:10:00,Closed,Pothole,BROOKLYN,nan,40.72588116916357,-73.94168627374127,16.22333906037037,5664.555555555556,6673.0,9,1,30.399999618530273,1,Medium,14,0.002,0.998,0.0,0.0,2026-04-25 17:11:05,1,4,3,1,2026-04-14 09:10:00,4.0
68617633,2026-04-09 11:48:30,,Pending,Pothole,QUEENS,nan,40.75011201290421,-73.9154047703965,16.224021930740744,4959.1547619047615,4660.0,5,1,25.299999237060547,0,Low,30,0.506,0.494,0.0,0.0,2026-04-25 17:11:05,2,4,3,1,,
68614429,2026-04-09 11:39:37,2026-04-09 11:39:37,Closed,Pothole,MANHATTAN,nan,40.76123442230889,-73.9638842741059,16.230190912222223,16591.571428571428,6876.0,49,1,41.20000076293945,1,Medium,14,0.0,1.0,0.0,0.0,2026-04-25 17:11:05,0,4,3,1,2026-04-09 11:39:37,0.0
68608427,2026-04-09 11:37:45,2026-04-15 21:53:00,Closed,Pothole,QUEENS,nan,40.770541186913114,-73.93204745242315,16.23148720851852,4959.1547619047615,4660.0,5,1,27.100000381469727,1,Medium,14,0.087,0.912,0.0,0.0,2026-04-25 17:11:05,2,4,3,1,2026-04-15 21:53:00,6.0
68616291,2026-04-09 11:37:01,2026-04-13 10:05:00,Closed,Pothole,BROOKLYN,nan,40.65276846281514,-73.88628975331724,16.23199646777778,5664.555555555556,6673.0,14,1,31.0,1,Medium,14,0.0,1.0,0.0,0.0,2026-04-25 17:11:05,1,4,3,1,2026-04-13 10:05:00,3.0
68609693,2026-04-09 11:33:14,,Open,Pothole,STATEN ISLAND,nan,40.58275847020916,-74.13040002725637,16.234623782592593,23788.714285714286,2762.0,4,0,44.6,1,Medium,15,0.554,0.223,0.134,0.089,2026-04-25 17:11:05,4,4,3,1,,
68613107,2026-04-09 11:29:37,2026-04-09 11:29:37,Closed,Pothole,MANHATTAN,nan,40.768023997074046,-73.97028136310426,16.237135356666666,16591.571428571428,6876.0,10,0,44.599998474121094,1,Medium,14,0.0,1.0,0.0,0.0,2026-04-25 17:11:05,0,4,3,1,2026-04-09 11:29:37,0.0
68612314,2026-04-09 11:27:32,,Open,Pothole,BROOKLYN,nan,40.670118104058744,-73.92246717181506,16.238582115925926,5664.555555555556,6673.0,21,0,52.2,2,High,15,0.478,0.261,0.157,0.104,2026-04-25 17:11:05,1,4,3,1,,
68608401,2026-04-09 11:25:59,,Open,Pothole,STATEN ISLAND,nan,40.542237188769995,-74.16813893762091,16.239658504814816,23788.714285714286,2762.0,1,1,36.6,1,Medium,15,0.634,0.183,0.11,0.073,2026-04-25 17:11:05,4,4,3,1,,
68613679,2026-04-09 11:25:11,2026-04-20 15:03:00,Closed,Pothole,BROOKLYN,nan,40.66328389448403,-73.96095641305693,16.24021406037037,5664.555555555556,6673.0,22,1,32.400001525878906,1,Medium,14,0.001,0.999,0.0,0.0,2026-04-25 17:11:05,1,4,3,1,2026-04-20 15:03:00,11.0
68609699,2026-04-09 11:20:39,2026-04-20 15:20:00,Closed,Pothole,BROOKLYN,nan,40.664174862428304,-73.94489056557231,16.24336220851852,5664.555555555556,6673.0,15,1,31.799999237060547,1,Medium,14,0.0,1.0,0.0,0.0,2026-04-25 17:11:05,1,4,3,1,2026-04-20 15:20:00,11.0
68608416,2026-04-09 11:14:58,,Open,Pothole,BROOKLYN,nan,40.66059386152177,-73.9313268541998,16.24730896777778,5664.555555555556,6673.0,16,1,52.2,2,High,15,0.478,0.261,0.157,0.104,2026-04-25 17:11:05,1,4,3,1,,
68617636,2026-04-09 11:07:08,,Pending,Pothole,QUEENS,nan,40.72616002491308,-73.90011616052219,16.252748782592594,4959.1547619047615,4660.0,9,0,28.100000381469727,1,Medium,14,0.003,0.997,0.0,0.0,2026-04-25 17:11:05,2,4,3,1,,
68615790,2026-04-09 11:06:33,2026-04-09 11:06:33,Closed,Pothole,QUEENS,nan,40.761217008162774,-73.8863970016137,16.253153875185188,4959.1547619047615,4660.0,7,0,27.5,1,Medium,14,0.103,0.897,0.0,0.0,2026-04-25 17:11:05,2,4,3,1,2026-04-09 11:06:33,0.0
68610484,2026-04-09 10:57:39,2026-04-09 10:57:39,Closed,Pothole,MANHATTAN,nan,40.83780345280487,-73.9421411024755,16.259334430740743,16591.571428571428,6876.0,26,0,39.79999923706055,1,Medium,14,0.0,1.0,0.0,0.0,2026-04-25 17:11:05,0,4,3,1,2026-04-09 10:57:39,0.0
68612295,2026-04-09 10:56:55,,Open,Pothole,BRONX,nan,40.83570577270673,-73.88874527128299,16.25984369,6677.6,6655.5,16,0,53.4,2,High,15,0.466,0.267,0.16,0.107,2026-04-25 17:11:05,3,4,3,1,,
68613692,2026-04-09 10:21:51,,Pending,Pothole,QUEENS,nan,40.76823469478744,-73.87518273436875,16.284195541851854,4959.1547619047615,4660.0,12,1,31.700000762939453,1,Medium,14,0.002,0.998,0.0,0.0,2026-04-25 17:11:05,2,4,3,1,,
68617099,2026-04-09 10:01:38,2026-04-09 10:01:38,Closed,Pothole,STATEN ISLAND,nan,40.54889704486478,-74.1693719223171,16.298234893703704,23788.714285714286,2762.0,1,0,31.799999237060547,1,Medium,14,0.001,0.999,0.0,0.0,2026-04-25 17:11:05,4,4,3,1,2026-04-09 10:01:38,0.0
68608381,2026-04-09 09:22:01,2026-04-18 14:10:00,Closed,Pothole,QUEENS,nan,40.67948147234004,-73.7574034114413,16.32574646777778,4959.1547619047615,4660.0,11,0,31.399999618530273,1,Medium,14,0.0,1.0,0.0,0.0,2026-04-25 17:11:05,2,4,3,1,2026-04-18 14:10:00,9.0
68611045,2026-04-09 09:21:21,2026-04-11 09:40:00,Closed,Pothole,BROOKLYN,nan,40.68620433512224,-73.95073523800245,16.326209430740743,5664.555555555556,6673.0,16,1,32.20000076293945,1,Medium,14,0.002,0.998,0.0,0.0,2026-04-25 17:11:05,1,4,3,1,2026-04-11 09:40:00,2.0
68609722,2026-04-09 09:19:23,,Pending,Pothole,QUEENS,nan,40.70437688710146,-73.74236663429497,16.32757517148148,4959.1547619047615,4660.0,3,0,22.600000381469727,0,Low,30,0.972,0.028,0.0,0.0,2026-04-25 17:11:05,2,4,3,1,,
68608402,2026-04-09 09:15:56,,Open,Pothole,STATEN ISLAND,nan,40.60805376092114,-74.15735256453574,16.329971004814816,23788.714285714286,2762.0,7,1,52.7,2,High,15,0.473,0.263,0.158,0.105,2026-04-25 17:11:05,4,4,3,1,,
68617631,2026-04-09 09:12:45,,Pending,Pothole,QUEENS,nan,40.68157875416454,-73.76547563812336,16.332181652962966,4959.1547619047615,4660.0,8,1,28.399999618530273,1,Medium,14,0.003,0.997,0.0,0.0,2026-04-25 17:11:05,2,4,3,1,,
68614412,2026-04-09 09:10:34,2026-04-09 09:10:34,Closed,Pothole,QUEENS,nan,40.68627254618037,-73.77380998188276,16.333697856666667,4959.1547619047615,4660.0,6,1,26.799999237060547,0,Low,30,0.7,0.3,0.0,0.0,2026-04-25 17:11:05,2,4,3,1,2026-04-09 09:10:34,0.0
68608428,2026-04-09 09:08:35,,Pending,Pothole,QUEENS,nan,40.69339652638152,-73.78893145950329,16.33507517148148,4959.1547619047615,4660.0,10,1,31.799999237060547,1,Medium,14,0.001,0.999,0.0,0.0,2026-04-25 17:11:05,2,4,3,1,,
68615766,2026-04-09 08:54:18,2026-04-09 08:54:18,Closed,Pothole,BRONX,nan,40.83073755335555,-73.91048902613751,16.344994152962965,6677.6,6655.5,18,1,32.5,1,Medium,14,0.0,1.0,0.0,0.0,2026-04-25 17:11:05,3,4,3,1,2026-04-09 08:54:18,0.0
68609682,2026-04-09 08:52:01,,Open,Pothole,BRONX,nan,40.829138081039375,-73.91139092775155,16.346579801111112,6677.6,6655.5,14,1,50.8,2,High,15,0.492,0.254,0.152,0.102,2026-04-25 17:11:05,3,4,3,1,,
68613682,2026-04-09 08:42:55,2026-04-11 09:20:00,Closed,Pothole,BROOKLYN,nan,40.64678857590275,-74.00856930325476,16.352899245555555,5664.555555555556,6673.0,24,1,31.0,1,Medium,14,0.001,0.999,0.0,0.0,2026-04-25 17:11:05,1,4,3,1,2026-04-11 09:20:00,2.0
68617094,2026-04-09 08:20:09,2026-04-09 08:20:09,Closed,Pothole,MANHATTAN,nan,40.80297085227577,-73.96386162910126,16.368709430740743,16591.571428571428,6876.0,16,0,41.70000076293945,1,Medium,14,0.0,1.0,0.0,0.0,2026-04-25 17:11:05,0,4,3,1,2026-04-09 08:20:09,0.0
68649482,2026-04-09 08:16:44,2026-04-11 13:20:00,Closed,Pothole,BRONX,nan,40.835100024685,-73.91945616514167,16.371082115925926,6677.6,6655.5,15,1,36.0,1,Medium,14,0.0,1.0,0.0,0.0,2026-04-25 17:11:05,3,4,3,1,2026-04-11 13:20:00,2.0
68617586,2026-04-09 08:14:13,2026-04-18 10:25:00,Closed,Pothole,QUEENS,nan,40.75787299906427,-73.78849613580287,16.372829801111113,4959.1547619047615,4660.0,5,1,26.200000762939453,1,Medium,14,0.081,0.919,0.0,0.0,2026-04-25 17:11:05,2,4,3,1,2026-04-18 10:25:00,9.0
68611032,2026-04-09 08:12:25,,Open,Pothole,MANHATTAN,nan,40.73396496976481,-73.98877821707838,16.37407980111111,16591.571428571428,6876.0,27,0,65.4,2,High,8,0.346,0.327,0.196,0.131,2026-04-25 17:11:05,0,4,3,1,,
68613693,2026-04-09 08:09:58,,Pending,Pothole,QUEENS,nan,40.789238622350105,-73.80485316800791,16.37578119,4959.1547619047615,4660.0,3,0,21.700000762939453,0,Low,30,0.953,0.047,0.0,0.0,2026-04-25 17:11:05,2,4,3,1,,
68613683,2026-04-09 08:08:47,2026-04-20 15:13:00,Closed,Pothole,BROOKLYN,nan,40.661005977184665,-73.94775142871559,16.37660294925926,5664.555555555556,6673.0,9,0,29.899999618530273,1,Medium,14,0.003,0.997,0.0,0.0,2026-04-25 17:11:05,1,4,3,1,2026-04-20 15:13:00,11.0
68610453,2026-04-09 07:50:53,2026-04-09 07:50:53,Closed,Pothole,QUEENS,nan,40.652564629491025,-73.74654903024499,16.389033504814815,4959.1547619047615,4660.0,0,1,19.700000762939453,0,Low,30,0.999,0.001,0.0,0.0,2026-04-25 17:11:05,2,4,3,0,2026-04-09 07:50:53,0.0
68611026,2026-04-09 07:48:06,,Open,Pothole,BRONX,nan,40.846688650641546,-73.90558811258173,16.390966375185187,6677.6,6655.5,11,1,42.8,1,Medium,15,0.572,0.214,0.128,0.086,2026-04-25 17:11:05,3,4,3,1,,
68608404,2026-04-09 07:47:02,2026-04-11 08:30:00,Closed,Pothole,STATEN ISLAND,nan,40.64407271312796,-74.07776561403846,16.39170711592593,23788.714285714286,2762.0,22,1,39.79999923706055,1,Medium,14,0.0,1.0,0.0,0.0,2026-04-25 17:11:05,4,4,3,1,2026-04-11 08:30:00,2.0
68609683,2026-04-09 07:44:07,,Open,Pothole,BRONX,nan,40.83062570981095,-73.9045051638271,16.39373257888889,6677.6,6655.5,13,1,48.1,1,Medium,15,0.519,0.241,0.144,0.096,2026-04-25 17:11:05,3,4,3,1,,
68608391,2026-04-09 07:39:27,2026-04-15 13:25:00,Closed,Pothole,BRONX,nan,40.83073755335555,-73.91048902613751,16.39697331962963,6677.6,6655.5,18,1,32.79999923706055,1,Medium,14,0.0,1.0,0.0,0.0,2026-04-25 17:11:05,3,4,3,1,2026-04-15 13:25:00,6.0
68609684,2026-04-09 07:35:42,,Open,Pothole,BRONX,nan,40.83228214946054,-73.90961967833861,16.399577486296298,6677.6,6655.5,14,0,50.8,2,High,15,0.492,0.254,0.152,0.102,2026-04-25 17:11:05,3,4,3,1,,
68608429,2026-04-09 07:29:33,,Pending,Pothole,QUEENS,nan,40.684221822216784,-73.75102947040288,16.40384831962963,4959.1547619047615,4660.0,3,0,21.5,0,Low,30,0.974,0.026,0.0,0.0,2026-04-25 17:11:05,2,4,3,1,,
68609145,2026-04-09 07:25:43,2026-04-09 19:21:00,Closed,Pothole,QUEENS,nan,40.70833291815165,-73.84762270556416,16.40651035666667,4959.1547619047615,4660.0,13,0,31.700000762939453,1,Medium,14,0.0,1.0,0.0,0.0,2026-04-25 17:11:05,2,4,3,1,2026-04-09 19:21:00,0.0
68610454,2026-04-09 07:23:34,2026-04-09 07:23:34,Closed,Pothole,QUEENS,nan,40.72792341486303,-73.87100083747289,16.408003412222225,4959.1547619047615,4660.0,7,0,25.899999618530273,1,Medium,14,0.285,0.715,0.0,0.0,2026-04-25 17:11:05,2,4,3,1,2026-04-09 07:23:34,0.0
68611055,2026-04-09 07:12:58,,Pending,Pothole,QUEENS,nan,40.71822688567068,-73.81514029543717,16.415364523333334,4959.1547619047615,4660.0,9,1,31.100000381469727,1,Medium,14,0.004,0.996,0.0,0.0,2026-04-25 17:11:05,2,4,3,1,,
68611015,2026-04-09 07:07:02,,Pending,Pothole,QUEENS,nan,40.73911404167521,-73.88974013991411,16.419484893703704,4959.1547619047615,4660.0,12,1,31.899999618530273,1,Medium,14,0.002,0.998,0.0,0.0,2026-04-25 17:11:05,2,4,3,1,,
68608405,2026-04-09 06:26:33,2026-04-11 13:02:00,Closed,Pothole,STATEN ISLAND,nan,40.62736690658295,-74.16655934062803,16.44759831962963,23788.714285714286,2762.0,19,0,44.099998474121094,1,Medium,14,0.0,1.0,0.0,0.0,2026-04-25 17:11:05,4,4,3,1,2026-04-11 13:02:00,2.0
68609701,2026-04-09 06:07:24,2026-04-13 09:55:00,Closed,Pothole,BROOKLYN,nan,40.6554960203084,-73.8883177879542,16.46089693074074,5664.555555555556,6673.0,20,1,32.599998474121094,1,Medium,14,0.0,1.0,0.0,0.0,2026-04-25 17:11:05,1,4,3,1,2026-04-13 09:55:00,4.0
68614424,2026-04-09 06:04:04,2026-04-09 06:04:04,Closed,Pothole,BRONX,nan,40.89608250690141,-73.86691632989255,16.463211745555558,6677.6,6655.5,6,1,29.0,1,Medium,14,0.004,0.996,0.0,0.0,2026-04-25 17:11:05,3,4,3,1,2026-04-09 06:04:04,0.0
68610473,2026-04-09 06:01:01,2026-04-09 06:01:01,Closed,Pothole,BRONX,nan,40.89608250690141,-73.86691632989255,16.465329801111114,6677.6,6655.5,6,1,29.0,1,Medium,14,0.004,0.996,0.0,0.0,2026-04-25 17:11:05,3,4,3,1,2026-04-09 06:01:01,0.0
68615751,2026-04-09 04:22:52,2026-04-09 04:22:52,Closed,Pothole,QUEENS,nan,40.59514031915387,-73.75398660655783,16.533489523333333,4959.1547619047615,4660.0,9,0,30.600000381469727,1,Medium,14,0.008,0.992,0.0,0.0,2026-04-25 17:11:05,2,4,3,1,2026-04-09 04:22:52,0.0
68611046,2026-04-09 03:11:36,2026-04-11 14:30:00,Closed,Pothole,BROOKLYN,nan,40.68150471071293,-73.97422823037412,16.582980264074074,5664.555555555556,6673.0,41,0,32.099998474121094,1,Medium,14,0.0,1.0,0.0,0.0,2026-04-25 17:11:05,1,4,3,1,2026-04-11 14:30:00,2.0
68617613,2026-04-09 03:09:25,2026-04-18 13:20:00,Closed,Pothole,BROOKLYN,nan,40.68304991241459,-73.97376251912186,16.58449646777778,5664.555555555556,6673.0,27,1,31.799999237060547,1,Medium,14,0.003,0.997,0.0,0.0,2026-04-25 17:11:05,1,4,3,1,2026-04-18 13:20:00,9.0
68615753,2026-04-09 03:05:54,2026-04-09 22:22:00,Closed,Pothole,QUEENS,nan,40.72013323771417,-73.79037278029215,16.586938597407407,4959.1547619047615,4660.0,31,0,33.5,1,Medium,14,0.0,1.0,0.0,0.0,2026-04-25 17:11:05,2,4,3,1,2026-04-09 22:22:00,0.0
68610457,2026-04-09 03:05:54,2026-04-09 03:05:54,Closed,Pothole,QUEENS,nan,40.72013323771417,-73.79037278029215,16.586938597407407,4959.1547619047615,4660.0,31,0,33.5,1,Medium,14,0.0,1.0,0.0,0.0,2026-04-25 17:11:05,2,4,3,1,2026-04-09 03:05:54,0.0
68613101,2026-04-09 01:34:03,2026-04-10 00:01:00,Closed,Pothole,MANHATTAN,nan,40.74524269734116,-73.98479209057659,16.65072331962963,16591.571428571428,6876.0,20,1,44.70000076293945,1,Medium,14,0.0,1.0,0.0,0.0,2026-04-25 17:11:05,0,4,3,1,2026-04-10 00:01:00,0.0
68601238,2026-04-09 01:07:11,2026-04-09 01:07:11,Closed,Pothole,QUEENS,nan,40.74925791177295,-73.88897626258446,16.669380727037037,4959.1547619047615,4660.0,20,1,31.700000762939453,1,Medium,14,0.0,1.0,0.0,0.0,2026-04-25 17:11:05,2,4,3,1,2026-04-09 01:07:11,0.0
68605706,2026-04-09 01:06:30,2026-04-09 20:04:00,Closed,Pothole,QUEENS,nan,40.74994036838055,-73.88244976629946,16.669855264074076,4959.1547619047615,4660.0,11,0,32.0,1,Medium,14,0.0,1.0,0.0,0.0,2026-04-25 17:11:05,2,4,3,1,2026-04-09 20:04:00,0.0
68607081,2026-04-09 01:05:47,2026-04-09 13:03:00,Closed,Pothole,QUEENS,nan,40.71679083109271,-73.83273380405444,16.67035294925926,4959.1547619047615,4660.0,28,0,31.899999618530273,1,Medium,14,0.0,1.0,0.0,0.0,2026-04-25 17:11:05,2,4,3,1,2026-04-09 13:03:00,0.0
68601239,2026-04-09 00:23:54,2026-04-09 00:23:54,Closed,Pothole,QUEENS,nan,40.761217008162774,-73.8863970016137,16.699438597407408,4959.1547619047615,4660.0,7,0,27.700000762939453,1,Medium,14,0.076,0.924,0.0,0.0,2026-04-25 17:11:05,2,4,3,1,2026-04-09 00:23:54,0.0
68601240,2026-04-09 00:19:16,2026-04-09 00:19:16,Closed,Pothole,QUEENS,nan,40.72792341486303,-73.87100083747289,16.702656190000003,4959.1547619047615,4660.0,7,0,25.899999618530273,1,Medium,14,0.427,0.573,0.0,0.0,2026-04-25 17:11:05,2,4,3,1,2026-04-09 00:19:16,0.0
68597181,2026-04-08 23:59:03,2026-04-08 23:59:03,Closed,Pothole,MANHATTAN,nan,40.743030922348815,-73.9891556121082,16.716695541851852,16591.571428571428,6876.0,18,0,41.79999923706055,1,Medium,14,0.0,1.0,0.0,0.0,2026-04-25 17:11:05,0,4,2,1,2026-04-08 23:59:03,0.0
68597757,2026-04-08 23:44:09,2026-04-18 10:20:00,Closed,Pothole,QUEENS,nan,40.65691746118003,-73.74636309830915,16.727042764074074,4959.1547619047615,4660.0,2,1,21.799999237060547,0,Low,30,0.99,0.01,0.0,0.0,2026-04-25 17:11:05,2,4,2,1,2026-04-18 10:20:00,9.0
68605687,2026-04-08 23:36:57,,Open,Pothole,MANHATTAN,nan,40.802928040912455,-73.96757481807968,16.732042764074077,16591.571428571428,6876.0,16,1,65.5,2,High,8,0.345,0.327,0.196,0.131,2026-04-25 17:11:05,0,4,2,1,,
68599913,2026-04-08 23:34:35,2026-04-08 23:34:35,Closed,Pothole,MANHATTAN,nan,40.80297085227577,-73.96386162910126,16.733686282592593,16591.571428571428,6876.0,16,0,42.0,1,Medium,14,0.0,1.0,0.0,0.0,2026-04-25 17:11:05,0,4,2,1,2026-04-08 23:34:35,0.0
68606498,2026-04-08 23:17:00,2026-04-08 23:17:00,Closed,Pothole,QUEENS,nan,40.69595062654502,-73.8623680620651,16.74589693074074,4959.1547619047615,4660.0,3,0,22.399999618530273,0,Low,30,0.941,0.059,0.0,0.0,2026-04-25 17:11:05,2,4,2,1,2026-04-08 23:17:00,0.0
68605160,2026-04-08 23:02:09,2026-04-08 23:02:09,Closed,Pothole,QUEENS,nan,40.67655069259074,-73.76837387183488,16.756209430740743,4959.1547619047615,4660.0,5,0,24.600000381469727,0,Low,30,0.684,0.316,0.0,0.0,2026-04-25 17:11:05,2,4,2,1,2026-04-08 23:02:09,0.0
68599926,2026-04-08 22:50:23,2026-04-08 22:50:23,Closed,Pothole,QUEENS,nan,40.73715765192583,-73.87940512126264,16.76438072703704,4959.1547619047615,4660.0,17,0,30.899999618530273,1,Medium,14,0.0,1.0,0.0,0.0,2026-04-25 17:11:05,2,4,2,1,2026-04-08 22:50:23,0.0
68597189,2026-04-08 22:47:27,2026-04-08 22:47:27,Closed,Pothole,BRONX,nan,40.86531728934466,-73.84910325175186,16.766417764074074,6677.6,6655.5,2,1,24.600000381469727,0,Low,30,0.917,0.082,0.0,0.0,2026-04-25 17:11:05,3,4,2,1,2026-04-08 22:47:27,0.0
68600490,2026-04-08 22:39:00,2026-04-17 12:45:00,Closed,Pothole,BROOKLYN,nan,40.690468637693705,-73.9878912652697,16.77228581962963,5664.555555555556,6673.0,30,1,33.5,1,Medium,14,0.006,0.994,0.0,0.0,2026-04-25 17:11:05,1,4,2,1,2026-04-17 12:45:00,8.0
68607083,2026-04-08 22:31:03,2026-04-18 13:06:00,Closed,Pothole,QUEENS,nan,40.69355141536431,-73.78365522448765,16.777806652962965,4959.1547619047615,4660.0,4,1,27.899999618530273,1,Medium,14,0.22,0.78,0.0,0.0,2026-04-25 17:11:05,2,4,2,1,2026-04-18 13:06:00,9.0
68606485,2026-04-08 22:16:46,2026-04-08 22:16:46,Closed,Pothole,BROOKLYN,nan,40.65940423773266,-73.95049191925592,16.787725634444445,5664.555555555556,6673.0,5,0,26.5,1,Medium,14,0.467,0.533,0.0,0.0,2026-04-25 17:11:05,1,4,2,1,2026-04-08 22:16:46,0.0
68604434,2026-04-08 21:53:18,2026-04-15 19:56:00,Closed,Pothole,QUEENS,nan,40.76334584290019,-73.87730728920086,16.804021930740742,4959.1547619047615,4660.0,10,0,32.29999923706055,1,Medium,14,0.0,1.0,0.0,0.0,2026-04-25 17:11:05,2,4,2,1,2026-04-15 19:56:00,6.0
68606499,2026-04-08 21:53:04,2026-04-08 21:53:04,Closed,Pothole,QUEENS,nan,40.726158038136774,-73.88614648969293,16.804183967777778,4959.1547619047615,4660.0,1,0,19.299999237060547,0,Low,30,0.997,0.003,0.0,0.0,2026-04-25 17:11:05,2,4,2,1,2026-04-08 21:53:04,0.0
68606500,2026-04-08 21:46:10,2026-04-08 21:46:10,Closed,Pothole,QUEENS,nan,40.72792341486303,-73.87100083747289,16.808975634444447,4959.1547619047615,4660.0,7,0,25.899999618530273,0,Low,30,0.523,0.476,0.0,0.0,2026-04-25 17:11:05,2,4,2,1,2026-04-08 21:46:10,0.0
68605708,2026-04-08 21:13:46,2026-04-18 07:30:00,Closed,Pothole,QUEENS,nan,40.732715197410585,-73.79492287052375,16.831475634444445,4959.1547619047615,4660.0,3,0,24.799999237060547,1,Medium,14,0.348,0.652,0.0,0.0,2026-04-25 17:11:05,2,4,2,1,2026-04-18 07:30:00,9.0
68606501,2026-04-08 21:11:54,2026-04-08 21:11:54,Closed,Pothole,QUEENS,nan,40.73267668386468,-73.79333897585512,16.83277193074074,4959.1547619047615,4660.0,2,0,21.399999618530273,0,Low,30,0.97,0.03,0.0,0.0,2026-04-25 17:11:05,2,4,2,1,2026-04-08 21:11:54,0.0
68597758,2026-04-08 21:09:31,,Pending,Pothole,QUEENS,nan,40.74754222956121,-73.8887553620472,16.834427023333333,4959.1547619047615,4660.0,30,1,31.200000762939453,1,Medium,14,0.0,1.0,0.0,0.0,2026-04-25 17:11:05,2,4,2,1,,
68606502,2026-04-08 21:08:55,2026-04-08 21:08:55,Closed,Pothole,QUEENS,nan,40.725476145414376,-73.76557731286611,16.83484369,4959.1547619047615,4660.0,31,1,33.099998474121094,1,Medium,14,0.0,1.0,0.0,0.0,2026-04-25 17:11:05,2,4,2,1,2026-04-08 21:08:55,0.0
68598596,2026-04-08 21:05:16,2026-04-08 21:05:16,Closed,Pothole,QUEENS,nan,40.74925791177295,-73.88897626258446,16.837378412222222,4959.1547619047615,4660.0,20,1,31.700000762939453,1,Medium,14,0.0,1.0,0.0,0.0,2026-04-25 17:11:05,2,4,2,1,2026-04-08 21:05:16,0.0
68600502,2026-04-08 20:56:23,2026-04-15 12:50:00,Closed,Pothole,QUEENS,nan,40.74505480723582,-73.71021274603943,16.843547393703705,4959.1547619047615,4660.0,3,0,21.700000762939453,0,Low,30,0.97,0.03,0.0,0.0,2026-04-25 17:11:05,2,4,2,1,2026-04-15 12:50:00,6.0
68598566,2026-04-08 20:38:53,2026-04-08 20:38:53,Closed,Pothole,QUEENS,nan,40.73494869819789,-73.84542569708825,16.855700171481484,4959.1547619047615,4660.0,7,0,27.399999618530273,1,Medium,14,0.089,0.911,0.0,0.0,2026-04-25 17:11:05,2,4,2,1,2026-04-08 20:38:53,0.0
68603845,2026-04-08 20:10:55,2026-04-08 20:10:55,Closed,Pothole,MANHATTAN,nan,40.72579709959914,-73.99761160457604,16.875121467777777,16591.571428571428,6876.0,29,1,44.900001525878906,1,Medium,14,0.0,1.0,0.0,0.0,2026-04-25 17:11:05,0,4,2,1,2026-04-08 20:10:55,0.0
68607053,2026-04-08 19:58:05,2026-04-18 07:00:00,Closed,Pothole,QUEENS,nan,40.666637470579055,-73.7814823984109,16.884033504814816,4959.1547619047615,4660.0,38,1,29.899999618530273,1,Medium,14,0.0,1.0,0.0,0.0,2026-04-25 17:11:05,2,4,2,1,2026-04-18 07:00:00,9.0
68606486,2026-04-08 19:58:01,2026-04-08 19:58:01,Closed,Pothole,BROOKLYN,nan,40.65940423773266,-73.95049191925592,16.884079801111113,5664.555555555556,6673.0,5,0,25.799999237060547,0,Low,30,0.598,0.402,0.0,0.0,2026-04-25 17:11:05,1,4,2,1,2026-04-08 19:58:01,0.0
68597197,2026-04-08 19:36:44,2026-04-08 19:36:44,Closed,Pothole,STATEN ISLAND,nan,40.63172392547253,-74.09591996391923,16.898859893703705,23788.714285714286,2762.0,3,0,35.099998474121094,1,Medium,14,0.004,0.996,0.0,0.0,2026-04-25 17:11:05,4,4,2,1,2026-04-08 19:36:44,0.0
68601225,2026-04-08 19:27:42,2026-04-08 19:27:42,Closed,Pothole,QUEENS,nan,40.68337716117407,-73.76042512611521,16.905133041851855,4959.1547619047615,4660.0,3,1,24.5,0,Low,30,0.905,0.095,0.0,0.0,2026-04-25 17:11:05,2,4,2,1,2026-04-08 19:27:42,0.0
68604423,2026-04-08 19:21:02,2026-04-18 15:45:00,Closed,Pothole,BROOKLYN,nan,40.5970272594918,-73.95314881498462,16.909762671481484,5664.555555555556,6673.0,8,0,27.700000762939453,1,Medium,14,0.014,0.986,0.0,0.0,2026-04-25 17:11:05,1,4,2,1,2026-04-18 15:45:00,9.0
68597190,2026-04-08 19:19:57,2026-04-08 19:19:57,Closed,Pothole,BRONX,nan,40.87892448779634,-73.90478656028658,16.9105149862963,6677.6,6655.5,15,1,31.399999618530273,1,Medium,14,0.0,1.0,0.0,0.0,2026-04-25 17:11:05,3,4,2,1,2026-04-08 19:19:57,0.0
68603113,2026-04-08 19:03:02,2026-04-11 10:47:00,Closed,Pothole,QUEENS,nan,40.711167279848354,-73.80190030368095,16.922262671481484,4959.1547619047615,4660.0,3,1,23.899999618530273,0,Low,30,0.672,0.328,0.0,0.0,2026-04-25 17:11:05,2,4,2,1,2026-04-11 10:47:00,2.0
68601226,2026-04-08 18:58:47,2026-04-08 18:58:47,Closed,Pothole,QUEENS,nan,40.65740589843868,-73.7450601378565,16.925214060370372,4959.1547619047615,4660.0,3,1,23.399999618530273,0,Low,30,0.99,0.01,0.0,0.0,2026-04-25 17:11:05,2,4,2,1,2026-04-08 18:58:47,0.0
68605679,2026-04-08 18:48:27,,Pending,Pothole,QUEENS,nan,40.71200138828801,-73.82545585702933,16.932389986296297,4959.1547619047615,4660.0,17,0,31.899999618530273,1,Medium,14,0.0,1.0,0.0,0.0,2026-04-25 17:11:05,2,4,2,1,,
68604408,2026-04-08 18:30:51,2026-04-14 20:57:00,Closed,Pothole,QUEENS,nan,40.74089617616554,-73.89960689847297,16.94461220851852,4959.1547619047615,4660.0,32,1,30.200000762939453,1,Medium,14,0.0,1.0,0.0,0.0,2026-04-25 17:11:05,2,4,2,1,2026-04-14 20:57:00,6.0
68602543,2026-04-08 18:25:40,2026-04-08 18:25:40,Closed,Pothole,BRONX,nan,40.83104543873579,-73.8806984426846,16.948211745555557,6677.6,6655.5,8,1,31.100000381469727,1,Medium,14,0.001,0.999,0.0,0.0,2026-04-25 17:11:05,3,4,2,1,2026-04-08 18:25:40,0.0
68599920,2026-04-08 18:08:30,2026-04-08 18:08:30,Closed,Pothole,BRONX,nan,40.8596195038866,-73.91328439983843,16.960133041851854,6677.6,6655.5,10,1,34.0,1,Medium,14,0.0,1.0,0.0,0.0,2026-04-25 17:11:05,3,4,2,1,2026-04-08 18:08:30,0.0
68602529,2026-04-08 17:56:58,2026-04-08 17:56:58,Closed,Pothole,QUEENS,nan,40.76935266656995,-73.83257651909997,16.96814230111111,4959.1547619047615,4660.0,12,1,29.700000762939453,1,Medium,14,0.001,0.999,0.0,0.0,2026-04-25 17:11:05,2,4,2,1,2026-04-08 17:56:58,0.0
68597182,2026-04-08 17:36:28,2026-04-08 17:36:28,Closed,Pothole,MANHATTAN,nan,40.78858546268302,-73.95528188275227,16.982378412222225,16591.571428571428,6876.0,16,1,43.79999923706055,1,Medium,14,0.0,1.0,0.0,0.0,2026-04-25 17:11:05,0,4,2,1,2026-04-08 17:36:28,0.0
68600474,2026-04-08 17:33:56,,Pending,Pothole,QUEENS,nan,40.71717004378632,-73.83493696618532,16.984137671481484,4959.1547619047615,4660.0,9,0,29.700000762939453,1,Medium,14,0.001,0.998,0.0,0.0,2026-04-25 17:11:05,2,4,2,1,,
68607078,2026-04-08 17:22:26,2026-04-18 22:55:00,Closed,Pothole,STATEN ISLAND,nan,40.554856649342554,-74.13352315426452,16.992123782592593,23788.714285714286,2762.0,2,1,32.79999923706055,1,Medium,14,0.001,0.999,0.0,0.0,2026-04-25 17:11:05,4,4,2,1,2026-04-18 22:55:00,10.0
68602530,2026-04-08 17:10:42,2026-04-08 17:10:42,Closed,Pothole,QUEENS,nan,40.69131490562682,-73.86720965298079,17.00027193074074,4959.1547619047615,4660.0,6,0,25.799999237060547,1,Medium,14,0.329,0.671,0.0,0.0,2026-04-25 17:11:05,2,4,2,1,2026-04-08 17:10:42,0.0
68605133,2026-04-08 16:53:16,2026-04-08 16:53:16,Closed,Pothole,QUEENS,nan,40.73996996115008,-73.7609469677333,17.012378412222223,4959.1547619047615,4660.0,3,0,24.5,1,Medium,14,0.286,0.714,0.0,0.0,2026-04-25 17:11:05,2,4,2,1,2026-04-08 16:53:16,0.0
68599152,2026-04-08 16:52:08,2026-04-20 12:39:00,Closed,Pothole,QUEENS,nan,40.75016099104143,-73.90433538539963,17.01316544925926,4959.1547619047615,4660.0,5,0,25.399999618530273,1,Medium,14,0.272,0.728,0.0,0.0,2026-04-25 17:11:05,2,4,2,1,2026-04-20 12:39:00,11.0
68605153,2026-04-08 16:48:43,2026-04-08 16:48:43,Closed,Pothole,BRONX,THROOP AVENUE,40.871566467611096,-73.85082825211514,17.015538134444444,6677.6,6655.5,7,1,28.299999237060547,1,Medium,14,0.011,0.989,0.0,0.0,2026-04-25 17:11:05,3,4,2,1,2026-04-08 16:48:43,0.0
68597729,2026-04-08 16:48:34,2026-04-18 08:00:00,Closed,Pothole,QUEENS,nan,40.692653226396544,-73.75460044967811,17.01564230111111,4959.1547619047615,4660.0,8,1,28.100000381469727,1,Medium,14,0.004,0.996,0.0,0.0,2026-04-25 17:11:05,2,4,2,1,2026-04-18 08:00:00,9.0
68600492,2026-04-08 16:47:51,,Open,Pothole,BROOKLYN,nan,40.66591782925285,-73.9254638809171,17.0161399862963,5664.555555555556,6673.0,12,0,44.5,1,Medium,15,0.555,0.222,0.133,0.089,2026-04-25 17:11:05,1,4,2,1,,
68598579,2026-04-08 16:46:07,2026-04-08 16:46:07,Closed,Pothole,MANHATTAN,nan,40.810175405186904,-73.93740755930494,17.01734369,16591.571428571428,6876.0,24,1,42.70000076293945,1,Medium,14,0.0,1.0,0.0,0.0,2026-04-25 17:11:05,0,4,2,1,2026-04-08 16:46:07,0.0
68604418,2026-04-08 16:44:41,2026-04-18 22:00:00,Closed,Pothole,MANHATTAN,nan,40.72031794440261,-74.01216827113397,17.018339060370373,16591.571428571428,6876.0,6,0,38.29999923706055,1,Medium,14,0.0,1.0,0.0,0.0,2026-04-25 17:11:05,0,4,2,1,2026-04-18 22:00:00,10.0
68605691,2026-04-08 16:41:56,2026-04-22 14:01:00,Closed,Pothole,BROOKLYN,nan,40.69919938345269,-73.92308250532217,17.020248782592592,5664.555555555556,6673.0,26,1,33.099998474121094,1,Medium,14,0.0,1.0,0.0,0.0,2026-04-25 17:11:05,1,4,2,1,2026-04-22 14:01:00,13.0
68599172,2026-04-08 16:40:34,,Open,Pothole,STATEN ISLAND,nan,40.61763918111876,-74.09406990612455,17.021197856666667,23788.714285714286,2762.0,2,0,39.6,1,Medium,15,0.604,0.198,0.119,0.079,2026-04-25 17:11:05,4,4,2,1,,
68607068,2026-04-08 16:40:16,2026-04-18 02:10:00,Closed,Pothole,MANHATTAN,nan,40.72142197640664,-73.99903316019109,17.02140619,16591.571428571428,6876.0,32,1,42.099998474121094,1,Medium,14,0.0,1.0,0.0,0.0,2026-04-25 17:11:05,0,4,2,1,2026-04-18 02:10:00,9.0
68603857,2026-04-08 16:35:33,2026-04-08 16:35:33,Closed,Pothole,BRONX,nan,40.83435496627453,-73.82622260626786,17.024681652962965,6677.6,6655.5,21,1,30.0,1,Medium,14,0.0,1.0,0.0,0.0,2026-04-25 17:11:05,3,4,2,1,2026-04-08 16:35:33,0.0
68602531,2026-04-08 16:30:48,2026-04-08 16:30:48,Closed,Pothole,QUEENS,GRAND CENTRAL PARKWAY,40.722230159712126,-73.77717655780093,17.027980264074074,4959.1547619047615,4660.0,23,0,31.799999237060547,1,Medium,14,0.0,1.0,0.0,0.0,2026-04-25 17:11:05,2,4,2,1,2026-04-08 16:30:48,0.0
68600477,2026-04-08 16:30:44,2026-04-18 14:10:00,Closed,Pothole,QUEENS,nan,40.7193491704373,-73.84262277024277,17.02802656037037,4959.1547619047615,4660.0,7,0,26.399999618530273,1,Medium,14,0.169,0.831,0.0,0.0,2026-04-25 17:11:05,2,4,2,1,2026-04-18 14:10:00,9.0
68605154,2026-04-08 16:20:48,2026-04-08 16:20:48,Closed,Pothole,BRONX,nan,40.807538709491,-73.87979415864231,17.03492470851852,6677.6,6655.5,3,1,25.0,0,Low,30,0.818,0.181,0.0,0.0,2026-04-25 17:11:05,3,4,2,1,2026-04-08 16:20:48,0.0
68598589,2026-04-08 16:18:57,2026-04-08 16:18:57,Closed,Pothole,BRONX,nan,40.809408390457705,-73.88029651562117,17.03620943074074,6677.6,6655.5,9,1,32.599998474121094,1,Medium,14,0.001,0.999,0.0,0.0,2026-04-25 17:11:05,3,4,2,1,2026-04-08 16:18:57,0.0
68599170,2026-04-08 16:15:42,2026-04-11 13:45:00,Closed,Pothole,BRONX,nan,40.809408390457705,-73.88029651562117,17.038466375185187,6677.6,6655.5,9,1,32.599998474121094,1,Medium,14,0.001,0.999,0.0,0.0,2026-04-25 17:11:05,3,4,2,1,2026-04-11 13:45:00,2.0
68597751,2026-04-08 16:10:13,2026-04-20 14:51:00,Closed,Pothole,BROOKLYN,nan,40.69502230577376,-73.98884607669734,17.042274245555557,5664.555555555556,6673.0,57,1,32.79999923706055,1,Medium,14,0.003,0.997,0.0,0.0,2026-04-25 17:11:05,1,4,2,1,2026-04-20 14:51:00,11.0
68601802,2026-04-08 15:58:12,2026-04-09 12:55:00,Closed,Pothole,BROOKLYN,nan,40.61347533068813,-74.00377826456754,17.050619152962962,5664.555555555556,6673.0,8,1,25.700000762939453,0,Low,30,0.84,0.16,0.0,0.0,2026-04-25 17:11:05,1,4,2,1,2026-04-09 12:55:00,0.0
68612308,2026-04-08 15:45:34,2026-04-11 14:31:00,Closed,Pothole,BROOKLYN,nan,40.58945163597641,-73.96051711597006,17.059392301111114,5664.555555555556,6673.0,6,0,25.399999618530273,0,Low,30,0.814,0.186,0.0,0.0,2026-04-25 17:11:05,1,4,2,1,2026-04-11 14:31:00,2.0
68609174,2026-04-08 15:44:53,2026-04-09 14:20:00,Closed,Pothole,BROOKLYN,OCEAN PARKWAY,40.64055793945045,-73.97356303274984,17.05986683814815,1410.142857142857,42188.0,17,1,37.29999923706055,1,Medium,14,0.003,0.997,0.0,0.0,2026-04-25 17:11:05,1,4,2,1,2026-04-09 14:20:00,0.0
68615781,2026-04-08 15:43:42,2026-04-09 10:02:00,Closed,Pothole,BROOKLYN,AVENUE J,40.626685122696514,-73.94761978719754,17.06068859740741,5664.555555555556,14024.0,12,0,32.79999923706055,1,Medium,14,0.001,0.999,0.0,0.0,2026-04-25 17:11:05,1,4,2,1,2026-04-09 10:02:00,0.0
68607073,2026-04-08 15:43:08,2026-04-18 14:35:00,Closed,Pothole,BROOKLYN,nan,40.625071483235466,-73.98771940727147,17.061082115925927,5664.555555555556,6673.0,4,0,22.899999618530273,0,Low,30,0.935,0.065,0.0,0.0,2026-04-25 17:11:05,1,4,2,1,2026-04-18 14:35:00,9.0
68613115,2026-04-08 15:42:56,2026-04-09 08:30:00,Closed,Pothole,BROOKLYN,GLENWOOD ROAD,40.63376528793096,-73.95068027500328,17.061221004814815,5664.555555555556,11426.0,13,1,35.29999923706055,1,Medium,14,0.003,0.997,0.0,0.0,2026-04-25 17:11:05,1,4,2,1,2026-04-09 08:30:00,0.0
68599155,2026-04-08 15:38:48,,Open,Pothole,QUEENS,nan,40.740916313259625,-73.95225733610243,17.064091375185185,4959.1547619047615,4660.0,20,1,51.6,2,High,15,0.484,0.258,0.155,0.103,2026-04-25 17:11:05,2,4,2,1,,
68605688,2026-04-08 15:38:41,,Open,Pothole,MANHATTAN,nan,40.73198239186119,-73.98196630142556,17.064172393703704,16591.571428571428,6876.0,13,0,60.3,2,High,8,0.397,0.301,0.181,0.121,2026-04-25 17:11:05,0,4,2,1,,
68597191,2026-04-08 15:29:21,2026-04-08 15:29:21,Closed,Pothole,BRONX,nan,40.91013023416746,-73.90321511472008,17.070653875185187,6677.6,6655.5,3,0,26.299999237060547,1,Medium,14,0.175,0.824,0.0,0.0,2026-04-25 17:11:05,3,4,2,1,2026-04-08 15:29:21,0.0
68597753,2026-04-08 15:27:19,,Open,Pothole,BRONX,nan,40.8198878731224,-73.90725196387191,17.072065912222225,6677.6,6655.5,5,0,27.0,1,Medium,15,0.73,0.135,0.081,0.054,2026-04-25 17:11:05,3,4,2,1,,
68603130,2026-04-08 15:26:27,,Open,Pothole,MANHATTAN,nan,40.75470728755256,-73.9916333785805,17.072667764074076,16591.571428571428,6876.0,29,1,65.6,2,High,8,0.344,0.328,0.197,0.131,2026-04-25 17:11:05,0,4,2,1,,
68604419,2026-04-08 15:26:14,,Open,Pothole,MANHATTAN,WEST   34 STREET,40.75239361011562,-73.99392556739669,17.07281822703704,16591.571428571428,6876.0,30,0,65.6,2,High,8,0.344,0.328,0.197,0.131,2026-04-25 17:11:05,0,4,2,1,,
68599162,2026-04-08 15:25:59,,Open,Pothole,MANHATTAN,WEST   34 STREET,40.752396357515934,-73.9939760971878,17.07299183814815,16591.571428571428,6876.0,30,0,65.6,2,High,8,0.344,0.328,0.197,0.131,2026-04-25 17:11:05,0,4,2,1,,
68604420,2026-04-08 15:25:24,2026-04-18 23:25:00,Closed,Pothole,MANHATTAN,AMSTERDAM AVENUE,40.85129158780176,-73.92859248307049,17.073396930740742,17214.5,22662.0,4,1,38.099998474121094,1,Medium,14,0.0,1.0,0.0,0.0,2026-04-25 17:11:05,0,4,2,1,2026-04-18 23:25:00,10.0
68603131,2026-04-08 15:25:06,2026-04-18 23:35:00,Closed,Pothole,MANHATTAN,AMSTERDAM AVENUE,40.850674337368105,-73.92909196363985,17.073605264074075,17214.5,22662.0,7,1,38.70000076293945,1,Medium,14,0.0,1.0,0.0,0.0,2026-04-25 17:11:05,0,4,2,1,2026-04-18 23:35:00,10.0
68601799,2026-04-08 15:24:43,2026-04-18 23:40:00,Closed,Pothole,MANHATTAN,AMSTERDAM AVENUE,40.85129158780176,-73.92859248307049,17.073871467777778,17214.5,22662.0,4,1,38.099998474121094,1,Medium,14,0.0,1.0,0.0,0.0,2026-04-25 17:11:05,0,4,2,1,2026-04-18 23:40:00,10.0
68603118,2026-04-08 15:23:49,2026-04-17 23:17:00,Closed,Pothole,QUEENS,nan,40.79242766702253,-73.79985277111172,17.074496467777777,4959.1547619047615,4660.0,1,0,23.100000381469727,0,Low,30,0.994,0.006,0.0,0.0,2026-04-25 17:11:05,2,4,2,1,2026-04-17 23:17:00,9.0
68603848,2026-04-08 15:20:57,2026-04-08 15:20:57,Closed,Pothole,MANHATTAN,nan,40.7779047511921,-73.98208745958574,17.076487208518518,16591.571428571428,6876.0,20,0,44.0,1,Medium,14,0.0,1.0,0.0,0.0,2026-04-25 17:11:05,0,4,2,1,2026-04-08 15:20:57,0.0
68599173,2026-04-08 15:20:08,,Open,Pothole,STATEN ISLAND,nan,40.53592843844204,-74.15532278947795,17.077054338148148,23788.714285714286,2762.0,0,0,34.2,1,Medium,15,0.658,0.171,0.103,0.068,2026-04-25 17:11:05,4,4,2,0,,
68611789,2026-04-08 15:18:48,2026-04-09 15:36:00,Closed,Pothole,BROOKLYN,nan,40.653190255883345,-73.96621323435924,17.077980264074075,5664.555555555556,6673.0,7,1,30.899999618530273,1,Medium,14,0.035,0.965,0.0,0.0,2026-04-25 17:11:05,1,4,2,1,2026-04-09 15:36:00,1.0
68602532,2026-04-08 15:18:41,2026-04-08 15:18:41,Closed,Pothole,QUEENS,nan,40.73177902884212,-73.77010866842208,17.078061282592593,4959.1547619047615,4660.0,5,1,26.799999237060547,1,Medium,14,0.384,0.615,0.0,0.0,2026-04-25 17:11:05,2,4,2,1,2026-04-08 15:18:41,0.0
68606494,2026-04-08 15:16:28,2026-04-08 15:16:28,Closed,Pothole,BRONX,nan,40.83737086525621,-73.8877667333652,17.079600634444446,6677.6,6655.5,20,0,36.400001525878906,1,Medium,14,0.0,1.0,0.0,0.0,2026-04-25 17:11:05,3,4,2,1,2026-04-08 15:16:28,0.0
68601810,2026-04-08 15:14:03,,Open,Pothole,STATEN ISLAND,nan,40.53716529880288,-74.15406647939025,17.081278875185188,23788.714285714286,2762.0,0,0,34.2,1,Medium,15,0.658,0.171,0.103,0.068,2026-04-25 17:11:05,4,4,2,0,,
68608413,2026-04-08 15:10:40,2026-04-11 11:30:00,Closed,Pothole,BROOKLYN,nan,40.61480371733282,-74.00597906958563,17.08362841222222,5664.555555555556,6673.0,4,1,26.200000762939453,0,Low,30,0.815,0.185,0.0,0.0,2026-04-25 17:11:05,1,4,2,1,2026-04-11 11:30:00,2.0
68603119,2026-04-08 15:10:33,2026-04-18 08:35:00,Closed,Pothole,QUEENS,nan,40.72146190526075,-73.80452852154046,17.083709430740743,4959.1547619047615,4660.0,15,0,31.399999618530273,1,Medium,14,0.0,1.0,0.0,0.0,2026-04-25 17:11:05,2,4,2,1,2026-04-18 08:35:00,9.0
68600487,2026-04-08 14:56:28,2026-04-13 22:00:00,Closed,Pothole,MANHATTAN,nan,40.84691111350343,-73.93823322379754,17.093489523333336,16591.571428571428,6876.0,31,1,42.099998474121094,1,Medium,14,0.0,1.0,0.0,0.0,2026-04-25 17:11:05,0,4,2,1,2026-04-13 22:00:00,5.0
68597173,2026-04-08 14:54:51,2026-04-08 14:54:51,Closed,Pothole,QUEENS,nan,40.742162732300706,-73.80443169997793,17.09461220851852,4959.1547619047615,4660.0,4,0,23.5,0,Low,30,0.848,0.152,0.0,0.0,2026-04-25 17:11:05,2,4,2,1,2026-04-08 14:54:51,0.0
68607059,2026-04-08 14:52:06,,Pending,Pothole,QUEENS,nan,40.73477005155517,-73.87458148691805,17.096521930740742,4959.1547619047615,4660.0,22,0,32.099998474121094,1,Medium,14,0.001,0.999,0.0,0.0,2026-04-25 17:11:05,2,4,2,1,,
68599914,2026-04-08 14:50:42,2026-04-08 14:50:42,Closed,Pothole,MANHATTAN,nan,40.84735682050765,-73.93517137747149,17.097494152962962,16591.571428571428,6876.0,26,1,42.0,1,Medium,14,0.0,1.0,0.0,0.0,2026-04-25 17:11:05,0,4,2,1,2026-04-08 14:50:42,0.0
68597175,2026-04-08 14:49:59,2026-04-08 14:49:59,Closed,Pothole,QUEENS,nan,40.79489618302466,-73.8222264426401,17.09799183814815,4959.1547619047615,4660.0,3,1,24.399999618530273,0,Low,30,0.925,0.074,0.0,0.0,2026-04-25 17:11:05,2,4,2,1,2026-04-08 14:49:59,0.0
68605135,2026-04-08 14:48:39,2026-04-08 14:48:39,Closed,Pothole,QUEENS,nan,40.78623198245659,-73.79781666157713,17.098917764074077,4959.1547619047615,4660.0,4,0,24.5,0,Low,30,0.938,0.062,0.0,0.0,2026-04-25 17:11:05,2,4,2,1,2026-04-08 14:48:39,0.0
68597199,2026-04-08 14:47:07,2026-04-08 14:47:07,Closed,Pothole,STATEN ISLAND,nan,40.56109157965003,-74.16982751543821,17.09998257888889,23788.714285714286,2762.0,20,1,45.70000076293945,1,Medium,14,0.0,1.0,0.0,0.0,2026-04-25 17:11:05,4,4,2,1,2026-04-08 14:47:07,0.0
68599925,2026-04-08 14:46:43,2026-04-08 14:46:43,Closed,Pothole,STATEN ISLAND,nan,40.57089068381459,-74.147902755856,17.100260356666666,23788.714285714286,2762.0,4,1,35.79999923706055,1,Medium,14,0.0,1.0,0.0,0.0,2026-04-25 17:11:05,4,4,2,1,2026-04-08 14:46:43,0.0
68599174,2026-04-08 14:46:17,,Open,Pothole,STATEN ISLAND,nan,40.56299494328656,-74.14048560640323,17.100561282592594,23788.714285714286,2762.0,1,1,36.9,1,Medium,15,0.631,0.185,0.111,0.074,2026-04-25 17:11:05,4,4,2,1,,
68603121,2026-04-08 14:36:40,2026-04-18 14:04:00,Closed,Pothole,QUEENS,nan,40.7107097820174,-73.79303916334497,17.107239523333334,4959.1547619047615,4660.0,19,0,31.100000381469727,1,Medium,14,0.0,1.0,0.0,0.0,2026-04-25 17:11:05,2,4,2,1,2026-04-18 14:04:00,9.0
68607076,2026-04-08 14:15:48,,Open,Pothole,BRONX,nan,40.85889641441193,-73.87088417401678,17.121730264074074,6677.6,6655.5,9,1,37.7,1,Medium,15,0.623,0.189,0.113,0.075,2026-04-25 17:11:05,3,4,2,1,,
68605136,2026-04-08 14:14:09,2026-04-08 14:14:09,Closed,Pothole,QUEENS,nan,40.761217008162774,-73.8863970016137,17.12287609740741,4959.1547619047615,4660.0,7,0,27.899999618530273,1,Medium,14,0.056,0.943,0.0,0.0,2026-04-25 17:11:05,2,4,2,1,2026-04-08 14:14:09,0.0
68603836,2026-04-08 14:10:29,2026-04-08 14:10:29,Closed,Pothole,QUEENS,nan,40.728370959098946,-73.87113346680071,17.125422393703705,4959.1547619047615,4660.0,10,0,32.20000076293945,1,Medium,14,0.001,0.999,0.0,0.0,2026-04-25 17:11:05,2,4,2,1,2026-04-08 14:10:29,0.0
68599910,2026-04-08 14:10:01,2026-04-08 14:10:01,Closed,Pothole,QUEENS,nan,40.68070005471548,-73.84464287635403,17.12574646777778,4959.1547619047615,4660.0,12,0,32.29999923706055,1,Medium,14,0.0,0.999,0.0,0.0,2026-04-25 17:11:05,2,4,2,1,2026-04-08 14:10:01,0.0
68606470,2026-04-08 13:32:49,2026-04-08 13:32:49,Closed,Pothole,QUEENS,nan,40.652564629491025,-73.74654903024499,17.15157980111111,4959.1547619047615,4660.0,0,1,21.5,0,Low,30,0.999,0.001,0.0,0.0,2026-04-25 17:11:05,2,4,2,0,2026-04-08 13:32:49,0.0
68603137,2026-04-08 13:21:21,,Open,Pothole,BRONX,nan,40.83637107970858,-73.83470627636198,17.159542764074075,6677.6,6655.5,4,0,24.4,0,Low,15,0.756,0.122,0.073,0.049,2026-04-25 17:11:05,3,4,2,1,,
68603837,2026-04-08 13:20:38,2026-04-08 13:20:38,Closed,Pothole,QUEENS,nan,40.74364416561568,-73.95123047783426,17.16004044925926,4959.1547619047615,4660.0,15,1,31.700000762939453,1,Medium,14,0.0,1.0,0.0,0.0,2026-04-25 17:11:05,2,4,2,1,2026-04-08 13:20:38,0.0
68610487,2026-04-08 13:18:11,2026-04-09 11:49:00,Closed,Pothole,BROOKLYN,nan,40.60226011851513,-74.0030681989304,17.16174183814815,5664.555555555556,6673.0,17,1,33.20000076293945,1,Medium,14,0.003,0.997,0.0,0.0,2026-04-25 17:11:05,1,4,2,1,2026-04-09 11:49:00,0.0
68597193,2026-04-08 13:07:07,2026-04-08 13:07:07,Closed,Pothole,BRONX,nan,40.83647986270567,-73.89772801516538,17.169427023333334,6677.6,6655.5,4,1,30.399999618530273,1,Medium,14,0.055,0.945,0.0,0.0,2026-04-25 17:11:05,3,4,2,1,2026-04-08 13:07:07,0.0
68607071,2026-04-08 12:57:52,,Open,Pothole,MANHATTAN,AVENUE A,40.72242298861693,-73.98618624907375,17.175850634444444,16591.571428571428,12784.0,36,0,65.6,2,High,8,0.344,0.328,0.197,0.131,2026-04-25 17:11:05,0,4,2,1,,
68605694,2026-04-08 12:51:26,,Open,Pothole,BROOKLYN,nan,40.690993229453106,-73.99174234048598,17.180318227037038,5664.555555555556,6673.0,26,1,52.5,2,High,15,0.475,0.263,0.158,0.105,2026-04-25 17:11:05,1,4,2,1,,
68600480,2026-04-08 12:13:42,,Pending,Pothole,QUEENS,nan,40.75332699978863,-73.87179261989392,17.20652193074074,4959.1547619047615,4660.0,18,1,32.79999923706055,1,Medium,14,0.0,1.0,0.0,0.0,2026-04-25 17:11:05,2,4,2,1,,
68603838,2026-04-08 12:12:48,2026-04-08 12:12:48,Closed,Pothole,QUEENS,nan,40.751544596619894,-73.87084320922126,17.20714693074074,4959.1547619047615,4660.0,28,1,33.099998474121094,1,Medium,14,0.0,1.0,0.0,0.0,2026-04-25 17:11:05,2,4,2,1,2026-04-08 12:12:48,0.0
68603133,2026-04-08 12:09:19,,Open,Pothole,MANHATTAN,nan,40.7258463969861,-73.99446555695982,17.209565912222224,16591.571428571428,6876.0,31,1,65.6,2,High,8,0.344,0.328,0.197,0.131,2026-04-25 17:11:05,0,4,2,1,,
68602537,2026-04-08 11:54:18,2026-04-08 11:54:18,Closed,Pothole,MANHATTAN,nan,40.706459295819975,-74.01510167781731,17.219994152962965,16591.571428571428,6876.0,24,1,40.599998474121094,1,Medium,14,0.0,1.0,0.0,0.0,2026-04-25 17:11:05,0,4,2,1,2026-04-08 11:54:18,0.0
68603124,2026-04-08 11:46:35,2026-04-18 13:00:00,Closed,Pothole,QUEENS,nan,40.726960181320095,-73.84653020957778,17.22535294925926,4959.1547619047615,4660.0,9,1,29.700000762939453,1,Medium,14,0.005,0.995,0.0,0.0,2026-04-25 17:11:05,2,4,2,1,2026-04-18 13:00:00,10.0
68606472,2026-04-08 11:44:20,2026-04-08 11:44:20,Closed,Pothole,QUEENS,nan,40.696168785747595,-73.8044908837029,17.22691544925926,4959.1547619047615,4660.0,20,1,29.600000381469727,1,Medium,14,0.0,1.0,0.0,0.0,2026-04-25 17:11:05,2,4,2,1,2026-04-08 11:44:20,0.0
68603832,2026-04-08 11:40:18,,Open,Pothole,STATEN ISLAND,PIERCE STREET,40.60726705852464,-74.08276836460269,17.229716375185188,23788.714285714286,2762.0,6,1,50.3,2,High,15,0.497,0.251,0.151,0.101,2026-04-25 17:11:05,4,4,2,1,,
68599921,2026-04-08 11:40:16,2026-04-08 11:40:16,Closed,Pothole,BRONX,nan,40.87144095159528,-73.86715728320962,17.229739523333336,6677.6,6655.5,10,0,33.599998474121094,1,Medium,14,0.0,1.0,0.0,0.0,2026-04-25 17:11:05,3,4,2,1,2026-04-08 11:40:16,0.0
68598571,2026-04-08 11:38:13,2026-04-08 11:38:13,Closed,Pothole,QUEENS,nan,40.69091679076116,-73.72817863918132,17.231163134444447,4959.1547619047615,4660.0,43,1,32.0,1,Medium,14,0.0,1.0,0.0,0.0,2026-04-25 17:11:05,2,4,2,1,2026-04-08 11:38:13,0.0
68606462,2026-04-08 11:37:37,,Open,Pothole,STATEN ISLAND,nan,40.59570440537119,-74.08491092358251,17.231579801111113,23788.714285714286,2762.0,9,0,58.3,2,High,15,0.417,0.291,0.175,0.117,2026-04-25 17:11:05,4,4,2,1,,
68597194,2026-04-08 11:35:57,2026-04-08 11:35:57,Closed,Pothole,BRONX,nan,40.87055336545723,-73.8464085146596,17.232737208518518,6677.6,6655.5,10,1,31.799999237060547,1,Medium,14,0.0,1.0,0.0,0.0,2026-04-25 17:11:05,3,4,2,1,2026-04-08 11:35:57,0.0
68605682,2026-04-08 11:35:09,2026-04-16 14:12:00,Closed,Pothole,QUEENS,nan,40.68033984965273,-73.80786507181286,17.233292764074076,4959.1547619047615,4660.0,7,0,27.899999618530273,1,Medium,14,0.063,0.937,0.0,0.0,2026-04-25 17:11:05,2,4,2,1,2026-04-16 14:12:00,8.0
68606473,2026-04-08 11:14:31,2026-04-08 11:14:31,Closed,Pothole,QUEENS,nan,40.75835361860583,-73.89440079050712,17.24762146777778,4959.1547619047615,4660.0,7,0,28.399999618530273,1,Medium,14,0.08,0.92,0.0,0.0,2026-04-25 17:11:05,2,4,2,1,2026-04-08 11:14:31,0.0
68600488,2026-04-08 11:13:01,2026-04-18 23:55:00,Closed,Pothole,MANHATTAN,nan,40.83535967870378,-73.9402170775343,17.248663134444445,16591.571428571428,6876.0,13,0,42.099998474121094,1,Medium,14,0.0,1.0,0.0,0.0,2026-04-25 17:11:05,0,4,2,1,2026-04-18 23:55:00,10.0
68597177,2026-04-08 11:11:23,2026-04-08 11:11:23,Closed,Pothole,QUEENS,nan,40.75438938417203,-73.89652218284081,17.249797393703705,4959.1547619047615,4660.0,17,0,32.79999923706055,1,Medium,14,0.0,1.0,0.0,0.0,2026-04-25 17:11:05,2,4,2,1,2026-04-08 11:11:23,0.0
68597755,2026-04-08 11:05:34,2026-04-11 22:26:00,Closed,Pothole,STATEN ISLAND,nan,40.57750419523913,-74.0979840024505,17.253836745555557,23788.714285714286,2762.0,1,0,33.79999923706055,1,Medium,14,0.003,0.997,0.0,0.0,2026-04-25 17:11:05,4,4,2,1,2026-04-11 22:26:00,3.0
68603140,2026-04-08 11:04:04,2026-04-11 21:47:00,Closed,Pothole,STATEN ISLAND,nan,40.57858394437325,-74.09996193059385,17.254878412222222,23788.714285714286,2762.0,11,0,43.599998474121094,1,Medium,14,0.0,1.0,0.0,0.0,2026-04-25 17:11:05,4,4,2,1,2026-04-11 21:47:00,3.0
68597178,2026-04-08 10:58:23,2026-04-08 10:58:23,Closed,Pothole,QUEENS,nan,40.7526926233133,-73.93291023707339,17.258825171481483,4959.1547619047615,4660.0,14,0,32.400001525878906,1,Medium,14,0.0,1.0,0.0,0.0,2026-04-25 17:11:05,2,4,2,1,2026-04-08 10:58:23,0.0
68599911,2026-04-08 10:54:41,2026-04-08 10:54:41,Closed,Pothole,UNSPECIFIED,nan,40.69953105419444,-73.91103665226316,17.261394615925926,3000.0,1095000.0,28,1,41.400001525878906,1,Medium,14,0.0,1.0,0.0,0.0,2026-04-25 17:11:05,5,4,2,1,2026-04-08 10:54:41,0.0
68607072,2026-04-08 10:42:28,,Open,Pothole,MANHATTAN,nan,40.810175405186904,-73.93740755930494,17.269878412222223,16591.571428571428,6876.0,24,1,65.7,2,High,8,0.343,0.328,0.197,0.131,2026-04-25 17:11:05,0,4,2,1,,
68598582,2026-04-08 10:40:23,2026-04-08 10:40:23,Closed,Pothole,MANHATTAN,nan,40.79998529440173,-73.94484675718117,17.271325171481482,16591.571428571428,6876.0,29,1,45.0,1,Medium,14,0.0,1.0,0.0,0.0,2026-04-25 17:11:05,0,4,2,1,2026-04-08 10:40:23,0.0
68603839,2026-04-08 10:35:58,2026-04-08 10:35:58,Closed,Pothole,QUEENS,nan,40.7143995934852,-73.89797665860704,17.274392301111114,4959.1547619047615,4660.0,5,0,23.0,0,Low,30,0.697,0.303,0.0,0.0,2026-04-25 17:11:05,2,4,2,1,2026-04-08 10:35:58,0.0
68600483,2026-04-08 10:29:05,2026-04-18 08:30:00,Closed,Pothole,QUEENS,nan,40.72162824675368,-73.90311728088848,17.279172393703703,4959.1547619047615,4660.0,9,0,29.600000381469727,1,Medium,14,0.001,0.999,0.0,0.0,2026-04-25 17:11:05,2,4,2,1,2026-04-18 08:30:00,9.0
68598591,2026-04-08 10:26:14,2026-04-08 10:26:14,Closed,Pothole,BRONX,nan,40.85198136175383,-73.91017487663616,17.281151560370372,6677.6,6655.5,10,1,34.0,1,Medium,14,0.0,1.0,0.0,0.0,2026-04-25 17:11:05,3,4,2,1,2026-04-08 10:26:14,0.0
68605696,2026-04-08 10:20:29,2026-04-17 12:02:00,Closed,Pothole,BROOKLYN,nan,40.686506500036,-73.87494990533939,17.285144615925926,5664.555555555556,6673.0,11,0,33.900001525878906,1,Medium,14,0.0,1.0,0.0,0.0,2026-04-25 17:11:05,1,4,2,1,2026-04-17 12:02:00,9.0
68601804,2026-04-08 10:18:56,2026-04-17 12:07:00,Closed,Pothole,BROOKLYN,nan,40.68693828355353,-73.87322194168321,17.286221004814816,5664.555555555556,6673.0,15,0,34.599998474121094,1,Medium,14,0.0,1.0,0.0,0.0,2026-04-25 17:11:05,1,4,2,1,2026-04-17 12:07:00,9.0
68598594,2026-04-08 10:09:38,2026-04-08 12:33:00,Closed,Pothole,STATEN ISLAND,nan,40.540587527713186,-74.2215341962543,17.29267933814815,23788.714285714286,2762.0,2,0,30.700000762939453,1,Medium,14,0.0,1.0,0.0,0.0,2026-04-25 17:11:05,4,4,2,1,2026-04-08 12:33:00,0.0
68602546,2026-04-08 10:09:31,2026-04-08 10:09:31,Closed,Pothole,BRONX,nan,40.84317496421008,-73.91194689088798,17.29276035666667,6677.6,6655.5,12,1,36.29999923706055,1,Medium,14,0.0,1.0,0.0,0.0,2026-04-25 17:11:05,3,4,2,1,2026-04-08 10:09:31,0.0
68597736,2026-04-08 09:51:01,2026-04-11 11:08:00,Closed,Pothole,QUEENS,nan,40.73509778196285,-73.75048936181707,17.30560757888889,4959.1547619047615,4660.0,2,1,23.799999237060547,0,Low,30,0.991,0.009,0.0,0.0,2026-04-25 17:11:05,2,4,2,1,2026-04-11 11:08:00,3.0
68597737,2026-04-08 09:44:41,2026-04-20 10:30:00,Closed,Pothole,QUEENS,nan,40.7447332449159,-73.93358950294318,17.310005727037037,4959.1547619047615,4660.0,19,0,29.399999618530273,1,Medium,14,0.0,1.0,0.0,0.0,2026-04-25 17:11:05,2,4,2,1,2026-04-20 10:30:00,12.0
68603128,2026-04-08 09:41:36,2026-04-11 13:56:00,Closed,Pothole,QUEENS,61 AVENUE,40.75666979425952,-73.73255940165791,17.31214693074074,4959.1547619047615,4660.0,2,0,23.5,0,Low,30,0.974,0.026,0.0,0.0,2026-04-25 17:11:05,2,4,2,1,2026-04-11 13:56:00,3.0
68602547,2026-04-08 09:36:13,2026-04-08 09:36:13,Closed,Pothole,BRONX,nan,40.83737086525621,-73.8877667333652,17.31588535666667,6677.6,6655.5,20,0,35.5,1,Medium,14,0.0,1.0,0.0,0.0,2026-04-25 17:11:05,3,4,2,1,2026-04-08 09:36:13,0.0
68597184,2026-04-08 09:30:06,2026-04-08 09:30:06,Closed,Pothole,MANHATTAN,nan,40.7775544572193,-73.94888038183456,17.320133041851854,16591.571428571428,6876.0,5,0,39.5,1,Medium,14,0.001,0.998,0.0,0.0,2026-04-25 17:11:05,0,4,2,1,2026-04-08 09:30:06,0.0
68606483,2026-04-08 09:28:49,2026-04-08 09:28:49,Closed,Pothole,MANHATTAN,nan,40.77102399632221,-73.95364737877979,17.321024245555556,16591.571428571428,6876.0,14,0,43.400001525878906,1,Medium,14,0.0,1.0,0.0,0.0,2026-04-25 17:11:05,0,4,2,1,2026-04-08 09:28:49,0.0
68603841,2026-04-08 09:28:15,2026-04-08 09:28:15,Closed,Pothole,QUEENS,nan,40.745595681752405,-73.90338918538406,17.321417764074074,4959.1547619047615,4660.0,18,0,29.0,1,Medium,14,0.0,1.0,0.0,0.0,2026-04-25 17:11:05,2,4,2,1,2026-04-08 09:28:15,0.0
68602527,2026-04-08 09:13:52,2026-04-19 01:00:00,Closed,Pothole,STATEN ISLAND,nan,40.552378027443645,-74.13591119575543,17.331406190000003,23788.714285714286,2762.0,1,1,31.700000762939453,1,Medium,14,0.001,0.999,0.0,0.0,2026-04-25 17:11:05,4,4,2,1,2026-04-19 01:00:00,10.0
68605683,2026-04-08 09:08:42,2026-04-08 22:11:00,Closed,Pothole,QUEENS,JAMAICA AVENUE,40.72675692690736,-73.71410227778074,17.334994152962963,4959.1547619047615,23413.0,6,1,30.600000381469727,1,Medium,14,0.024,0.976,0.0,0.0,2026-04-25 17:11:05,2,4,2,1,2026-04-08 22:11:00,0.0
68605157,2026-04-08 09:08:30,2026-04-08 09:08:30,Closed,Pothole,BRONX,nan,40.83647986270567,-73.89772801516538,17.335133041851854,6677.6,6655.5,4,1,30.5,1,Medium,14,0.048,0.951,0.0,0.0,2026-04-25 17:11:05,3,4,2,1,2026-04-08 09:08:30,0.0
68597756,2026-04-08 09:08:22,2026-04-11 12:40:00,Closed,Pothole,STATEN ISLAND,nan,40.526090163796766,-74.1803103933247,17.335225634444445,23788.714285714286,2762.0,1,0,34.400001525878906,1,Medium,14,0.001,0.999,0.0,0.0,2026-04-25 17:11:05,4,4,2,1,2026-04-11 12:40:00,3.0
68600484,2026-04-08 09:01:37,2026-04-10 21:05:00,Closed,Pothole,QUEENS,JAMAICA AVENUE,40.72547407976413,-73.72038543920392,17.339913134444444,4959.1547619047615,23413.0,5,1,31.899999618530273,1,Medium,14,0.014,0.986,0.0,0.0,2026-04-25 17:11:05,2,4,2,1,2026-04-10 21:05:00,2.0
68605705,2026-04-08 08:45:18,,Open,Pothole,STATEN ISLAND,nan,40.55558783123055,-74.21437220258393,17.351244152962963,23788.714285714286,2762.0,1,1,37.0,1,Medium,15,0.63,0.185,0.111,0.074,2026-04-25 17:11:05,4,4,2,1,,
68605684,2026-04-08 08:44:31,2026-04-20 11:06:00,Closed,Pothole,QUEENS,nan,40.74326414119991,-73.91962853862343,17.351788134444444,4959.1547619047615,4660.0,14,0,32.599998474121094,1,Medium,14,0.0,1.0,0.0,0.0,2026-04-25 17:11:05,2,4,2,1,2026-04-20 11:06:00,12.0
68601233,2026-04-08 08:44:25,2026-04-08 08:44:25,Closed,Pothole,MANHATTAN,nan,40.78273645680392,-73.95533636403404,17.35185757888889,16591.571428571428,6876.0,5,0,37.29999923706055,1,Medium,14,0.001,0.999,0.0,0.0,2026-04-25 17:11:05,0,4,2,1,2026-04-08 08:44:25,0.0
68601800,2026-04-08 08:42:21,,Open,Pothole,MANHATTAN,nan,40.78152514006051,-73.96041405700397,17.353292764074077,16591.571428571428,6876.0,10,1,52.4,2,High,8,0.476,0.262,0.157,0.105,2026-04-25 17:11:05,0,4,2,1,,
68599158,2026-04-08 08:40:42,,Pending,Pothole,QUEENS,nan,40.74426375060255,-73.87674697024157,17.35443859740741,4959.1547619047615,4660.0,13,0,33.099998474121094,1,Medium,14,0.001,0.999,0.0,0.0,2026-04-25 17:11:05,2,4,2,1,,
68603129,2026-04-08 08:38:38,2026-04-11 10:28:00,Closed,Pothole,QUEENS,nan,40.592728555716455,-73.79812170555323,17.355873782592592,4959.1547619047615,4660.0,6,1,28.799999237060547,1,Medium,14,0.06,0.94,0.0,0.0,2026-04-25 17:11:05,2,4,2,1,2026-04-11 10:28:00,3.0
68597741,2026-04-08 08:38:14,2026-04-20 10:38:00,Closed,Pothole,QUEENS,nan,40.74402880506637,-73.92615239304685,17.35615156037037,4959.1547619047615,4660.0,11,0,30.899999618530273,1,Medium,14,0.0,1.0,0.0,0.0,2026-04-25 17:11:05,2,4,2,1,2026-04-20 10:38:00,12.0
68601231,2026-04-08 08:36:31,2026-04-08 08:36:31,Closed,Pothole,QUEENS,nan,40.743700340673925,-73.92333787837586,17.35734369,4959.1547619047615,4660.0,15,0,30.600000381469727,1,Medium,14,0.0,1.0,0.0,0.0,2026-04-25 17:11:05,2,4,2,1,2026-04-08 08:36:31,0.0
68607065,2026-04-08 08:35:24,2026-04-20 10:49:00,Closed,Pothole,QUEENS,nan,40.74348225341319,-73.92147959362389,17.358119152962963,4959.1547619047615,4660.0,14,0,32.599998474121094,1,Medium,14,0.0,1.0,0.0,0.0,2026-04-25 17:11:05,2,4,2,1,2026-04-20 10:49:00,12.0
68600485,2026-04-08 08:27:10,2026-04-20 10:18:00,Closed,Pothole,QUEENS,nan,40.7457632635836,-73.9258040131222,17.363836745555556,4959.1547619047615,4660.0,8,0,27.600000381469727,1,Medium,14,0.003,0.997,0.0,0.0,2026-04-25 17:11:05,2,4,2,1,2026-04-20 10:18:00,12.0
68606477,2026-04-08 08:23:46,2026-04-08 08:23:46,Closed,Pothole,QUEENS,nan,40.743305499960755,-73.93765082292556,17.366197856666666,4959.1547619047615,4660.0,7,1,27.399999618530273,1,Medium,14,0.032,0.968,0.0,0.0,2026-04-25 17:11:05,2,4,2,1,2026-04-08 08:23:46,0.0
68605685,2026-04-08 08:23:29,2026-04-15 21:44:00,Closed,Pothole,QUEENS,nan,40.749898475172984,-73.93781067346166,17.366394615925927,4959.1547619047615,4660.0,33,0,31.600000381469727,1,Medium,14,0.0,1.0,0.0,0.0,2026-04-25 17:11:05,2,4,2,1,2026-04-15 21:44:00,7.0
68601235,2026-04-08 08:20:24,2026-04-08 08:20:24,Closed,Pothole,MANHATTAN,nan,40.71173825384143,-74.00698692775009,17.36853581962963,16591.571428571428,6876.0,23,0,44.400001525878906,1,Medium,14,0.0,1.0,0.0,0.0,2026-04-25 17:11:05,0,4,2,1,2026-04-08 08:20:24,0.0
68601796,2026-04-08 08:15:27,2026-04-18 09:55:00,Closed,Pothole,QUEENS,nan,40.73791458307863,-73.81484029418725,17.37197331962963,4959.1547619047615,4660.0,40,0,31.299999237060547,1,Medium,14,0.0,1.0,0.0,0.0,2026-04-25 17:11:05,2,4,2,1,2026-04-18 09:55:00,10.0
68603842,2026-04-08 08:09:20,2026-04-08 08:09:20,Closed,Pothole,QUEENS,nan,40.7526926233133,-73.93291023707339,17.376221004814816,4959.1547619047615,4660.0,14,0,29.600000381469727,1,Medium,14,0.0,1.0,0.0,0.0,2026-04-25 17:11:05,2,4,2,1,2026-04-08 08:09:20,0.0
68602538,2026-04-08 08:07:12,2026-04-08 08:07:12,Closed,Pothole,MANHATTAN,nan,40.706767020397514,-74.01250844527229,17.377702486296297,16591.571428571428,6876.0,5,1,36.70000076293945,1,Medium,14,0.0,1.0,0.0,0.0,2026-04-25 17:11:05,0,4,2,1,2026-04-08 08:07:12,0.0
68597742,2026-04-08 08:04:58,2026-04-15 20:45:00,Closed,Pothole,QUEENS,nan,40.7581123635306,-73.94086033518265,17.379253412222223,4959.1547619047615,4660.0,7,0,27.100000381469727,1,Medium,14,0.05,0.95,0.0,0.0,2026-04-25 17:11:05,2,4,2,1,2026-04-15 20:45:00,7.0
68598576,2026-04-08 08:02:24,2026-04-08 08:02:24,Closed,Pothole,QUEENS,nan,40.741863453510625,-73.90750492962665,17.38103581962963,4959.1547619047615,4660.0,12,0,31.100000381469727,1,Medium,14,0.0,1.0,0.0,0.0,2026-04-25 17:11:05,2,4,2,1,2026-04-08 08:02:24,0.0
68604425,2026-04-08 07:58:44,2026-04-13 12:15:00,Closed,Pothole,BROOKLYN,nan,40.671737488585954,-73.86813904834928,17.38358211592593,5664.555555555556,6673.0,9,0,32.099998474121094,1,Medium,14,0.002,0.998,0.0,0.0,2026-04-25 17:11:05,1,4,2,1,2026-04-13 12:15:00,5.0
68597743,2026-04-08 07:56:21,2026-04-18 10:30:00,Closed,Pothole,QUEENS,nan,40.67655069259074,-73.76837387183488,17.385237208518518,4959.1547619047615,4660.0,5,0,24.799999237060547,1,Medium,14,0.294,0.706,0.0,0.0,2026-04-25 17:11:05,2,4,2,1,2026-04-18 10:30:00,10.0
68597744,2026-04-08 07:54:51,2026-04-18 14:25:00,Closed,Pothole,QUEENS,nan,40.68527890014995,-73.77239993054968,17.386278875185187,4959.1547619047615,4660.0,2,1,24.0,0,Low,30,0.904,0.096,0.0,0.0,2026-04-25 17:11:05,2,4,2,1,2026-04-18 14:25:00,10.0
68604414,2026-04-08 07:53:36,2026-04-15 21:00:00,Closed,Pothole,QUEENS,nan,40.68580737540984,-73.77314811162732,17.38714693074074,4959.1547619047615,4660.0,5,1,27.100000381469727,1,Medium,14,0.459,0.541,0.0,0.0,2026-04-25 17:11:05,2,4,2,1,2026-04-15 21:00:00,7.0
68606478,2026-04-08 07:51:04,2026-04-08 07:51:04,Closed,Pothole,QUEENS,nan,40.58677820620502,-73.81464368111263,17.38890619,4959.1547619047615,4660.0,9,0,29.5,1,Medium,14,0.005,0.995,0.0,0.0,2026-04-25 17:11:05,2,4,2,1,2026-04-08 07:51:04,0.0
68599159,2026-04-08 07:49:21,2026-04-18 09:00:00,Closed,Pothole,QUEENS,nan,40.679892820889535,-73.85065851418706,17.39009831962963,4959.1547619047615,4660.0,2,0,22.399999618530273,0,Low,30,0.973,0.027,0.0,0.0,2026-04-25 17:11:05,2,4,2,1,2026-04-18 09:00:00,10.0
68605152,2026-04-08 07:46:58,2026-04-08 07:46:58,Closed,Pothole,BROOKLYN,nan,40.676448835455936,-73.86453897126174,17.391753412222222,5664.555555555556,6673.0,13,0,31.700000762939453,1,Medium,14,0.0,1.0,0.0,0.0,2026-04-25 17:11:05,1,4,2,1,2026-04-08 07:46:58,0.0
68597187,2026-04-08 07:39:27,2026-04-11 08:20:00,Closed,Pothole,BROOKLYN,nan,40.65077151218486,-73.88479037474043,17.39697331962963,5664.555555555556,6673.0,8,0,28.200000762939453,1,Medium,14,0.004,0.996,0.0,0.0,2026-04-25 17:11:05,1,4,2,1,2026-04-11 08:20:00,3.0
68602534,2026-04-08 06:55:29,2026-04-08 06:55:29,Closed,Pothole,QUEENS,nan,40.70790105157003,-73.85110072972483,17.427505727037037,4959.1547619047615,4660.0,6,0,26.299999237060547,1,Medium,14,0.051,0.948,0.0,0.0,2026-04-25 17:11:05,2,4,2,1,2026-04-08 06:55:29,0.0
68601798,2026-04-08 06:43:20,2026-04-15 21:22:00,Closed,Pothole,QUEENS,nan,40.69442525063582,-73.80093671681877,17.43594322703704,4959.1547619047615,4660.0,19,1,32.5,1,Medium,14,0.0,1.0,0.0,0.0,2026-04-25 17:11:05,2,4,2,1,2026-04-15 21:22:00,7.0
68607067,2026-04-08 06:36:40,2026-04-18 09:39:00,Closed,Pothole,QUEENS,nan,40.67227823545444,-73.8044924214824,17.44057285666667,4959.1547619047615,4660.0,8,0,29.899999618530273,1,Medium,14,0.007,0.993,0.0,0.0,2026-04-25 17:11:05,2,4,2,1,2026-04-18 09:39:00,10.0
68597188,2026-04-08 06:11:59,2026-04-08 06:11:59,Closed,Pothole,BROOKLYN,nan,40.64314654900316,-73.9980109347352,17.45771406037037,5664.555555555556,6673.0,17,0,29.0,1,Medium,14,0.001,0.999,0.0,0.0,2026-04-25 17:11:05,1,4,2,1,2026-04-08 06:11:59,0.0
68597747,2026-04-08 05:27:56,2026-04-16 14:15:00,Closed,Pothole,QUEENS,nan,40.68759986997609,-73.84834436685207,17.48830433814815,4959.1547619047615,4660.0,17,0,32.20000076293945,1,Medium,14,0.0,1.0,0.0,0.0,2026-04-25 17:11:05,2,4,2,1,2026-04-16 14:15:00,8.0
68589416,2026-04-08 02:02:04,2026-04-18 09:05:00,Closed,Pothole,QUEENS,nan,40.7787145358747,-73.82488741742266,17.631267301111112,4959.1547619047615,4660.0,4,0,25.700000762939453,0,Low,30,0.813,0.187,0.0,0.0,2026-04-25 17:11:05,2,4,2,1,2026-04-18 09:05:00,10.0
68610474,2026-04-08 01:33:11,2026-04-09 23:25:00,Closed,Pothole,MANHATTAN,nan,40.74400767555111,-73.98569458106098,17.65132517148148,16591.571428571428,6876.0,23,1,41.900001525878906,1,Medium,14,0.0,1.0,0.0,0.0,2026-04-25 17:11:05,0,4,2,1,2026-04-09 23:25:00,1.0
68610475,2026-04-08 01:32:25,2026-04-09 22:55:00,Closed,Pothole,MANHATTAN,nan,40.76422204840166,-73.9809792811693,17.65185757888889,16591.571428571428,6876.0,26,0,40.70000076293945,1,Medium,14,0.0,1.0,0.0,0.0,2026-04-25 17:11:05,0,4,2,1,2026-04-09 22:55:00,1.0
68607844,2026-04-08 01:29:08,2026-04-09 22:00:00,Closed,Pothole,MANHATTAN,nan,40.75927051662176,-73.98088684394885,17.654137671481482,16591.571428571428,6876.0,28,1,40.79999923706055,1,Medium,14,0.0,1.0,0.0,0.0,2026-04-25 17:11:05,0,4,2,1,2026-04-09 22:00:00,1.0
68590253,2026-04-08 01:05:41,2026-04-08 01:05:41,Closed,Pothole,QUEENS,nan,40.719247438641474,-73.81144699051096,17.670422393703706,4959.1547619047615,4660.0,1,0,20.5,0,Low,30,0.994,0.006,0.0,0.0,2026-04-25 17:11:05,2,4,2,1,2026-04-08 01:05:41,0.0
68596376,2026-04-08 00:20:17,,Open,Pothole,QUEENS,nan,40.764651068569165,-73.8234840194063,17.70195017148148,4959.1547619047615,4660.0,10,1,38.5,1,Medium,15,0.615,0.193,0.116,0.077,2026-04-25 17:11:05,2,4,2,1,,
68594438,2026-04-08 00:18:25,2026-04-08 00:18:25,Closed,Pothole,MANHATTAN,nan,40.769750280094,-73.96060156755252,17.703246467777777,16591.571428571428,6876.0,21,1,41.20000076293945,1,Medium,14,0.0,1.0,0.0,0.0,2026-04-25 17:11:05,0,4,2,1,2026-04-08 00:18:25,0.0
68586628,2026-04-08 00:16:06,,Open,Pothole,MANHATTAN,nan,40.772420193583955,-73.97872406623014,17.704855264074077,16591.571428571428,6876.0,18,0,65.8,2,High,8,0.342,0.329,0.197,0.132,2026-04-25 17:11:05,0,4,2,1,,
68587451,2026-04-08 00:07:37,2026-04-08 00:07:37,Closed,Pothole,QUEENS,nan,40.711464773780904,-73.83570497381895,17.710746467777778,4959.1547619047615,4660.0,15,1,31.399999618530273,1,Medium,14,0.0,1.0,0.0,0.0,2026-04-25 17:11:05,2,4,2,1,2026-04-08 00:07:37,0.0
68587464,2026-04-07 23:48:46,2026-04-07 23:48:46,Closed,Pothole,MANHATTAN,nan,40.77153888158767,-73.97740657870578,17.723836745555555,16591.571428571428,6876.0,16,0,43.70000076293945,1,Medium,14,0.0,1.0,0.0,0.0,2026-04-25 17:11:05,0,4,1,1,2026-04-07 23:48:46,0.0
68595015,2026-04-07 23:31:48,,Open,Pothole,MANHATTAN,nan,40.718794721647406,-73.98901164934453,17.735619152962965,16591.571428571428,6876.0,54,1,65.8,2,High,8,0.342,0.329,0.197,0.132,2026-04-25 17:11:05,0,4,1,1,,
68595838,2026-04-07 22:41:56,2026-04-07 22:41:56,Closed,Pothole,QUEENS,nan,40.71059995970241,-73.8088960294562,17.770248782592592,4959.1547619047615,4660.0,7,1,26.600000381469727,1,Medium,14,0.043,0.957,0.0,0.0,2026-04-25 17:11:05,2,4,1,1,2026-04-07 22:41:56,0.0
68588006,2026-04-07 22:21:32,2026-04-21 12:25:00,Closed,Pothole,BROOKLYN,nan,40.664751349179134,-73.89404073362888,17.78441544925926,5664.555555555556,6673.0,27,0,31.299999237060547,1,Medium,14,0.0,1.0,0.0,0.0,2026-04-25 17:11:05,1,4,1,1,2026-04-21 12:25:00,13.0
68595824,2026-04-07 21:29:15,2026-04-07 21:29:15,Closed,Pothole,BRONX,nan,40.85198136175383,-73.91017487663616,17.820723319629632,6677.6,6655.5,10,1,31.100000381469727,1,Medium,14,0.0,1.0,0.0,0.0,2026-04-25 17:11:05,3,4,1,1,2026-04-07 21:29:15,0.0
68595020,2026-04-07 21:26:46,2026-04-08 14:10:00,Closed,Pothole,BROOKLYN,nan,40.6265134245421,-74.02385202753716,17.822447856666667,5664.555555555556,6673.0,7,1,29.5,1,Medium,14,0.053,0.947,0.0,0.0,2026-04-25 17:11:05,1,4,1,1,2026-04-08 14:10:00,0.0
68593623,2026-04-07 21:10:24,2026-04-19 00:55:00,Closed,Pothole,MANHATTAN,nan,40.7165333703795,-74.00667359125764,17.83381359740741,16591.571428571428,6876.0,33,1,41.5,1,Medium,14,0.0,1.0,0.0,0.0,2026-04-25 17:11:05,0,4,1,1,2026-04-19 00:55:00,11.0
68596377,2026-04-07 21:06:24,2026-04-11 05:37:00,Closed,Pothole,QUEENS,nan,40.66640400481538,-73.74536818797739,17.836591375185186,4959.1547619047615,4660.0,25,1,27.0,1,Medium,14,0.0,1.0,0.0,0.0,2026-04-25 17:11:05,2,4,1,1,2026-04-11 05:37:00,3.0
68586115,2026-04-07 21:05:47,2026-04-07 21:05:47,Closed,Pothole,MANHATTAN,nan,40.758949399914954,-73.96848058993135,17.83701961592593,16591.571428571428,6876.0,16,0,41.29999923706055,1,Medium,14,0.0,1.0,0.0,0.0,2026-04-25 17:11:05,0,4,1,1,2026-04-07 21:05:47,0.0
68586630,2026-04-07 20:56:27,2026-04-18 23:00:00,Closed,Pothole,MANHATTAN,nan,40.72205840806263,-74.00905879831394,17.843501097407408,16591.571428571428,6876.0,11,0,40.5,1,Medium,14,0.0,1.0,0.0,0.0,2026-04-25 17:11:05,0,4,1,1,2026-04-18 23:00:00,11.0
68587975,2026-04-07 20:47:14,2026-04-15 21:45:00,Closed,Pothole,QUEENS,nan,40.71991044772078,-73.80903888702578,17.849901560370373,4959.1547619047615,4660.0,5,0,24.299999237060547,0,Low,30,0.628,0.371,0.0,0.0,2026-04-25 17:11:05,2,4,1,1,2026-04-15 21:45:00,8.0
68594984,2026-04-07 20:42:32,,Pending,Pothole,QUEENS,nan,40.73715765192583,-73.87940512126264,17.85316544925926,4959.1547619047615,4660.0,17,0,29.5,1,Medium,14,0.001,0.999,0.0,0.0,2026-04-25 17:11:05,2,4,1,1,,
68586101,2026-04-07 20:40:24,2026-04-07 20:40:24,Closed,Pothole,QUEENS,nan,40.69212936228362,-73.83483307985836,17.854646930740742,4959.1547619047615,4660.0,6,0,25.100000381469727,0,Low,30,0.645,0.355,0.0,0.0,2026-04-25 17:11:05,2,4,1,1,2026-04-07 20:40:24,0.0
68587976,2026-04-07 20:39:17,2026-04-18 10:49:00,Closed,Pothole,QUEENS,nan,40.71573982765754,-73.83672612656912,17.855422393703705,4959.1547619047615,4660.0,3,0,22.600000381469727,0,Low,30,0.788,0.211,0.0,0.0,2026-04-25 17:11:05,2,4,1,1,2026-04-18 10:49:00,10.0
68590834,2026-04-07 20:32:44,2026-04-11 18:10:00,Closed,Pothole,BROOKLYN,nan,40.675793256227486,-73.94437624487631,17.859971004814817,5664.555555555556,6673.0,10,1,34.70000076293945,1,Medium,14,0.002,0.998,0.0,0.0,2026-04-25 17:11:05,1,4,1,1,2026-04-11 18:10:00,3.0
68590816,2026-04-07 20:20:00,2026-04-11 13:24:00,Closed,Pothole,QUEENS,nan,40.7492951641803,-73.74864244662199,17.86881359740741,4959.1547619047615,4660.0,5,0,23.5,0,Low,30,0.94,0.06,0.0,0.0,2026-04-25 17:11:05,2,4,1,1,2026-04-11 13:24:00,3.0
68590254,2026-04-07 20:05:06,2026-04-07 20:05:06,Closed,Pothole,QUEENS,nan,40.5842242605398,-73.81385512349091,17.879160819629632,4959.1547619047615,4660.0,1,1,20.200000762939453,0,Low,30,0.993,0.007,0.0,0.0,2026-04-25 17:11:05,2,4,1,1,2026-04-07 20:05:06,0.0
68590818,2026-04-07 19:58:12,2026-04-15 14:50:00,Closed,Pothole,QUEENS,nan,40.59527053038889,-73.74820682671742,17.883952486296298,4959.1547619047615,4660.0,6,0,27.399999618530273,1,Medium,14,0.273,0.727,0.0,0.0,2026-04-25 17:11:05,2,4,1,1,2026-04-15 14:50:00,7.0
68591671,2026-04-07 19:56:57,2026-04-07 19:56:57,Closed,Pothole,STATEN ISLAND,nan,40.578623619035014,-74.10166834276595,17.88482054185185,23788.714285714286,2762.0,15,0,42.5,1,Medium,14,0.0,1.0,0.0,0.0,2026-04-25 17:11:05,4,4,1,1,2026-04-07 19:56:57,0.0
68594985,2026-04-07 19:52:38,2026-04-11 08:31:00,Closed,Pothole,QUEENS,nan,40.59556179514364,-73.74710027476236,17.887818227037037,4959.1547619047615,4660.0,7,0,25.100000381469727,0,Low,30,0.694,0.306,0.0,0.0,2026-04-25 17:11:05,2,4,1,1,2026-04-11 08:31:00,3.0
68592194,2026-04-07 19:48:10,2026-04-18 09:59:00,Closed,Pothole,QUEENS,nan,40.723726878244726,-73.88409423177573,17.89092007888889,4959.1547619047615,4660.0,2,0,21.799999237060547,0,Low,30,0.987,0.013,0.0,0.0,2026-04-25 17:11:05,2,4,1,1,2026-04-18 09:59:00,10.0
68593624,2026-04-07 19:44:11,,Open,Pothole,MANHATTAN,nan,40.85110891922496,-73.93060242247068,17.893686282592594,16591.571428571428,6876.0,16,1,65.9,2,High,8,0.341,0.329,0.198,0.132,2026-04-25 17:11:05,0,4,1,1,,
68593074,2026-04-07 19:29:11,2026-04-07 19:29:11,Closed,Pothole,QUEENS,nan,40.73177902884212,-73.77010866842208,17.90410294925926,4959.1547619047615,4660.0,5,1,25.799999237060547,0,Low,30,0.602,0.398,0.0,0.0,2026-04-25 17:11:05,2,4,1,1,2026-04-07 19:29:11,0.0
68593079,2026-04-07 19:17:28,2026-04-07 19:17:28,Closed,Pothole,MANHATTAN,nan,40.77178075517688,-73.9791936146363,17.912239523333334,16591.571428571428,6876.0,22,0,43.900001525878906,1,Medium,14,0.0,1.0,0.0,0.0,2026-04-25 17:11:05,0,4,1,1,2026-04-07 19:17:28,0.0
68596370,2026-04-07 19:16:48,,Open,Pothole,BRONX,nan,40.87974875011495,-73.88466120059489,17.912702486296297,6677.6,6655.5,26,1,54.0,2,High,15,0.46,0.27,0.162,0.108,2026-04-25 17:11:05,3,4,1,1,,
68595852,2026-04-07 19:16:22,2026-04-07 19:16:22,Closed,Pothole,MANHATTAN,nan,40.768023997074046,-73.97028136310426,17.913003412222224,16591.571428571428,6876.0,10,0,46.099998474121094,1,Medium,14,0.0,1.0,0.0,0.0,2026-04-25 17:11:05,0,4,1,1,2026-04-07 19:16:22,0.0
68595840,2026-04-07 19:10:31,2026-04-07 19:10:31,Closed,Pothole,QUEENS,nan,40.680132124818265,-73.84686872082064,17.917065912222224,4959.1547619047615,4660.0,6,0,25.899999618530273,1,Medium,14,0.12,0.88,0.0,0.0,2026-04-25 17:11:05,2,4,1,1,2026-04-07 19:10:31,0.0
68595826,2026-04-07 19:10:30,2026-04-07 19:10:30,Closed,Pothole,BRONX,nan,40.88270955300674,-73.88124583052429,17.917077486296296,6677.6,6655.5,22,0,33.0,1,Medium,14,0.0,1.0,0.0,0.0,2026-04-25 17:11:05,3,4,1,1,2026-04-07 19:10:30,0.0
68591691,2026-04-07 19:08:10,2026-04-07 19:08:10,Closed,Pothole,BROOKLYN,nan,40.676448835455936,-73.86453897126174,17.918697856666668,5664.555555555556,6673.0,13,0,34.79999923706055,1,Medium,14,0.0,1.0,0.0,0.0,2026-04-25 17:11:05,1,4,1,1,2026-04-07 19:08:10,0.0
68594422,2026-04-07 19:06:39,2026-04-07 19:06:39,Closed,Pothole,BRONX,nan,40.86521081959857,-73.84335498011318,17.91975109740741,6677.6,6655.5,4,1,26.100000381469727,1,Medium,14,0.107,0.893,0.0,0.0,2026-04-25 17:11:05,3,4,1,1,2026-04-07 19:06:39,0.0
68589437,2026-04-07 19:03:22,,Open,Pothole,BROOKLYN,nan,40.57760753484884,-73.94629033523653,17.922031190000002,5664.555555555556,6673.0,1,0,15.4,0,Low,15,0.846,0.077,0.046,0.031,2026-04-25 17:11:05,1,4,1,1,,
68589418,2026-04-07 19:02:56,2026-04-16 19:23:00,Closed,Pothole,QUEENS,nan,40.76888775211724,-73.90690781833064,17.922332115925926,4959.1547619047615,4660.0,22,1,30.299999237060547,1,Medium,14,0.0,1.0,0.0,0.0,2026-04-25 17:11:05,2,4,1,1,2026-04-16 19:23:00,9.0
68593614,2026-04-07 18:59:29,2026-04-18 11:05:00,Closed,Pothole,QUEENS,nan,40.769988205265,-73.90667522444659,17.92472794925926,4959.1547619047615,4660.0,15,1,31.200000762939453,1,Medium,14,0.0,1.0,0.0,0.0,2026-04-25 17:11:05,2,4,1,1,2026-04-18 11:05:00,10.0
68590243,2026-04-07 18:52:53,2026-04-07 18:52:53,Closed,Pothole,BRONX,nan,40.87961276699893,-73.91448783018329,17.929311282592593,6677.6,6655.5,1,0,22.0,0,Low,30,0.991,0.009,0.0,0.0,2026-04-25 17:11:05,3,4,1,1,2026-04-07 18:52:53,0.0
68587443,2026-04-07 18:48:41,2026-04-07 18:48:41,Closed,Pothole,BRONX,nan,40.87961276699893,-73.91448783018329,17.93222794925926,6677.6,6655.5,1,0,22.0,0,Low,30,0.991,0.009,0.0,0.0,2026-04-25 17:11:05,3,4,1,1,2026-04-07 18:48:41,0.0
68596379,2026-04-07 18:42:25,2026-04-15 11:00:00,Closed,Pothole,QUEENS,nan,40.74239143454491,-73.71312216978781,17.93657980111111,4959.1547619047615,4660.0,2,0,21.600000381469727,0,Low,30,0.998,0.002,0.0,0.0,2026-04-25 17:11:05,2,4,1,1,2026-04-15 11:00:00,7.0
68591689,2026-04-07 18:42:02,2026-04-07 18:42:02,Closed,Pothole,MANHATTAN,nan,40.774679702585445,-73.98220025247693,17.936846004814814,16591.571428571428,6876.0,28,0,43.5,1,Medium,14,0.0,1.0,0.0,0.0,2026-04-25 17:11:05,0,4,1,1,2026-04-07 18:42:02,0.0
68592195,2026-04-07 18:37:55,2026-04-15 12:25:00,Closed,Pothole,QUEENS,nan,40.74408619853987,-73.71472803155868,17.939704801111112,4959.1547619047615,4660.0,7,0,30.100000381469727,1,Medium,14,0.067,0.933,0.0,0.0,2026-04-25 17:11:05,2,4,1,1,2026-04-15 12:25:00,7.0
68589420,2026-04-07 18:34:56,2026-04-15 21:45:00,Closed,Pothole,QUEENS,nan,40.74945370920152,-73.8870991875295,17.94177656037037,4959.1547619047615,4660.0,17,1,31.899999618530273,1,Medium,14,0.0,1.0,0.0,0.0,2026-04-25 17:11:05,2,4,1,1,2026-04-15 21:45:00,8.0
68587979,2026-04-07 18:30:52,2026-04-15 12:15:00,Closed,Pothole,QUEENS,nan,40.74180802614262,-73.71583123253906,17.944600634444445,4959.1547619047615,4660.0,4,0,25.299999237060547,0,Low,30,0.731,0.268,0.0,0.0,2026-04-25 17:11:05,2,4,1,1,2026-04-15 12:15:00,7.0
68595841,2026-04-07 18:30:45,2026-04-07 18:30:45,Closed,Pothole,QUEENS,nan,40.69595062654502,-73.8623680620651,17.944681652962963,4959.1547619047615,4660.0,3,0,23.600000381469727,1,Medium,14,0.448,0.552,0.0,0.0,2026-04-25 17:11:05,2,4,1,1,2026-04-07 18:30:45,0.0
68588886,2026-04-07 18:28:12,2026-04-07 18:28:12,Closed,Pothole,QUEENS,nan,40.74584421351302,-73.70653178846892,17.946452486296298,4959.1547619047615,4660.0,2,0,22.299999237060547,0,Low,30,0.971,0.029,0.0,0.0,2026-04-25 17:11:05,2,4,1,1,2026-04-07 18:28:12,0.0
68591676,2026-04-07 18:26:24,2026-04-07 18:26:24,Closed,Pothole,QUEENS,nan,40.72467860892961,-73.764815264584,17.947702486296297,4959.1547619047615,4660.0,14,1,32.900001525878906,1,Medium,14,0.0,1.0,0.0,0.0,2026-04-25 17:11:05,2,4,1,1,2026-04-07 18:26:24,0.0
68594988,2026-04-07 18:21:01,2026-04-15 15:00:00,Closed,Pothole,QUEENS,69 STREET,40.7315057327433,-73.89580000501644,17.951440912222225,11760.272727272728,562.0,11,1,40.29999923706055,1,Medium,14,0.0,1.0,0.0,0.0,2026-04-25 17:11:05,2,4,1,1,2026-04-15 15:00:00,7.0
68592215,2026-04-07 18:10:28,2026-04-13 13:05:00,Closed,Pothole,BROOKLYN,nan,40.693704610750274,-73.90504385367953,17.958767301111113,5664.555555555556,6673.0,5,1,31.100000381469727,1,Medium,14,0.042,0.958,0.0,0.0,2026-04-25 17:11:05,1,4,1,1,2026-04-13 13:05:00,5.0
68588008,2026-04-07 18:01:45,2026-04-11 13:55:00,Closed,Pothole,BROOKLYN,nan,40.7090548773869,-73.96710468900532,17.964820541851854,5664.555555555556,6673.0,8,1,31.0,1,Medium,14,0.001,0.999,0.0,0.0,2026-04-25 17:11:05,1,4,1,1,2026-04-11 13:55:00,3.0
68592196,2026-04-07 17:57:44,2026-04-15 16:11:00,Closed,Pothole,QUEENS,nan,40.68226523856321,-73.8451331832496,17.967609893703706,4959.1547619047615,4660.0,9,0,30.799999237060547,1,Medium,14,0.0,1.0,0.0,0.0,2026-04-25 17:11:05,2,4,1,1,2026-04-15 16:11:00,7.0
68594982,2026-04-07 17:45:02,2026-04-11 08:00:00,Closed,Pothole,STATEN ISLAND,nan,40.61225224930244,-74.15611266502198,17.97642933814815,23788.714285714286,2762.0,6,1,38.79999923706055,1,Medium,14,0.0,1.0,0.0,0.0,2026-04-25 17:11:05,4,4,1,1,2026-04-11 08:00:00,3.0
68596382,2026-04-07 17:44:49,2026-04-11 09:01:00,Closed,Pothole,QUEENS,nan,40.594060087939205,-73.78911943014097,17.97657980111111,4959.1547619047615,4660.0,10,0,33.0,1,Medium,14,0.001,0.999,0.0,0.0,2026-04-25 17:11:05,2,4,1,1,2026-04-11 09:01:00,3.0
68594989,2026-04-07 17:43:11,2026-04-16 14:12:00,Closed,Pothole,QUEENS,nan,40.68623426262027,-73.82417476733417,17.97771406037037,4959.1547619047615,4660.0,19,1,30.899999618530273,1,Medium,14,0.0,1.0,0.0,0.0,2026-04-25 17:11:05,2,4,1,1,2026-04-16 14:12:00,8.0
68590811,2026-04-07 17:42:05,,Open,Pothole,STATEN ISLAND,nan,40.608913163915126,-74.15307956575049,17.97847794925926,23788.714285714286,2762.0,5,1,47.9,1,Medium,15,0.521,0.239,0.144,0.096,2026-04-25 17:11:05,4,4,1,1,,
68590259,2026-04-07 17:41:55,2026-04-07 17:41:55,Closed,Pothole,QUEENS,nan,40.78322772329927,-73.8386188868211,17.97859369,4959.1547619047615,4660.0,7,0,28.200000762939453,1,Medium,14,0.097,0.902,0.0,0.0,2026-04-25 17:11:05,2,4,1,1,2026-04-07 17:41:55,0.0
68588879,2026-04-07 17:41:09,2026-04-07 17:41:09,Closed,Pothole,STATEN ISLAND,nan,40.603625387178006,-74.0693023870406,17.97912609740741,23788.714285714286,2762.0,19,1,40.599998474121094,1,Medium,14,0.0,1.0,0.0,0.0,2026-04-25 17:11:05,4,4,1,1,2026-04-07 17:41:09,0.0
68596383,2026-04-07 17:37:38,2026-04-09 21:45:00,Closed,Pothole,QUEENS,260 STREET,40.74814528813921,-73.7134546909416,17.981568227037037,4959.1547619047615,4660.0,4,0,22.700000762939453,0,Low,30,0.956,0.044,0.0,0.0,2026-04-25 17:11:05,2,4,1,1,2026-04-09 21:45:00,2.0
68594990,2026-04-07 17:27:27,2026-04-15 23:45:00,Closed,Pothole,QUEENS,nan,40.7599599886529,-73.89822091719134,17.9886399862963,4959.1547619047615,4660.0,9,0,30.5,1,Medium,14,0.003,0.997,0.0,0.0,2026-04-25 17:11:05,2,4,1,1,2026-04-15 23:45:00,8.0
68586638,2026-04-07 17:27:12,2026-04-09 11:55:00,Closed,Pothole,BROOKLYN,nan,40.631743496914915,-73.96070465822963,17.988813597407407,5664.555555555556,6673.0,1,1,23.899999618530273,0,Low,30,0.994,0.006,0.0,0.0,2026-04-25 17:11:05,1,4,1,1,2026-04-09 11:55:00,1.0
68592191,2026-04-07 17:25:58,,Open,Pothole,STATEN ISLAND,FOREST HILL ROAD,40.57680714742981,-74.15917604926962,17.98967007888889,23788.714285714286,22991.0,1,1,37.2,1,Medium,15,0.628,0.186,0.112,0.074,2026-04-25 17:11:05,4,4,1,1,,
68587467,2026-04-07 17:21:07,2026-04-07 17:21:07,Closed,Pothole,BROOKLYN,nan,40.636326482088855,-73.95839963535299,17.993038134444447,5664.555555555556,6673.0,13,1,31.700000762939453,1,Medium,14,0.0,1.0,0.0,0.0,2026-04-25 17:11:05,1,4,1,1,2026-04-07 17:21:07,0.0
68595843,2026-04-07 17:20:11,2026-04-07 17:20:11,Closed,Pothole,QUEENS,nan,40.7343762769571,-73.87341674191903,17.993686282592595,4959.1547619047615,4660.0,23,0,29.899999618530273,1,Medium,14,0.001,0.999,0.0,0.0,2026-04-25 17:11:05,2,4,1,1,2026-04-07 17:20:11,0.0
68586104,2026-04-07 17:19:05,2026-04-07 17:19:05,Closed,Pothole,QUEENS,nan,40.743305499960755,-73.93765082292556,17.994450171481482,4959.1547619047615,4660.0,7,1,27.299999237060547,1,Medium,14,0.023,0.977,0.0,0.0,2026-04-25 17:11:05,2,4,1,1,2026-04-07 17:19:05,0.0
68593088,2026-04-07 17:06:43,2026-04-07 17:06:43,Closed,Pothole,BROOKLYN,nan,40.67207532496824,-73.91133643550022,18.003038134444445,5664.555555555556,6673.0,27,1,30.600000381469727,1,Medium,14,0.0,1.0,0.0,0.0,2026-04-25 17:11:05,1,4,1,1,2026-04-07 17:06:43,0.0
68589422,2026-04-07 17:01:46,2026-04-16 14:13:00,Closed,Pothole,QUEENS,nan,40.6675748180031,-73.82569467462247,18.006475634444445,4959.1547619047615,4660.0,3,1,24.299999237060547,0,Low,30,0.859,0.141,0.0,0.0,2026-04-25 17:11:05,2,4,1,1,2026-04-16 14:13:00,8.0
68594991,2026-04-07 16:58:14,2026-04-18 13:45:00,Closed,Pothole,QUEENS,nan,40.76174515944104,-73.81352505441116,18.00892933814815,4959.1547619047615,4660.0,10,1,30.399999618530273,1,Medium,14,0.002,0.998,0.0,0.0,2026-04-25 17:11:05,2,4,1,1,2026-04-18 13:45:00,10.0
68592192,2026-04-07 16:51:22,2026-04-11 09:40:00,Closed,Pothole,STATEN ISLAND,nan,40.635738093577814,-74.08373324622873,18.013697856666667,23788.714285714286,2762.0,7,1,38.099998474121094,1,Medium,14,0.0,1.0,0.0,0.0,2026-04-25 17:11:05,4,4,1,1,2026-04-11 09:40:00,3.0
68588010,2026-04-07 16:47:04,2026-04-11 14:10:00,Closed,Pothole,BROOKLYN,nan,40.67740565662153,-73.98304820765676,18.01668396777778,5664.555555555556,6673.0,13,1,31.600000381469727,1,Medium,14,0.0,1.0,0.0,0.0,2026-04-25 17:11:05,1,4,1,1,2026-04-11 14:10:00,3.0
68590813,2026-04-07 16:44:44,,Open,Pothole,STATEN ISLAND,nan,40.52590721364412,-74.20276998946336,18.01830433814815,23788.714285714286,2762.0,3,1,42.6,1,Medium,15,0.574,0.213,0.128,0.085,2026-04-25 17:11:05,4,4,1,1,,
68594442,2026-04-07 16:38:02,2026-04-07 16:38:02,Closed,Pothole,BROOKLYN,nan,40.653190255883345,-73.96621323435924,18.022957115925927,5664.555555555556,6673.0,7,1,31.0,1,Medium,14,0.019,0.981,0.0,0.0,2026-04-25 17:11:05,1,4,1,1,2026-04-07 16:38:02,0.0
68590260,2026-04-07 16:34:33,2026-04-07 16:34:33,Closed,Pothole,QUEENS,nan,40.76004448372803,-73.89755299254857,18.02537609740741,4959.1547619047615,4660.0,11,0,32.0,1,Medium,14,0.0,1.0,0.0,0.0,2026-04-25 17:11:05,2,4,1,1,2026-04-07 16:34:33,0.0
68595853,2026-04-07 16:31:40,2026-04-07 16:31:40,Closed,Pothole,MANHATTAN,nan,40.74905333423899,-73.99574847129311,18.027378412222223,16591.571428571428,6876.0,36,0,42.900001525878906,1,Medium,14,0.0,1.0,0.0,0.0,2026-04-25 17:11:05,0,4,1,1,2026-04-07 16:31:40,0.0
68587454,2026-04-07 16:25:21,2026-04-07 16:25:21,Closed,Pothole,QUEENS,nan,40.69595062654502,-73.8623680620651,18.0317649862963,4959.1547619047615,4660.0,3,0,23.5,0,Low,30,0.554,0.446,0.0,0.0,2026-04-25 17:11:05,2,4,1,1,2026-04-07 16:25:21,0.0
68595844,2026-04-07 16:02:37,2026-04-07 16:02:37,Closed,Pothole,QUEENS,nan,40.69595062654502,-73.8623680620651,18.047552023333335,4959.1547619047615,4660.0,3,0,23.5,0,Low,30,0.554,0.446,0.0,0.0,2026-04-25 17:11:05,2,4,1,1,2026-04-07 16:02:37,0.0
68587980,2026-04-07 15:40:12,2026-04-18 12:00:00,Closed,Pothole,QUEENS,nan,40.71034788473819,-73.87524063101554,18.063119152962965,4959.1547619047615,4660.0,5,0,25.399999618530273,1,Medium,14,0.125,0.875,0.0,0.0,2026-04-25 17:11:05,2,4,1,1,2026-04-18 12:00:00,10.0
68605149,2026-04-07 15:39:17,2026-04-08 10:20:00,Closed,Pothole,BROOKLYN,nan,40.65216549661909,-74.00992865146458,18.063755727037037,5664.555555555556,6673.0,8,0,30.600000381469727,1,Medium,14,0.006,0.994,0.0,0.0,2026-04-25 17:11:05,1,4,1,1,2026-04-08 10:20:00,0.0
68596399,2026-04-07 15:39:02,2026-04-18 13:23:00,Closed,Pothole,BROOKLYN,nan,40.6307476287109,-73.97171152338811,18.06392933814815,5664.555555555556,6673.0,24,0,31.299999237060547,1,Medium,14,0.0,1.0,0.0,0.0,2026-04-25 17:11:05,1,4,1,1,2026-04-18 13:23:00,10.0
68603855,2026-04-07 15:38:24,2026-04-08 08:15:00,Closed,Pothole,BROOKLYN,41 STREET,40.653609170631334,-74.01082985237502,18.064369152962964,5664.555555555556,6673.0,18,0,33.29999923706055,1,Medium,14,0.0,1.0,0.0,0.0,2026-04-25 17:11:05,1,4,1,1,2026-04-08 08:15:00,0.0
68596371,2026-04-07 15:34:34,,Open,Pothole,BRONX,nan,40.85439304529766,-73.86199682514005,18.06703119,6677.6,6655.5,9,1,38.0,1,Medium,15,0.62,0.19,0.114,0.076,2026-04-25 17:11:05,3,4,1,1,,
68593635,2026-04-07 15:34:34,,Open,Pothole,BROOKLYN,nan,40.612330908248275,-73.96478242270412,18.06703119,5664.555555555556,6673.0,8,0,34.2,1,Medium,15,0.658,0.171,0.102,0.068,2026-04-25 17:11:05,1,4,1,1,,
68596393,2026-04-07 15:23:19,,Open,Pothole,MANHATTAN,nan,40.7622904820507,-73.98610578413911,18.07484369,16591.571428571428,6876.0,32,0,65.9,2,High,8,0.341,0.33,0.198,0.132,2026-04-25 17:11:05,0,4,1,1,,
68606489,2026-04-07 15:15:39,2026-04-08 14:35:00,Closed,Pothole,BROOKLYN,DECATUR STREET,40.68186490731119,-73.92971133054155,18.080167764074076,2467.8571428571427,1732.0,10,1,28.799999237060547,1,Medium,14,0.0,1.0,0.0,0.0,2026-04-25 17:11:05,1,4,1,1,2026-04-08 14:35:00,0.0
68599917,2026-04-07 15:15:09,2026-04-08 12:38:00,Closed,Pothole,BROOKLYN,ROGERS AVENUE,40.67056015502055,-73.95320891313631,18.080514986296297,5664.555555555556,15168.0,24,1,36.5,1,Medium,14,0.0,1.0,0.0,0.0,2026-04-25 17:11:05,1,4,1,1,2026-04-08 12:38:00,0.0
68605150,2026-04-07 15:14:38,2026-04-08 11:28:00,Closed,Pothole,BROOKLYN,ATLANTIC AVENUE,40.67720521898768,-73.92681403908888,18.080873782592594,8798.333333333334,51291.0,19,1,40.0,1,Medium,14,0.0,1.0,0.0,0.0,2026-04-25 17:11:05,1,4,1,1,2026-04-08 11:28:00,0.0
68599918,2026-04-07 15:14:14,2026-04-08 09:25:00,Closed,Pothole,BROOKLYN,HALSEY STREET,40.68261329633919,-73.94289950703879,18.081151560370373,5664.555555555556,3351.0,17,0,32.900001525878906,1,Medium,14,0.0,1.0,0.0,0.0,2026-04-25 17:11:05,1,4,1,1,2026-04-08 09:25:00,0.0
68602540,2026-04-07 15:13:51,2026-04-08 08:52:00,Closed,Pothole,BROOKLYN,UTICA AVENUE,40.66799370202615,-73.93118586072052,18.081417764074075,5664.555555555556,18962.0,43,1,34.70000076293945,1,Medium,14,0.0,1.0,0.0,0.0,2026-04-25 17:11:05,1,4,1,1,2026-04-08 08:52:00,0.0
68606490,2026-04-07 15:13:30,2026-04-08 08:45:00,Closed,Pothole,BROOKLYN,UTICA AVENUE,40.667260889816994,-73.93125871041096,18.08166081962963,5664.555555555556,18962.0,33,1,35.29999923706055,1,Medium,14,0.0,1.0,0.0,0.0,2026-04-25 17:11:05,1,4,1,1,2026-04-08 08:45:00,0.0
68589423,2026-04-07 15:10:32,2026-04-08 21:22:00,Closed,Pothole,QUEENS,LANG SQUARE,40.71855350602558,-73.90239665131912,18.083721004814816,4959.1547619047615,4660.0,5,0,26.100000381469727,1,Medium,14,0.107,0.893,0.0,0.0,2026-04-25 17:11:05,2,4,1,1,2026-04-08 21:22:00,1.0
68593066,2026-04-07 15:08:44,2026-04-07 15:08:44,Closed,Pothole,BRONX,nan,40.83647986270567,-73.89772801516538,18.084971004814815,6677.6,6655.5,4,1,27.5,1,Medium,14,0.021,0.979,0.0,0.0,2026-04-25 17:11:05,3,4,1,1,2026-04-07 15:08:44,0.0
68586122,2026-04-07 15:02:19,2026-04-07 15:02:19,Closed,Pothole,BROOKLYN,nan,40.646884701479976,-73.94915346941922,18.089427023333336,5664.555555555556,6673.0,17,1,34.20000076293945,1,Medium,14,0.0,1.0,0.0,0.0,2026-04-25 17:11:05,1,4,1,1,2026-04-07 15:02:19,0.0
68590837,2026-04-07 14:59:46,,Open,Pothole,BROOKLYN,nan,40.69698633989122,-73.93522383122014,18.091197856666668,5664.555555555556,6673.0,50,1,52.8,2,High,15,0.472,0.264,0.158,0.106,2026-04-25 17:11:05,1,4,1,1,,
68589441,2026-04-07 14:56:54,2026-04-13 13:46:00,Closed,Pothole,BROOKLYN,BROADWAY,40.69511525130405,-73.93192959250285,18.09318859740741,5664.555555555556,13110.0,19,1,35.0,1,Medium,14,0.0,1.0,0.0,0.0,2026-04-25 17:11:05,1,4,1,1,2026-04-13 13:46:00,5.0
68587999,2026-04-07 14:50:24,,Open,Pothole,MANHATTAN,LUDLOW STREET,40.71933266694489,-73.98872656829808,18.0977024862963,16591.571428571428,4784.0,50,1,65.9,2,High,8,0.341,0.33,0.198,0.132,2026-04-25 17:11:05,0,4,1,1,,
68588000,2026-04-07 14:50:08,,Open,Pothole,MANHATTAN,LUDLOW STREET,40.7209410126459,-73.9879073743966,18.097887671481484,16591.571428571428,4784.0,38,1,65.9,2,High,8,0.341,0.33,0.198,0.132,2026-04-25 17:11:05,0,4,1,1,,
68586631,2026-04-07 14:49:20,,Open,Pothole,MANHATTAN,LUDLOW STREET,40.72181105404858,-73.98746708538718,18.098443227037038,16591.571428571428,4784.0,42,1,65.9,2,High,8,0.341,0.33,0.198,0.132,2026-04-25 17:11:05,0,4,1,1,,
68593627,2026-04-07 14:49:04,,Open,Pothole,MANHATTAN,LUDLOW STREET,40.72199219824923,-73.98737686026914,18.098628412222222,16591.571428571428,4784.0,44,1,65.9,2,High,8,0.341,0.33,0.198,0.132,2026-04-25 17:11:05,0,4,1,1,,
68586632,2026-04-07 14:48:33,,Open,Pothole,MANHATTAN,nan,40.785872776944075,-73.95304482027292,18.09898720851852,16591.571428571428,6876.0,19,0,65.9,2,High,8,0.341,0.33,0.198,0.132,2026-04-25 17:11:05,0,4,1,1,,
68590261,2026-04-07 14:35:26,2026-04-07 14:35:26,Closed,Pothole,QUEENS,POWER ROAD,40.73093252799397,-73.86457614856675,18.108096004814815,4959.1547619047615,4660.0,12,1,32.5,1,Medium,14,0.001,0.999,0.0,0.0,2026-04-25 17:11:05,2,4,1,1,2026-04-07 14:35:26,0.0
68594993,2026-04-07 14:33:45,2026-04-18 14:41:00,Closed,Pothole,QUEENS,POWER ROAD,40.73093252799397,-73.86457614856675,18.109264986296296,4959.1547619047615,4660.0,12,1,32.5,1,Medium,14,0.001,0.999,0.0,0.0,2026-04-25 17:11:05,2,4,1,1,2026-04-18 14:41:00,11.0
68587982,2026-04-07 14:32:55,2026-04-08 08:51:00,Closed,Pothole,QUEENS,nan,40.679821665784246,-73.75345428844982,18.10984369,4959.1547619047615,4660.0,19,0,28.799999237060547,1,Medium,14,0.0,1.0,0.0,0.0,2026-04-25 17:11:05,2,4,1,1,2026-04-08 08:51:00,0.0
68593093,2026-04-07 14:17:05,2026-04-07 14:17:05,Closed,Pothole,BROOKLYN,nan,40.688370063222735,-73.94491023273594,18.120839060370372,5664.555555555556,6673.0,13,1,32.5,1,Medium,14,0.0,1.0,0.0,0.0,2026-04-25 17:11:05,1,4,1,1,2026-04-07 14:17:05,0.0
68592198,2026-04-07 14:15:50,,Pending,Pothole,QUEENS,nan,40.76164115998199,-73.86722827615844,18.121707115925926,4959.1547619047615,4660.0,21,1,33.79999923706055,1,Medium,14,0.0,1.0,0.0,0.0,2026-04-25 17:11:05,2,4,1,1,,
68590822,2026-04-07 14:15:42,2026-04-15 18:55:00,Closed,Pothole,QUEENS,nan,40.7604952093107,-73.86138640456161,18.12179970851852,4959.1547619047615,4660.0,20,1,32.900001525878906,1,Medium,14,0.0,1.0,0.0,0.0,2026-04-25 17:11:05,2,4,1,1,2026-04-15 18:55:00,8.0
68594430,2026-04-07 14:13:28,2026-04-07 14:13:28,Closed,Pothole,QUEENS,nan,40.74929881758225,-73.89757673580544,18.123350634444446,4959.1547619047615,4660.0,47,0,33.29999923706055,1,Medium,14,0.0,1.0,0.0,0.0,2026-04-25 17:11:05,2,4,1,1,2026-04-07 14:13:28,0.0
68592193,2026-04-07 14:09:50,2026-04-11 23:44:00,Closed,Pothole,STATEN ISLAND,nan,40.56992873156125,-74.09106918065525,18.125873782592596,23788.714285714286,2762.0,3,0,35.29999923706055,1,Medium,14,0.001,0.999,0.0,0.0,2026-04-25 17:11:05,4,4,1,1,2026-04-11 23:44:00,4.0
68596400,2026-04-07 14:03:11,2026-04-11 11:25:00,Closed,Pothole,BROOKLYN,nan,40.639619430604675,-73.92042356802314,18.13049183814815,5664.555555555556,6673.0,13,0,33.599998474121094,1,Medium,14,0.0,1.0,0.0,0.0,2026-04-25 17:11:05,1,4,1,1,2026-04-11 11:25:00,3.0
68586108,2026-04-07 13:53:05,2026-04-07 13:53:05,Closed,Pothole,QUEENS,nan,40.75557132920471,-73.9117631084856,18.137505727037038,4959.1547619047615,4660.0,4,0,27.399999618530273,1,Medium,14,0.085,0.915,0.0,0.0,2026-04-25 17:11:05,2,4,1,1,2026-04-07 13:53:05,0.0
68589424,2026-04-07 13:51:58,2026-04-18 09:45:00,Closed,Pothole,QUEENS,nan,40.73380012604392,-73.81480121129775,18.13828119,4959.1547619047615,4660.0,10,0,33.0,1,Medium,14,0.001,0.999,0.0,0.0,2026-04-25 17:11:05,2,4,1,1,2026-04-18 09:45:00,10.0
68586640,2026-04-07 13:41:47,,Open,Pothole,BROOKLYN,nan,40.65563381526855,-73.95986165382739,18.145352949259262,5664.555555555556,6673.0,27,1,52.8,2,High,15,0.472,0.264,0.159,0.106,2026-04-25 17:11:05,1,4,1,1,,
68592220,2026-04-07 13:39:18,2026-04-18 13:01:00,Closed,Pothole,BROOKLYN,nan,40.636326482088855,-73.95839963535299,18.147077486296297,5664.555555555556,6673.0,13,1,33.5,1,Medium,14,0.0,1.0,0.0,0.0,2026-04-25 17:11:05,1,4,1,1,2026-04-18 13:01:00,10.0
68592199,2026-04-07 13:35:05,2026-04-18 11:15:00,Closed,Pothole,QUEENS,nan,40.76731099149876,-73.89887755163284,18.150005727037037,4959.1547619047615,4660.0,3,0,25.5,1,Medium,14,0.13,0.869,0.0,0.0,2026-04-25 17:11:05,2,4,1,1,2026-04-18 11:15:00,10.0
68587455,2026-04-07 13:33:21,2026-04-07 13:33:21,Closed,Pothole,QUEENS,nan,40.76935266656995,-73.83257651909997,18.151209430740742,4959.1547619047615,4660.0,12,1,32.20000076293945,1,Medium,14,0.001,0.999,0.0,0.0,2026-04-25 17:11:05,2,4,1,1,2026-04-07 13:33:21,0.0
68596384,2026-04-07 13:28:14,2026-04-18 12:43:00,Closed,Pothole,QUEENS,nan,40.709965730961635,-73.73412827059632,18.154762671481482,4959.1547619047615,4660.0,7,0,28.399999618530273,1,Medium,14,0.019,0.981,0.0,0.0,2026-04-25 17:11:05,2,4,1,1,2026-04-18 12:43:00,10.0
68593608,2026-04-07 13:23:19,2026-04-08 07:53:00,Closed,Pothole,STATEN ISLAND,nan,40.521359442801405,-74.22883677363343,18.158177023333334,23788.714285714286,2762.0,1,1,34.599998474121094,1,Medium,14,0.001,0.999,0.0,0.0,2026-04-25 17:11:05,4,4,1,1,2026-04-08 07:53:00,0.0
68588880,2026-04-07 13:21:00,2026-04-07 13:21:00,Closed,Pothole,STATEN ISLAND,nan,40.64552202452313,-74.07767000848172,18.15978581962963,23788.714285714286,2762.0,14,1,41.79999923706055,1,Medium,14,0.0,1.0,0.0,0.0,2026-04-25 17:11:05,4,4,1,1,2026-04-07 13:21:00,0.0
68586633,2026-04-07 13:18:24,,Open,Pothole,MANHATTAN,nan,40.71855584723336,-73.98820001110087,18.161591375185186,16591.571428571428,6876.0,51,1,66.0,2,High,8,0.34,0.33,0.198,0.132,2026-04-25 17:11:05,0,4,1,1,,
68589425,2026-04-07 13:17:38,2026-04-18 03:55:00,Closed,Pothole,QUEENS,nan,40.7756669684764,-73.84535645440398,18.162123782592595,4959.1547619047615,4660.0,5,1,27.100000381469727,1,Medium,14,0.09,0.91,0.0,0.0,2026-04-25 17:11:05,2,4,1,1,2026-04-18 03:55:00,10.0
68593618,2026-04-07 13:15:35,2026-04-18 12:00:00,Closed,Pothole,QUEENS,nan,40.73979576893791,-73.79288025175798,18.163547393703706,4959.1547619047615,4660.0,22,1,32.099998474121094,1,Medium,14,0.0,1.0,0.0,0.0,2026-04-25 17:11:05,2,4,1,1,2026-04-18 12:00:00,10.0
68594995,2026-04-07 13:09:19,2026-04-13 13:38:00,Closed,Pothole,QUEENS,nan,40.72563202189434,-73.8406921673351,18.167899245555557,4959.1547619047615,4660.0,8,1,30.100000381469727,1,Medium,14,0.002,0.998,0.0,0.0,2026-04-25 17:11:05,2,4,1,1,2026-04-13 13:38:00,6.0
68594979,2026-04-07 13:08:50,2026-04-11 09:05:00,Closed,Pothole,BRONX,nan,40.81307333160631,-73.89820471873531,18.168234893703705,6677.6,6655.5,47,1,33.5,1,Medium,14,0.0,1.0,0.0,0.0,2026-04-25 17:11:05,3,4,1,1,2026-04-11 09:05:00,3.0
68595847,2026-04-07 13:07:24,2026-04-07 13:07:24,Closed,Pothole,QUEENS,nan,40.72013323771417,-73.79037278029215,18.169230264074077,4959.1547619047615,4660.0,31,0,33.5,1,Medium,14,0.0,1.0,0.0,0.0,2026-04-25 17:11:05,2,4,1,1,2026-04-07 13:07:24,0.0
68587983,2026-04-07 13:04:34,2026-04-15 10:25:00,Closed,Pothole,QUEENS,nan,40.74336274351488,-73.70861418133741,18.17119785666667,4959.1547619047615,4660.0,2,0,22.399999618530273,0,Low,30,0.997,0.003,0.0,0.0,2026-04-25 17:11:05,2,4,1,1,2026-04-15 10:25:00,7.0
68586622,2026-04-07 13:03:16,2026-04-18 07:52:00,Closed,Pothole,QUEENS,nan,40.73989480211379,-73.71578165445742,18.172100634444444,4959.1547619047615,4660.0,2,0,22.399999618530273,0,Low,30,0.98,0.02,0.0,0.0,2026-04-25 17:11:05,2,4,1,1,2026-04-18 07:52:00,10.0
68590268,2026-04-07 12:57:35,2026-04-07 12:57:35,Closed,Pothole,MANHATTAN,nan,40.703099960609336,-74.01299825749884,18.176047393703705,16591.571428571428,6876.0,14,1,44.29999923706055,1,Medium,14,0.0,1.0,0.0,0.0,2026-04-25 17:11:05,0,4,1,1,2026-04-07 12:57:35,0.0
68593067,2026-04-07 12:43:43,2026-04-07 12:43:43,Closed,Pothole,BRONX,nan,40.8805075666858,-73.88595088419072,18.185677023333334,6677.6,6655.5,15,1,33.29999923706055,1,Medium,14,0.0,1.0,0.0,0.0,2026-04-25 17:11:05,3,4,1,1,2026-04-07 12:43:43,0.0
68595829,2026-04-07 12:41:03,2026-04-07 12:41:03,Closed,Pothole,BRONX,nan,40.8733829293885,-73.88937285941549,18.187528875185187,6677.6,6655.5,13,1,30.5,1,Medium,14,0.0,1.0,0.0,0.0,2026-04-25 17:11:05,3,4,1,1,2026-04-07 12:41:03,0.0
68588890,2026-04-07 12:40:13,2026-04-07 12:40:13,Closed,Pothole,QUEENS,nan,40.56090606971587,-73.91548600085787,18.18810757888889,4959.1547619047615,4660.0,2,0,25.200000762939453,1,Medium,14,0.266,0.734,0.0,0.0,2026-04-25 17:11:05,2,4,1,1,2026-04-07 12:40:13,0.0
68588891,2026-04-07 12:39:39,2026-04-07 12:39:39,Closed,Pothole,UNSPECIFIED,nan,40.69953105419444,-73.91103665226316,18.188501097407407,3000.0,1095000.0,28,1,40.79999923706055,1,Medium,14,0.0,1.0,0.0,0.0,2026-04-25 17:11:05,5,4,1,1,2026-04-07 12:39:39,0.0
68587972,2026-04-07 12:36:47,2026-04-08 07:53:00,Closed,Pothole,STATEN ISLAND,nan,40.540587527713186,-74.2215341962543,18.190491838148148,23788.714285714286,2762.0,2,0,31.700000762939453,1,Medium,14,0.0,1.0,0.0,0.0,2026-04-25 17:11:05,4,4,1,1,2026-04-08 07:53:00,0.0
68587984,2026-04-07 12:36:40,2026-04-13 13:40:00,Closed,Pothole,QUEENS,nan,40.71645668932115,-73.85777324586378,18.19057285666667,4959.1547619047615,4660.0,1,0,21.100000381469727,0,Low,30,0.984,0.016,0.0,0.0,2026-04-25 17:11:05,2,4,1,1,2026-04-13 13:40:00,6.0
68586117,2026-04-07 12:32:24,2026-04-07 12:32:24,Closed,Pothole,MANHATTAN,nan,40.72652715467351,-73.99584371348764,18.19353581962963,16591.571428571428,6876.0,27,1,44.400001525878906,1,Medium,14,0.0,1.0,0.0,0.0,2026-04-25 17:11:05,0,4,1,1,2026-04-07 12:32:24,0.0
68588903,2026-04-07 12:28:59,2026-04-07 12:28:59,Closed,Pothole,MANHATTAN,nan,40.81880243145048,-73.95602028494744,18.195908504814817,16591.571428571428,6876.0,13,1,44.5,1,Medium,14,0.0,1.0,0.0,0.0,2026-04-25 17:11:05,0,4,1,1,2026-04-07 12:28:59,0.0
68595854,2026-04-07 12:28:03,2026-04-07 12:28:03,Closed,Pothole,MANHATTAN,nan,40.82642774203356,-73.95045075558801,18.196556652962965,16591.571428571428,6876.0,27,0,44.599998474121094,1,Medium,14,0.0,1.0,0.0,0.0,2026-04-25 17:11:05,0,4,1,1,2026-04-07 12:28:03,0.0
68593620,2026-04-07 12:27:33,2026-04-15 15:23:00,Closed,Pothole,QUEENS,nan,40.758594420596594,-73.8745113602322,18.196903875185185,4959.1547619047615,4660.0,12,1,32.79999923706055,1,Medium,14,0.002,0.998,0.0,0.0,2026-04-25 17:11:05,2,4,1,1,2026-04-15 15:23:00,8.0
68593629,2026-04-07 12:27:00,,Open,Pothole,MANHATTAN,nan,40.82642774203356,-73.95045075558801,18.19728581962963,16591.571428571428,6876.0,27,0,66.0,2,High,8,0.34,0.33,0.198,0.132,2026-04-25 17:11:05,0,4,1,1,,
68595018,2026-04-07 12:14:40,2026-04-18 11:20:00,Closed,Pothole,MANHATTAN,nan,40.70554600548607,-74.00794928153533,18.205850634444445,16591.571428571428,6876.0,24,0,43.20000076293945,1,Medium,14,0.0,1.0,0.0,0.0,2026-04-25 17:11:05,0,4,1,1,2026-04-18 11:20:00,10.0
68593083,2026-04-07 12:13:34,2026-04-07 12:13:34,Closed,Pothole,MANHATTAN,nan,40.87249773707309,-73.91717267927005,18.206614523333336,16591.571428571428,6876.0,1,0,30.5,1,Medium,14,0.004,0.996,0.0,0.0,2026-04-25 17:11:05,0,4,1,1,2026-04-07 12:13:34,0.0
68594997,2026-04-07 12:07:12,2026-04-18 13:15:00,Closed,Pothole,QUEENS,nan,40.701765672958274,-73.80792594429812,18.211035819629632,4959.1547619047615,4660.0,42,1,34.099998474121094,1,Medium,14,0.0,1.0,0.0,0.0,2026-04-25 17:11:05,2,4,1,1,2026-04-18 13:15:00,11.0
68594998,2026-04-07 12:02:00,2026-04-14 15:23:00,Closed,Pothole,QUEENS,nan,40.70110050379194,-73.84156225492146,18.21464693074074,4959.1547619047615,4660.0,9,1,32.099998474121094,1,Medium,14,0.001,0.999,0.0,0.0,2026-04-25 17:11:05,2,4,1,1,2026-04-14 15:23:00,7.0
68595855,2026-04-07 11:45:44,2026-04-07 11:45:44,Closed,Pothole,MANHATTAN,nan,40.76468444245788,-73.99178735329583,18.22594322703704,16591.571428571428,6876.0,16,1,40.79999923706055,1,Medium,14,0.0,1.0,0.0,0.0,2026-04-25 17:11:05,0,4,1,1,2026-04-07 11:45:44,0.0
68595856,2026-04-07 11:44:55,2026-04-07 11:44:55,Closed,Pothole,MANHATTAN,nan,40.80297085227577,-73.96386162910126,18.22651035666667,16591.571428571428,6876.0,16,0,43.099998474121094,1,Medium,14,0.0,1.0,0.0,0.0,2026-04-25 17:11:05,0,4,1,1,2026-04-07 11:44:55,0.0
68588013,2026-04-07 11:41:42,2026-04-11 09:20:00,Closed,Pothole,BROOKLYN,nan,40.64180696920142,-73.99428875877793,18.228744152962964,5664.555555555556,6673.0,9,1,32.599998474121094,1,Medium,14,0.003,0.997,0.0,0.0,2026-04-25 17:11:05,1,4,1,1,2026-04-11 09:20:00,3.0
68594999,2026-04-07 11:38:07,2026-04-15 20:45:00,Closed,Pothole,QUEENS,nan,40.68475276870048,-73.8607650341662,18.23123257888889,4959.1547619047615,4660.0,9,1,31.5,1,Medium,14,0.001,0.999,0.0,0.0,2026-04-25 17:11:05,2,4,1,1,2026-04-15 20:45:00,8.0
68596385,2026-04-07 11:29:57,2026-04-18 07:35:00,Closed,Pothole,QUEENS,nan,40.59187655121632,-73.79135151065421,18.236903875185188,4959.1547619047615,4660.0,5,1,27.100000381469727,1,Medium,14,0.022,0.978,0.0,0.0,2026-04-25 17:11:05,2,4,1,1,2026-04-18 07:35:00,10.0
68596386,2026-04-07 11:29:05,2026-04-20 13:15:00,Closed,Pothole,QUEENS,nan,40.72853956735268,-73.72939982837951,18.23750572703704,4959.1547619047615,4660.0,0,0,18.700000762939453,0,Low,30,0.999,0.001,0.0,0.0,2026-04-25 17:11:05,2,4,1,0,2026-04-20 13:15:00,13.0
68588904,2026-04-07 11:26:50,2026-04-07 11:26:50,Closed,Pothole,MANHATTAN,nan,40.816122838598154,-73.96161458531367,18.239068227037038,16591.571428571428,6876.0,4,0,36.29999923706055,1,Medium,14,0.0,1.0,0.0,0.0,2026-04-25 17:11:05,0,4,1,1,2026-04-07 11:26:50,0.0
68610490,2026-04-07 11:26:37,2026-04-08 08:56:00,Closed,Pothole,BROOKLYN,nan,40.708369632506496,-73.92306110314539,18.23921869,5664.555555555556,6673.0,13,0,33.599998474121094,1,Medium,14,0.0,1.0,0.0,0.0,2026-04-25 17:11:05,1,4,1,1,2026-04-08 08:56:00,0.0
68613116,2026-04-07 11:26:11,2026-04-08 08:33:00,Closed,Pothole,BROOKLYN,nan,40.70739323184536,-73.92416953408677,18.23951961592593,5664.555555555556,6673.0,15,0,32.79999923706055,1,Medium,14,0.0,1.0,0.0,0.0,2026-04-25 17:11:05,1,4,1,1,2026-04-08 08:33:00,0.0
68592189,2026-04-07 11:22:17,,Open,Pothole,BRONX,nan,40.862444262870824,-73.89714218131373,18.24222794925926,6677.6,6655.5,31,1,54.1,2,High,15,0.459,0.27,0.162,0.108,2026-04-25 17:11:05,3,4,1,1,,
68590264,2026-04-07 11:17:19,2026-04-07 11:17:19,Closed,Pothole,QUEENS,nan,40.70775744565842,-73.73112532642455,18.245677023333336,4959.1547619047615,4660.0,3,0,26.399999618530273,1,Medium,14,0.103,0.897,0.0,0.0,2026-04-25 17:11:05,2,4,1,1,2026-04-07 11:17:19,0.0
68595836,2026-04-07 11:16:24,2026-04-07 11:16:24,Closed,Pothole,STATEN ISLAND,nan,40.63528628480507,-74.0783030243075,18.246313597407408,23788.714285714286,2762.0,2,1,30.600000381469727,1,Medium,14,0.002,0.998,0.0,0.0,2026-04-25 17:11:05,4,4,1,1,2026-04-07 11:16:24,0.0
68596374,2026-04-07 11:14:15,2026-04-11 21:59:00,Closed,Pothole,STATEN ISLAND,nan,40.57917037754895,-74.10105358704087,18.247806652962964,23788.714285714286,2762.0,18,0,43.20000076293945,1,Medium,14,0.0,1.0,0.0,0.0,2026-04-25 17:11:05,4,4,1,1,2026-04-11 21:59:00,4.0
68594433,2026-04-07 11:10:47,2026-04-07 11:10:47,Closed,Pothole,QUEENS,nan,40.68152506310864,-73.82472439718683,18.25021406037037,4959.1547619047615,4660.0,3,1,25.100000381469727,0,Low,30,0.667,0.333,0.0,0.0,2026-04-25 17:11:05,2,4,1,1,2026-04-07 11:10:47,0.0
68593604,2026-04-07 11:08:56,,Open,Pothole,BRONX,nan,40.8155892372239,-73.82257217887148,18.251498782592595,6677.6,6655.5,2,0,19.4,0,Low,15,0.806,0.097,0.058,0.039,2026-04-25 17:11:05,3,4,1,1,,
68588893,2026-04-07 11:08:24,2026-04-07 11:08:24,Closed,Pothole,QUEENS,nan,40.68129301808039,-73.82555426000988,18.251869152962964,4959.1547619047615,4660.0,5,1,27.799999237060547,1,Medium,14,0.054,0.946,0.0,0.0,2026-04-25 17:11:05,2,4,1,1,2026-04-07 11:08:24,0.0
68587986,2026-04-07 11:07:23,2026-04-15 15:44:00,Closed,Pothole,QUEENS,nan,40.6795460362876,-73.82469715045208,18.25257517148148,4959.1547619047615,4660.0,3,1,25.0,0,Low,30,0.705,0.295,0.0,0.0,2026-04-25 17:11:05,2,4,1,1,2026-04-15 15:44:00,8.0
68591682,2026-04-07 11:03:08,2026-04-07 11:03:08,Closed,Pothole,QUEENS,nan,40.728370959098946,-73.87113346680071,18.25552656037037,4959.1547619047615,4660.0,10,0,32.599998474121094,1,Medium,14,0.001,0.999,0.0,0.0,2026-04-25 17:11:05,2,4,1,1,2026-04-07 11:03:08,0.0
68588014,2026-04-07 10:54:44,2026-04-11 18:49:00,Closed,Pothole,BROOKLYN,nan,40.58997037716614,-73.93606214302312,18.261359893703705,5664.555555555556,6673.0,1,1,21.899999618530273,0,Low,30,0.988,0.012,0.0,0.0,2026-04-25 17:11:05,1,4,1,1,2026-04-11 18:49:00,4.0
68590265,2026-04-07 10:52:40,2026-04-07 10:52:40,Closed,Pothole,QUEENS,nan,40.72792341486303,-73.87100083747289,18.26279507888889,4959.1547619047615,4660.0,7,0,26.399999618530273,1,Medium,14,0.476,0.524,0.0,0.0,2026-04-25 17:11:05,2,4,1,1,2026-04-07 10:52:40,0.0
68593610,2026-04-07 10:51:46,,Open,Pothole,STATEN ISLAND,nan,40.534095480441856,-74.18629665794039,18.263420078888892,23788.714285714286,2762.0,0,0,34.6,1,Medium,15,0.654,0.173,0.104,0.069,2026-04-25 17:11:05,4,4,1,0,,
68594434,2026-04-07 10:51:14,2026-04-07 10:51:14,Closed,Pothole,QUEENS,nan,40.69165179668416,-73.77919714574149,18.26379044925926,4959.1547619047615,4660.0,11,1,34.599998474121094,1,Medium,14,0.0,1.0,0.0,0.0,2026-04-25 17:11:05,2,4,1,1,2026-04-07 10:51:14,0.0
68595005,2026-04-07 10:50:23,2026-04-18 12:10:00,Closed,Pothole,QUEENS,nan,40.695995345656485,-73.78277097622183,18.26438072703704,4959.1547619047615,4660.0,10,1,34.20000076293945,1,Medium,14,0.0,0.999,0.0,0.0,2026-04-25 17:11:05,2,4,1,1,2026-04-18 12:10:00,11.0
68588895,2026-04-07 10:49:23,2026-04-07 10:49:23,Closed,Pothole,QUEENS,nan,40.69446951905633,-73.78146330384405,18.26507517148148,4959.1547619047615,4660.0,6,1,28.700000762939453,1,Medium,14,0.046,0.953,0.0,0.0,2026-04-25 17:11:05,2,4,1,1,2026-04-07 10:49:23,0.0
68595006,2026-04-07 10:45:47,2026-04-18 11:10:00,Closed,Pothole,QUEENS,nan,40.70892653589265,-73.77731841618792,18.267575171481482,4959.1547619047615,4660.0,17,0,33.599998474121094,1,Medium,14,0.0,1.0,0.0,0.0,2026-04-25 17:11:05,2,4,1,1,2026-04-18 11:10:00,11.0
68590826,2026-04-07 10:44:12,2026-04-09 12:45:00,Closed,Pothole,QUEENS,GRAND CENTRAL PARKWAY,40.722230159712126,-73.77717655780093,18.26867470851852,4959.1547619047615,4660.0,23,0,33.5,1,Medium,14,0.0,1.0,0.0,0.0,2026-04-25 17:11:05,2,4,1,1,2026-04-09 12:45:00,2.0
68588896,2026-04-07 10:42:29,2026-04-07 10:42:29,Closed,Pothole,QUEENS,nan,40.652564629491025,-73.74654903024499,18.26986683814815,4959.1547619047615,4660.0,0,1,23.5,0,Low,30,0.999,0.001,0.0,0.0,2026-04-25 17:11:05,2,4,1,0,2026-04-07 10:42:29,0.0
68587987,2026-04-07 10:41:51,2026-04-15 20:05:00,Closed,Pothole,QUEENS,nan,40.74456139997361,-73.93075310611233,18.270306652962965,4959.1547619047615,4660.0,13,0,32.900001525878906,1,Medium,14,0.0,1.0,0.0,0.0,2026-04-25 17:11:05,2,4,1,1,2026-04-15 20:05:00,8.0
68587988,2026-04-07 10:41:32,2026-04-15 18:24:00,Closed,Pothole,QUEENS,nan,40.74434617935914,-73.92889837899675,18.27052656037037,4959.1547619047615,4660.0,16,0,31.5,1,Medium,14,0.0,1.0,0.0,0.0,2026-04-25 17:11:05,2,4,1,1,2026-04-15 18:24:00,8.0
68590827,2026-04-07 10:41:03,,Pending,Pothole,QUEENS,nan,40.74391839091282,-73.92518534880874,18.27086220851852,4959.1547619047615,4660.0,12,0,32.400001525878906,1,Medium,14,0.001,0.999,0.0,0.0,2026-04-25 17:11:05,2,4,1,1,,
68589428,2026-04-07 10:40:09,2026-04-15 16:55:00,Closed,Pothole,QUEENS,nan,40.743700340673925,-73.92333787837586,18.27148720851852,4959.1547619047615,4660.0,15,0,32.20000076293945,1,Medium,14,0.0,1.0,0.0,0.0,2026-04-25 17:11:05,2,4,1,1,2026-04-15 16:55:00,8.0
68586110,2026-04-07 10:37:58,2026-04-07 10:37:58,Closed,Pothole,QUEENS,nan,40.74814528813921,-73.7134546909416,18.273003412222224,4959.1547619047615,4660.0,4,0,22.600000381469727,0,Low,30,0.944,0.055,0.0,0.0,2026-04-25 17:11:05,2,4,1,1,2026-04-07 10:37:58,0.0
68592207,2026-04-07 10:36:18,2026-04-18 11:57:00,Closed,Pothole,QUEENS,nan,40.67588507617097,-73.75576172429635,18.274160819629632,4959.1547619047615,4660.0,5,0,27.100000381469727,1,Medium,14,0.102,0.898,0.0,0.0,2026-04-25 17:11:05,2,4,1,1,2026-04-18 11:57:00,11.0
68588002,2026-04-07 10:34:30,2026-04-17 11:00:00,Closed,Pothole,MANHATTAN,nan,40.7775544572193,-73.94888038183456,18.27541081962963,16591.571428571428,6876.0,5,0,39.099998474121094,1,Medium,14,0.002,0.998,0.0,0.0,2026-04-25 17:11:05,0,4,1,1,2026-04-17 11:00:00,10.0
68595830,2026-04-07 10:29:58,2026-04-07 10:29:58,Closed,Pothole,BRONX,nan,40.86275511138113,-73.90107874094647,18.27855896777778,6677.6,6655.5,36,1,35.5,1,Medium,14,0.0,1.0,0.0,0.0,2026-04-25 17:11:05,3,4,1,1,2026-04-07 10:29:58,0.0
68593084,2026-04-07 10:25:46,2026-04-07 10:25:46,Closed,Pothole,MANHATTAN,nan,40.76671457146749,-73.98287746335355,18.281475634444444,16591.571428571428,6876.0,36,0,45.29999923706055,1,Medium,14,0.0,1.0,0.0,0.0,2026-04-25 17:11:05,0,4,1,1,2026-04-07 10:25:46,0.0
68595025,2026-04-07 10:25:43,,Open,Pothole,BROOKLYN,nan,40.63483725510674,-73.90496908837893,18.28151035666667,5664.555555555556,6673.0,7,1,31.6,1,Medium,15,0.684,0.158,0.095,0.063,2026-04-25 17:11:05,1,4,1,1,,
68593630,2026-04-07 10:18:04,2026-04-18 10:35:00,Closed,Pothole,MANHATTAN,nan,40.71123050257566,-74.00647827911699,18.286822856666667,16591.571428571428,6876.0,25,0,42.70000076293945,1,Medium,14,0.0,1.0,0.0,0.0,2026-04-25 17:11:05,0,4,1,1,2026-04-18 10:35:00,11.0
68586118,2026-04-07 10:17:51,2026-04-07 10:17:51,Closed,Pothole,MANHATTAN,nan,40.78905142646646,-73.970300867221,18.28697331962963,16591.571428571428,6876.0,6,0,39.900001525878906,1,Medium,14,0.0,1.0,0.0,0.0,2026-04-25 17:11:05,0,4,1,1,2026-04-07 10:17:51,0.0
68589444,2026-04-07 10:17:20,2026-04-13 09:30:00,Closed,Pothole,BROOKLYN,nan,40.710533123593514,-73.92826714743853,18.287332115925928,5664.555555555556,6673.0,5,1,26.899999618530273,1,Medium,14,0.029,0.971,0.0,0.0,2026-04-25 17:11:05,1,4,1,1,2026-04-13 09:30:00,5.0
68587989,2026-04-07 10:08:37,,Pending,Pothole,QUEENS,nan,40.7402661546192,-73.8706160766944,18.29338535666667,4959.1547619047615,4660.0,8,0,28.899999618530273,1,Medium,14,0.003,0.997,0.0,0.0,2026-04-25 17:11:05,2,4,1,1,,
68586119,2026-04-07 10:01:38,2026-04-07 10:01:38,Closed,Pothole,MANHATTAN,nan,40.84783950740333,-73.9395227268926,18.298234893703704,16591.571428571428,6876.0,23,1,44.0,1,Medium,14,0.0,1.0,0.0,0.0,2026-04-25 17:11:05,0,4,1,1,2026-04-07 10:01:38,0.0
68594435,2026-04-07 09:58:30,2026-04-07 09:58:30,Closed,Pothole,QUEENS,nan,40.73177902884212,-73.77010866842208,18.30041081962963,4959.1547619047615,4660.0,5,1,27.299999237060547,1,Medium,14,0.167,0.833,0.0,0.0,2026-04-25 17:11:05,2,4,1,1,2026-04-07 09:58:30,0.0
68593072,2026-04-07 09:55:54,2026-04-07 09:55:54,Closed,Pothole,STATEN ISLAND,nan,40.53711701703829,-74.16700358331366,18.302216375185186,23788.714285714286,2762.0,0,0,32.20000076293945,1,Medium,14,0.002,0.998,0.0,0.0,2026-04-25 17:11:05,4,4,1,0,2026-04-07 09:55:54,0.0
68595008,2026-04-07 09:53:28,2026-04-18 13:25:00,Closed,Pothole,QUEENS,nan,40.721781210809155,-73.76001649980137,18.303906190000003,4959.1547619047615,4660.0,14,0,34.099998474121094,1,Medium,14,0.0,1.0,0.0,0.0,2026-04-25 17:11:05,2,4,1,1,2026-04-18 13:25:00,11.0
68589429,2026-04-07 09:50:18,2026-04-15 21:45:00,Closed,Pothole,QUEENS,nan,40.68050689681497,-73.81431826764042,18.306105264074077,4959.1547619047615,4660.0,3,0,24.299999237060547,0,Low,30,0.836,0.164,0.0,0.0,2026-04-25 17:11:05,2,4,1,1,2026-04-15 21:45:00,8.0
68590248,2026-04-07 09:48:14,2026-04-07 09:48:14,Closed,Pothole,BRONX,nan,40.89856485840039,-73.85865322294433,18.30754044925926,6677.6,6655.5,9,1,31.299999237060547,1,Medium,14,0.0,1.0,0.0,0.0,2026-04-25 17:11:05,3,4,1,1,2026-04-07 09:48:14,0.0
68596387,2026-04-07 09:46:49,2026-04-15 14:56:00,Closed,Pothole,QUEENS,nan,40.68300410621669,-73.7605382383076,18.308524245555557,4959.1547619047615,4660.0,3,1,25.100000381469727,0,Low,30,0.841,0.159,0.0,0.0,2026-04-25 17:11:05,2,4,1,1,2026-04-15 14:56:00,8.0
68590270,2026-04-07 09:46:42,2026-04-07 09:46:42,Closed,Pothole,MANHATTAN,nan,40.77879404063979,-73.98205472388632,18.308605264074075,16591.571428571428,6876.0,24,0,43.599998474121094,1,Medium,14,0.0,1.0,0.0,0.0,2026-04-25 17:11:05,0,4,1,1,2026-04-07 09:46:42,0.0
68593085,2026-04-07 09:44:55,2026-04-07 09:44:55,Closed,Pothole,MANHATTAN,nan,40.703588515708866,-74.01311376543592,18.30984369,16591.571428571428,6876.0,15,1,42.5,1,Medium,14,0.0,1.0,0.0,0.0,2026-04-25 17:11:05,0,4,1,1,2026-04-07 09:44:55,0.0
68595837,2026-04-07 09:28:44,2026-04-07 09:28:44,Closed,Pothole,STATEN ISLAND,nan,40.53711701703829,-74.16700358331366,18.32108211592593,23788.714285714286,2762.0,0,0,32.099998474121094,1,Medium,14,0.003,0.997,0.0,0.0,2026-04-25 17:11:05,4,4,1,0,2026-04-07 09:28:44,0.0
68590829,2026-04-07 09:21:08,2026-04-18 14:05:00,Closed,Pothole,QUEENS,nan,40.75062163970736,-73.79471976879985,18.326359893703707,4959.1547619047615,4660.0,2,0,23.399999618530273,0,Low,30,0.949,0.051,0.0,0.0,2026-04-25 17:11:05,2,4,1,1,2026-04-18 14:05:00,11.0
68586624,2026-04-07 09:13:49,2026-04-11 13:03:00,Closed,Pothole,QUEENS,nan,40.735383778821856,-73.75977987258848,18.331440912222224,4959.1547619047615,4660.0,0,0,22.0,0,Low,30,0.997,0.003,0.0,0.0,2026-04-25 17:11:05,2,4,1,0,2026-04-11 13:03:00,4.0
68586120,2026-04-07 09:12:13,2026-04-07 09:12:13,Closed,Pothole,MANHATTAN,nan,40.816122838598154,-73.96161458531367,18.332552023333335,16591.571428571428,6876.0,4,0,35.70000076293945,1,Medium,14,0.001,0.999,0.0,0.0,2026-04-25 17:11:05,0,4,1,1,2026-04-07 09:12:13,0.0
68617073,2026-04-07 09:02:44,2026-04-08 10:09:00,Closed,Pothole,QUEENS,nan,40.71506812128565,-73.91325963583594,18.33913767148148,4959.1547619047615,4660.0,10,0,35.29999923706055,1,Medium,14,0.0,1.0,0.0,0.0,2026-04-25 17:11:05,2,4,1,1,2026-04-08 10:09:00,1.0
68614413,2026-04-07 09:02:10,2026-04-08 09:22:00,Closed,Pothole,QUEENS,FLUSHING AVENUE,40.71291384502471,-73.9174864147622,18.339531190000002,4959.1547619047615,19939.0,8,0,32.79999923706055,1,Medium,14,0.0,1.0,0.0,0.0,2026-04-25 17:11:05,2,4,1,1,2026-04-08 09:22:00,1.0
68587992,2026-04-07 08:58:46,2026-04-11 09:55:00,Closed,Pothole,QUEENS,nan,40.608255736220094,-73.74924190622328,18.341892301111113,4959.1547619047615,4660.0,8,0,30.899999618530273,1,Medium,14,0.018,0.982,0.0,0.0,2026-04-25 17:11:05,2,4,1,1,2026-04-11 09:55:00,4.0
68588907,2026-04-07 08:53:06,2026-04-07 08:53:06,Closed,Pothole,MANHATTAN,nan,40.72931039303492,-73.99788568956492,18.345827486296297,16591.571428571428,6876.0,12,1,42.400001525878906,1,Medium,14,0.0,1.0,0.0,0.0,2026-04-25 17:11:05,0,4,1,1,2026-04-07 08:53:06,0.0
68592213,2026-04-07 08:45:14,2026-04-18 10:11:00,Closed,Pothole,MANHATTAN,nan,40.73641382010195,-74.00194854838347,18.35129044925926,16591.571428571428,6876.0,15,0,41.599998474121094,1,Medium,14,0.0,1.0,0.0,0.0,2026-04-25 17:11:05,0,4,1,1,2026-04-18 10:11:00,11.0
68595857,2026-04-07 08:44:36,2026-04-07 08:44:36,Closed,Pothole,MANHATTAN,nan,40.87231606246278,-73.91273631947904,18.351730264074074,16591.571428571428,6876.0,5,1,38.79999923706055,1,Medium,14,0.0,1.0,0.0,0.0,2026-04-25 17:11:05,0,4,1,1,2026-04-07 08:44:36,0.0
68591684,2026-04-07 08:43:04,2026-04-07 08:43:04,Closed,Pothole,QUEENS,nan,40.69166771985553,-73.76238585725424,18.35279507888889,4959.1547619047615,4660.0,12,0,31.799999237060547,1,Medium,14,0.001,0.999,0.0,0.0,2026-04-25 17:11:05,2,4,1,1,2026-04-07 08:43:04,0.0
68596390,2026-04-07 08:39:31,2026-04-18 09:35:00,Closed,Pothole,QUEENS,nan,40.60229488101998,-73.7586201816873,18.35526035666667,4959.1547619047615,4660.0,15,0,30.0,1,Medium,14,0.0,1.0,0.0,0.0,2026-04-25 17:11:05,2,4,1,1,2026-04-18 09:35:00,11.0
68593638,2026-04-07 08:37:47,,Open,Pothole,BROOKLYN,nan,40.63751373151894,-73.96278023478102,18.35646406037037,5664.555555555556,6673.0,10,1,39.6,1,Medium,15,0.604,0.198,0.119,0.079,2026-04-25 17:11:05,1,4,1,1,,
68589445,2026-04-07 08:35:59,,Open,Pothole,BROOKLYN,nan,40.6543098677696,-73.90974185728986,18.357714060370373,5664.555555555556,6673.0,21,0,52.9,2,High,15,0.471,0.265,0.159,0.106,2026-04-25 17:11:05,1,4,1,1,,
68591685,2026-04-07 08:28:47,2026-04-07 08:28:47,Closed,Pothole,QUEENS,nan,40.761217008162774,-73.8863970016137,18.362714060370372,4959.1547619047615,4660.0,7,0,28.5,1,Medium,14,0.025,0.975,0.0,0.0,2026-04-25 17:11:05,2,4,1,1,2026-04-07 08:28:47,0.0
68587466,2026-04-07 08:27:17,2026-04-07 08:27:17,Closed,Pothole,MANHATTAN,nan,40.77102399632221,-73.95364737877979,18.363755727037038,16591.571428571428,6876.0,14,0,43.29999923706055,1,Medium,14,0.0,1.0,0.0,0.0,2026-04-25 17:11:05,0,4,1,1,2026-04-07 08:27:17,0.0
68587993,2026-04-07 08:25:34,2026-04-15 05:55:00,Closed,Pothole,QUEENS,nan,40.74961392028121,-73.9510528688439,18.364947856666667,4959.1547619047615,4660.0,11,1,32.900001525878906,1,Medium,14,0.001,0.999,0.0,0.0,2026-04-25 17:11:05,2,4,1,1,2026-04-15 05:55:00,7.0
68596391,2026-04-07 08:22:46,2026-04-18 09:25:00,Closed,Pothole,QUEENS,nan,40.78166663756555,-73.82770697459341,18.36689230111111,4959.1547619047615,4660.0,15,0,33.900001525878906,1,Medium,14,0.0,1.0,0.0,0.0,2026-04-25 17:11:05,2,4,1,1,2026-04-18 09:25:00,11.0
68594980,2026-04-07 08:17:21,,Open,Pothole,BRONX,nan,40.86790982269396,-73.86828877723781,18.370653875185187,6677.6,6655.5,6,0,30.1,1,Medium,15,0.699,0.151,0.09,0.06,2026-04-25 17:11:05,3,4,1,1,,
68591687,2026-04-07 07:56:55,2026-04-07 07:56:55,Closed,Pothole,QUEENS,nan,40.72792341486303,-73.87100083747289,18.38484369,4959.1547619047615,4660.0,7,0,26.799999237060547,1,Medium,14,0.138,0.861,0.0,0.0,2026-04-25 17:11:05,2,4,1,1,2026-04-07 07:56:55,0.0
68593078,2026-04-07 07:54:38,2026-04-07 07:54:38,Closed,Pothole,QUEENS,nan,40.56090606971587,-73.91548600085787,18.38642933814815,4959.1547619047615,4660.0,2,0,23.0,0,Low,30,0.829,0.171,0.0,0.0,2026-04-25 17:11:05,2,4,1,1,2026-04-07 07:54:38,0.0
68586112,2026-04-07 07:53:16,2026-04-07 07:53:16,Closed,Pothole,QUEENS,nan,40.69595062654502,-73.8623680620651,18.387378412222223,4959.1547619047615,4660.0,3,0,23.899999618530273,0,Low,30,0.604,0.396,0.0,0.0,2026-04-25 17:11:05,2,4,1,1,2026-04-07 07:53:16,0.0
68588018,2026-04-07 07:43:36,,Open,Pothole,BROOKLYN,nan,40.676448835455936,-73.86453897126174,18.394091375185187,5664.555555555556,6673.0,13,0,47.6,1,Medium,15,0.524,0.238,0.143,0.095,2026-04-25 17:11:05,1,4,1,1,,
68595011,2026-04-07 07:40:10,2026-04-18 12:10:00,Closed,Pothole,QUEENS,nan,40.76154722593726,-73.83111973471254,18.396475634444446,4959.1547619047615,4660.0,26,1,31.399999618530273,1,Medium,14,0.0,1.0,0.0,0.0,2026-04-25 17:11:05,2,4,1,1,2026-04-18 12:10:00,11.0
68588019,2026-04-07 07:37:31,2026-04-11 07:50:00,Closed,Pothole,BROOKLYN,nan,40.69845465738383,-73.92175622042791,18.398315912222223,5664.555555555556,6673.0,22,1,34.29999923706055,1,Medium,14,0.0,1.0,0.0,0.0,2026-04-25 17:11:05,1,4,1,1,2026-04-11 07:50:00,4.0
68586635,2026-04-07 07:33:31,,Open,Pothole,MANHATTAN,nan,40.745421755862786,-73.99096689618635,18.40109369,16591.571428571428,6876.0,31,1,66.0,2,High,8,0.34,0.33,0.198,0.132,2026-04-25 17:11:05,0,4,1,1,,
68586644,2026-04-07 07:32:37,,Open,Pothole,BROOKLYN,nan,40.67890536841816,-73.9163928196439,18.401718690000003,5664.555555555556,6673.0,11,1,42.3,1,Medium,15,0.577,0.211,0.127,0.085,2026-04-25 17:11:05,1,4,1,1,,
68588899,2026-04-07 07:30:43,2026-04-07 07:30:43,Closed,Pothole,QUEENS,nan,40.72621434011151,-73.92051499056612,18.403038134444447,4959.1547619047615,4660.0,3,0,21.899999618530273,0,Low,30,0.97,0.03,0.0,0.0,2026-04-25 17:11:05,2,4,1,1,2026-04-07 07:30:43,0.0
68586611,2026-04-07 07:15:30,2026-04-08 02:53:00,Closed,Pothole,BRONX,nan,40.844698077201365,-73.82508599518363,18.413605264074075,6677.6,6655.5,5,1,28.799999237060547,1,Medium,14,0.045,0.954,0.0,0.0,2026-04-25 17:11:05,3,4,1,1,2026-04-08 02:53:00,0.0
68595835,2026-04-07 07:01:27,2026-04-07 07:01:27,Closed,Pothole,BRONX,nan,40.83884600838569,-73.87816189461297,18.42336220851852,6677.6,6655.5,22,0,34.79999923706055,1,Medium,14,0.0,1.0,0.0,0.0,2026-04-25 17:11:05,3,4,1,1,2026-04-07 07:01:27,0.0
68601237,2026-04-07 07:00:00,2026-04-08 10:15:00,Closed,Pothole,STATEN ISLAND,HYLAN BOULEVARD,40.5742994837645,-74.10588777059375,18.424369152962964,23788.714285714286,38438.0,18,0,48.599998474121094,1,Medium,14,0.0,1.0,0.0,0.0,2026-04-25 17:11:05,4,4,1,1,2026-04-08 10:15:00,1.0
68595858,2026-04-07 06:55:04,2026-04-07 06:55:04,Closed,Pothole,MANHATTAN,nan,40.732848329178424,-73.99591548380599,18.42779507888889,16591.571428571428,6876.0,8,0,39.0,1,Medium,14,0.0,1.0,0.0,0.0,2026-04-25 17:11:05,0,4,1,1,2026-04-07 06:55:04,0.0
68586627,2026-04-07 06:48:35,2026-04-15 19:24:00,Closed,Pothole,QUEENS,nan,40.75160349150871,-73.93383169188243,18.432297393703706,4959.1547619047615,4660.0,16,0,33.599998474121094,1,Medium,14,0.0,1.0,0.0,0.0,2026-04-25 17:11:05,2,4,1,1,2026-04-15 19:24:00,8.0
68586114,2026-04-07 06:47:03,2026-04-07 06:47:03,Closed,Pothole,QUEENS,CROCHERON AVENUE,40.763471558343205,-73.79110275397157,18.43336220851852,4959.1547619047615,6464.0,6,1,25.5,1,Medium,14,0.058,0.942,0.0,0.0,2026-04-25 17:11:05,2,4,1,1,2026-04-07 06:47:03,0.0
68587970,2026-04-07 06:32:37,2026-04-22 17:52:00,Closed,Pothole,BRONX,nan,40.81418926045403,-73.92124444102458,18.443385356666667,6677.6,6655.5,10,1,33.5,1,Medium,14,0.0,1.0,0.0,0.0,2026-04-25 17:11:05,3,4,1,1,2026-04-22 17:52:00,15.0
68595859,2026-04-07 06:32:21,2026-04-07 06:32:21,Closed,Pothole,MANHATTAN,nan,40.76123442230889,-73.9638842741059,18.44357054185185,16591.571428571428,6876.0,49,1,43.400001525878906,1,Medium,14,0.0,1.0,0.0,0.0,2026-04-25 17:11:05,0,4,1,1,2026-04-07 06:32:21,0.0
68594440,2026-04-07 05:19:14,2026-04-07 05:19:14,Closed,Pothole,MANHATTAN,nan,40.731835474021494,-74.00510556763821,18.494346004814815,16591.571428571428,6876.0,20,0,43.20000076293945,1,Medium,14,0.0,1.0,0.0,0.0,2026-04-25 17:11:05,0,4,1,1,2026-04-07 05:19:14,0.0
68587996,2026-04-07 04:34:38,2026-04-18 09:40:00,Closed,Pothole,QUEENS,nan,40.77661409718856,-73.92152356998628,18.525318227037037,4959.1547619047615,4660.0,5,1,25.899999618530273,0,Low,30,0.843,0.157,0.0,0.0,2026-04-25 17:11:05,2,4,1,1,2026-04-18 09:40:00,11.0
68589435,2026-04-07 04:32:18,2026-04-13 09:37:00,Closed,Pothole,MANHATTAN,nan,40.84839295261956,-73.93767160055249,18.52693859740741,16591.571428571428,6876.0,39,1,42.20000076293945,1,Medium,14,0.0,1.0,0.0,0.0,2026-04-25 17:11:05,0,4,1,1,2026-04-13 09:37:00,6.0
68595014,2026-04-07 04:23:44,2026-04-18 07:45:00,Closed,Pothole,QUEENS,nan,40.772569218272544,-73.79349317863857,18.532887671481483,4959.1547619047615,4660.0,4,0,26.600000381469727,1,Medium,14,0.118,0.882,0.0,0.0,2026-04-25 17:11:05,2,4,1,1,2026-04-18 07:45:00,11.0
68587997,2026-04-07 03:41:08,2026-04-18 01:49:00,Closed,Pothole,QUEENS,nan,40.79714341431061,-73.82000284392701,18.562471004814817,4959.1547619047615,4660.0,1,1,23.700000762939453,0,Low,30,0.991,0.009,0.0,0.0,2026-04-25 17:11:05,2,4,1,1,2026-04-18 01:49:00,10.0
68582333,2026-04-07 02:53:39,2026-04-18 13:50:00,Closed,Pothole,QUEENS,nan,40.69166771985553,-73.76238585725424,18.595445541851852,4959.1547619047615,4660.0,12,0,31.799999237060547,1,Medium,14,0.001,0.999,0.0,0.0,2026-04-25 17:11:05,2,4,1,1,2026-04-18 13:50:00,11.0
68584681,2026-04-07 01:45:48,2026-04-07 01:45:48,Closed,Pothole,QUEENS,nan,40.761265587233325,-73.87499725675143,18.64256359740741,4959.1547619047615,4660.0,13,0,33.099998474121094,1,Medium,14,0.0,1.0,0.0,0.0,2026-04-25 17:11:05,2,4,1,1,2026-04-07 01:45:48,0.0
68584659,2026-04-06 23:50:30,2026-04-06 23:50:30,Closed,Pothole,BROOKLYN,nan,40.65337959957984,-73.9065716541137,18.722633041851854,5664.555555555556,6673.0,14,0,32.400001525878906,1,Medium,14,0.0,1.0,0.0,0.0,2026-04-25 17:11:05,1,4,0,1,2026-04-06 23:50:30,0.0
68580860,2026-04-06 23:50:30,2026-04-18 19:15:00,Closed,Pothole,BROOKLYN,nan,40.65337959957984,-73.9065716541137,18.722633041851854,5664.555555555556,6673.0,14,0,32.400001525878906,1,Medium,14,0.0,1.0,0.0,0.0,2026-04-25 17:11:05,1,4,0,1,2026-04-18 19:15:00,11.0
68580887,2026-04-06 23:06:19,,Pending,Pothole,QUEENS,nan,40.73843985119222,-73.89987041406256,18.753315912222224,4959.1547619047615,4660.0,12,1,31.799999237060547,1,Medium,14,0.001,0.999,0.0,0.0,2026-04-25 17:11:05,2,4,0,1,,
68580888,2026-04-06 22:54:40,,Pending,Pothole,QUEENS,nan,40.74855066375679,-73.8958130445512,18.761406190000002,4959.1547619047615,4660.0,45,0,31.899999618530273,1,Medium,14,0.0,1.0,0.0,0.0,2026-04-25 17:11:05,2,4,0,1,,
68581761,2026-04-06 22:45:45,2026-04-06 22:45:45,Closed,Pothole,QUEENS,nan,40.74603472114661,-73.93440021822178,18.76759831962963,4959.1547619047615,4660.0,20,0,33.79999923706055,1,Medium,14,0.0,1.0,0.0,0.0,2026-04-25 17:11:05,2,4,0,1,2026-04-06 22:45:45,0.0
68579403,2026-04-06 22:45:14,2026-04-08 07:51:00,Closed,Pothole,STATEN ISLAND,nan,40.60745374924009,-74.07879979359916,18.767957115925928,23788.714285714286,2762.0,9,1,42.70000076293945,1,Medium,14,0.0,1.0,0.0,0.0,2026-04-25 17:11:05,4,4,0,1,2026-04-08 07:51:00,1.0
68591667,2026-04-06 22:27:08,2026-04-07 21:30:00,Closed,Pothole,BRONX,nan,40.820988891994254,-73.89490476978031,18.780526560370372,6677.6,6655.5,26,1,33.900001525878906,1,Medium,14,0.0,1.0,0.0,0.0,2026-04-25 17:11:05,3,4,0,1,2026-04-07 21:30:00,0.0
68580314,2026-04-06 22:24:42,2026-04-06 22:24:42,Closed,Pothole,QUEENS,nan,40.7402725268642,-73.89585124979992,18.782216375185186,4959.1547619047615,4660.0,23,0,32.0,1,Medium,14,0.0,1.0,0.0,0.0,2026-04-25 17:11:05,2,4,0,1,2026-04-06 22:24:42,0.0
68579381,2026-04-06 22:10:45,2026-04-11 12:28:00,Closed,Pothole,BROOKLYN,nan,40.69183001552034,-73.92784012366862,18.791903875185188,5664.555555555556,6673.0,12,1,33.400001525878906,1,Medium,14,0.001,0.999,0.0,0.0,2026-04-25 17:11:05,1,4,0,1,2026-04-11 12:28:00,4.0
68583757,2026-04-06 22:02:29,2026-04-08 03:00:00,Closed,Pothole,BRONX,nan,40.84317496421008,-73.91194689088798,18.79764461592593,6677.6,6655.5,12,1,35.0,1,Medium,14,0.0,1.0,0.0,0.0,2026-04-25 17:11:05,3,4,0,1,2026-04-08 03:00:00,1.0
68579382,2026-04-06 21:55:40,,Open,Pothole,BROOKLYN,PARKSIDE AVENUE,40.654882431881674,-73.9618803533782,18.80237841222222,5664.555555555556,16554.0,27,1,53.1,2,High,15,0.469,0.265,0.159,0.106,2026-04-25 17:11:05,1,4,0,1,,
68585196,2026-04-06 21:53:24,2026-04-16 21:45:00,Closed,Pothole,QUEENS,nan,40.75117133098466,-73.91519409018495,18.803952486296296,4959.1547619047615,4660.0,7,1,28.200000762939453,1,Medium,14,0.077,0.923,0.0,0.0,2026-04-25 17:11:05,2,4,0,1,2026-04-16 21:45:00,9.0
68579376,2026-04-06 21:22:33,,Open,Pothole,MANHATTAN,nan,40.75928411341196,-73.95926496390386,18.825376097407407,16591.571428571428,6876.0,23,1,66.2,2,High,8,0.338,0.331,0.199,0.132,2026-04-25 17:11:05,0,4,0,1,,
68576539,2026-04-06 21:21:40,,Open,Pothole,MANHATTAN,nan,40.75866396123414,-73.959720156378,18.825989523333334,16591.571428571428,6876.0,16,0,66.2,2,High,8,0.338,0.331,0.199,0.132,2026-04-25 17:11:05,0,4,0,1,,
68585176,2026-04-06 21:03:34,,Open,Pothole,BRONX,nan,40.861346323973066,-73.8674847396658,18.83855896777778,6677.6,6655.5,15,1,54.3,2,High,15,0.457,0.271,0.163,0.109,2026-04-25 17:11:05,3,4,0,1,,
68578870,2026-04-06 21:00:16,2026-04-06 21:00:16,Closed,Pothole,QUEENS,nan,40.66525738376473,-73.73955115365354,18.840850634444447,4959.1547619047615,4660.0,27,1,32.099998474121094,1,Medium,14,0.0,1.0,0.0,0.0,2026-04-25 17:11:05,2,4,0,1,2026-04-06 21:00:16,0.0
68584665,2026-04-06 20:52:05,2026-04-06 20:52:05,Closed,Pothole,BRONX,nan,40.82698121180921,-73.83079106058138,18.846533504814815,6677.6,6655.5,9,1,35.20000076293945,1,Medium,14,0.0,1.0,0.0,0.0,2026-04-25 17:11:05,3,4,0,1,2026-04-06 20:52:05,0.0
68582310,2026-04-06 20:52:01,2026-04-11 07:55:00,Closed,Pothole,BROOKLYN,nan,40.63899616194136,-74.03645312000006,18.846579801111112,5664.555555555556,6673.0,4,0,26.399999618530273,0,Low,30,0.846,0.154,0.0,0.0,2026-04-25 17:11:05,1,4,0,1,2026-04-11 07:55:00,4.0
68583773,2026-04-06 20:49:30,2026-04-18 07:34:00,Closed,Pothole,QUEENS,QUEENS BOULEVARD,40.73011739434729,-73.86231192688876,18.8483274862963,4959.1547619047615,123690.0,19,0,44.400001525878906,1,Medium,14,0.0,1.0,0.0,0.0,2026-04-25 17:11:05,2,4,0,1,2026-04-18 07:34:00,11.0
68574642,2026-04-06 20:48:26,2026-04-06 20:48:26,Closed,Pothole,BROOKLYN,nan,40.69942773009148,-73.91230985742006,18.849068227037037,5664.555555555556,6673.0,26,1,35.5,1,Medium,14,0.0,1.0,0.0,0.0,2026-04-25 17:11:05,1,4,0,1,2026-04-06 20:48:26,0.0
68578861,2026-04-06 20:45:17,2026-04-06 20:45:17,Closed,Pothole,BRONX,EAST  164 STREET,40.82806566462953,-73.916086155981,18.85125572703704,6677.6,6655.5,11,1,34.900001525878906,1,Medium,14,0.0,1.0,0.0,0.0,2026-04-25 17:11:05,3,4,0,1,2026-04-06 20:45:17,0.0
68580280,2026-04-06 20:43:17,2026-04-06 20:43:17,Closed,Pothole,MANHATTAN,nan,40.76468444245788,-73.99178735329583,18.85264461592593,16591.571428571428,6876.0,16,1,41.900001525878906,1,Medium,14,0.0,1.0,0.0,0.0,2026-04-25 17:11:05,0,4,0,1,2026-04-06 20:43:17,0.0
68583762,2026-04-06 20:41:57,,Open,Pothole,BRONX,nan,40.8296282538684,-73.92117557813627,18.85357054185185,6677.6,6655.5,10,1,41.0,1,Medium,15,0.59,0.205,0.123,0.082,2026-04-25 17:11:05,3,4,0,1,,
68578868,2026-04-06 20:25:35,2026-04-06 20:25:35,Closed,Pothole,STATEN ISLAND,nan,40.540587527713186,-74.2215341962543,18.864936282592595,23788.714285714286,2762.0,2,0,30.700000762939453,1,Medium,14,0.002,0.998,0.0,0.0,2026-04-25 17:11:05,4,4,0,1,2026-04-06 20:25:35,0.0
68576038,2026-04-06 20:25:16,2026-04-06 20:25:16,Closed,Pothole,QUEENS,nan,40.710529775849224,-73.91526383254329,18.86515619,4959.1547619047615,4660.0,3,0,24.100000381469727,0,Low,30,0.791,0.209,0.0,0.0,2026-04-25 17:11:05,2,4,0,1,2026-04-06 20:25:16,0.0
68579384,2026-04-06 20:16:35,2026-04-13 08:50:00,Closed,Pothole,BROOKLYN,nan,40.7232257207388,-73.93923535466129,18.871186282592593,5664.555555555556,6673.0,62,1,32.20000076293945,1,Medium,14,0.0,1.0,0.0,0.0,2026-04-25 17:11:05,1,4,0,1,2026-04-13 08:50:00,6.0
68577478,2026-04-06 20:04:30,2026-04-06 20:04:30,Closed,Pothole,STATEN ISLAND,nan,40.542621836844965,-74.15212536482787,18.8795774862963,23788.714285714286,2762.0,0,1,31.399999618530273,1,Medium,14,0.008,0.992,0.0,0.0,2026-04-25 17:11:05,4,4,0,0,2026-04-06 20:04:30,0.0
68580290,2026-04-06 19:56:10,2026-04-06 19:56:10,Closed,Pothole,BROOKLYN,nan,40.677868575744306,-73.90331424666908,18.885364523333333,5664.555555555556,6673.0,6,1,27.299999237060547,1,Medium,14,0.035,0.965,0.0,0.0,2026-04-25 17:11:05,1,4,0,1,2026-04-06 19:56:10,0.0
68577480,2026-04-06 19:53:32,2026-04-06 19:53:32,Closed,Pothole,QUEENS,nan,40.761217008162774,-73.8863970016137,18.887193227037038,4959.1547619047615,4660.0,7,0,28.600000381469727,1,Medium,14,0.034,0.966,0.0,0.0,2026-04-25 17:11:05,2,4,0,1,2026-04-06 19:53:32,0.0
68579411,2026-04-06 19:49:44,2026-04-18 11:30:00,Closed,Pothole,QUEENS,nan,40.70297038879184,-73.86824317499595,18.889832115925927,4959.1547619047615,4660.0,13,1,33.599998474121094,1,Medium,14,0.0,1.0,0.0,0.0,2026-04-25 17:11:05,2,4,0,1,2026-04-18 11:30:00,11.0
68584660,2026-04-06 19:44:22,2026-04-06 19:44:22,Closed,Pothole,BROOKLYN,nan,40.692849737663245,-73.90354134105293,18.89355896777778,5664.555555555556,6673.0,2,1,22.299999237060547,0,Low,30,0.984,0.016,0.0,0.0,2026-04-25 17:11:05,1,4,0,1,2026-04-06 19:44:22,0.0
68581743,2026-04-06 19:42:10,2026-04-06 19:42:10,Closed,Pothole,MANHATTAN,nan,40.84604758805665,-73.9402400014605,18.895086745555556,16591.571428571428,6876.0,29,1,42.099998474121094,1,Medium,14,0.0,1.0,0.0,0.0,2026-04-25 17:11:05,0,4,0,1,2026-04-06 19:42:10,0.0
68576549,2026-04-06 19:38:05,,Open,Pothole,BROOKLYN,nan,40.693704610750274,-73.90504385367953,18.897922393703706,5664.555555555556,6673.0,5,1,26.4,1,Medium,15,0.736,0.132,0.079,0.053,2026-04-25 17:11:05,1,4,0,1,,
68585184,2026-04-06 19:32:13,,Open,Pothole,BRONX,nan,40.87616647519668,-73.88150702155092,18.901996467777778,6677.6,6655.5,13,1,49.0,1,Medium,15,0.51,0.245,0.147,0.098,2026-04-25 17:11:05,3,4,0,1,,
68576570,2026-04-06 19:26:34,,Pending,Pothole,QUEENS,nan,40.67166236420599,-73.73297236840622,18.90592007888889,4959.1547619047615,4660.0,11,1,32.20000076293945,1,Medium,14,0.001,0.999,0.0,0.0,2026-04-25 17:11:05,2,4,0,1,,
68580296,2026-04-06 19:14:36,2026-04-06 19:14:36,Closed,Pothole,BRONX,nan,40.8652491296537,-73.84530360089977,18.914230264074074,6677.6,6655.5,3,0,26.0,1,Medium,14,0.31,0.69,0.0,0.0,2026-04-25 17:11:05,3,4,0,1,2026-04-06 19:14:36,0.0
68579412,2026-04-06 19:10:32,2026-04-18 09:05:00,Closed,Pothole,QUEENS,nan,40.77861394041561,-73.84068095520466,18.917054338148148,4959.1547619047615,4660.0,6,0,27.200000762939453,1,Medium,14,0.191,0.809,0.0,0.0,2026-04-25 17:11:05,2,4,0,1,2026-04-18 09:05:00,11.0
68579385,2026-04-06 19:10:10,,Open,Pothole,BROOKLYN,nan,40.676448835455936,-73.86453897126174,18.917308967777778,5664.555555555556,6673.0,13,0,47.8,1,Medium,15,0.522,0.239,0.143,0.096,2026-04-25 17:11:05,1,4,0,1,,
68576028,2026-04-06 18:57:19,2026-04-06 18:57:19,Closed,Pothole,BRONX,nan,40.85301827223642,-73.85121686739964,18.92623257888889,6677.6,6655.5,7,0,29.899999618530273,1,Medium,14,0.054,0.945,0.0,0.0,2026-04-25 17:11:05,3,4,0,1,2026-04-06 18:57:19,0.0
68576024,2026-04-06 18:56:53,2026-04-06 18:56:53,Closed,Pothole,BROOKLYN,nan,40.653190255883345,-73.96621323435924,18.926533504814817,5664.555555555556,6673.0,7,1,30.600000381469727,1,Medium,14,0.028,0.971,0.0,0.0,2026-04-25 17:11:05,1,4,0,1,2026-04-06 18:56:53,0.0
68576571,2026-04-06 18:44:29,2026-04-13 13:39:00,Closed,Pothole,QUEENS,nan,40.73635569678721,-73.84876022643942,18.93514461592593,4959.1547619047615,4660.0,4,1,25.100000381469727,1,Medium,14,0.18,0.82,0.0,0.0,2026-04-25 17:11:05,2,4,0,1,2026-04-13 13:39:00,6.0
68575206,2026-04-06 18:41:25,,Open,Pothole,STATEN ISLAND,nan,40.60856402350287,-74.14719748662404,18.937274245555557,23788.714285714286,2762.0,7,1,53.5,2,High,15,0.465,0.268,0.161,0.107,2026-04-25 17:11:05,4,4,0,1,,
68583223,2026-04-06 18:39:51,2026-04-06 18:39:51,Closed,Pothole,STATEN ISLAND,nan,40.60962597583542,-74.14954445343776,18.93836220851852,23788.714285714286,2762.0,26,1,40.599998474121094,1,Medium,14,0.0,1.0,0.0,0.0,2026-04-25 17:11:05,4,4,0,1,2026-04-06 18:39:51,0.0
68576542,2026-04-06 18:39:29,,Open,Pothole,MANHATTAN,nan,40.805063962899816,-73.94116538504032,18.93861683814815,16591.571428571428,6876.0,23,1,66.2,2,High,8,0.338,0.331,0.199,0.132,2026-04-25 17:11:05,0,4,0,1,,
68580863,2026-04-06 18:38:58,2026-04-21 15:12:00,Closed,Pothole,BROOKLYN,nan,40.65626328033051,-73.8957265132021,18.938975634444446,5664.555555555556,6673.0,30,1,32.20000076293945,1,Medium,14,0.0,1.0,0.0,0.0,2026-04-25 17:11:05,1,4,0,1,2026-04-21 15:12:00,14.0
68579378,2026-04-06 18:34:53,,Open,Pothole,MANHATTAN,nan,40.803698127975856,-73.93791211605358,18.941811282592592,16591.571428571428,6876.0,49,1,66.2,2,High,8,0.338,0.331,0.199,0.132,2026-04-25 17:11:05,0,4,0,1,,
68580281,2026-04-06 18:33:17,2026-04-06 18:33:17,Closed,Pothole,MANHATTAN,nan,40.80302479548549,-73.93630900064602,18.942922393703704,16591.571428571428,6876.0,37,1,45.0,1,Medium,14,0.0,1.0,0.0,0.0,2026-04-25 17:11:05,0,4,0,1,2026-04-06 18:33:17,0.0
68578033,2026-04-06 18:27:27,2026-04-15 23:15:00,Closed,Pothole,QUEENS,ROOSEVELT AVENUE,40.748850955084215,-73.87237147193571,18.94697331962963,11892.285714285714,15935.0,18,0,42.5,1,Medium,14,0.0,1.0,0.0,0.0,2026-04-25 17:11:05,2,4,0,1,2026-04-15 23:15:00,9.0
68574648,2026-04-06 18:26:22,2026-04-06 18:26:22,Closed,Pothole,BRONX,nan,40.85198136175383,-73.91017487663616,18.947725634444446,6677.6,6655.5,10,1,32.599998474121094,1,Medium,14,0.0,1.0,0.0,0.0,2026-04-25 17:11:05,3,4,0,1,2026-04-06 18:26:22,0.0
68580852,2026-04-06 18:24:49,,Open,Pothole,MANHATTAN,nan,40.8001615240881,-73.93537265155821,18.948802023333336,16591.571428571428,6876.0,18,1,66.2,2,High,8,0.338,0.331,0.199,0.132,2026-04-25 17:11:05,0,4,0,1,,
68578009,2026-04-06 18:12:07,,Open,Pothole,MANHATTAN,nan,40.76843037983207,-73.9615482097735,18.95762146777778,16591.571428571428,6876.0,18,0,66.2,2,High,8,0.338,0.331,0.199,0.132,2026-04-25 17:11:05,0,4,0,1,,
68582303,2026-04-06 18:02:35,2026-04-18 14:17:00,Closed,Pothole,MANHATTAN,nan,40.706459295819975,-74.01510167781731,18.964241838148148,16591.571428571428,6876.0,24,1,41.0,1,Medium,14,0.0,1.0,0.0,0.0,2026-04-25 17:11:05,0,4,0,1,2026-04-18 14:17:00,11.0
68580872,2026-04-06 18:00:08,,Open,Pothole,BRONX,nan,40.84541059639791,-73.89112534644192,18.965943227037037,6677.6,6655.5,27,1,54.3,2,High,15,0.457,0.272,0.163,0.109,2026-04-25 17:11:05,3,4,0,1,,
68577473,2026-04-06 17:58:37,2026-04-06 17:58:37,Closed,Pothole,BRONX,nan,40.91013023416746,-73.90321511472008,18.96699646777778,6677.6,6655.5,3,0,25.600000381469727,0,Low,30,0.609,0.391,0.0,0.0,2026-04-25 17:11:05,3,4,0,1,2026-04-06 17:58:37,0.0
68584652,2026-04-06 17:57:04,2026-04-06 17:57:05,Closed,Pothole,MANHATTAN,nan,40.7207459377075,-73.98615773607546,18.96807285666667,16591.571428571428,6876.0,33,1,42.099998474121094,1,Medium,14,0.0,1.0,0.0,0.0,2026-04-25 17:11:05,0,4,0,1,2026-04-06 17:57:05,0.0
68580297,2026-04-06 17:55:53,2026-04-06 17:55:53,Closed,Pothole,BRONX,nan,40.911324184299175,-73.90656718994754,18.968894615925926,6677.6,6655.5,0,0,21.799999237060547,0,Low,30,0.999,0.001,0.0,0.0,2026-04-25 17:11:05,3,4,0,0,2026-04-06 17:55:53,0.0
68585185,2026-04-06 17:55:04,,Open,Pothole,BRONX,nan,40.86543029648311,-73.86736090787606,18.969461745555556,6677.6,6655.5,18,0,54.3,2,High,15,0.457,0.272,0.163,0.109,2026-04-25 17:11:05,3,4,0,1,,
68579414,2026-04-06 17:45:03,,Pending,Pothole,QUEENS,nan,40.6914308473891,-73.78870329207166,18.976417764074075,4959.1547619047615,4660.0,2,1,24.399999618530273,0,Low,30,0.753,0.247,0.0,0.0,2026-04-25 17:11:05,2,4,0,1,,
68583202,2026-04-06 17:42:51,2026-04-06 17:42:51,Closed,Pothole,MANHATTAN,nan,40.772420193583955,-73.97872406623014,18.977945541851852,16591.571428571428,6876.0,18,0,44.29999923706055,1,Medium,14,0.0,1.0,0.0,0.0,2026-04-25 17:11:05,0,4,0,1,2026-04-06 17:42:51,0.0
68580853,2026-04-06 17:40:38,,Open,Pothole,MANHATTAN,nan,40.77178075517688,-73.9791936146363,18.979484893703706,16591.571428571428,6876.0,22,0,66.2,2,High,8,0.338,0.331,0.199,0.132,2026-04-25 17:11:05,0,4,0,1,,
68583764,2026-04-06 17:40:22,,Open,Pothole,BRONX,nan,40.87954005515194,-73.85533422320003,18.97967007888889,6677.6,6655.5,7,1,33.0,1,Medium,15,0.67,0.165,0.099,0.066,2026-04-25 17:11:05,3,4,0,1,,
68577483,2026-04-06 17:34:14,2026-04-06 17:34:14,Closed,Pothole,QUEENS,nan,40.71381648205454,-73.92083999438904,18.98392933814815,4959.1547619047615,4660.0,3,1,24.100000381469727,0,Low,30,0.863,0.137,0.0,0.0,2026-04-25 17:11:05,2,4,0,1,2026-04-06 17:34:14,0.0
68583228,2026-04-06 17:33:55,2026-04-06 17:33:55,Closed,Pothole,QUEENS,nan,40.761217008162774,-73.8863970016137,18.984149245555557,4959.1547619047615,4660.0,7,0,28.700000762939453,1,Medium,14,0.037,0.963,0.0,0.0,2026-04-25 17:11:05,2,4,0,1,2026-04-06 17:33:55,0.0
68580882,2026-04-06 17:33:28,2026-04-18 13:45:00,Closed,Pothole,STATEN ISLAND,nan,40.5558232319879,-74.1610297561506,18.984461745555556,23788.714285714286,2762.0,4,0,35.20000076293945,1,Medium,14,0.0,1.0,0.0,0.0,2026-04-25 17:11:05,4,4,0,1,2026-04-18 13:45:00,11.0
68580298,2026-04-06 17:33:19,2026-04-06 17:33:19,Closed,Pothole,BRONX,nan,40.8422043016679,-73.83908661007817,18.984565912222223,6677.6,6655.5,20,0,34.20000076293945,1,Medium,14,0.0,1.0,0.0,0.0,2026-04-25 17:11:05,3,4,0,1,2026-04-06 17:33:19,0.0
68579415,2026-04-06 17:32:22,2026-04-18 13:08:00,Closed,Pothole,QUEENS,nan,40.75373073496746,-73.88503821041631,18.985225634444447,4959.1547619047615,4660.0,9,0,32.0,1,Medium,14,0.002,0.998,0.0,0.0,2026-04-25 17:11:05,2,4,0,1,2026-04-18 13:08:00,11.0
68581753,2026-04-06 17:31:38,2026-04-06 17:31:38,Closed,Pothole,BRONX,nan,40.91013023416746,-73.90321511472008,18.985734893703704,6677.6,6655.5,3,0,26.299999237060547,1,Medium,14,0.234,0.766,0.0,0.0,2026-04-25 17:11:05,3,4,0,1,2026-04-06 17:31:38,0.0
68583777,2026-04-06 17:27:20,2026-04-18 12:17:00,Closed,Pothole,QUEENS,nan,40.75454734016645,-73.86602604453657,18.988721004814817,4959.1547619047615,4660.0,13,1,33.5,1,Medium,14,0.0,1.0,0.0,0.0,2026-04-25 17:11:05,2,4,0,1,2026-04-18 12:17:00,11.0
68577484,2026-04-06 17:20:10,2026-04-06 17:20:10,Closed,Pothole,QUEENS,nan,40.72604688081713,-73.82400117727384,18.993697856666667,4959.1547619047615,4660.0,4,0,25.299999237060547,1,Medium,14,0.239,0.761,0.0,0.0,2026-04-25 17:11:05,2,4,0,1,2026-04-06 17:20:10,0.0
68585173,2026-04-06 17:18:37,2026-04-13 11:34:00,Closed,Pothole,BROOKLYN,nan,40.70842607428827,-73.95790377644677,18.994774245555558,5664.555555555556,6673.0,39,1,31.200000762939453,1,Medium,14,0.0,1.0,0.0,0.0,2026-04-25 17:11:05,1,4,0,1,2026-04-13 11:34:00,6.0
68578036,2026-04-06 17:18:20,2026-04-18 13:37:00,Closed,Pothole,QUEENS,nan,40.70992176681852,-73.72823099146271,18.994971004814815,4959.1547619047615,4660.0,48,0,34.20000076293945,1,Medium,14,0.0,1.0,0.0,0.0,2026-04-25 17:11:05,2,4,0,1,2026-04-18 13:37:00,11.0
68578020,2026-04-06 17:13:35,2026-04-07 14:30:00,Closed,Pothole,BROOKLYN,nan,40.67628630304806,-73.98699975817604,18.998269615925928,5664.555555555556,6673.0,11,1,30.799999237060547,1,Medium,14,0.002,0.998,0.0,0.0,2026-04-25 17:11:05,1,4,0,1,2026-04-07 14:30:00,0.0
68578010,2026-04-06 17:11:41,,Open,Pothole,MANHATTAN,nan,40.7713904523201,-73.95043032980328,18.999589060370372,16591.571428571428,6876.0,4,0,36.9,1,Medium,8,0.631,0.185,0.111,0.074,2026-04-25 17:11:05,0,4,0,1,,
68584662,2026-04-06 17:11:23,2026-04-06 17:11:23,Closed,Pothole,BROOKLYN,nan,40.704112957771954,-73.91586709054877,18.999797393703705,5664.555555555556,6673.0,25,0,33.70000076293945,1,Medium,14,0.0,1.0,0.0,0.0,2026-04-25 17:11:05,1,4,0,1,2026-04-06 17:11:23,0.0
68582321,2026-04-06 16:45:57,,Open,Pothole,BRONX,nan,40.8652491296537,-73.84530360089977,19.017459430740743,6677.6,6655.5,3,0,22.4,0,Low,15,0.776,0.112,0.067,0.045,2026-04-25 17:11:05,3,4,0,1,,
68583742,2026-04-06 16:45:22,,Open,Pothole,MANHATTAN,nan,40.74406555204563,-73.98774799711626,19.017864523333333,16591.571428571428,6876.0,24,1,66.2,2,High,8,0.338,0.331,0.199,0.132,2026-04-25 17:11:05,0,4,0,1,,
68585199,2026-04-06 16:38:14,2026-04-18 08:20:00,Closed,Pothole,QUEENS,nan,40.724984679574874,-73.79421427324037,19.02281822703704,4959.1547619047615,4660.0,1,0,22.200000762939453,0,Low,30,0.995,0.005,0.0,0.0,2026-04-25 17:11:05,2,4,0,1,2026-04-18 08:20:00,11.0
68578872,2026-04-06 16:33:29,2026-04-06 16:33:29,Closed,Pothole,QUEENS,nan,40.76144509539819,-73.87601487856993,19.02611683814815,4959.1547619047615,4660.0,13,0,33.0,1,Medium,14,0.001,0.999,0.0,0.0,2026-04-25 17:11:05,2,4,0,1,2026-04-06 16:33:29,0.0
68583230,2026-04-06 16:33:26,2026-04-06 16:33:26,Closed,Pothole,QUEENS,DECATUR STREET,40.694275589555886,-73.9018516025562,19.026151560370373,4959.1547619047615,3159.0,7,1,28.399999618530273,1,Medium,14,0.054,0.946,0.0,0.0,2026-04-25 17:11:05,2,4,0,1,2026-04-06 16:33:26,0.0
68583231,2026-04-06 16:32:41,2026-04-06 16:32:41,Closed,Pothole,QUEENS,nan,40.761217008162774,-73.8863970016137,19.026672393703706,4959.1547619047615,4660.0,7,0,28.100000381469727,1,Medium,14,0.082,0.918,0.0,0.0,2026-04-25 17:11:05,2,4,0,1,2026-04-06 16:32:41,0.0
68582335,2026-04-06 16:31:52,,Pending,Pothole,QUEENS,COVERT STREET,40.6952733394877,-73.90350537891065,19.027239523333336,4959.1547619047615,4660.0,8,1,29.799999237060547,1,Medium,14,0.005,0.995,0.0,0.0,2026-04-25 17:11:05,2,4,0,1,,
68583765,2026-04-06 16:29:14,,Open,Pothole,BRONX,nan,40.84042677415491,-73.92238795172126,19.029068227037037,6677.6,6655.5,14,0,51.7,2,High,15,0.483,0.258,0.155,0.103,2026-04-25 17:11:05,3,4,0,1,,
68583233,2026-04-06 16:25:19,2026-04-06 16:25:19,Closed,Pothole,QUEENS,nan,40.7599300035456,-73.89845559346726,19.031788134444447,4959.1547619047615,4660.0,8,0,29.5,1,Medium,14,0.011,0.989,0.0,0.0,2026-04-25 17:11:05,2,4,0,1,2026-04-06 16:25:19,0.0
68582337,2026-04-06 16:19:00,2026-04-17 13:24:00,Closed,Pothole,QUEENS,nan,40.75019841861824,-73.91348458153087,19.03617470851852,4959.1547619047615,4660.0,5,1,24.700000762939453,0,Low,30,0.757,0.243,0.0,0.0,2026-04-25 17:11:05,2,4,0,1,2026-04-17 13:24:00,10.0
68580317,2026-04-06 16:15:04,2026-04-06 16:15:04,Closed,Pothole,QUEENS,nan,40.696168785747595,-73.8044908837029,19.038906190000002,4959.1547619047615,4660.0,20,1,32.0,1,Medium,14,0.0,1.0,0.0,0.0,2026-04-25 17:11:05,2,4,0,1,2026-04-06 16:15:04,0.0
68578039,2026-04-06 16:13:47,2026-04-15 21:45:00,Closed,Pothole,QUEENS,nan,40.6969408650189,-73.80658748354541,19.039797393703704,4959.1547619047615,4660.0,23,1,33.20000076293945,1,Medium,14,0.0,1.0,0.0,0.0,2026-04-25 17:11:05,2,4,0,1,2026-04-15 21:45:00,9.0
68580892,2026-04-06 16:13:12,2026-04-18 10:26:00,Closed,Pothole,QUEENS,nan,40.744791406467726,-73.91742167156947,19.040202486296298,4959.1547619047615,4660.0,7,0,28.200000762939453,1,Medium,14,0.113,0.887,0.0,0.0,2026-04-25 17:11:05,2,4,0,1,2026-04-18 10:26:00,11.0
68582313,2026-04-06 16:07:09,2026-04-17 11:30:00,Closed,Pothole,BROOKLYN,nan,40.68216496256353,-73.88900864409592,19.044403875185186,5664.555555555556,6673.0,2,0,23.100000381469727,0,Low,30,0.986,0.014,0.0,0.0,2026-04-25 17:11:05,1,4,0,1,2026-04-17 11:30:00,10.0
68579416,2026-04-06 16:06:14,2026-04-11 21:45:00,Closed,Pothole,QUEENS,nan,40.736752343034745,-73.8776701929152,19.04504044925926,4959.1547619047615,4660.0,18,0,32.70000076293945,1,Medium,14,0.001,0.999,0.0,0.0,2026-04-25 17:11:05,2,4,0,1,2026-04-11 21:45:00,5.0
68576039,2026-04-06 16:00:57,2026-04-06 16:00:57,Closed,Pothole,QUEENS,nan,40.74581825411661,-73.94564947600665,19.048709430740743,4959.1547619047615,4660.0,12,1,31.600000381469727,1,Medium,14,0.001,0.999,0.0,0.0,2026-04-25 17:11:05,2,4,0,1,2026-04-06 16:00:57,0.0
68575195,2026-04-06 15:57:18,2026-04-10 08:00:00,Closed,Pothole,BRONX,nan,40.8758744189505,-73.84988565999234,19.051244152962965,6677.6,6655.5,13,1,33.900001525878906,1,Medium,14,0.0,1.0,0.0,0.0,2026-04-25 17:11:05,3,4,0,1,2026-04-10 08:00:00,3.0
68581745,2026-04-06 15:53:54,2026-04-06 15:53:54,Closed,Pothole,MANHATTAN,nan,40.80297085227577,-73.96386162910126,19.053605264074076,16591.571428571428,6876.0,16,0,43.5,1,Medium,14,0.0,1.0,0.0,0.0,2026-04-25 17:11:05,0,4,0,1,2026-04-06 15:53:54,0.0
68584684,2026-04-06 15:49:55,2026-04-06 15:49:55,Closed,Pothole,QUEENS,nan,40.761217008162774,-73.8863970016137,19.05637146777778,4959.1547619047615,4660.0,7,0,27.899999618530273,1,Medium,14,0.391,0.609,0.0,0.0,2026-04-25 17:11:05,2,4,0,1,2026-04-06 15:49:55,0.0
68587468,2026-04-06 15:43:11,2026-04-07 15:56:00,Closed,Pothole,BROOKLYN,EAST   58 STREET,40.62818443211406,-73.92012377853243,19.061047393703706,5664.555555555556,6673.0,8,0,30.200000762939453,1,Medium,14,0.002,0.998,0.0,0.0,2026-04-25 17:11:05,1,4,0,1,2026-04-07 15:56:00,1.0
68593089,2026-04-06 15:42:37,2026-04-07 15:47:00,Closed,Pothole,BROOKLYN,EAST   58 STREET,40.62496456915244,-73.91980341605095,19.061440912222224,5664.555555555556,6673.0,6,0,26.700000762939453,1,Medium,14,0.067,0.933,0.0,0.0,2026-04-25 17:11:05,1,4,0,1,2026-04-07 15:47:00,1.0
68590273,2026-04-06 15:41:54,2026-04-07 15:45:00,Closed,Pothole,BROOKLYN,nan,40.621940934743634,-73.91751602698812,19.06193859740741,5664.555555555556,6673.0,4,1,25.200000762939453,1,Medium,14,0.079,0.921,0.0,0.0,2026-04-25 17:11:05,1,4,0,1,2026-04-07 15:45:00,1.0
68593090,2026-04-06 15:41:17,2026-04-07 15:40:00,Closed,Pothole,BROOKLYN,nan,40.62403674986958,-73.91968925570728,19.06236683814815,5664.555555555556,6673.0,6,0,26.700000762939453,1,Medium,14,0.067,0.933,0.0,0.0,2026-04-25 17:11:05,1,4,0,1,2026-04-07 15:40:00,0.0
68595860,2026-04-06 15:40:42,2026-04-07 15:32:00,Closed,Pothole,BROOKLYN,REMSEN AVENUE,40.65393130589978,-73.92124622027247,19.06277193074074,5664.555555555556,20418.0,30,1,36.70000076293945,1,Medium,14,0.0,1.0,0.0,0.0,2026-04-25 17:11:05,1,4,0,1,2026-04-07 15:32:00,0.0
68586121,2026-04-06 15:39:48,2026-04-07 13:40:00,Closed,Pothole,BROOKLYN,EAST   43 STREET,40.642223060753935,-73.93614900035908,19.06339693074074,5664.555555555556,6673.0,5,0,26.5,1,Medium,14,0.284,0.716,0.0,0.0,2026-04-25 17:11:05,1,4,0,1,2026-04-07 13:40:00,0.0
68575213,2026-04-06 15:39:27,2026-04-15 14:55:00,Closed,Pothole,QUEENS,nan,40.699970236738224,-73.7635067276373,19.063639986296298,4959.1547619047615,4660.0,5,1,24.899999618530273,0,Low,30,0.802,0.197,0.0,0.0,2026-04-25 17:11:05,2,4,0,1,2026-04-15 14:55:00,8.0
68580874,2026-04-06 15:37:04,2026-04-09 02:32:00,Closed,Pothole,BRONX,nan,40.89924867623676,-73.84608176187152,19.06529507888889,6677.6,6655.5,5,0,25.600000381469727,1,Medium,14,0.045,0.955,0.0,0.0,2026-04-25 17:11:05,3,4,0,1,2026-04-09 02:32:00,2.0
68580894,2026-04-06 15:35:56,2026-04-14 16:24:00,Closed,Pothole,QUEENS,nan,40.71630524808546,-73.85518710687637,19.066082115925926,4959.1547619047615,4660.0,0,0,19.0,0,Low,30,0.999,0.001,0.0,0.0,2026-04-25 17:11:05,2,4,0,0,2026-04-14 16:24:00,8.0
68591693,2026-04-06 15:35:06,2026-04-07 12:35:00,Closed,Pothole,BROOKLYN,TROY AVENUE,40.63797881766384,-73.93471902726695,19.066660819629632,5957.0,9082.0,5,0,31.399999618530273,1,Medium,14,0.033,0.967,0.0,0.0,2026-04-25 17:11:05,1,4,0,1,2026-04-07 12:35:00,0.0
68591694,2026-04-06 15:34:30,2026-04-07 09:21:00,Closed,Pothole,BROOKLYN,PENNSYLVANIA AVENUE,40.64437729431419,-73.87790801772604,19.0670774862963,2541.0,6673.0,16,0,28.799999237060547,1,Medium,14,0.001,0.999,0.0,0.0,2026-04-25 17:11:05,1,4,0,1,2026-04-07 09:21:00,0.0
68593091,2026-04-06 15:33:39,2026-04-07 09:06:00,Closed,Pothole,BROOKLYN,PENNSYLVANIA AVENUE,40.64507250981882,-73.87864906383643,19.067667764074077,2541.0,6673.0,11,0,29.5,1,Medium,14,0.001,0.999,0.0,0.0,2026-04-25 17:11:05,1,4,0,1,2026-04-07 09:06:00,0.0
68593092,2026-04-06 15:31:41,2026-04-07 08:47:00,Closed,Pothole,BROOKLYN,PENNSYLVANIA AVENUE,40.64606731671483,-73.87978597325235,19.069033504814815,2541.0,6673.0,2,0,19.399999618530273,0,Low,30,0.999,0.001,0.0,0.0,2026-04-25 17:11:05,1,4,0,1,2026-04-07 08:47:00,0.0
68594443,2026-04-06 15:30:54,2026-04-07 08:00:00,Closed,Pothole,BROOKLYN,FREEPORT LOOP,40.64584423999384,-73.88171065919408,19.069577486296296,5664.555555555556,6673.0,3,0,22.799999237060547,0,Low,30,0.969,0.031,0.0,0.0,2026-04-25 17:11:05,1,4,0,1,2026-04-07 08:00:00,0.0
68579387,2026-04-06 15:26:31,,Open,Pothole,BROOKLYN,nan,40.67566320795236,-73.92768817444949,19.07262146777778,5664.555555555556,6673.0,20,1,53.2,2,High,15,0.468,0.266,0.159,0.106,2026-04-25 17:11:05,1,4,0,1,,
68574666,2026-04-06 15:26:02,2026-04-06 15:26:02,Closed,Pothole,QUEENS,QUEENS BOULEVARD,40.74259292556646,-73.91376511458739,19.072957115925927,4959.1547619047615,123690.0,11,0,47.099998474121094,1,Medium,14,0.0,1.0,0.0,0.0,2026-04-25 17:11:05,2,4,0,1,2026-04-06 15:26:02,0.0
68586105,2026-04-06 15:24:31,2026-04-07 09:15:00,Closed,Pothole,QUEENS,nan,40.708447538999785,-73.8718609034946,19.07401035666667,4959.1547619047615,4660.0,14,0,33.5,1,Medium,14,0.0,1.0,0.0,0.0,2026-04-25 17:11:05,2,4,0,1,2026-04-07 09:15:00,0.0
68595845,2026-04-06 15:20:18,2026-04-07 13:00:00,Closed,Pothole,QUEENS,nan,40.73292363563873,-73.76335368985839,19.07693859740741,4959.1547619047615,4660.0,10,1,32.0,1,Medium,14,0.002,0.998,0.0,0.0,2026-04-25 17:11:05,2,4,0,1,2026-04-07 13:00:00,0.0
68580282,2026-04-06 15:15:55,2026-04-06 15:15:55,Closed,Pothole,MANHATTAN,nan,40.732848329178424,-73.99591548380599,19.07998257888889,16591.571428571428,6876.0,8,0,41.599998474121094,1,Medium,14,0.0,1.0,0.0,0.0,2026-04-25 17:11:05,0,4,0,1,2026-04-06 15:15:55,0.0
68583758,2026-04-06 15:14:50,2026-04-21 11:13:00,Closed,Pothole,BROOKLYN,nan,40.65491181923001,-73.87287554910431,19.080734893703706,5664.555555555556,6673.0,17,0,32.79999923706055,1,Medium,14,0.0,1.0,0.0,0.0,2026-04-25 17:11:05,1,4,0,1,2026-04-21 11:13:00,14.0
68576040,2026-04-06 15:10:06,2026-04-06 15:10:06,Closed,Pothole,QUEENS,nan,40.69595062654502,-73.8623680620651,19.084021930740743,4959.1547619047615,4660.0,3,0,22.0,0,Low,30,0.948,0.052,0.0,0.0,2026-04-25 17:11:05,2,4,0,1,2026-04-06 15:10:06,0.0
68583759,2026-04-06 14:55:55,,Open,Pothole,BROOKLYN,nan,40.6394354865525,-74.00545881573969,19.093871467777777,5664.555555555556,6673.0,11,1,42.5,1,Medium,15,0.575,0.212,0.127,0.085,2026-04-25 17:11:05,1,4,0,1,,
68582328,2026-04-06 14:53:40,2026-04-18 23:05:00,Closed,Pothole,STATEN ISLAND,nan,40.55528146533067,-74.1340637999194,19.09543396777778,23788.714285714286,2762.0,2,1,33.400001525878906,1,Medium,14,0.001,0.999,0.0,0.0,2026-04-25 17:11:05,4,4,0,1,2026-04-18 23:05:00,12.0
68580854,2026-04-06 14:53:36,,Open,Pothole,MANHATTAN,nan,40.73043027259946,-74.0001226753633,19.095480264074077,16591.571428571428,6876.0,23,0,66.3,2,High,8,0.337,0.331,0.199,0.133,2026-04-25 17:11:05,0,4,0,1,,
68574668,2026-04-06 14:47:34,2026-04-06 14:47:34,Closed,Pothole,QUEENS,nan,40.72792341486303,-73.87100083747289,19.09967007888889,4959.1547619047615,4660.0,7,0,26.799999237060547,1,Medium,14,0.19,0.81,0.0,0.0,2026-04-25 17:11:05,2,4,0,1,2026-04-06 14:47:34,0.0
68580895,2026-04-06 14:43:23,2026-04-18 10:00:00,Closed,Pothole,QUEENS,nan,40.73714032663115,-73.8146944984983,19.102575171481483,4959.1547619047615,4660.0,18,0,31.799999237060547,1,Medium,14,0.001,0.999,0.0,0.0,2026-04-25 17:11:05,2,4,0,1,2026-04-18 10:00:00,11.0
68576543,2026-04-06 14:39:52,,Open,Pothole,MANHATTAN,nan,40.86987642136505,-73.92089646547889,19.10501730111111,16591.571428571428,6876.0,6,1,42.3,1,Medium,8,0.577,0.211,0.127,0.085,2026-04-25 17:11:05,0,4,0,1,,
68585164,2026-04-06 14:37:27,2026-04-13 21:20:00,Closed,Pothole,MANHATTAN,nan,40.868113536577496,-73.91975242658049,19.106695541851852,16591.571428571428,6876.0,18,1,43.79999923706055,1,Medium,14,0.0,1.0,0.0,0.0,2026-04-25 17:11:05,0,4,0,1,2026-04-13 21:20:00,7.0
68585201,2026-04-06 14:34:40,2026-04-11 13:37:00,Closed,Pothole,QUEENS,nan,40.59513985689854,-73.74995730983564,19.108628412222224,4959.1547619047615,4660.0,8,0,29.0,1,Medium,14,0.022,0.978,0.0,0.0,2026-04-25 17:11:05,2,4,0,1,2026-04-11 13:37:00,4.0
68581768,2026-04-06 14:32:24,2026-04-06 21:20:00,Closed,Pothole,QUEENS,nan,40.7133022297564,-73.80809830928858,19.1102024862963,4959.1547619047615,4660.0,18,1,33.20000076293945,1,Medium,14,0.0,1.0,0.0,0.0,2026-04-25 17:11:05,2,4,0,1,2026-04-06 21:20:00,0.0
68574669,2026-04-06 14:30:40,2026-04-06 14:30:40,Closed,Pothole,QUEENS,nan,40.602272723511426,-73.75335532624582,19.11140619,4959.1547619047615,4660.0,20,0,32.20000076293945,1,Medium,14,0.0,1.0,0.0,0.0,2026-04-25 17:11:05,2,4,0,1,2026-04-06 14:30:40,0.0
68584686,2026-04-06 14:25:33,2026-04-06 14:25:33,Closed,Pothole,QUEENS,CORNAGA AVENUE,40.60229487782472,-73.75217045333122,19.114959430740743,4959.1547619047615,5485.0,20,0,33.70000076293945,1,Medium,14,0.0,1.0,0.0,0.0,2026-04-25 17:11:05,2,4,0,1,2026-04-06 14:25:33,0.0
68580896,2026-04-06 14:24:07,2026-04-20 13:05:00,Closed,Pothole,QUEENS,nan,40.73133565964669,-73.725571034796,19.115954801111112,4959.1547619047615,4660.0,1,1,18.700000762939453,0,Low,30,1.0,0.0,0.0,0.0,2026-04-25 17:11:05,2,4,0,1,2026-04-20 13:05:00,13.0
68576041,2026-04-06 14:22:40,2026-04-06 14:22:40,Closed,Pothole,QUEENS,DECATUR STREET,40.694275589555886,-73.9018516025562,19.116961745555557,4959.1547619047615,3159.0,7,1,29.100000381469727,1,Medium,14,0.024,0.976,0.0,0.0,2026-04-25 17:11:05,2,4,0,1,2026-04-06 14:22:40,0.0
68580301,2026-04-06 14:21:38,2026-04-06 14:21:38,Closed,Pothole,BRONX,nan,40.87519638673798,-73.88855625176745,19.11767933814815,6677.6,6655.5,7,0,31.600000381469727,1,Medium,14,0.002,0.998,0.0,0.0,2026-04-25 17:11:05,3,4,0,1,2026-04-06 14:21:38,0.0
68576553,2026-04-06 14:21:29,2026-04-18 14:10:00,Closed,Pothole,BROOKLYN,nan,40.67634313622726,-73.91092698207576,19.117783504814817,5664.555555555556,6673.0,31,1,33.400001525878906,1,Medium,14,0.001,0.999,0.0,0.0,2026-04-25 17:11:05,1,4,0,1,2026-04-18 14:10:00,11.0
68582305,2026-04-06 14:19:41,,Open,Pothole,MANHATTAN,nan,40.75095971658909,-73.98272270758387,19.119033504814816,16591.571428571428,6876.0,39,0,66.3,2,High,8,0.337,0.331,0.199,0.133,2026-04-25 17:11:05,0,4,0,1,,
68574637,2026-04-06 14:19:32,2026-04-06 14:19:32,Closed,Pothole,MANHATTAN,nan,40.80297085227577,-73.96386162910126,19.119137671481482,16591.571428571428,6876.0,16,0,43.29999923706055,1,Medium,14,0.0,1.0,0.0,0.0,2026-04-25 17:11:05,0,4,0,1,2026-04-06 14:19:32,0.0
68574620,2026-04-06 14:18:00,,Open,Pothole,STATEN ISLAND,PARK STREET,40.57004152761047,-74.13062356334123,19.120202486296296,23788.714285714286,2762.0,0,0,34.9,1,Medium,15,0.651,0.175,0.105,0.07,2026-04-25 17:11:05,4,4,0,0,,
68583192,2026-04-06 14:15:52,2026-04-19 02:30:00,Closed,Pothole,STATEN ISLAND,HAMILTON AVENUE,40.644911304552586,-74.07968364057206,19.12168396777778,23788.714285714286,2182.0,15,1,41.099998474121094,1,Medium,14,0.0,1.0,0.0,0.0,2026-04-25 17:11:05,4,4,0,1,2026-04-19 02:30:00,12.0
68577485,2026-04-06 14:15:24,2026-04-06 14:15:24,Closed,Pothole,QUEENS,nan,40.71818218795277,-73.78032496285253,19.122008041851853,4959.1547619047615,4660.0,1,0,22.899999618530273,0,Low,30,0.953,0.047,0.0,0.0,2026-04-25 17:11:05,2,4,0,1,2026-04-06 14:15:24,0.0
68576015,2026-04-06 14:07:45,2026-04-06 14:07:45,Closed,Pothole,MANHATTAN,nan,40.87231606246278,-73.91273631947904,19.12732054185185,16591.571428571428,6876.0,5,1,37.5,1,Medium,14,0.0,1.0,0.0,0.0,2026-04-25 17:11:05,0,4,0,1,2026-04-06 14:07:45,0.0
68576566,2026-04-06 14:05:05,2026-04-06 15:27:00,Closed,Pothole,STATEN ISLAND,nan,40.53985185103891,-74.22156773573336,19.129172393703705,23788.714285714286,2762.0,2,0,31.200000762939453,1,Medium,14,0.001,0.999,0.0,0.0,2026-04-25 17:11:05,4,4,0,1,2026-04-06 15:27:00,0.0
68578042,2026-04-06 14:04:31,2026-04-15 16:45:00,Closed,Pothole,QUEENS,nan,40.66550889637562,-73.85611562995088,19.129565912222223,4959.1547619047615,4660.0,3,0,22.100000381469727,0,Low,30,0.964,0.036,0.0,0.0,2026-04-25 17:11:05,2,4,0,1,2026-04-15 16:45:00,9.0
68580897,2026-04-06 14:01:50,2026-04-18 07:20:00,Closed,Pothole,QUEENS,nan,40.665644845581454,-73.8550880258652,19.13142933814815,4959.1547619047615,4660.0,0,0,23.0,0,Low,30,1.0,0.0,0.0,0.0,2026-04-25 17:11:05,2,4,0,0,2026-04-18 07:20:00,11.0
68578842,2026-04-06 13:46:18,2026-04-06 13:46:18,Closed,Pothole,MANHATTAN,nan,40.77102399632221,-73.95364737877979,19.142216375185185,16591.571428571428,6876.0,14,0,43.70000076293945,1,Medium,14,0.0,1.0,0.0,0.0,2026-04-25 17:11:05,0,4,0,1,2026-04-06 13:46:18,0.0
68578043,2026-04-06 13:39:25,2026-04-18 11:38:00,Closed,Pothole,QUEENS,nan,40.66758006904739,-73.73739727859486,19.14699646777778,4959.1547619047615,4660.0,39,1,31.5,1,Medium,14,0.0,1.0,0.0,0.0,2026-04-25 17:11:05,2,4,0,1,2026-04-18 11:38:00,11.0
68578021,2026-04-06 13:29:44,,Open,Pothole,BROOKLYN,nan,40.69952106829256,-73.98980463338272,19.153721004814816,5664.555555555556,6673.0,8,1,34.5,1,Medium,15,0.655,0.173,0.104,0.069,2026-04-25 17:11:05,1,4,0,1,,
68576031,2026-04-06 13:25:11,2026-04-06 13:25:11,Closed,Pothole,BRONX,nan,40.911324184299175,-73.90656718994754,19.156880727037038,6677.6,6655.5,0,0,22.700000762939453,0,Low,30,0.998,0.002,0.0,0.0,2026-04-25 17:11:05,3,4,0,0,2026-04-06 13:25:11,0.0
68583770,2026-04-06 13:08:57,2026-04-06 15:25:00,Closed,Pothole,STATEN ISLAND,nan,40.540587527713186,-74.2215341962543,19.168153875185187,23788.714285714286,2762.0,2,0,30.899999618530273,1,Medium,14,0.001,0.999,0.0,0.0,2026-04-25 17:11:05,4,4,0,1,2026-04-06 15:25:00,0.0
68580310,2026-04-06 13:07:32,2026-04-06 13:07:32,Closed,Pothole,STATEN ISLAND,nan,40.57089068381459,-74.147902755856,19.169137671481483,23788.714285714286,2762.0,4,1,34.900001525878906,1,Medium,14,0.0,1.0,0.0,0.0,2026-04-25 17:11:05,4,4,0,1,2026-04-06 13:07:32,0.0
68585192,2026-04-06 13:05:54,,Open,Pothole,STATEN ISLAND,nan,40.584657329862615,-74.15513730164606,19.170271930740743,23788.714285714286,2762.0,1,0,37.6,1,Medium,15,0.624,0.188,0.113,0.075,2026-04-25 17:11:05,4,4,0,1,,
68576544,2026-04-06 13:03:24,,Pending,Pothole,MANHATTAN,nan,40.7558709018793,-73.9728206381604,19.172008041851853,16591.571428571428,6876.0,32,0,46.0,1,Medium,14,0.0,0.999,0.001,0.0,2026-04-25 17:11:05,0,4,0,1,,
68578011,2026-04-06 12:58:08,,Open,Pothole,MANHATTAN,nan,40.87211557777998,-73.9162764397265,19.17566544925926,16591.571428571428,6876.0,0,0,26.3,1,Medium,8,0.737,0.132,0.079,0.053,2026-04-25 17:11:05,0,4,0,0,,
68580318,2026-04-06 12:56:09,2026-04-06 12:56:09,Closed,Pothole,QUEENS,nan,40.69595062654502,-73.8623680620651,19.177042764074077,4959.1547619047615,4660.0,3,0,22.0,0,Low,30,0.948,0.052,0.0,0.0,2026-04-25 17:11:05,2,4,0,1,2026-04-06 12:56:09,0.0
68579388,2026-04-06 12:47:49,2026-04-11 09:55:00,Closed,Pothole,BROOKLYN,nan,40.71482444431563,-73.95881237079597,19.18282980111111,5664.555555555556,6673.0,23,1,34.900001525878906,1,Medium,14,0.0,1.0,0.0,0.0,2026-04-25 17:11:05,1,4,0,1,2026-04-11 09:55:00,4.0
68574670,2026-04-06 12:47:04,2026-04-06 12:47:04,Closed,Pothole,QUEENS,nan,40.71836919350643,-73.84055801431353,19.183350634444444,4959.1547619047615,4660.0,11,0,32.5,1,Medium,14,0.0,1.0,0.0,0.0,2026-04-25 17:11:05,2,4,0,1,2026-04-06 12:47:04,0.0
68578843,2026-04-06 12:46:05,2026-04-06 12:46:05,Closed,Pothole,MANHATTAN,nan,40.768023997074046,-73.97028136310426,19.184033504814817,16591.571428571428,6876.0,10,0,45.29999923706055,1,Medium,14,0.0,1.0,0.0,0.0,2026-04-25 17:11:05,0,4,0,1,2026-04-06 12:46:05,0.0
68575181,2026-04-06 12:40:24,,Open,Pothole,MANHATTAN,nan,40.71543266770755,-74.00754283723096,19.187980264074074,16591.571428571428,6876.0,33,1,66.3,2,High,8,0.337,0.332,0.199,0.133,2026-04-25 17:11:05,0,4,0,1,,
68587470,2026-04-06 12:29:47,2026-04-07 12:25:00,Closed,Pothole,BROOKLYN,nan,40.69698633989122,-73.93522383122014,19.19535294925926,5664.555555555556,6673.0,50,1,34.70000076293945,1,Medium,14,0.0,1.0,0.0,0.0,2026-04-25 17:11:05,1,4,0,1,2026-04-07 12:25:00,0.0
68595862,2026-04-06 12:29:26,2026-04-07 11:55:00,Closed,Pothole,BROOKLYN,nan,40.70547239392146,-73.9502376942007,19.195596004814817,5664.555555555556,6673.0,18,1,34.0,1,Medium,14,0.0,1.0,0.0,0.0,2026-04-25 17:11:05,1,4,0,1,2026-04-07 11:55:00,0.0
68589442,2026-04-06 12:28:54,2026-04-11 14:25:00,Closed,Pothole,BROOKLYN,nan,40.71504601178742,-73.96480029621546,19.195966375185186,5664.555555555556,6673.0,13,1,34.599998474121094,1,Medium,14,0.0,1.0,0.0,0.0,2026-04-25 17:11:05,1,4,0,1,2026-04-11 14:25:00,5.0
68595863,2026-04-06 12:28:30,2026-04-07 08:50:00,Closed,Pothole,BROOKLYN,VARICK AVENUE,40.72396406586697,-73.93424877125369,19.196244152962965,5664.555555555556,1508.0,6,1,28.100000381469727,1,Medium,14,0.04,0.96,0.0,0.0,2026-04-25 17:11:05,1,4,0,1,2026-04-07 08:50:00,0.0
68582329,2026-04-06 12:17:10,2026-04-12 01:40:00,Closed,Pothole,STATEN ISLAND,nan,40.57089068381459,-74.147902755856,19.204114523333335,23788.714285714286,2762.0,4,1,34.900001525878906,1,Medium,14,0.0,1.0,0.0,0.0,2026-04-25 17:11:05,4,4,0,1,2026-04-12 01:40:00,5.0
68579379,2026-04-06 12:12:06,,Open,Pothole,MANHATTAN,nan,40.76123442230889,-73.9638842741059,19.207633041851853,16591.571428571428,6876.0,49,1,66.3,2,High,8,0.337,0.332,0.199,0.133,2026-04-25 17:11:05,0,4,0,1,,
68585206,2026-04-06 12:11:17,2026-04-17 12:31:00,Closed,Pothole,QUEENS,nan,40.70931586628101,-73.73440859953097,19.208200171481483,4959.1547619047615,4660.0,4,0,24.600000381469727,0,Low,30,0.745,0.254,0.0,0.0,2026-04-25 17:11:05,2,4,0,1,2026-04-17 12:31:00,11.0
68582330,2026-04-06 12:05:59,2026-04-11 14:15:00,Closed,Pothole,STATEN ISLAND,nan,40.58906464030454,-74.13862140175796,19.211880727037038,23788.714285714286,2762.0,1,0,31.600000381469727,1,Medium,14,0.003,0.997,0.0,0.0,2026-04-25 17:11:05,4,4,0,1,2026-04-11 14:15:00,5.0
68578844,2026-04-06 12:03:24,2026-04-06 12:03:24,Closed,Pothole,MANHATTAN,nan,40.784463837399464,-73.97736608261471,19.21367470851852,16591.571428571428,6876.0,13,0,45.79999923706055,1,Medium,14,0.0,1.0,0.0,0.0,2026-04-25 17:11:05,0,4,0,1,2026-04-06 12:03:24,0.0
68580867,2026-04-06 11:50:15,2026-04-17 09:35:00,Closed,Pothole,BROOKLYN,nan,40.689452026969406,-73.9680771303764,19.222806652962966,5664.555555555556,6673.0,16,0,33.29999923706055,1,Medium,14,0.0,1.0,0.0,0.0,2026-04-25 17:11:05,1,4,0,1,2026-04-17 09:35:00,10.0
68578876,2026-04-06 11:49:20,2026-04-06 11:49:20,Closed,Pothole,QUEENS,nan,40.58677820620502,-73.81464368111263,19.223443227037038,4959.1547619047615,4660.0,9,0,30.600000381469727,1,Medium,14,0.004,0.996,0.0,0.0,2026-04-25 17:11:05,2,4,0,1,2026-04-06 11:49:20,0.0
68583785,2026-04-06 11:47:56,2026-04-18 07:00:00,Closed,Pothole,QUEENS,nan,40.72792341486303,-73.87100083747289,19.22441544925926,4959.1547619047615,4660.0,7,0,27.299999237060547,1,Medium,14,0.19,0.81,0.0,0.0,2026-04-25 17:11:05,2,4,0,1,2026-04-18 07:00:00,11.0
68581754,2026-04-06 11:46:02,2026-04-06 11:46:02,Closed,Pothole,BRONX,nan,40.87144095159528,-73.86715728320962,19.225734893703706,6677.6,6655.5,10,0,34.900001525878906,1,Medium,14,0.0,1.0,0.0,0.0,2026-04-25 17:11:05,3,4,0,1,2026-04-06 11:46:02,0.0
68584646,2026-04-06 11:41:21,2026-04-21 11:00:00,Closed,Pothole,STATEN ISLAND,FOREST AVENUE,40.624902985553085,-74.14349783307735,19.228987208518518,23788.714285714286,33854.0,17,0,47.5,1,Medium,14,0.0,1.0,0.0,0.0,2026-04-25 17:11:05,4,4,0,1,2026-04-21 11:00:00,14.0
68582342,2026-04-06 11:40:52,2026-04-18 08:35:00,Closed,Pothole,QUEENS,nan,40.75870642509298,-73.93791795808862,19.229322856666666,4959.1547619047615,4660.0,15,0,32.79999923706055,1,Medium,14,0.001,0.999,0.0,0.0,2026-04-25 17:11:05,2,4,0,1,2026-04-18 08:35:00,11.0
68583204,2026-04-06 11:37:48,2026-04-06 11:37:48,Closed,Pothole,MANHATTAN,nan,40.80297085227577,-73.96386162910126,19.2314524862963,16591.571428571428,6876.0,16,0,42.70000076293945,1,Medium,14,0.0,1.0,0.0,0.0,2026-04-25 17:11:05,0,4,0,1,2026-04-06 11:37:48,0.0
68575217,2026-04-06 11:37:43,,Open,Pothole,QUEENS,nan,40.702911791827624,-73.85819887100385,19.231510356666668,4959.1547619047615,4660.0,14,1,49.7,1,Medium,15,0.503,0.248,0.149,0.099,2026-04-25 17:11:05,2,4,0,1,,
68575182,2026-04-06 11:32:52,,Open,Pothole,MANHATTAN,nan,40.85176565957254,-73.94190484692963,19.234878412222223,16591.571428571428,6876.0,11,1,55.7,2,High,8,0.443,0.278,0.167,0.111,2026-04-25 17:11:05,0,4,0,1,,
68583786,2026-04-06 11:25:21,2026-04-17 10:46:00,Closed,Pothole,QUEENS,nan,40.746047570498,-73.89902892207441,19.24009831962963,4959.1547619047615,4660.0,9,0,31.299999237060547,1,Medium,14,0.001,0.999,0.0,0.0,2026-04-25 17:11:05,2,4,0,1,2026-04-17 10:46:00,10.0
68584654,2026-04-06 11:24:32,2026-04-06 11:24:32,Closed,Pothole,MANHATTAN,nan,40.72931039303492,-73.99788568956492,19.24066544925926,16591.571428571428,6876.0,12,1,44.0,1,Medium,14,0.0,1.0,0.0,0.0,2026-04-25 17:11:05,0,4,0,1,2026-04-06 11:24:32,0.0
68577460,2026-04-06 11:16:19,2026-04-06 11:16:19,Closed,Pothole,MANHATTAN,nan,40.743470365882054,-74.0072320454733,19.246371467777777,16591.571428571428,6876.0,24,0,44.29999923706055,1,Medium,14,0.0,1.0,0.0,0.0,2026-04-25 17:11:05,0,4,0,1,2026-04-06 11:16:19,0.0
68583746,2026-04-06 11:03:45,2026-04-17 12:35:00,Closed,Pothole,MANHATTAN,nan,40.781316237488134,-73.94612963168689,19.25509831962963,16591.571428571428,6876.0,15,1,42.70000076293945,1,Medium,14,0.0,1.0,0.0,0.0,2026-04-25 17:11:05,0,4,0,1,2026-04-17 12:35:00,11.0
68580901,2026-04-06 11:00:27,2026-04-11 12:06:00,Closed,Pothole,QUEENS,nan,40.74137770861215,-73.78589971262137,19.257389986296296,4959.1547619047615,4660.0,10,1,30.299999237060547,1,Medium,14,0.014,0.986,0.0,0.0,2026-04-25 17:11:05,2,4,0,1,2026-04-11 12:06:00,5.0
68579407,2026-04-06 10:58:12,2026-04-15 10:35:00,Closed,Pothole,STATEN ISLAND,nan,40.58790883382908,-74.1970427782078,19.258952486296298,23788.714285714286,2762.0,1,0,31.299999237060547,1,Medium,14,0.002,0.998,0.0,0.0,2026-04-25 17:11:05,4,4,0,1,2026-04-15 10:35:00,8.0
68583788,2026-04-06 10:47:04,,Open,Pothole,QUEENS,nan,40.7107097820174,-73.79303916334497,19.26668396777778,4959.1547619047615,4660.0,19,0,52.4,2,High,15,0.476,0.262,0.157,0.105,2026-04-25 17:11:05,2,4,0,1,,
68579390,2026-04-06 10:18:06,,Open,Pothole,BROOKLYN,nan,40.67890536841816,-73.9163928196439,19.28679970851852,5664.555555555556,6673.0,11,1,42.6,1,Medium,15,0.574,0.213,0.128,0.085,2026-04-25 17:11:05,1,4,0,1,,
68583237,2026-04-06 10:00:23,2026-04-06 10:00:23,Closed,Pothole,QUEENS,nan,40.56090606971587,-73.91548600085787,19.29910294925926,4959.1547619047615,4660.0,2,0,23.600000381469727,0,Low,30,0.897,0.102,0.0,0.0,2026-04-25 17:11:05,2,4,0,1,2026-04-06 10:00:23,0.0
68576044,2026-04-06 09:57:08,2026-04-06 09:57:08,Closed,Pothole,QUEENS,nan,40.727629622880755,-73.84427730525874,19.301359893703705,4959.1547619047615,4660.0,3,1,24.0,0,Low,30,0.853,0.147,0.0,0.0,2026-04-25 17:11:05,2,4,0,1,2026-04-06 09:57:08,0.0
68580319,2026-04-06 09:57:07,2026-04-06 09:57:07,Closed,Pothole,QUEENS,nan,40.734273296723934,-73.8625956125212,19.30137146777778,4959.1547619047615,4660.0,24,1,30.899999618530273,1,Medium,14,0.001,0.999,0.0,0.0,2026-04-25 17:11:05,2,4,0,1,2026-04-06 09:57:07,0.0
68583748,2026-04-06 09:56:51,,Open,Pothole,MANHATTAN,nan,40.75897825494627,-73.99393579583666,19.301556652962965,16591.571428571428,6876.0,44,1,66.3,2,High,8,0.337,0.332,0.199,0.133,2026-04-25 17:11:05,0,4,0,1,,
68576577,2026-04-06 09:53:32,2026-04-17 21:45:00,Closed,Pothole,QUEENS,nan,40.734273296723934,-73.8625956125212,19.303859893703706,4959.1547619047615,4660.0,24,1,30.899999618530273,1,Medium,14,0.001,0.999,0.0,0.0,2026-04-25 17:11:05,2,4,0,1,2026-04-17 21:45:00,11.0
68582316,2026-04-06 09:44:52,2026-04-13 10:25:00,Closed,Pothole,BROOKLYN,nan,40.70376434663383,-73.94261449770798,19.309878412222222,5664.555555555556,6673.0,17,1,33.29999923706055,1,Medium,14,0.0,1.0,0.0,0.0,2026-04-25 17:11:05,1,4,0,1,2026-04-13 10:25:00,7.0
68583238,2026-04-06 09:41:56,2026-04-06 09:41:56,Closed,Pothole,QUEENS,nan,40.66711593551115,-73.83464990083665,19.31191544925926,4959.1547619047615,4660.0,27,0,32.79999923706055,1,Medium,14,0.0,1.0,0.0,0.0,2026-04-25 17:11:05,2,4,0,1,2026-04-06 09:41:56,0.0
68582344,2026-04-06 09:24:41,2026-04-18 09:40:00,Closed,Pothole,QUEENS,nan,40.71249461345563,-73.78446306035745,19.323894615925926,4959.1547619047615,4660.0,26,1,33.0,1,Medium,14,0.002,0.998,0.0,0.0,2026-04-25 17:11:05,2,4,0,1,2026-04-18 09:40:00,12.0
68574647,2026-04-06 09:24:16,2026-04-06 09:24:16,Closed,Pothole,BROOKLYN,nan,40.67712231074169,-73.90046360184252,19.324183967777778,5664.555555555556,6673.0,19,1,30.299999237060547,1,Medium,14,0.0,1.0,0.0,0.0,2026-04-25 17:11:05,1,4,0,1,2026-04-06 09:24:16,0.0
68578848,2026-04-06 09:10:18,2026-04-06 09:10:18,Closed,Pothole,MANHATTAN,nan,40.76468444245788,-73.99178735329583,19.333883041851852,16591.571428571428,6876.0,16,1,42.599998474121094,1,Medium,14,0.0,1.0,0.0,0.0,2026-04-25 17:11:05,0,4,0,1,2026-04-06 09:10:18,0.0
68580285,2026-04-06 09:01:24,2026-04-06 09:01:24,Closed,Pothole,MANHATTAN,nan,40.768023997074046,-73.97028136310426,19.340063597407408,16591.571428571428,6876.0,10,0,44.0,1,Medium,14,0.0,1.0,0.0,0.0,2026-04-25 17:11:05,0,4,0,1,2026-04-06 09:01:24,0.0
68584675,2026-04-06 08:55:58,2026-04-06 08:55:58,Closed,Pothole,BRONX,nan,40.85175836693802,-73.88471696660307,19.343836745555556,6677.6,6655.5,10,1,32.900001525878906,1,Medium,14,0.0,1.0,0.0,0.0,2026-04-25 17:11:05,3,4,0,1,2026-04-06 08:55:58,0.0
68576559,2026-04-06 08:52:54,,Open,Pothole,BRONX,nan,40.88078229465092,-73.88346242504102,19.345966375185185,6677.6,6655.5,24,1,54.5,2,High,15,0.455,0.272,0.163,0.109,2026-04-25 17:11:05,3,4,0,1,,
68580856,2026-04-06 08:48:02,,Open,Pothole,MANHATTAN,nan,40.77039307378342,-73.94807356936934,19.349346004814816,16591.571428571428,6876.0,13,0,61.0,2,High,8,0.39,0.305,0.183,0.122,2026-04-25 17:11:05,0,4,0,1,,
68576578,2026-04-06 08:35:15,2026-04-18 12:30:00,Closed,Pothole,QUEENS,nan,40.751544596619894,-73.87084320922126,19.35822331962963,4959.1547619047615,4660.0,28,1,33.79999923706055,1,Medium,14,0.0,1.0,0.0,0.0,2026-04-25 17:11:05,2,4,0,1,2026-04-18 12:30:00,12.0
68575220,2026-04-06 08:34:04,2026-04-18 14:15:00,Closed,Pothole,QUEENS,nan,40.709989066392616,-73.90474291733454,19.35904507888889,4959.1547619047615,4660.0,6,1,27.5,1,Medium,14,0.228,0.772,0.0,0.0,2026-04-25 17:11:05,2,4,0,1,2026-04-18 14:15:00,12.0
68580902,2026-04-06 08:32:35,2026-04-18 13:42:00,Closed,Pothole,QUEENS,nan,40.708427933279395,-73.90551702698143,19.360075171481483,4959.1547619047615,4660.0,9,1,31.600000381469727,1,Medium,14,0.003,0.997,0.0,0.0,2026-04-25 17:11:05,2,4,0,1,2026-04-18 13:42:00,12.0
68577492,2026-04-06 08:20:07,2026-04-06 08:20:07,Closed,Pothole,QUEENS,nan,40.73177902884212,-73.77010866842208,19.36873257888889,4959.1547619047615,4660.0,5,1,26.200000762939453,1,Medium,14,0.243,0.757,0.0,0.0,2026-04-25 17:11:05,2,4,0,1,2026-04-06 08:20:07,0.0
68579420,2026-04-06 08:18:52,2026-04-18 09:10:00,Closed,Pothole,QUEENS,nan,40.7080488734209,-73.79542437019957,19.369600634444446,4959.1547619047615,4660.0,14,1,34.5,1,Medium,14,0.0,1.0,0.0,0.0,2026-04-25 17:11:05,2,4,0,1,2026-04-18 09:10:00,12.0
68576046,2026-04-06 08:18:45,2026-04-06 08:18:45,Closed,Pothole,QUEENS,nan,40.76935266656995,-73.83257651909997,19.369681652962964,4959.1547619047615,4660.0,12,1,33.099998474121094,1,Medium,14,0.001,0.999,0.0,0.0,2026-04-25 17:11:05,2,4,0,1,2026-04-06 08:18:45,0.0
68580903,2026-04-06 08:16:13,2026-04-18 13:45:00,Closed,Pothole,QUEENS,nan,40.702166885662926,-73.79239125419967,19.371440912222223,4959.1547619047615,4660.0,11,0,31.899999618530273,1,Medium,14,0.0,1.0,0.0,0.0,2026-04-25 17:11:05,2,4,0,1,2026-04-18 13:45:00,12.0
68580322,2026-04-06 08:14:42,2026-04-06 08:14:42,Closed,Pothole,QUEENS,nan,40.70289457633228,-73.86915579783403,19.372494152962965,4959.1547619047615,4660.0,13,0,32.599998474121094,1,Medium,14,0.0,1.0,0.0,0.0,2026-04-25 17:11:05,2,4,0,1,2026-04-06 08:14:42,0.0
68580905,2026-04-06 08:04:03,2026-04-08 20:55:00,Closed,Pothole,QUEENS,nan,40.69595062654502,-73.8623680620651,19.3798899862963,4959.1547619047615,4660.0,3,0,23.0,0,Low,30,0.877,0.123,0.0,0.0,2026-04-25 17:11:05,2,4,0,1,2026-04-08 20:55:00,2.0
68578022,2026-04-06 08:01:08,2026-04-11 10:25:00,Closed,Pothole,BROOKLYN,nan,40.71121388040269,-73.9633775315541,19.38191544925926,5664.555555555556,6673.0,17,1,34.900001525878906,1,Medium,14,0.0,1.0,0.0,0.0,2026-04-25 17:11:05,1,4,0,1,2026-04-11 10:25:00,5.0
68583225,2026-04-06 07:53:27,2026-04-06 07:53:27,Closed,Pothole,STATEN ISLAND,nan,40.542621836844965,-74.15212536482787,19.387251097407407,23788.714285714286,2762.0,0,1,32.70000076293945,1,Medium,14,0.003,0.997,0.0,0.0,2026-04-25 17:11:05,4,4,0,0,2026-04-06 07:53:27,0.0
68585209,2026-04-06 07:52:55,2026-04-17 13:04:00,Closed,Pothole,QUEENS,nan,40.72421487973412,-73.91488926345671,19.38762146777778,4959.1547619047615,4660.0,6,0,27.5,1,Medium,14,0.236,0.764,0.0,0.0,2026-04-25 17:11:05,2,4,0,1,2026-04-17 13:04:00,11.0
68577493,2026-04-06 07:46:46,2026-04-06 07:46:46,Closed,Pothole,QUEENS,nan,40.74256703423045,-73.70334523891631,19.391892301111113,4959.1547619047615,4660.0,2,0,22.299999237060547,0,Low,30,0.996,0.004,0.0,0.0,2026-04-25 17:11:05,2,4,0,1,2026-04-06 07:46:46,0.0
68580906,2026-04-06 07:45:52,2026-04-18 10:25:00,Closed,Pothole,QUEENS,nan,40.75199174275803,-73.93126511681035,19.392517301111113,4959.1547619047615,4660.0,14,0,33.20000076293945,1,Medium,14,0.0,1.0,0.0,0.0,2026-04-25 17:11:05,2,4,0,1,2026-04-18 10:25:00,12.0
68578046,2026-04-06 07:43:06,2026-04-18 10:05:00,Closed,Pothole,QUEENS,nan,40.751972940965125,-73.93195811544349,19.394438597407408,4959.1547619047615,4660.0,17,0,33.5,1,Medium,14,0.0,1.0,0.0,0.0,2026-04-25 17:11:05,2,4,0,1,2026-04-18 10:05:00,12.0
68583242,2026-04-06 07:36:31,2026-04-06 07:36:31,Closed,Pothole,QUEENS,nan,40.761217008162774,-73.8863970016137,19.39901035666667,4959.1547619047615,4660.0,7,0,29.0,1,Medium,14,0.013,0.987,0.0,0.0,2026-04-25 17:11:05,2,4,0,1,2026-04-06 07:36:31,0.0
68578047,2026-04-06 07:30:33,2026-04-18 07:25:00,Closed,Pothole,QUEENS,nan,40.688093984436094,-73.79521155049555,19.403153875185186,4959.1547619047615,4660.0,7,0,29.600000381469727,1,Medium,14,0.008,0.992,0.0,0.0,2026-04-25 17:11:05,2,4,0,1,2026-04-18 07:25:00,11.0
68580884,2026-04-06 07:13:09,2026-04-11 07:40:00,Closed,Pothole,STATEN ISLAND,nan,40.60024871387224,-74.1089682237393,19.41523720851852,23788.714285714286,2762.0,0,1,31.399999618530273,1,Medium,14,0.001,0.999,0.0,0.0,2026-04-25 17:11:05,4,4,0,0,2026-04-11 07:40:00,5.0
68583772,2026-04-06 07:09:44,2026-04-11 08:30:00,Closed,Pothole,STATEN ISLAND,nan,40.599087429581864,-74.10921479779705,19.417609893703705,23788.714285714286,2762.0,1,1,31.799999237060547,1,Medium,14,0.001,0.999,0.0,0.0,2026-04-25 17:11:05,4,4,0,1,2026-04-11 08:30:00,5.0
68582317,2026-04-06 07:09:11,2026-04-07 14:50:00,Closed,Pothole,BROOKLYN,nan,40.67145862767658,-73.99102377731397,19.41799183814815,5664.555555555556,6673.0,8,1,32.0,1,Medium,14,0.008,0.992,0.0,0.0,2026-04-25 17:11:05,1,4,0,1,2026-04-07 14:50:00,1.0
68580875,2026-04-06 07:06:12,,Open,Pothole,BRONX,nan,40.880392308948224,-73.91092483223372,19.42006359740741,6677.6,6655.5,8,0,35.8,1,Medium,15,0.642,0.179,0.107,0.072,2026-04-25 17:11:05,3,4,0,1,,
68576545,2026-04-06 06:55:39,,Open,Pothole,MANHATTAN,nan,40.772877596081386,-73.99341102231814,19.427389986296298,16591.571428571428,6876.0,11,0,55.7,2,High,8,0.443,0.279,0.167,0.111,2026-04-25 17:11:05,0,4,0,1,,
68582347,2026-04-06 06:27:33,,Pending,Pothole,QUEENS,nan,40.69595062654502,-73.8623680620651,19.446903875185185,4959.1547619047615,4660.0,3,0,23.0,0,Low,30,0.877,0.123,0.0,0.0,2026-04-25 17:11:05,2,4,0,1,,
68579421,2026-04-06 06:04:58,2026-04-18 11:44:00,Closed,Pothole,QUEENS,nan,40.70289457633228,-73.86915579783403,19.46258674555556,4959.1547619047615,4660.0,13,0,32.599998474121094,1,Medium,14,0.0,1.0,0.0,0.0,2026-04-25 17:11:05,2,4,0,1,2026-04-18 11:44:00,12.0
68585210,2026-04-06 05:56:50,2026-04-18 08:45:00,Closed,Pothole,QUEENS,nan,40.778615408499675,-73.83976021915419,19.468234893703706,4959.1547619047615,4660.0,6,0,27.100000381469727,1,Medium,14,0.351,0.648,0.0,0.0,2026-04-25 17:11:05,2,4,0,1,2026-04-18 08:45:00,12.0
68580907,2026-04-06 05:55:48,2026-04-18 07:45:00,Closed,Pothole,QUEENS,nan,40.79271062050346,-73.84653393281916,19.4689524862963,4959.1547619047615,4660.0,5,1,26.200000762939453,1,Medium,14,0.134,0.865,0.0,0.0,2026-04-25 17:11:05,2,4,0,1,2026-04-18 07:45:00,12.0
68583791,2026-04-06 05:29:20,2026-04-18 07:55:00,Closed,Pothole,QUEENS,nan,40.75846786892614,-73.77647418297774,19.487332115925927,4959.1547619047615,4660.0,31,0,33.70000076293945,1,Medium,14,0.001,0.998,0.0,0.0,2026-04-25 17:11:05,2,4,0,1,2026-04-18 07:55:00,12.0
68585211,2026-04-06 05:25:03,2026-04-15 13:20:00,Closed,Pothole,QUEENS,nan,40.728370959098946,-73.87113346680071,19.490306652962964,4959.1547619047615,4660.0,10,0,33.599998474121094,1,Medium,14,0.0,1.0,0.0,0.0,2026-04-25 17:11:05,2,4,0,1,2026-04-15 13:20:00,9.0
68579422,2026-04-06 05:15:50,2026-04-08 21:22:00,Closed,Pothole,QUEENS,nan,40.69595062654502,-73.8623680620651,19.496707115925926,4959.1547619047615,4660.0,3,0,23.0,0,Low,30,0.877,0.123,0.0,0.0,2026-04-25 17:11:05,2,4,0,1,2026-04-08 21:22:00,2.0
68585212,2026-04-06 05:13:49,2026-04-07 23:53:00,Closed,Pothole,QUEENS,nan,40.711464773780904,-73.83570497381895,19.49810757888889,4959.1547619047615,4660.0,15,1,34.70000076293945,1,Medium,14,0.0,1.0,0.0,0.0,2026-04-25 17:11:05,2,4,0,1,2026-04-07 23:53:00,1.0
68578024,2026-04-06 04:39:17,2026-04-11 13:42:00,Closed,Pothole,BROOKLYN,nan,40.640767549311825,-73.95140655947002,19.522089060370373,5664.555555555556,6673.0,18,1,33.400001525878906,1,Medium,14,0.0,1.0,0.0,0.0,2026-04-25 17:11:05,1,4,0,1,2026-04-11 13:42:00,5.0
68585181,2026-04-06 04:39:05,2026-04-11 13:51:00,Closed,Pothole,BROOKLYN,nan,40.63980683172786,-73.95130636951028,19.52222794925926,5664.555555555556,6673.0,18,1,33.900001525878906,1,Medium,14,0.0,1.0,0.0,0.0,2026-04-25 17:11:05,1,4,0,1,2026-04-11 13:51:00,5.0
68575224,2026-04-06 02:03:18,2026-04-11 12:39:00,Closed,Pothole,QUEENS,nan,40.69131490562682,-73.86720965298079,19.63041081962963,4959.1547619047615,4660.0,6,0,27.0,1,Medium,14,0.182,0.818,0.0,0.0,2026-04-25 17:11:05,2,4,0,1,2026-04-11 12:39:00,5.0
68578880,2026-04-06 00:04:58,2026-04-06 00:04:58,Closed,Pothole,QUEENS,nan,40.66832793744469,-73.79626354458001,19.71258674555556,4959.1547619047615,4660.0,11,0,34.79999923706055,1,Medium,14,0.001,0.999,0.0,0.0,2026-04-25 17:11:05,2,4,0,1,2026-04-06 00:04:58,0.0
68581778,2026-04-06 00:02:17,2026-04-06 00:02:17,Closed,Pothole,QUEENS,nan,40.68111153156775,-73.76117598695636,19.714450171481484,4959.1547619047615,4660.0,16,0,33.0,1,Medium,14,0.0,1.0,0.0,0.0,2026-04-25 17:11:05,2,4,0,1,2026-04-06 00:02:17,0.0
68583243,2026-04-06 00:00:38,2026-04-06 00:00:38,Closed,Pothole,QUEENS,nan,40.686700351371954,-73.73744096893489,19.715596004814817,4959.1547619047615,4660.0,3,0,23.899999618530273,0,Low,30,0.977,0.023,0.0,0.0,2026-04-25 17:11:05,2,4,0,1,2026-04-06 00:00:38,0.0
68584693,2026-04-05 23:57:36,2026-04-05 23:57:36,Closed,Pothole,QUEENS,120 AVENUE,40.68979035953715,-73.75201112204483,19.717702486296297,4959.1547619047615,2825.0,4,0,21.399999618530273,0,Low,30,0.82,0.18,0.0,0.0,2026-04-25 17:11:05,2,4,6,1,2026-04-05 23:57:36,0.0
68574674,2026-04-05 23:56:33,2026-04-05 23:56:33,Closed,Pothole,QUEENS,120 AVENUE,40.689195495037985,-73.7536395872249,19.718431652962963,4959.1547619047615,2825.0,5,0,24.0,0,Low,30,0.617,0.382,0.0,0.0,2026-04-25 17:11:05,2,4,6,1,2026-04-05 23:56:33,0.0
68583793,2026-04-05 23:54:30,2026-04-15 21:45:00,Closed,Pothole,QUEENS,nan,40.667754995834834,-73.74561896586661,19.719855264074074,4959.1547619047615,4660.0,0,1,23.299999237060547,0,Low,30,0.997,0.003,0.0,0.0,2026-04-25 17:11:05,2,4,6,0,2026-04-15 21:45:00,9.0
68580324,2026-04-05 23:53:59,2026-04-05 23:53:59,Closed,Pothole,QUEENS,nan,40.68973616714039,-73.74728757941112,19.72021406037037,4959.1547619047615,4660.0,5,0,26.700000762939453,0,Low,30,0.524,0.476,0.0,0.0,2026-04-25 17:11:05,2,4,6,1,2026-04-05 23:53:59,0.0
68583245,2026-04-05 23:53:15,2026-04-05 23:53:15,Closed,Pothole,QUEENS,nan,40.6950905500885,-73.74573104254247,19.72072331962963,4959.1547619047615,4660.0,11,0,32.70000076293945,1,Medium,14,0.0,1.0,0.0,0.0,2026-04-25 17:11:05,2,4,6,1,2026-04-05 23:53:15,0.0
68584694,2026-04-05 23:51:30,2026-04-05 23:51:30,Closed,Pothole,QUEENS,nan,40.672258770779074,-73.77296708186967,19.72193859740741,4959.1547619047615,4660.0,4,1,30.100000381469727,1,Medium,14,0.077,0.923,0.0,0.0,2026-04-25 17:11:05,2,4,6,1,2026-04-05 23:51:30,0.0
68576532,2026-04-05 23:18:09,2026-04-15 10:40:00,Closed,Pothole,QUEENS,nan,40.708265638229754,-73.89557663639876,19.74509831962963,4959.1547619047615,4660.0,7,0,28.100000381469727,1,Medium,14,0.01,0.99,0.0,0.0,2026-04-25 17:11:05,2,4,6,1,2026-04-15 10:40:00,9.0
68575168,2026-04-05 23:15:42,2026-04-15 10:10:00,Closed,Pothole,QUEENS,nan,40.70775964304408,-73.89756481680679,19.74679970851852,4959.1547619047615,4660.0,14,0,31.5,1,Medium,14,0.0,1.0,0.0,0.0,2026-04-25 17:11:05,2,4,6,1,2026-04-15 10:10:00,9.0
68580857,2026-04-05 22:14:16,,Open,Pothole,MANHATTAN,nan,40.781130030511314,-73.98352731959616,19.789461745555556,16591.571428571428,6876.0,12,0,58.5,2,High,8,0.415,0.293,0.176,0.117,2026-04-25 17:11:05,0,4,6,1,,
68583730,2026-04-05 22:13:20,2026-04-18 09:40:00,Closed,Pothole,QUEENS,nan,40.7526926233133,-73.93291023707339,19.790109893703704,4959.1547619047615,4660.0,14,0,33.400001525878906,1,Medium,14,0.0,1.0,0.0,0.0,2026-04-25 17:11:05,2,4,6,1,2026-04-18 09:40:00,12.0
68575185,2026-04-05 22:09:21,,Open,Pothole,MANHATTAN,nan,40.78791319432663,-73.95577707067562,19.792876097407408,16591.571428571428,6876.0,12,1,58.5,2,High,8,0.415,0.293,0.176,0.117,2026-04-25 17:11:05,0,4,6,1,,
68580869,2026-04-05 21:21:04,2026-04-13 11:07:00,Closed,Pothole,BROOKLYN,nan,40.66547318576613,-73.86751702423446,19.82640619,5664.555555555556,6673.0,9,1,32.099998474121094,1,Medium,14,0.0,1.0,0.0,0.0,2026-04-25 17:11:05,1,4,6,1,2026-04-13 11:07:00,7.0
68585182,2026-04-05 21:05:20,2026-04-20 15:44:00,Closed,Pothole,BROOKLYN,nan,40.68777317631344,-73.98700112443595,19.83733211592593,5664.555555555556,6673.0,29,1,30.299999237060547,1,Medium,14,0.001,0.999,0.0,0.0,2026-04-25 17:11:05,1,4,6,1,2026-04-20 15:44:00,14.0
68582297,2026-04-05 20:53:53,2026-04-15 21:15:00,Closed,Pothole,QUEENS,nan,40.758949104156066,-73.83190961621168,19.845283504814816,4959.1547619047615,4660.0,42,1,31.5,1,Medium,14,0.0,1.0,0.0,0.0,2026-04-25 17:11:05,2,4,6,1,2026-04-15 21:15:00,10.0
68583761,2026-04-05 20:42:26,,Open,Pothole,BROOKLYN,nan,40.640914779776715,-73.97364216306418,19.853234893703704,5664.555555555556,6673.0,18,0,53.4,2,High,15,0.466,0.267,0.16,0.107,2026-04-25 17:11:05,1,4,6,1,,
68583733,2026-04-05 20:41:00,2026-04-15 21:45:00,Closed,Pothole,QUEENS,nan,40.7590540604679,-73.79502225980788,19.854230264074076,4959.1547619047615,4660.0,5,1,26.0,1,Medium,14,0.49,0.509,0.001,0.0,2026-04-25 17:11:05,2,4,6,1,2026-04-15 21:45:00,10.0
68574626,2026-04-05 20:33:17,2026-04-05 20:33:17,Closed,Pothole,QUEENS,nan,40.76089914291656,-73.81313395939272,19.85958906037037,4959.1547619047615,4660.0,5,1,26.0,1,Medium,14,0.326,0.674,0.0,0.0,2026-04-25 17:11:05,2,4,6,1,2026-04-05 20:33:17,0.0
68584669,2026-04-05 20:19:56,2026-04-05 20:19:56,Closed,Pothole,BROOKLYN,nan,40.69940502772904,-73.95336898944538,19.868859893703704,5664.555555555556,6673.0,21,0,30.700000762939453,1,Medium,14,0.0,1.0,0.0,0.0,2026-04-25 17:11:05,1,4,6,1,2026-04-05 20:19:56,0.0
68576027,2026-04-05 20:18:06,2026-04-05 20:18:06,Closed,Pothole,BROOKLYN,nan,40.69940502772904,-73.95336898944538,19.870133041851854,5664.555555555556,6673.0,21,0,30.700000762939453,1,Medium,14,0.0,1.0,0.0,0.0,2026-04-25 17:11:05,1,4,6,1,2026-04-05 20:18:06,0.0
68585166,2026-04-05 19:56:28,2026-04-18 21:11:00,Closed,Pothole,MANHATTAN,nan,40.72463333863871,-73.99858574825272,19.88515619,16591.571428571428,6876.0,36,1,42.900001525878906,1,Medium,14,0.0,1.0,0.0,0.0,2026-04-25 17:11:05,0,4,6,1,2026-04-18 21:11:00,13.0
68580845,2026-04-05 19:53:02,2026-04-11 11:20:00,Closed,Pothole,QUEENS,nan,40.59514031915387,-73.75398660655783,19.887540449259262,4959.1547619047615,4660.0,9,0,30.399999618530273,1,Medium,14,0.002,0.998,0.0,0.0,2026-04-25 17:11:05,2,4,6,1,2026-04-11 11:20:00,5.0
68577451,2026-04-05 19:51:10,2026-04-05 19:51:10,Closed,Pothole,QUEENS,nan,40.75035193912702,-73.8188371854531,19.888836745555558,4959.1547619047615,4660.0,5,1,25.600000381469727,1,Medium,14,0.085,0.915,0.0,0.0,2026-04-25 17:11:05,2,4,6,1,2026-04-05 19:51:10,0.0
68583734,2026-04-05 19:49:06,2026-04-11 14:12:00,Closed,Pothole,QUEENS,nan,40.59602211092629,-73.74302236767556,19.89027193074074,4959.1547619047615,4660.0,11,0,33.5,1,Medium,14,0.0,1.0,0.0,0.0,2026-04-25 17:11:05,2,4,6,1,2026-04-11 14:12:00,5.0
68585167,2026-04-05 19:45:45,2026-04-17 10:40:00,Closed,Pothole,MANHATTAN,nan,40.776876725758946,-73.94937555652666,19.89259831962963,16591.571428571428,6876.0,5,0,38.70000076293945,1,Medium,14,0.001,0.999,0.0,0.0,2026-04-25 17:11:05,0,4,6,1,2026-04-17 10:40:00,11.0
68578828,2026-04-05 19:31:44,2026-04-05 19:31:44,Closed,Pothole,QUEENS,nan,40.76089914291656,-73.81313395939272,19.902332115925926,4959.1547619047615,4660.0,5,1,26.0,1,Medium,14,0.326,0.674,0.0,0.0,2026-04-25 17:11:05,2,4,6,1,2026-04-05 19:31:44,0.0
68577463,2026-04-05 19:08:52,2026-04-05 19:08:52,Closed,Pothole,MANHATTAN,WEST  155 STREET,40.83280716929697,-73.94592532679485,19.918211745555556,16591.571428571428,6876.0,17,1,44.79999923706055,1,Medium,14,0.0,1.0,0.0,0.0,2026-04-25 17:11:05,0,4,6,1,2026-04-05 19:08:52,0.0
68582298,2026-04-05 19:07:40,2026-04-18 13:03:00,Closed,Pothole,QUEENS,nan,40.708657799862344,-73.73470338338866,19.91904507888889,4959.1547619047615,4660.0,3,0,24.799999237060547,0,Low,30,0.654,0.346,0.0,0.0,2026-04-25 17:11:05,2,4,6,1,2026-04-18 13:03:00,12.0
68574629,2026-04-05 19:00:49,2026-04-05 19:00:49,Closed,Pothole,QUEENS,ASTORIA BOULEVARD,40.766103355503255,-73.88994816080626,19.923802023333334,11347.333333333334,29394.0,26,0,42.400001525878906,1,Medium,14,0.0,1.0,0.0,0.0,2026-04-25 17:11:05,2,4,6,1,2026-04-05 19:00:49,0.0
68578829,2026-04-05 18:56:14,2026-04-05 18:56:14,Closed,Pothole,QUEENS,nan,40.76477575732588,-73.88799014488889,19.926984893703704,4959.1547619047615,4660.0,17,0,33.0,1,Medium,14,0.0,1.0,0.0,0.0,2026-04-25 17:11:05,2,4,6,1,2026-04-05 18:56:14,0.0
68577452,2026-04-05 18:54:05,2026-04-05 18:54:05,Closed,Pothole,QUEENS,nan,40.74584421351302,-73.70653178846892,19.92847794925926,4959.1547619047615,4660.0,2,0,22.399999618530273,0,Low,30,0.981,0.018,0.0,0.0,2026-04-25 17:11:05,2,4,6,1,2026-04-05 18:54:05,0.0
68576535,2026-04-05 18:08:12,2026-04-08 22:22:00,Closed,Pothole,QUEENS,nan,40.7599300035456,-73.89845559346726,19.960341375185187,4959.1547619047615,4660.0,8,0,30.299999237060547,1,Medium,14,0.002,0.998,0.0,0.0,2026-04-25 17:11:05,2,4,6,1,2026-04-08 22:22:00,3.0
68576003,2026-04-05 17:54:03,2026-04-05 17:54:03,Closed,Pothole,QUEENS,nan,40.66548875606656,-73.7523465845812,19.970167764074077,4959.1547619047615,4660.0,13,1,32.099998474121094,1,Medium,14,0.0,1.0,0.0,0.0,2026-04-25 17:11:05,2,4,6,1,2026-04-05 17:54:03,0.0
68579409,2026-04-05 17:53:01,2026-04-18 09:00:00,Closed,Pothole,STATEN ISLAND,nan,40.57968972564117,-74.10039198058301,19.970885356666667,23788.714285714286,2762.0,12,0,43.5,1,Medium,14,0.0,1.0,0.0,0.0,2026-04-25 17:11:05,4,4,6,1,2026-04-18 09:00:00,12.0
68585156,2026-04-05 17:51:05,2026-04-18 15:00:00,Closed,Pothole,QUEENS,nan,40.704033104522615,-73.79379204757791,19.97222794925926,4959.1547619047615,4660.0,11,0,32.599998474121094,1,Medium,14,0.0,1.0,0.0,0.0,2026-04-25 17:11:05,2,4,6,1,2026-04-18 15:00:00,12.0
68575198,2026-04-05 17:46:23,2026-04-18 13:50:00,Closed,Pothole,BROOKLYN,nan,40.61805208444055,-73.9806823428405,19.975491838148148,5664.555555555556,6673.0,9,1,32.400001525878906,1,Medium,14,0.0,1.0,0.0,0.0,2026-04-25 17:11:05,1,4,6,1,2026-04-18 13:50:00,12.0
68578832,2026-04-05 17:19:30,2026-04-05 17:19:30,Closed,Pothole,QUEENS,nan,40.74723392291737,-73.70903394184133,19.99416081962963,4959.1547619047615,4660.0,5,0,24.399999618530273,0,Low,30,0.861,0.139,0.0,0.0,2026-04-25 17:11:05,2,4,6,1,2026-04-05 17:19:30,0.0
68583737,2026-04-05 17:09:00,2026-04-15 09:15:00,Closed,Pothole,QUEENS,nan,40.74256703423045,-73.70334523891631,20.001452486296298,4959.1547619047615,4660.0,2,0,22.0,0,Low,30,0.995,0.005,0.0,0.0,2026-04-25 17:11:05,2,4,6,1,2026-04-15 09:15:00,9.0
68579371,2026-04-05 17:06:13,2026-04-15 13:00:00,Closed,Pothole,QUEENS,nan,40.74623754177371,-73.70470752326153,20.00338535666667,4959.1547619047615,4660.0,0,0,18.299999237060547,0,Low,30,0.999,0.001,0.0,0.0,2026-04-25 17:11:05,2,4,6,0,2026-04-15 13:00:00,9.0
68583749,2026-04-05 16:49:35,,Open,Pothole,MANHATTAN,nan,40.71345391056393,-73.99730904374887,20.014936282592593,16591.571428571428,6876.0,20,1,66.6,2,High,9,0.334,0.333,0.2,0.133,2026-04-25 17:11:05,0,4,6,1,,
68579372,2026-04-05 16:32:37,2026-04-17 09:00:00,Closed,Pothole,QUEENS,nan,40.74054007674374,-73.89730872573855,20.026718690000003,4959.1547619047615,4660.0,34,0,31.799999237060547,1,Medium,14,0.0,1.0,0.0,0.0,2026-04-25 17:11:05,2,4,6,1,2026-04-17 09:00:00,11.0
68582323,2026-04-05 16:17:59,2026-04-11 09:50:00,Closed,Pothole,BROOKLYN,nan,40.66056220378517,-74.0011894255518,20.036880727037037,5664.555555555556,6673.0,22,0,32.0,1,Medium,14,0.0,1.0,0.0,0.0,2026-04-25 17:11:05,1,4,6,1,2026-04-11 09:50:00,5.0
68575172,2026-04-05 16:17:45,2026-04-11 13:52:00,Closed,Pothole,QUEENS,nan,40.68301904426333,-73.84236958946632,20.037042764074076,4959.1547619047615,4660.0,5,0,27.200000762939453,1,Medium,14,0.076,0.924,0.0,0.0,2026-04-25 17:11:05,2,4,6,1,2026-04-11 13:52:00,5.0
68583738,2026-04-05 16:14:46,2026-04-11 13:49:00,Closed,Pothole,QUEENS,nan,40.683753821295106,-73.83978625778587,20.039114523333335,4959.1547619047615,4660.0,9,0,31.899999618530273,1,Medium,14,0.0,1.0,0.0,0.0,2026-04-25 17:11:05,2,4,6,1,2026-04-11 13:49:00,5.0
68576033,2026-04-05 16:02:04,2026-04-05 16:02:04,Closed,Pothole,BRONX,nan,40.833965234391094,-73.86289203458179,20.04793396777778,6677.6,6655.5,55,1,32.0,1,Medium,14,0.0,1.0,0.0,0.0,2026-04-25 17:11:05,3,4,6,1,2026-04-05 16:02:04,0.0
68576561,2026-04-05 15:48:52,2026-04-23 13:50:00,Closed,Pothole,BROOKLYN,nan,40.68634583551444,-73.92339660632008,20.057100634444446,5664.555555555556,6673.0,14,1,33.099998474121094,1,Medium,14,0.0,1.0,0.0,0.0,2026-04-25 17:11:05,1,4,6,1,2026-04-23 13:50:00,17.0
68578025,2026-04-05 15:42:30,2026-04-11 17:50:00,Closed,Pothole,BROOKLYN,nan,40.661179966451584,-73.95695681196024,20.061521930740742,5664.555555555556,6673.0,6,1,28.899999618530273,1,Medium,14,0.007,0.993,0.0,0.0,2026-04-25 17:11:05,1,4,6,1,2026-04-11 17:50:00,6.0
68584676,2026-04-05 15:40:33,2026-04-05 15:40:33,Closed,Pothole,BROOKLYN,nan,40.66059386152177,-73.9313268541998,20.062876097407408,5664.555555555556,6673.0,16,1,32.900001525878906,1,Medium,14,0.0,1.0,0.0,0.0,2026-04-25 17:11:05,1,4,6,1,2026-04-05 15:40:33,0.0
68582299,2026-04-05 15:26:26,2026-04-14 15:17:00,Closed,Pothole,QUEENS,nan,40.67474604891468,-73.76367548486864,20.07267933814815,4959.1547619047615,4660.0,8,0,30.200000762939453,1,Medium,14,0.001,0.999,0.0,0.0,2026-04-25 17:11:05,2,4,6,1,2026-04-14 15:17:00,8.0
68581755,2026-04-05 15:08:09,2026-04-05 15:08:09,Closed,Pothole,BROOKLYN,nan,40.653190255883345,-73.96621323435924,20.08537609740741,5664.555555555556,6673.0,7,1,31.799999237060547,1,Medium,14,0.002,0.998,0.0,0.0,2026-04-25 17:11:05,1,4,6,1,2026-04-05 15:08:09,0.0
68580878,2026-04-05 15:05:36,2026-04-18 13:35:00,Closed,Pothole,BROOKLYN,nan,40.586524571977066,-73.92952365157892,20.087146930740744,5664.555555555556,6673.0,20,1,33.70000076293945,1,Medium,14,0.0,1.0,0.0,0.0,2026-04-25 17:11:05,1,4,6,1,2026-04-18 13:35:00,12.0
68577469,2026-04-05 15:04:52,2026-04-06 14:35:00,Closed,Pothole,BROOKLYN,BROADWAY,40.70807711291654,-73.95688685400027,20.08765619,5664.555555555556,13110.0,36,1,32.599998474121094,1,Medium,14,0.0,1.0,0.0,0.0,2026-04-25 17:11:05,1,4,6,1,2026-04-06 14:35:00,0.0
68574646,2026-04-05 15:04:33,2026-04-06 14:18:00,Closed,Pothole,BROOKLYN,BROADWAY,40.70863213200237,-73.95845550499334,20.08787609740741,5664.555555555556,13110.0,37,1,35.099998474121094,1,Medium,14,0.0,1.0,0.0,0.0,2026-04-25 17:11:05,1,4,6,1,2026-04-06 14:18:00,0.0
68584666,2026-04-05 15:04:04,2026-04-06 11:00:00,Closed,Pothole,BROOKLYN,nan,40.68072590245689,-73.87485618799677,20.088211745555558,5664.555555555556,6673.0,14,1,33.5,1,Medium,14,0.0,1.0,0.0,0.0,2026-04-25 17:11:05,1,4,6,1,2026-04-06 11:00:00,0.0
68581750,2026-04-05 15:03:37,2026-04-06 14:03:00,Closed,Pothole,BROOKLYN,BROADWAY,40.70997019266342,-73.96241514804954,20.088524245555558,5664.555555555556,13110.0,19,1,36.900001525878906,1,Medium,14,0.0,1.0,0.0,0.0,2026-04-25 17:11:05,1,4,6,1,2026-04-06 14:03:00,0.0
68580288,2026-04-05 15:03:23,2026-04-05 15:03:23,Closed,Pothole,MANHATTAN,nan,40.794236798023775,-73.96282263022327,20.088686282592594,16591.571428571428,6876.0,4,0,37.0,1,Medium,14,0.0,1.0,0.0,0.0,2026-04-25 17:11:05,0,4,6,1,2026-04-05 15:03:23,0.0
68580291,2026-04-05 15:03:00,2026-04-06 13:39:00,Closed,Pothole,BROOKLYN,nan,40.7104784300833,-73.96383963408627,20.088952486296296,5664.555555555556,6673.0,15,1,34.599998474121094,1,Medium,14,0.0,1.0,0.0,0.0,2026-04-25 17:11:05,1,4,6,1,2026-04-06 13:39:00,0.0
68577470,2026-04-05 15:02:02,2026-04-06 12:13:00,Closed,Pothole,BROOKLYN,JAMAICA AVENUE,40.690301585349744,-73.8716073014804,20.089623782592593,5664.555555555556,17485.0,3,0,26.899999618530273,1,Medium,14,0.024,0.976,0.0,0.0,2026-04-25 17:11:05,1,4,6,1,2026-04-06 12:13:00,0.0
68578858,2026-04-05 15:00:35,2026-04-06 10:15:00,Closed,Pothole,BROOKLYN,PINE STREET,40.67407888314418,-73.87064353697681,20.090630727037038,5664.555555555556,6673.0,25,1,32.70000076293945,1,Medium,14,0.0,1.0,0.0,0.0,2026-04-25 17:11:05,1,4,6,1,2026-04-06 10:15:00,0.0
68584667,2026-04-05 15:00:13,2026-04-06 10:02:00,Closed,Pothole,BROOKLYN,STANLEY AVENUE,40.66370439986094,-73.87382119202341,20.090885356666668,5664.555555555556,7624.0,6,1,32.400001525878906,1,Medium,14,0.002,0.998,0.0,0.0,2026-04-25 17:11:05,1,4,6,1,2026-04-06 10:02:00,0.0
68576025,2026-04-05 14:59:42,2026-04-06 09:08:00,Closed,Pothole,BROOKLYN,FLATLANDS AVENUE,40.64912367385375,-73.89228892626795,20.091244152962965,8120.555555555556,24705.0,14,1,42.29999923706055,1,Medium,14,0.0,1.0,0.0,0.0,2026-04-25 17:11:05,1,4,6,1,2026-04-06 09:08:00,0.0
68578859,2026-04-05 14:59:14,2026-04-06 08:35:00,Closed,Pothole,BROOKLYN,FLATLANDS AVENUE,40.63328459208975,-73.91673459963656,20.091568227037037,8120.555555555556,24705.0,11,0,37.400001525878906,1,Medium,14,0.0,1.0,0.0,0.0,2026-04-25 17:11:05,1,4,6,1,2026-04-06 08:35:00,0.0
68583196,2026-04-05 14:43:55,2026-04-05 14:43:55,Closed,Pothole,QUEENS,nan,40.6789705621564,-73.75983886670711,20.102204801111114,4959.1547619047615,4660.0,15,0,33.0,1,Medium,14,0.0,1.0,0.0,0.0,2026-04-25 17:11:05,2,4,6,1,2026-04-05 14:43:55,0.0
68583739,2026-04-05 14:41:13,,Open,Pothole,QUEENS,nan,40.68767194476877,-73.84074319567387,20.104079801111112,4959.1547619047615,4660.0,11,1,42.0,1,Medium,16,0.58,0.21,0.126,0.084,2026-04-25 17:11:05,2,4,6,1,,
68577464,2026-04-05 14:37:58,2026-04-05 14:37:58,Closed,Pothole,MANHATTAN,nan,40.861592751649304,-73.92474206293129,20.106336745555556,16591.571428571428,6876.0,18,0,41.79999923706055,1,Medium,14,0.0,1.0,0.0,0.0,2026-04-25 17:11:05,0,4,6,1,2026-04-05 14:37:58,0.0
68583740,2026-04-05 14:18:40,2026-04-18 13:20:00,Closed,Pothole,QUEENS,nan,40.76089914291656,-73.81313395939272,20.119739523333333,4959.1547619047615,4660.0,5,1,26.0,1,Medium,14,0.426,0.574,0.001,0.0,2026-04-25 17:11:05,2,4,6,1,2026-04-18 13:20:00,12.0
68583766,2026-04-05 14:04:15,2026-04-23 10:12:00,Closed,Pothole,BROOKLYN,nan,40.69657162375577,-73.95843417007151,20.129751097407407,5664.555555555556,6673.0,16,1,32.29999923706055,1,Medium,14,0.0,1.0,0.0,0.0,2026-04-25 17:11:05,1,4,6,1,2026-04-23 10:12:00,17.0
68582331,2026-04-05 14:00:25,2026-04-19 02:40:00,Closed,Pothole,STATEN ISLAND,nan,40.63778221701535,-74.07694038166075,20.132413134444445,23788.714285714286,2762.0,17,1,41.29999923706055,1,Medium,14,0.0,1.0,0.0,0.0,2026-04-25 17:11:05,4,4,6,1,2026-04-19 02:40:00,13.0
68582300,2026-04-05 13:50:38,2026-04-17 10:06:00,Closed,Pothole,QUEENS,nan,40.740426999845056,-73.89670264803654,20.139207115925927,4959.1547619047615,4660.0,27,0,32.0,1,Medium,14,0.0,1.0,0.0,0.0,2026-04-25 17:11:05,2,4,6,1,2026-04-17 10:06:00,11.0
68576004,2026-04-05 13:46:27,2026-04-05 13:46:27,Closed,Pothole,QUEENS,nan,40.71381648205454,-73.92083999438904,20.14211220851852,4959.1547619047615,4660.0,3,1,24.600000381469727,0,Low,30,0.574,0.426,0.0,0.0,2026-04-25 17:11:05,2,4,6,1,2026-04-05 13:46:27,0.0
68579373,2026-04-05 13:40:59,2026-04-11 21:44:00,Closed,Pothole,QUEENS,nan,40.71381648205454,-73.92083999438904,20.145908504814816,4959.1547619047615,4660.0,3,1,24.600000381469727,0,Low,30,0.574,0.426,0.0,0.0,2026-04-25 17:11:05,2,4,6,1,2026-04-11 21:44:00,6.0
68580879,2026-04-05 13:33:42,,Open,Pothole,BROOKLYN,nan,40.704112957771954,-73.91586709054877,20.150966375185188,5664.555555555556,6673.0,25,0,53.5,2,High,16,0.465,0.268,0.161,0.107,2026-04-25 17:11:05,1,4,6,1,,
68576005,2026-04-05 13:17:55,2026-04-05 13:17:55,Closed,Pothole,QUEENS,nan,40.761217008162774,-73.8863970016137,20.161927023333334,4959.1547619047615,4660.0,7,0,29.0,1,Medium,14,0.008,0.992,0.0,0.0,2026-04-25 17:11:05,2,4,6,1,2026-04-05 13:17:55,0.0
68577465,2026-04-05 12:52:22,2026-04-05 12:52:22,Closed,Pothole,MANHATTAN,nan,40.767860289547606,-73.96407562786298,20.17967007888889,16591.571428571428,6876.0,18,0,42.599998474121094,1,Medium,14,0.0,1.0,0.0,0.0,2026-04-25 17:11:05,0,4,6,1,2026-04-05 12:52:22,0.0
68583206,2026-04-05 12:50:07,2026-04-05 12:50:07,Closed,Pothole,MANHATTAN,nan,40.77691018988725,-73.95747053636883,20.18123257888889,16591.571428571428,6876.0,14,0,44.099998474121094,1,Medium,14,0.0,1.0,0.0,0.0,2026-04-25 17:11:05,0,4,6,1,2026-04-05 12:50:07,0.0
68576007,2026-04-05 12:24:04,2026-04-05 12:24:04,Closed,Pothole,QUEENS,nan,40.75438938417203,-73.89652218284081,20.19932285666667,4959.1547619047615,4660.0,17,0,33.20000076293945,1,Medium,14,0.0,1.0,0.0,0.0,2026-04-25 17:11:05,2,4,6,1,2026-04-05 12:24:04,0.0
68585158,2026-04-05 12:22:26,2026-04-18 13:00:00,Closed,Pothole,QUEENS,nan,40.75835361860583,-73.89440079050712,20.20045711592593,4959.1547619047615,4660.0,7,0,29.700000762939453,1,Medium,14,0.007,0.993,0.0,0.0,2026-04-25 17:11:05,2,4,6,1,2026-04-18 13:00:00,13.0
68578836,2026-04-05 12:20:28,2026-04-05 12:20:28,Closed,Pothole,QUEENS,nan,40.76004448372803,-73.89755299254857,20.201822856666666,4959.1547619047615,4660.0,11,0,32.20000076293945,1,Medium,14,0.0,1.0,0.0,0.0,2026-04-25 17:11:05,2,4,6,1,2026-04-05 12:20:28,0.0
68582332,2026-04-05 11:55:29,2026-04-07 07:21:00,Closed,Pothole,STATEN ISLAND,nan,40.540587527713186,-74.2215341962543,20.219172393703705,23788.714285714286,2762.0,2,0,31.700000762939453,1,Medium,14,0.001,0.999,0.0,0.0,2026-04-25 17:11:05,4,4,6,1,2026-04-07 07:21:00,1.0
68574632,2026-04-05 11:48:20,2026-04-05 11:48:20,Closed,Pothole,QUEENS,nan,40.7402725268642,-73.89585124979992,20.224137671481483,4959.1547619047615,4660.0,23,0,31.200000762939453,1,Medium,14,0.0,1.0,0.0,0.0,2026-04-25 17:11:05,2,4,6,1,2026-04-05 11:48:20,0.0
68580312,2026-04-05 11:46:57,2026-04-05 11:46:57,Closed,Pothole,STATEN ISLAND,BRICKTOWN WAY,40.52766701124552,-74.23022888842462,20.22509831962963,23788.714285714286,2762.0,5,1,37.599998474121094,1,Medium,14,0.0,1.0,0.0,0.0,2026-04-25 17:11:05,4,4,6,1,2026-04-05 11:46:57,0.0
68580313,2026-04-05 11:45:35,2026-04-06 07:24:00,Closed,Pothole,STATEN ISLAND,BRICKTOWN WAY,40.52766701124552,-74.23022888842462,20.226047393703706,23788.714285714286,2762.0,5,1,37.599998474121094,1,Medium,14,0.0,1.0,0.0,0.0,2026-04-25 17:11:05,4,4,6,1,2026-04-06 07:24:00,0.0
68579374,2026-04-05 11:39:11,2026-04-11 03:04:00,Closed,Pothole,QUEENS,nan,40.602272723511426,-73.75335532624582,20.23049183814815,4959.1547619047615,4660.0,20,0,31.899999618530273,1,Medium,14,0.0,1.0,0.0,0.0,2026-04-25 17:11:05,2,4,6,1,2026-04-11 03:04:00,5.0
68585160,2026-04-05 11:31:50,2026-04-18 13:45:00,Closed,Pothole,QUEENS,nan,40.72467860892961,-73.764815264584,20.235596004814816,4959.1547619047615,4660.0,14,1,35.099998474121094,1,Medium,14,0.0,1.0,0.0,0.0,2026-04-25 17:11:05,2,4,6,1,2026-04-18 13:45:00,13.0
68580289,2026-04-05 11:23:27,2026-04-05 11:23:27,Closed,Pothole,MANHATTAN,nan,40.79428457504224,-73.95111031407929,20.241417764074075,16591.571428571428,6876.0,12,1,44.20000076293945,1,Medium,14,0.0,1.0,0.0,0.0,2026-04-25 17:11:05,0,4,6,1,2026-04-05 11:23:27,0.0
68583753,2026-04-05 11:19:31,,Open,Pothole,MANHATTAN,nan,40.74511581912218,-73.9806599355382,20.24414924555556,16591.571428571428,6876.0,24,1,66.7,2,High,9,0.333,0.333,0.2,0.133,2026-04-25 17:11:05,0,4,6,1,,
68578002,2026-04-05 11:12:35,,Pending,Pothole,QUEENS,ASTORIA BOULEVARD,40.766103355503255,-73.88994816080626,20.248964060370373,11347.333333333334,29394.0,26,0,41.599998474121094,1,Medium,14,0.0,1.0,0.0,0.0,2026-04-25 17:11:05,2,4,6,1,,
68580880,2026-04-05 10:47:03,,Open,Pothole,BRONX,nan,40.848820518883535,-73.85466367078077,20.266695541851853,6677.6,6655.5,4,0,25.4,1,Medium,16,0.746,0.127,0.076,0.051,2026-04-25 17:11:05,3,4,6,1,,
68576536,2026-04-05 10:39:03,2026-04-15 09:40:00,Closed,Pothole,QUEENS,nan,40.7168423043129,-73.9110604415039,20.27225109740741,4959.1547619047615,4660.0,6,0,27.299999237060547,1,Medium,14,0.042,0.958,0.0,0.0,2026-04-25 17:11:05,2,4,6,1,2026-04-15 09:40:00,9.0
68576537,2026-04-05 10:37:01,2026-04-18 12:58:00,Closed,Pothole,QUEENS,nan,40.6905156554249,-73.73746561065535,20.273663134444444,4959.1547619047615,4660.0,0,0,24.5,0,Low,30,0.985,0.015,0.0,0.0,2026-04-25 17:11:05,2,4,6,0,2026-04-18 12:58:00,13.0
68575201,2026-04-05 10:06:01,2026-04-11 14:30:00,Closed,Pothole,BROOKLYN,nan,40.66591782925285,-73.9254638809171,20.295190912222225,5664.555555555556,6673.0,12,0,33.900001525878906,1,Medium,14,0.0,1.0,0.0,0.0,2026-04-25 17:11:05,1,4,6,1,2026-04-11 14:30:00,6.0
68575177,2026-04-05 09:54:04,2026-04-18 10:15:00,Closed,Pothole,QUEENS,nan,40.79171970398557,-73.79995601952946,20.303489523333333,4959.1547619047615,4660.0,0,0,19.100000381469727,0,Low,30,0.999,0.001,0.0,0.0,2026-04-25 17:11:05,2,4,6,0,2026-04-18 10:15:00,13.0
68575203,2026-04-05 09:52:55,2026-04-11 17:33:00,Closed,Pothole,BROOKLYN,nan,40.59498359267363,-73.94952066208792,20.304288134444445,5664.555555555556,6673.0,11,0,32.70000076293945,1,Medium,14,0.0,1.0,0.0,0.0,2026-04-25 17:11:05,1,4,6,1,2026-04-11 17:33:00,6.0
68580850,2026-04-05 09:50:57,2026-04-18 14:42:00,Closed,Pothole,QUEENS,nan,40.79186001035773,-73.80173242518019,20.305653875185186,4959.1547619047615,4660.0,0,0,19.100000381469727,0,Low,30,0.999,0.001,0.0,0.0,2026-04-25 17:11:05,2,4,6,0,2026-04-18 14:42:00,13.0
68585195,2026-04-05 09:47:39,,Open,Pothole,STATEN ISLAND,MOSEL AVENUE,40.61093943445291,-74.07909924271843,20.307945541851854,23788.714285714286,2762.0,0,1,35.3,1,Medium,16,0.647,0.177,0.106,0.071,2026-04-25 17:11:05,4,4,6,0,,
68577455,2026-04-05 09:38:30,2026-04-05 09:38:30,Closed,Pothole,QUEENS,nan,40.7402725268642,-73.89585124979992,20.31429970851852,4959.1547619047615,4660.0,23,0,31.200000762939453,1,Medium,14,0.0,1.0,0.0,0.0,2026-04-25 17:11:05,2,4,6,1,2026-04-05 09:38:30,0.0
68585189,2026-04-05 09:35:06,2026-04-22 22:00:00,Closed,Pothole,BRONX,nan,40.80425749808576,-73.9192912084829,20.316660819629632,6677.6,6655.5,45,1,29.700000762939453,1,Medium,14,0.0,1.0,0.0,0.0,2026-04-25 17:11:05,3,4,6,1,2026-04-22 22:00:00,17.0
68581757,2026-04-05 09:07:45,2026-04-05 09:07:45,Closed,Pothole,BRONX,nan,40.8400832539299,-73.88019072445536,20.335653875185187,6677.6,6655.5,18,0,32.599998474121094,1,Medium,14,0.0,1.0,0.0,0.0,2026-04-25 17:11:05,3,4,6,1,2026-04-05 09:07:45,0.0
68585162,2026-04-05 09:03:53,2026-04-18 13:50:00,Closed,Pothole,QUEENS,nan,40.718021687303,-73.80232003781964,20.338339060370373,4959.1547619047615,4660.0,16,0,33.20000076293945,1,Medium,14,0.0,1.0,0.0,0.0,2026-04-25 17:11:05,2,4,6,1,2026-04-18 13:50:00,13.0
68575178,2026-04-05 09:03:01,2026-04-17 11:23:00,Closed,Pothole,QUEENS,nan,40.743216338952784,-73.90716021602749,20.338940912222224,4959.1547619047615,4660.0,11,0,31.899999618530273,1,Medium,14,0.0,1.0,0.0,0.0,2026-04-25 17:11:05,2,4,6,1,2026-04-17 11:23:00,12.0
68578878,2026-04-05 08:58:43,2026-04-06 08:59:00,Closed,Pothole,QUEENS,nan,40.569404139963865,-73.86413334947258,20.341927023333334,4959.1547619047615,4660.0,1,0,21.0,0,Low,30,0.992,0.008,0.0,0.0,2026-04-25 17:11:05,2,4,6,1,2026-04-06 08:59:00,1.0
68585170,2026-04-05 08:57:34,,Open,Pothole,MANHATTAN,nan,40.85371678294032,-73.92680055932782,20.342725634444445,16591.571428571428,6876.0,8,1,48.0,1,Medium,9,0.52,0.24,0.144,0.096,2026-04-25 17:11:05,0,4,6,1,,
68578026,2026-04-05 08:15:58,2026-04-13 13:37:00,Closed,Pothole,BROOKLYN,nan,40.70173528172298,-73.96056963250147,20.371614523333335,5664.555555555556,6673.0,55,1,36.79999923706055,1,Medium,14,0.0,1.0,0.0,0.0,2026-04-25 17:11:05,1,4,6,1,2026-04-13 13:37:00,8.0
68585163,2026-04-05 08:01:34,2026-04-11 03:54:00,Closed,Pothole,QUEENS,nan,40.735655957402535,-73.85099901475667,20.381614523333333,4959.1547619047615,4660.0,17,1,31.600000381469727,1,Medium,14,0.0,1.0,0.0,0.0,2026-04-25 17:11:05,2,4,6,1,2026-04-11 03:54:00,5.0
68584650,2026-04-05 07:56:11,2026-04-05 07:56:11,Closed,Pothole,QUEENS,nan,40.75903640272996,-73.88789511644337,20.38535294925926,4959.1547619047615,4660.0,13,0,33.20000076293945,1,Medium,14,0.0,1.0,0.0,0.0,2026-04-25 17:11:05,2,4,6,1,2026-04-05 07:56:11,0.0
68580859,2026-04-05 07:33:49,,Open,Pothole,MANHATTAN,nan,40.75843576990982,-73.9789126235086,20.400885356666667,16591.571428571428,6876.0,23,1,66.7,2,High,9,0.333,0.334,0.2,0.133,2026-04-25 17:11:05,0,4,6,1,,
68575179,2026-04-05 07:12:12,2026-04-11 08:25:00,Closed,Pothole,QUEENS,nan,40.70395920442519,-73.89569158214883,20.415896930740743,4959.1547619047615,4660.0,13,0,32.0,1,Medium,14,0.0,1.0,0.0,0.0,2026-04-25 17:11:05,2,4,6,1,2026-04-11 08:25:00,6.0
68574658,2026-04-05 07:00:00,2026-04-06 11:45:00,Closed,Pothole,STATEN ISLAND,nan,40.579357432444866,-74.08715090311078,20.424369152962964,23788.714285714286,2762.0,0,0,31.200000762939453,1,Medium,14,0.003,0.997,0.0,0.0,2026-04-25 17:11:05,4,4,6,0,2026-04-06 11:45:00,1.0
68615777,2026-04-05 04:20:12,2026-04-05 04:20:12,Closed,Pothole,STATEN ISLAND,nan,40.540587527713186,-74.2215341962543,20.535341375185187,23788.714285714286,2762.0,2,0,31.799999237060547,1,Medium,14,0.001,0.999,0.0,0.0,2026-04-25 17:11:05,4,4,6,1,2026-04-05 04:20:12,0.0
68613654,2026-04-05 03:16:24,2026-04-11 02:24:00,Closed,Pothole,QUEENS,QUEENS BOULEVARD,40.74259292556646,-73.91376511458739,20.579646930740743,4959.1547619047615,123690.0,11,0,45.900001525878906,1,Medium,14,0.0,1.0,0.0,0.0,2026-04-25 17:11:05,2,4,6,1,2026-04-11 02:24:00,5.0
68608382,2026-04-05 01:48:35,2026-04-11 10:35:00,Closed,Pothole,QUEENS,nan,40.762022488991065,-73.7881833439899,20.64063072703704,4959.1547619047615,4660.0,6,1,27.0,1,Medium,14,0.088,0.911,0.0,0.0,2026-04-25 17:11:05,2,4,6,1,2026-04-11 10:35:00,6.0
68576538,2026-04-05 00:58:19,2026-04-18 11:25:00,Closed,Pothole,QUEENS,nan,40.73108132164628,-73.7739970491349,20.675538134444444,4959.1547619047615,4660.0,0,0,21.0,0,Low,30,0.997,0.003,0.0,0.0,2026-04-25 17:11:05,2,4,6,0,2026-04-18 11:25:00,13.0
68583211,2026-04-04 23:12:29,2026-04-05 21:10:00,Closed,Pothole,BROOKLYN,FAYETTE STREET,40.70065576032378,-73.9396598531039,20.749033504814815,5664.555555555556,6673.0,45,1,33.0,1,Medium,14,0.0,1.0,0.0,0.0,2026-04-25 17:11:05,1,4,5,1,2026-04-05 21:10:00,0.0
68583212,2026-04-04 23:11:32,2026-04-05 19:20:00,Closed,Pothole,BROOKLYN,nan,40.65414185992792,-73.88731094161888,20.74969322703704,5664.555555555556,6673.0,20,1,33.79999923706055,1,Medium,14,0.0,1.0,0.0,0.0,2026-04-25 17:11:05,1,4,5,1,2026-04-05 19:20:00,0.0
68612284,2026-04-04 23:09:56,2026-04-11 00:20:00,Closed,Pothole,UNSPECIFIED,nan,40.69953105419444,-73.91103665226316,20.75080433814815,3000.0,1095000.0,28,1,40.400001525878906,1,Medium,14,0.0,1.0,0.0,0.0,2026-04-25 17:11:05,5,4,5,1,2026-04-11 00:20:00,6.0
68583213,2026-04-04 23:08:49,2026-04-05 17:30:00,Closed,Pothole,BROOKLYN,nan,40.652490662411616,-73.92178489976621,20.751579801111113,5664.555555555556,6673.0,24,1,34.099998474121094,1,Medium,14,0.0,1.0,0.0,0.0,2026-04-25 17:11:05,1,4,5,1,2026-04-05 17:30:00,0.0
68583214,2026-04-04 23:07:24,2026-04-05 16:45:00,Closed,Pothole,BROOKLYN,nan,40.688370063222735,-73.94491023273594,20.75256359740741,5664.555555555556,6673.0,13,1,32.79999923706055,1,Medium,14,0.0,1.0,0.0,0.0,2026-04-25 17:11:05,1,4,5,1,2026-04-05 16:45:00,0.0
68614933,2026-04-04 22:44:34,2026-04-14 15:17:00,Closed,Pothole,QUEENS,nan,40.704130415856206,-73.76983252706262,20.76842007888889,4959.1547619047615,4660.0,1,0,22.200000762939453,0,Low,30,0.989,0.011,0.0,0.0,2026-04-25 17:11:05,2,4,5,1,2026-04-14 15:17:00,9.0
68612301,2026-04-04 20:54:36,2026-04-17 08:05:00,Closed,Pothole,MANHATTAN,nan,40.76085747543163,-73.96106887544212,20.84478581962963,16591.571428571428,6876.0,31,1,43.400001525878906,1,Medium,14,0.0,0.999,0.001,0.0,2026-04-25 17:11:05,0,4,5,1,2026-04-17 08:05:00,12.0
68613670,2026-04-04 20:52:45,2026-04-17 08:20:00,Closed,Pothole,MANHATTAN,nan,40.76273989720193,-73.95969603230795,20.84607054185185,16591.571428571428,6876.0,26,1,42.70000076293945,1,Medium,14,0.0,1.0,0.0,0.0,2026-04-25 17:11:05,0,4,5,1,2026-04-17 08:20:00,12.0
68609168,2026-04-04 20:15:14,2026-04-04 20:15:14,Closed,Pothole,MANHATTAN,nan,40.75656811838794,-73.99027596730664,20.872123782592595,16591.571428571428,6876.0,49,1,43.0,1,Medium,14,0.0,0.999,0.001,0.0,2026-04-25 17:11:05,0,4,5,1,2026-04-04 20:15:14,0.0
68614440,2026-04-04 20:02:11,2026-04-04 20:02:11,Closed,Pothole,BROOKLYN,nan,40.688370063222735,-73.94491023273594,20.881186282592594,5664.555555555556,6673.0,13,1,32.29999923706055,1,Medium,14,0.0,1.0,0.0,0.0,2026-04-25 17:11:05,1,4,5,1,2026-04-04 20:02:11,0.0
68613655,2026-04-04 19:47:38,2026-04-11 21:45:00,Closed,Pothole,QUEENS,nan,40.77780199337012,-73.91307320847268,20.89129044925926,4959.1547619047615,4660.0,3,0,27.299999237060547,1,Medium,14,0.233,0.766,0.0,0.0,2026-04-25 17:11:05,2,4,5,1,2026-04-11 21:45:00,7.0
68614935,2026-04-04 19:30:18,2026-04-11 23:54:00,Closed,Pothole,QUEENS,nan,40.75557132920471,-73.9117631084856,20.9033274862963,4959.1547619047615,4660.0,4,0,26.5,1,Medium,14,0.228,0.772,0.0,0.0,2026-04-25 17:11:05,2,4,5,1,2026-04-11 23:54:00,7.0
68616257,2026-04-04 19:15:40,2026-04-11 09:05:00,Closed,Pothole,QUEENS,nan,40.58677820620502,-73.81464368111263,20.913489523333336,4959.1547619047615,4660.0,9,0,31.0,1,Medium,14,0.002,0.998,0.0,0.0,2026-04-25 17:11:05,2,4,5,1,2026-04-11 09:05:00,6.0
68614936,2026-04-04 19:04:56,2026-04-18 10:10:00,Closed,Pothole,QUEENS,nan,40.74611707160226,-73.94489135289582,20.92094322703704,4959.1547619047615,4660.0,13,1,32.29999923706055,1,Medium,14,0.0,1.0,0.0,0.0,2026-04-25 17:11:05,2,4,5,1,2026-04-18 10:10:00,13.0
68612286,2026-04-04 18:39:20,2026-04-15 11:35:00,Closed,Pothole,QUEENS,nan,40.7027779277287,-73.89456456312841,20.938721004814816,4959.1547619047615,4660.0,9,0,31.0,1,Medium,14,0.0,1.0,0.0,0.0,2026-04-25 17:11:05,2,4,5,1,2026-04-15 11:35:00,10.0
68617614,2026-04-04 18:20:26,2026-04-23 09:10:00,Closed,Pothole,BROOKLYN,nan,40.63806648054788,-73.97734367687498,20.951846004814815,5664.555555555556,6673.0,5,0,26.399999618530273,0,Low,30,0.626,0.374,0.0,0.0,2026-04-25 17:11:05,1,4,5,1,2026-04-23 09:10:00,18.0
68617615,2026-04-04 18:19:15,2026-04-17 01:25:00,Closed,Pothole,BROOKLYN,nan,40.63791027463391,-73.97863363844351,20.952667764074075,5664.555555555556,6673.0,5,0,27.200000762939453,1,Medium,14,0.166,0.833,0.0,0.0,2026-04-25 17:11:05,1,4,5,1,2026-04-17 01:25:00,12.0
68615754,2026-04-04 18:07:24,2026-04-04 18:07:24,Closed,Pothole,QUEENS,nan,40.74408619853987,-73.71472803155868,20.96089693074074,4959.1547619047615,4660.0,7,0,29.700000762939453,1,Medium,14,0.014,0.986,0.0,0.0,2026-04-25 17:11:05,2,4,5,1,2026-04-04 18:07:24,0.0
68611040,2026-04-04 18:04:18,2026-04-18 10:17:00,Closed,Pothole,STATEN ISLAND,nan,40.57306317921079,-74.08769702915943,20.96304970851852,23788.714285714286,2762.0,3,0,34.400001525878906,1,Medium,14,0.001,0.999,0.0,0.0,2026-04-25 17:11:05,4,4,5,1,2026-04-18 10:17:00,13.0
68617588,2026-04-04 18:04:16,2026-04-14 15:20:00,Closed,Pothole,QUEENS,nan,40.66198468660634,-73.85618811087808,20.963072856666667,4959.1547619047615,4660.0,4,0,24.799999237060547,1,Medium,14,0.318,0.682,0.0,0.0,2026-04-25 17:11:05,2,4,5,1,2026-04-14 15:20:00,9.0
68615775,2026-04-04 18:03:17,2026-04-04 18:03:17,Closed,Pothole,MANHATTAN,nan,40.87231606246278,-73.91273631947904,20.96375572703704,16591.571428571428,6876.0,5,1,39.5,1,Medium,14,0.0,1.0,0.0,0.0,2026-04-25 17:11:05,0,4,5,1,2026-04-04 18:03:17,0.0
68612317,2026-04-04 17:42:05,2026-04-15 16:35:00,Closed,Pothole,BROOKLYN,nan,40.68401900177931,-73.99623216083918,20.97847794925926,5664.555555555556,6673.0,5,0,28.399999618530273,1,Medium,14,0.065,0.935,0.0,0.0,2026-04-25 17:11:05,1,4,5,1,2026-04-15 16:35:00,10.0
68612287,2026-04-04 17:40:37,2026-04-18 10:50:00,Closed,Pothole,QUEENS,nan,40.7398168268644,-73.94275665939733,20.97949646777778,4959.1547619047615,4660.0,13,1,32.70000076293945,1,Medium,14,0.0,1.0,0.0,0.0,2026-04-25 17:11:05,2,4,5,1,2026-04-18 10:50:00,13.0
68611034,2026-04-04 17:40:24,,Open,Pothole,MANHATTAN,nan,40.75029392324656,-73.99484248924927,20.979646930740742,16591.571428571428,6876.0,37,0,66.9,2,High,9,0.331,0.335,0.201,0.134,2026-04-25 17:11:05,0,4,5,1,,
68611787,2026-04-04 17:13:05,2026-04-04 17:13:05,Closed,Pothole,STATEN ISLAND,nan,40.535457209817274,-74.15261991289623,20.99861683814815,23788.714285714286,2762.0,4,0,40.0,1,Medium,14,0.001,0.999,0.0,0.0,2026-04-25 17:11:05,4,4,5,1,2026-04-04 17:13:05,0.0
68574633,2026-04-04 17:11:38,2026-04-06 17:05:00,Closed,Pothole,QUEENS,nan,40.718179883906714,-73.82367202945831,20.999623782592593,4959.1547619047615,4660.0,9,1,31.299999237060547,1,Medium,14,0.001,0.999,0.0,0.0,2026-04-25 17:11:05,2,4,5,1,2026-04-06 17:05:00,1.0
68607833,2026-04-04 17:11:12,2026-04-04 17:11:12,Closed,Pothole,QUEENS,nan,40.742162732300706,-73.80443169997793,20.99992470851852,4959.1547619047615,4660.0,4,0,23.799999237060547,0,Low,30,0.823,0.177,0.0,0.0,2026-04-25 17:11:05,2,4,5,1,2026-04-04 17:11:12,0.0
68611016,2026-04-04 17:10:09,2026-04-17 08:30:00,Closed,Pothole,QUEENS,nan,40.744640341462166,-73.8335444492543,21.000653875185186,4959.1547619047615,4660.0,9,1,30.700000762939453,1,Medium,14,0.001,0.999,0.0,0.0,2026-04-25 17:11:05,2,4,5,1,2026-04-17 08:30:00,12.0
68610458,2026-04-04 17:04:48,2026-04-04 17:04:48,Closed,Pothole,QUEENS,nan,40.71887403582905,-73.82349342643373,21.004369152962965,4959.1547619047615,4660.0,1,1,22.100000381469727,0,Low,30,0.995,0.005,0.0,0.0,2026-04-25 17:11:05,2,4,5,1,2026-04-04 17:04:48,0.0
68584651,2026-04-04 17:00:21,2026-04-06 18:20:00,Closed,Pothole,QUEENS,nan,40.71887403582905,-73.82349342643373,21.00745943074074,4959.1547619047615,4660.0,1,1,22.100000381469727,0,Low,30,0.995,0.005,0.0,0.0,2026-04-25 17:11:05,2,4,5,1,2026-04-06 18:20:00,2.0
68613685,2026-04-04 16:49:55,2026-04-18 15:08:00,Closed,Pothole,BROOKLYN,nan,40.65948468602193,-73.91829498115712,21.01470480111111,5664.555555555556,6673.0,15,0,33.70000076293945,1,Medium,14,0.0,1.0,0.0,0.0,2026-04-25 17:11:05,1,4,5,1,2026-04-18 15:08:00,13.0
68613097,2026-04-04 16:49:32,2026-04-04 16:49:32,Closed,Pothole,QUEENS,nan,40.74581825411661,-73.94564947600665,21.014971004814814,4959.1547619047615,4660.0,12,1,32.0,1,Medium,14,0.0,1.0,0.0,0.0,2026-04-25 17:11:05,2,4,5,1,2026-04-04 16:49:32,0.0
68607851,2026-04-04 16:45:32,2026-04-04 16:45:32,Closed,Pothole,MANHATTAN,nan,40.743030922348815,-73.9891556121082,21.017748782592594,16591.571428571428,6876.0,18,0,42.79999923706055,1,Medium,14,0.0,1.0,0.0,0.0,2026-04-25 17:11:05,0,4,5,1,2026-04-04 16:45:32,0.0
68612288,2026-04-04 16:41:32,2026-04-11 10:55:00,Closed,Pothole,QUEENS,nan,40.59671308589423,-73.76715645644214,21.02052656037037,4959.1547619047615,4660.0,9,0,33.0,1,Medium,14,0.003,0.997,0.0,0.0,2026-04-25 17:11:05,2,4,5,1,2026-04-11 10:55:00,6.0
68611762,2026-04-04 16:34:03,2026-04-04 16:34:03,Closed,Pothole,QUEENS,nan,40.7511996815164,-73.89026152032358,21.02572331962963,4959.1547619047615,4660.0,8,1,29.700000762939453,1,Medium,14,0.001,0.999,0.0,0.0,2026-04-25 17:11:05,2,4,5,1,2026-04-04 16:34:03,0.0
68617616,2026-04-04 16:25:44,2026-04-10 10:50:00,Closed,Pothole,BROOKLYN,nan,40.72159037333417,-73.94579189327062,21.031498782592593,5664.555555555556,6673.0,16,1,33.099998474121094,1,Medium,14,0.0,1.0,0.0,0.0,2026-04-25 17:11:05,1,4,5,1,2026-04-10 10:50:00,5.0
68616281,2026-04-04 16:21:47,,Pending,Pothole,MANHATTAN,nan,40.72784608591825,-73.982227193827,21.034241838148148,16591.571428571428,6876.0,10,0,43.29999923706055,1,Medium,14,0.0,1.0,0.0,0.0,2026-04-25 17:11:05,0,4,5,1,,
68607834,2026-04-04 16:13:27,2026-04-04 16:13:27,Closed,Pothole,QUEENS,nan,40.742162732300706,-73.80443169997793,21.040028875185186,4959.1547619047615,4660.0,4,0,23.799999237060547,0,Low,30,0.823,0.177,0.0,0.0,2026-04-25 17:11:05,2,4,5,1,2026-04-04 16:13:27,0.0
68609671,2026-04-04 16:02:09,2026-04-11 14:10:00,Closed,Pothole,QUEENS,nan,40.73885473517536,-73.8883909683272,21.047876097407407,4959.1547619047615,4660.0,10,1,32.0,1,Medium,14,0.0,1.0,0.0,0.0,2026-04-25 17:11:05,2,4,5,1,2026-04-11 14:10:00,6.0
68609672,2026-04-04 16:00:35,,Pending,Pothole,QUEENS,nan,40.746621815879315,-73.89358932134706,21.048964060370373,4959.1547619047615,4660.0,26,1,31.5,1,Medium,14,0.0,1.0,0.0,0.0,2026-04-25 17:11:05,2,4,5,1,,
68617602,2026-04-04 15:53:41,2026-04-19 01:48:00,Closed,Pothole,MANHATTAN,nan,40.73409420697807,-74.00849032360021,21.05375572703704,16591.571428571428,6876.0,16,0,44.20000076293945,1,Medium,14,0.0,1.0,0.0,0.0,2026-04-25 17:11:05,0,4,5,1,2026-04-19 01:48:00,14.0
68609170,2026-04-04 15:48:50,2026-04-04 15:48:50,Closed,Pothole,MANHATTAN,nan,40.80297085227577,-73.96386162910126,21.057123782592594,16591.571428571428,6876.0,16,0,42.5,1,Medium,14,0.0,1.0,0.0,0.0,2026-04-25 17:11:05,0,4,5,1,2026-04-04 15:48:50,0.0
68611019,2026-04-04 15:48:47,,Open,Pothole,QUEENS,nan,40.74364416561568,-73.95123047783426,21.057158504814815,4959.1547619047615,4660.0,15,1,53.0,2,High,16,0.47,0.265,0.159,0.106,2026-04-25 17:11:05,2,4,5,1,,
68611020,2026-04-04 15:47:35,2026-04-11 23:21:00,Closed,Pothole,QUEENS,nan,40.69945599731941,-73.83541720215331,21.057991838148148,4959.1547619047615,4660.0,12,0,32.79999923706055,1,Medium,14,0.001,0.999,0.0,0.0,2026-04-25 17:11:05,2,4,5,1,2026-04-11 23:21:00,7.0
68614430,2026-04-04 15:45:42,2026-04-04 15:45:42,Closed,Pothole,BRONX,nan,40.82950193743216,-73.87460889175321,21.05929970851852,6677.6,6655.5,25,1,33.5,1,Medium,14,0.0,1.0,0.0,0.0,2026-04-25 17:11:05,3,4,5,1,2026-04-04 15:45:42,0.0
68610460,2026-04-04 15:45:00,2026-04-04 15:45:00,Closed,Pothole,QUEENS,nan,40.761265587233325,-73.87499725675143,21.05978581962963,4959.1547619047615,4660.0,13,0,33.29999923706055,1,Medium,14,0.0,1.0,0.0,0.0,2026-04-25 17:11:05,2,4,5,1,2026-04-04 15:45:00,0.0
68611028,2026-04-04 15:44:37,,Open,Pothole,BRONX,WILLIAMSBRIDGE ROAD,40.84599021893382,-73.84788567809335,21.060052023333334,6677.6,14876.0,12,1,47.0,1,Medium,16,0.53,0.235,0.141,0.094,2026-04-25 17:11:05,3,4,5,1,,
68617600,2026-04-04 15:42:15,2026-04-10 07:00:00,Closed,Pothole,BRONX,PAULDING AVENUE,40.844263931054066,-73.85221230252998,21.061695541851854,6677.6,6655.5,3,0,25.200000762939453,0,Low,30,0.869,0.131,0.0,0.0,2026-04-25 17:11:05,3,4,5,1,2026-04-10 07:00:00,5.0
68609148,2026-04-04 15:29:22,2026-04-04 15:29:22,Closed,Pothole,QUEENS,nan,40.7402725268642,-73.89585124979992,21.07064230111111,4959.1547619047615,4660.0,23,0,31.899999618530273,1,Medium,14,0.0,1.0,0.0,0.0,2026-04-25 17:11:05,2,4,5,1,2026-04-04 15:29:22,0.0
68607867,2026-04-04 15:20:04,2026-04-09 09:50:00,Closed,Pothole,BROOKLYN,nan,40.60194983071301,-73.99380961331761,21.077100634444445,5664.555555555556,6673.0,29,0,34.599998474121094,1,Medium,14,0.0,1.0,0.0,0.0,2026-04-25 17:11:05,1,4,5,1,2026-04-09 09:50:00,4.0
68608407,2026-04-04 15:08:06,2026-04-18 12:40:00,Closed,Pothole,STATEN ISLAND,nan,40.60659691152032,-74.07539545191374,21.08541081962963,23788.714285714286,2762.0,25,1,38.20000076293945,1,Medium,14,0.0,1.0,0.0,0.0,2026-04-25 17:11:05,4,4,5,1,2026-04-18 12:40:00,13.0
68614938,2026-04-04 14:59:11,,Open,Pothole,QUEENS,nan,40.60943148348301,-73.75478031187548,21.09160294925926,4959.1547619047615,4660.0,18,0,53.0,2,High,16,0.47,0.265,0.159,0.106,2026-04-25 17:11:05,2,4,5,1,,
68609695,2026-04-04 14:58:04,,Open,Pothole,STATEN ISLAND,nan,40.542621836844965,-74.15212536482787,21.092378412222224,23788.714285714286,2762.0,0,1,35.6,1,Medium,16,0.644,0.178,0.107,0.071,2026-04-25 17:11:05,4,4,5,0,,
68611029,2026-04-04 14:56:01,,Open,Pothole,BRONX,nan,40.86590332712599,-73.9043894268283,21.093802023333335,6677.6,6655.5,8,1,36.4,1,Medium,16,0.636,0.182,0.109,0.073,2026-04-25 17:11:05,3,4,5,1,,
68609149,2026-04-04 14:50:12,2026-04-04 14:50:12,Closed,Pothole,QUEENS,nan,40.74603472114661,-73.93440021822178,21.097841375185187,4959.1547619047615,4660.0,20,0,32.79999923706055,1,Medium,14,0.0,1.0,0.0,0.0,2026-04-25 17:11:05,2,4,5,1,2026-04-04 14:50:12,0.0
68613098,2026-04-04 14:49:21,2026-04-04 14:49:21,Closed,Pothole,QUEENS,nan,40.74408619853987,-73.71472803155868,21.098431652962965,4959.1547619047615,4660.0,7,0,29.700000762939453,1,Medium,14,0.018,0.982,0.0,0.0,2026-04-25 17:11:05,2,4,5,1,2026-04-04 14:49:21,0.0
68613110,2026-04-04 14:38:53,2026-04-04 14:38:53,Closed,Pothole,MANHATTAN,nan,40.758949399914954,-73.96848058993135,21.105700171481484,16591.571428571428,6876.0,16,0,42.099998474121094,1,Medium,14,0.0,1.0,0.0,0.0,2026-04-25 17:11:05,0,4,5,1,2026-04-04 14:38:53,0.0
68617603,2026-04-04 14:38:14,,Open,Pothole,MANHATTAN,nan,40.763430625127384,-73.96521152160896,21.10615156037037,16591.571428571428,6876.0,31,0,66.9,2,High,9,0.331,0.335,0.201,0.134,2026-04-25 17:11:05,0,4,5,1,,
68614939,2026-04-04 14:30:52,2026-04-11 21:47:00,Closed,Pothole,QUEENS,CROCHERON AVENUE,40.763471558343205,-73.79110275397157,21.111267301111113,4959.1547619047615,6464.0,6,1,25.700000762939453,0,Low,30,0.725,0.275,0.0,0.0,2026-04-25 17:11:05,2,4,5,1,2026-04-11 21:47:00,7.0
68616261,2026-04-04 14:12:06,2026-04-18 09:20:00,Closed,Pothole,QUEENS,nan,40.74319520415845,-73.93672346681983,21.12429970851852,4959.1547619047615,4660.0,8,1,29.5,1,Medium,14,0.001,0.999,0.0,0.0,2026-04-25 17:11:05,2,4,5,1,2026-04-18 09:20:00,13.0
68608408,2026-04-04 14:06:57,,Open,Pothole,STATEN ISLAND,nan,40.603625387178006,-74.0693023870406,21.12787609740741,23788.714285714286,2762.0,19,1,75.6,3,Critical,16,0.244,0.378,0.227,0.151,2026-04-25 17:11:05,4,4,5,1,,
68616262,2026-04-04 13:57:50,,Pending,Pothole,QUEENS,nan,40.7515860835717,-73.74570669268,21.13420711592593,4959.1547619047615,4660.0,4,1,24.899999618530273,1,Medium,14,0.141,0.859,0.0,0.0,2026-04-25 17:11:05,2,4,5,1,,
68617594,2026-04-04 13:50:10,2026-04-14 15:18:00,Closed,Pothole,QUEENS,nan,40.68331854397321,-73.76527842457645,21.13953119,4959.1547619047615,4660.0,6,1,27.899999618530273,1,Medium,14,0.019,0.981,0.0,0.0,2026-04-25 17:11:05,2,4,5,1,2026-04-14 15:18:00,10.0
68610480,2026-04-04 13:35:10,2026-04-04 13:35:10,Closed,Pothole,BRONX,nan,40.85712851005098,-73.88079263989022,21.149947856666667,6677.6,6655.5,28,1,33.0,1,Medium,14,0.0,1.0,0.0,0.0,2026-04-25 17:11:05,3,4,5,1,2026-04-04 13:35:10,0.0
68615776,2026-04-04 13:05:08,2026-04-04 13:05:08,Closed,Pothole,MANHATTAN,nan,40.80297085227577,-73.96386162910126,21.170804338148148,16591.571428571428,6876.0,16,0,42.5,1,Medium,14,0.0,1.0,0.0,0.0,2026-04-25 17:11:05,0,4,5,1,2026-04-04 13:05:08,0.0
68609674,2026-04-04 13:03:45,2026-04-14 15:20:00,Closed,Pothole,QUEENS,nan,40.67086631559951,-73.81206681939685,21.171764986296296,4959.1547619047615,4660.0,6,1,29.600000381469727,1,Medium,14,0.025,0.975,0.0,0.0,2026-04-25 17:11:05,2,4,5,1,2026-04-14 15:20:00,10.0
68613686,2026-04-04 12:50:29,2026-04-17 09:49:00,Closed,Pothole,BROOKLYN,nan,40.677868575744306,-73.90331424666908,21.180977949259262,5664.555555555556,6673.0,6,1,29.899999618530273,1,Medium,14,0.032,0.968,0.0,0.0,2026-04-25 17:11:05,1,4,5,1,2026-04-17 09:49:00,12.0
68611048,2026-04-04 12:46:16,2026-04-22 10:27:00,Closed,Pothole,BROOKLYN,nan,40.69711739826405,-73.93400838176785,21.183906190000002,5664.555555555556,6673.0,59,1,33.79999923706055,1,Medium,14,0.0,1.0,0.0,0.0,2026-04-25 17:11:05,1,4,5,1,2026-04-22 10:27:00,17.0
68584648,2026-04-04 12:38:28,2026-04-05 11:05:00,Closed,Pothole,QUEENS,ROOSEVELT AVENUE,40.750868340756114,-73.85828085961863,21.189322856666667,11892.285714285714,15935.0,20,0,41.400001525878906,1,Medium,14,0.0,1.0,0.0,0.0,2026-04-25 17:11:05,2,4,5,1,2026-04-05 11:05:00,0.0
68576006,2026-04-04 12:37:49,2026-04-05 10:30:00,Closed,Pothole,QUEENS,ROOSEVELT AVENUE,40.75164175900853,-73.85558671178792,21.189774245555558,11892.285714285714,15935.0,17,1,37.400001525878906,1,Medium,14,0.0,1.0,0.0,0.0,2026-04-25 17:11:05,2,4,5,1,2026-04-05 10:30:00,0.0
68578834,2026-04-04 12:37:05,2026-04-05 09:15:00,Closed,Pothole,QUEENS,106 STREET,40.681476702748974,-73.83470442946626,21.190283504814815,4959.1547619047615,4660.0,5,1,27.5,1,Medium,14,0.023,0.977,0.0,0.0,2026-04-25 17:11:05,2,4,5,1,2026-04-05 09:15:00,0.0
68584649,2026-04-04 12:36:12,2026-04-05 07:35:00,Closed,Pothole,QUEENS,BROADWAY,40.74800056495855,-73.89455073627157,21.19089693074074,4959.1547619047615,20372.0,42,1,36.79999923706055,1,Medium,14,0.0,1.0,0.0,0.0,2026-04-25 17:11:05,2,4,5,1,2026-04-05 07:35:00,0.0
68611763,2026-04-04 12:33:39,2026-04-04 12:33:39,Closed,Pothole,QUEENS,nan,40.75348867538432,-73.93794086762378,21.192667764074077,4959.1547619047615,4660.0,8,0,29.700000762939453,1,Medium,14,0.002,0.998,0.0,0.0,2026-04-25 17:11:05,2,4,5,1,2026-04-04 12:33:39,0.0
68616264,2026-04-04 12:31:40,,Pending,Pothole,QUEENS,nan,40.75348867538432,-73.93794086762378,21.19404507888889,4959.1547619047615,4660.0,8,0,29.700000762939453,1,Medium,14,0.002,0.998,0.0,0.0,2026-04-25 17:11:05,2,4,5,1,,
68607853,2026-04-04 12:22:01,2026-04-04 12:22:01,Closed,Pothole,MANHATTAN,nan,40.7779047511921,-73.98208745958574,21.20074646777778,16591.571428571428,6876.0,20,0,42.79999923706055,1,Medium,14,0.0,1.0,0.0,0.0,2026-04-25 17:11:05,0,4,5,1,2026-04-04 12:22:01,0.0
68614940,2026-04-04 12:20:08,2026-04-17 13:00:00,Closed,Pothole,QUEENS,nan,40.77696327334447,-73.84801086453379,21.202054338148148,4959.1547619047615,4660.0,8,1,31.0,1,Medium,14,0.002,0.998,0.0,0.0,2026-04-25 17:11:05,2,4,5,1,2026-04-17 13:00:00,13.0
68608396,2026-04-04 11:53:27,,Open,Pothole,BRONX,nan,40.82950193743216,-73.87460889175321,21.220584430740743,6677.6,6655.5,25,1,55.1,2,High,16,0.449,0.275,0.165,0.11,2026-04-25 17:11:05,3,4,5,1,,
68610491,2026-04-04 11:48:31,2026-04-04 11:48:31,Closed,Pothole,STATEN ISLAND,nan,40.53393408083089,-74.23666482599201,21.224010356666668,23788.714285714286,2762.0,0,1,31.299999237060547,1,Medium,14,0.003,0.997,0.0,0.0,2026-04-25 17:11:05,4,4,5,0,2026-04-04 11:48:31,0.0
68612289,2026-04-04 11:47:53,2026-04-11 09:21:00,Closed,Pothole,QUEENS,nan,40.7153978159305,-73.90332834527159,21.224450171481482,4959.1547619047615,4660.0,5,0,27.100000381469727,1,Medium,14,0.072,0.928,0.0,0.0,2026-04-25 17:11:05,2,4,5,1,2026-04-11 09:21:00,6.0
68616265,2026-04-04 11:46:22,2026-04-11 09:16:00,Closed,Pothole,QUEENS,nan,40.70832295646727,-73.90143776679076,21.225503412222224,4959.1547619047615,4660.0,8,1,31.399999618530273,1,Medium,14,0.0,1.0,0.0,0.0,2026-04-25 17:11:05,2,4,5,1,2026-04-11 09:16:00,6.0
68609177,2026-04-04 11:46:15,2026-04-04 11:46:15,Closed,Pothole,STATEN ISLAND,nan,40.52966244116046,-74.23025734537448,21.225584430740742,23788.714285714286,2762.0,7,1,41.79999923706055,1,Medium,14,0.0,1.0,0.0,0.0,2026-04-25 17:11:05,4,4,5,1,2026-04-04 11:46:15,0.0
68608417,2026-04-04 11:44:38,2026-04-10 08:08:00,Closed,Pothole,STATEN ISLAND,nan,40.52966244116046,-74.23025734537448,21.226707115925926,23788.714285714286,2762.0,7,1,41.79999923706055,1,Medium,14,0.0,1.0,0.0,0.0,2026-04-25 17:11:05,4,4,5,1,2026-04-10 08:08:00,5.0
68611764,2026-04-04 11:40:54,2026-04-04 11:40:54,Closed,Pothole,QUEENS,nan,40.74584421351302,-73.70653178846892,21.22929970851852,4959.1547619047615,4660.0,2,0,21.799999237060547,0,Low,30,0.89,0.11,0.0,0.0,2026-04-25 17:11:05,2,4,5,1,2026-04-04 11:40:54,0.0
68612318,2026-04-04 11:37:39,2026-04-10 14:15:00,Closed,Pothole,BROOKLYN,nan,40.709101621331534,-73.94007782735152,21.231556652962965,5664.555555555556,6673.0,24,1,33.29999923706055,1,Medium,14,0.0,1.0,0.0,0.0,2026-04-25 17:11:05,1,4,5,1,2026-04-10 14:15:00,6.0
68608397,2026-04-04 11:34:19,,Open,Pothole,BRONX,nan,40.83758686876374,-73.86638645414115,21.233871467777778,6677.6,6655.5,9,1,39.1,1,Medium,16,0.609,0.195,0.117,0.078,2026-04-25 17:11:05,3,4,5,1,,
68609675,2026-04-04 11:26:41,2026-04-15 13:35:00,Closed,Pothole,QUEENS,nan,40.74723392291737,-73.70903394184133,21.239172393703704,4959.1547619047615,4660.0,5,0,25.399999618530273,1,Medium,14,0.108,0.892,0.0,0.0,2026-04-25 17:11:05,2,4,5,1,2026-04-15 13:35:00,11.0
68611049,2026-04-04 11:24:50,2026-04-13 09:40:00,Closed,Pothole,BROOKLYN,nan,40.65927624298767,-73.888996267319,21.240457115925928,5664.555555555556,6673.0,23,1,33.70000076293945,1,Medium,14,0.0,1.0,0.0,0.0,2026-04-25 17:11:05,1,4,5,1,2026-04-13 09:40:00,8.0
68607837,2026-04-04 11:24:35,2026-04-04 11:24:35,Closed,Pothole,QUEENS,nan,40.745450902026576,-73.70837407659698,21.24063072703704,4959.1547619047615,4660.0,2,0,22.100000381469727,0,Low,30,0.955,0.045,0.0,0.0,2026-04-25 17:11:05,2,4,5,1,2026-04-04 11:24:35,0.0
68616282,2026-04-04 11:15:38,,Open,Pothole,MANHATTAN,nan,40.743030922348815,-73.9891556121082,21.246846004814817,16591.571428571428,6876.0,18,0,67.0,2,High,9,0.33,0.335,0.201,0.134,2026-04-25 17:11:05,0,4,5,1,,
68562445,2026-04-04 11:03:41,2026-04-06 15:02:08,Closed,Pothole - Highway,STATEN ISLAND,nan,40.52491583216527,-74.24522617511437,21.25514461592593,23788.714285714286,2762.0,0,0,31.399999618530273,1,Medium,14,0.002,0.998,0.0,0.0,2026-04-25 17:11:05,4,4,5,0,2026-04-06 15:02:08,2.0
68613117,2026-04-04 11:03:04,2026-04-04 11:03:04,Closed,Pothole,STATEN ISLAND,nan,40.53440150529732,-74.18546288535472,21.255572856666667,23788.714285714286,2762.0,0,0,30.600000381469727,1,Medium,14,0.002,0.998,0.0,0.0,2026-04-25 17:11:05,4,4,5,0,2026-04-04 11:03:04,0.0
68613659,2026-04-04 10:58:27,2026-04-14 15:20:00,Closed,Pothole,QUEENS,nan,40.68029656884562,-73.84464021093402,21.258778875185186,4959.1547619047615,4660.0,13,0,34.900001525878906,1,Medium,14,0.0,1.0,0.0,0.0,2026-04-25 17:11:05,2,4,5,1,2026-04-14 15:20:00,10.0
68613660,2026-04-04 10:49:28,2026-04-11 21:49:00,Closed,Pothole,QUEENS,nan,40.696168785747595,-73.8044908837029,21.26501730111111,4959.1547619047615,4660.0,20,1,33.0,1,Medium,14,0.0,1.0,0.0,0.0,2026-04-25 17:11:05,2,4,5,1,2026-04-11 21:49:00,7.0
68608386,2026-04-04 10:39:21,2026-04-11 21:54:00,Closed,Pothole,QUEENS,nan,40.702133093624795,-73.80444093305614,21.272042764074076,4959.1547619047615,4660.0,23,1,34.29999923706055,1,Medium,14,0.0,1.0,0.0,0.0,2026-04-25 17:11:05,2,4,5,1,2026-04-11 21:54:00,7.0
68609676,2026-04-04 10:36:20,2026-04-15 21:45:00,Closed,Pothole,QUEENS,nan,40.666055843423194,-73.76897624267478,21.274137671481483,4959.1547619047615,4660.0,27,0,33.29999923706055,1,Medium,14,0.0,1.0,0.0,0.0,2026-04-25 17:11:05,2,4,5,1,2026-04-15 21:45:00,11.0
68617076,2026-04-04 10:29:16,2026-04-04 10:29:16,Closed,Pothole,QUEENS,nan,40.71059995970241,-73.8088960294562,21.279045078888892,4959.1547619047615,4660.0,7,1,28.799999237060547,1,Medium,14,0.006,0.994,0.0,0.0,2026-04-25 17:11:05,2,4,5,1,2026-04-04 10:29:16,0.0
68614432,2026-04-04 10:16:13,2026-04-04 10:16:13,Closed,Pothole,MANHATTAN,nan,40.72693345363691,-73.99991701807936,21.28810757888889,16591.571428571428,6876.0,16,1,42.900001525878906,1,Medium,14,0.0,1.0,0.0,0.0,2026-04-25 17:11:05,0,4,5,1,2026-04-04 10:16:13,0.0
68616296,2026-04-04 10:14:12,2026-04-11 09:00:00,Closed,Pothole,BROOKLYN,nan,40.69455946412833,-73.90654640483562,21.289508041851853,5664.555555555556,6673.0,5,0,28.200000762939453,1,Medium,14,0.023,0.977,0.0,0.0,2026-04-25 17:11:05,1,4,5,1,2026-04-11 09:00:00,6.0
68614943,2026-04-04 09:54:51,,Open,Pothole,QUEENS,nan,40.710529775849224,-73.91526383254329,21.30294554185185,4959.1547619047615,4660.0,3,0,21.1,0,Low,16,0.789,0.105,0.063,0.042,2026-04-25 17:11:05,2,4,5,1,,
68610463,2026-04-04 09:43:07,2026-04-04 09:43:07,Closed,Pothole,QUEENS,nan,40.753902194423326,-73.90121512412604,21.31109369,4959.1547619047615,4660.0,9,0,34.29999923706055,1,Medium,14,0.0,1.0,0.0,0.0,2026-04-25 17:11:05,2,4,5,1,2026-04-04 09:43:07,0.0
68609704,2026-04-04 09:38:31,2026-04-10 10:20:00,Closed,Pothole,BROOKLYN,nan,40.724202005549955,-73.93764704894694,21.314288134444446,5664.555555555556,6673.0,52,1,32.29999923706055,1,Medium,14,0.0,1.0,0.0,0.0,2026-04-25 17:11:05,1,4,5,1,2026-04-10 10:20:00,6.0
68609151,2026-04-04 09:34:49,2026-04-04 09:34:49,Closed,Pothole,QUEENS,nan,40.74408619853987,-73.71472803155868,21.31685757888889,4959.1547619047615,4660.0,7,0,31.899999618530273,1,Medium,14,0.003,0.997,0.0,0.0,2026-04-25 17:11:05,2,4,5,1,2026-04-04 09:34:49,0.0
68609677,2026-04-04 09:24:22,2026-04-11 21:47:00,Closed,Pothole,QUEENS,nan,40.76111911210022,-73.88732848779104,21.324114523333336,4959.1547619047615,4660.0,6,0,28.200000762939453,1,Medium,14,0.036,0.964,0.0,0.0,2026-04-25 17:11:05,2,4,5,1,2026-04-11 21:47:00,7.0
68615757,2026-04-04 09:23:11,2026-04-04 09:23:11,Closed,Pothole,QUEENS,nan,40.76300885313022,-73.87532248292224,21.324936282592592,4959.1547619047615,4660.0,12,0,32.20000076293945,1,Medium,14,0.0,1.0,0.0,0.0,2026-04-25 17:11:05,2,4,5,1,2026-04-04 09:23:11,0.0
68610464,2026-04-04 09:21:36,2026-04-04 09:21:36,Closed,Pothole,QUEENS,nan,40.761265587233325,-73.87499725675143,21.32603581962963,4959.1547619047615,4660.0,13,0,33.400001525878906,1,Medium,14,0.0,1.0,0.0,0.0,2026-04-25 17:11:05,2,4,5,1,2026-04-04 09:21:36,0.0
68611023,2026-04-04 09:19:51,2026-04-11 21:41:00,Closed,Pothole,QUEENS,nan,40.752403329861195,-73.75944058191111,21.32725109740741,4959.1547619047615,4660.0,2,1,24.799999237060547,1,Medium,14,0.095,0.905,0.0,0.0,2026-04-25 17:11:05,2,4,5,1,2026-04-11 21:41:00,7.0
68608419,2026-04-04 09:18:35,,Open,Pothole,STATEN ISLAND,nan,40.53393408083089,-74.23666482599201,21.32813072703704,23788.714285714286,2762.0,0,1,35.7,1,Medium,16,0.643,0.178,0.107,0.071,2026-04-25 17:11:05,4,4,5,0,,
68616279,2026-04-04 09:16:34,,Open,Pothole,BRONX,nan,40.82665763217701,-73.87389520093623,21.32953119,6677.6,6655.5,17,1,55.1,2,High,16,0.449,0.276,0.165,0.11,2026-04-25 17:11:05,3,4,5,1,,
68617618,2026-04-04 09:13:25,,Open,Pothole,BROOKLYN,nan,40.68578040283673,-73.95439171425565,21.331718690000002,5664.555555555556,6673.0,10,0,40.6,1,Medium,16,0.594,0.203,0.122,0.081,2026-04-25 17:11:05,1,4,5,1,,
68617096,2026-04-04 08:58:33,2026-04-04 08:58:33,Closed,Pothole,MANHATTAN,nan,40.80191964361971,-73.94343648432925,21.342042764074076,16591.571428571428,6876.0,24,0,42.70000076293945,1,Medium,14,0.0,1.0,0.0,0.0,2026-04-25 17:11:05,0,4,5,1,2026-04-04 08:58:33,0.0
68608388,2026-04-04 08:34:37,2026-04-15 20:15:00,Closed,Pothole,QUEENS,nan,40.76513892061859,-73.79955933867802,21.358663134444445,4959.1547619047615,4660.0,1,1,21.399999618530273,0,Low,30,0.978,0.022,0.0,0.0,2026-04-25 17:11:05,2,4,5,1,2026-04-15 20:15:00,11.0
68614955,2026-04-04 08:34:31,,Open,Pothole,MANHATTAN,nan,40.75381298622636,-73.97570175156687,21.35873257888889,16591.571428571428,6876.0,16,1,67.0,2,High,9,0.33,0.335,0.201,0.134,2026-04-25 17:11:05,0,4,5,1,,
68607838,2026-04-04 08:32:43,2026-04-04 08:32:43,Closed,Pothole,QUEENS,nan,40.765873898427245,-73.80888904929692,21.35998257888889,4959.1547619047615,4660.0,2,1,21.600000381469727,0,Low,30,0.923,0.076,0.0,0.0,2026-04-25 17:11:05,2,4,5,1,2026-04-04 08:32:43,0.0
68613681,2026-04-04 08:19:30,,Open,Pothole,STATEN ISLAND,nan,40.59673525186234,-74.07044031421718,21.36916081962963,23788.714285714286,2762.0,7,1,54.3,2,High,16,0.457,0.272,0.163,0.109,2026-04-25 17:11:05,4,4,5,1,,
68614433,2026-04-04 08:16:52,2026-04-04 08:16:52,Closed,Pothole,MANHATTAN,nan,40.76671457146749,-73.98287746335355,21.370989523333336,16591.571428571428,6876.0,36,0,44.900001525878906,1,Medium,14,0.0,1.0,0.0,0.0,2026-04-25 17:11:05,0,4,5,1,2026-04-04 08:16:52,0.0
68611790,2026-04-04 08:08:45,2026-04-04 08:08:45,Closed,Pothole,STATEN ISLAND,nan,40.60777799018933,-74.08596350350084,21.37662609740741,23788.714285714286,2762.0,10,1,42.400001525878906,1,Medium,14,0.0,1.0,0.0,0.0,2026-04-25 17:11:05,4,4,5,1,2026-04-04 08:08:45,0.0
68614964,2026-04-04 08:07:24,,Open,Pothole,STATEN ISLAND,nan,40.60777799018933,-74.08596350350084,21.37756359740741,23788.714285714286,2762.0,10,1,62.3,2,High,16,0.377,0.312,0.187,0.125,2026-04-25 17:11:05,4,4,5,1,,
68581742,2026-04-04 08:01:23,2026-04-06 19:15:00,Closed,Pothole,QUEENS,nan,40.71897595041057,-73.81669665208639,21.381741838148148,4959.1547619047615,4660.0,12,1,32.099998474121094,1,Medium,14,0.001,0.999,0.0,0.0,2026-04-25 17:11:05,2,4,5,1,2026-04-06 19:15:00,2.0
68580851,2026-04-04 07:58:38,2026-04-16 12:53:00,Closed,Pothole,QUEENS,nan,40.719247438641474,-73.81144699051096,21.38365156037037,4959.1547619047615,4660.0,1,0,21.100000381469727,0,Low,30,0.985,0.015,0.0,0.0,2026-04-25 17:11:05,2,4,5,1,2026-04-16 12:53:00,12.0
68609179,2026-04-04 07:48:34,2026-04-09 10:45:00,Closed,Pothole,BROOKLYN,nan,40.62147413119333,-73.95071097029123,21.39064230111111,5664.555555555556,6673.0,2,1,25.399999618530273,0,Low,30,0.908,0.092,0.0,0.0,2026-04-25 17:11:05,1,4,5,1,2026-04-09 10:45:00,5.0
68609706,2026-04-04 07:47:55,2026-04-11 09:30:00,Closed,Pothole,BROOKLYN,nan,40.61738380267253,-73.94347039067173,21.39109369,5664.555555555556,6673.0,17,1,34.400001525878906,1,Medium,14,0.0,1.0,0.0,0.0,2026-04-25 17:11:05,1,4,5,1,2026-04-11 09:30:00,7.0
68609707,2026-04-04 07:32:48,,Open,Pothole,BROOKLYN,nan,40.64238401042566,-73.92538206925892,21.401591375185188,5664.555555555556,6673.0,13,0,48.6,1,Medium,16,0.514,0.243,0.146,0.097,2026-04-25 17:11:05,1,4,5,1,,
68607854,2026-04-04 07:08:51,2026-04-04 07:08:51,Closed,Pothole,MANHATTAN,nan,40.80297085227577,-73.96386162910126,21.418223319629632,16591.571428571428,6876.0,16,0,42.20000076293945,1,Medium,14,0.0,1.0,0.0,0.0,2026-04-25 17:11:05,0,4,5,1,2026-04-04 07:08:51,0.0
68566539,2026-04-04 04:06:58,,Open,Pothole,BROOKLYN,nan,40.66059386152177,-73.9313268541998,21.54453119,5664.555555555556,6673.0,16,1,54.0,2,High,16,0.46,0.27,0.162,0.108,2026-04-25 17:11:05,1,4,5,1,,
68561077,2026-04-04 03:48:44,2026-04-11 14:55:00,Closed,Pothole,BROOKLYN,nan,40.67178977198568,-73.95310350760485,21.55719322703704,5664.555555555556,6673.0,18,1,33.0,1,Medium,14,0.0,1.0,0.0,0.0,2026-04-25 17:11:05,1,4,5,1,2026-04-11 14:55:00,7.0
68555060,2026-04-04 02:55:19,,Pending,Pothole,QUEENS,nan,40.72444285430811,-73.91510543889461,21.594288134444447,4959.1547619047615,4660.0,5,0,28.899999618530273,1,Medium,14,0.061,0.939,0.0,0.0,2026-04-25 17:11:05,2,4,5,1,,
68557159,2026-04-04 02:54:42,2026-04-04 02:54:42,Closed,Pothole,QUEENS,nan,40.74171428915491,-73.90633230529538,21.594716375185186,4959.1547619047615,4660.0,14,1,31.700000762939453,1,Medium,14,0.0,1.0,0.0,0.0,2026-04-25 17:11:05,2,4,5,1,2026-04-04 02:54:42,0.0
68549835,2026-04-04 02:25:42,2026-04-11 13:32:00,Closed,Pothole,QUEENS,nan,40.68424002310187,-73.84609489919268,21.614855264074077,4959.1547619047615,4660.0,14,0,35.0,1,Medium,14,0.0,1.0,0.0,0.0,2026-04-25 17:11:05,2,4,5,1,2026-04-11 13:32:00,7.0
68551885,2026-04-04 02:01:53,2026-04-04 02:01:53,Closed,Pothole,BROOKLYN,nan,40.6999378733718,-73.91180788979796,21.631394615925927,5664.555555555556,6673.0,28,1,35.599998474121094,1,Medium,14,0.0,1.0,0.0,0.0,2026-04-25 17:11:05,1,4,5,1,2026-04-04 02:01:53,0.0
68549307,2026-04-04 00:28:00,2026-04-04 00:28:00,Closed,Pothole,QUEENS,nan,40.74584421351302,-73.70653178846892,21.696591375185186,4959.1547619047615,4660.0,2,0,25.799999237060547,1,Medium,14,0.358,0.642,0.0,0.0,2026-04-25 17:11:05,2,4,5,1,2026-04-04 00:28:00,0.0
68557722,2026-04-04 00:20:11,2026-04-15 08:45:00,Closed,Pothole,QUEENS,nan,40.741777683528355,-73.70700800971741,21.702019615925927,4959.1547619047615,4660.0,1,0,23.200000762939453,0,Low,30,0.976,0.024,0.0,0.0,2026-04-25 17:11:05,2,4,5,1,2026-04-15 08:45:00,11.0
68551105,2026-04-04 00:18:40,2026-04-15 09:00:00,Closed,Pothole,QUEENS,nan,40.74198115713489,-73.70607245003795,21.70307285666667,4959.1547619047615,4660.0,0,0,22.299999237060547,0,Low,30,0.992,0.008,0.0,0.0,2026-04-25 17:11:05,2,4,5,0,2026-04-15 09:00:00,11.0
68553725,2026-04-04 00:12:36,2026-04-13 13:35:00,Closed,Pothole,QUEENS,nan,40.73494869819789,-73.84542569708825,21.707285819629632,4959.1547619047615,4660.0,7,0,29.100000381469727,1,Medium,14,0.012,0.988,0.0,0.0,2026-04-25 17:11:05,2,4,5,1,2026-04-13 13:35:00,9.0
68557143,2026-04-03 23:57:43,2026-04-03 23:57:43,Closed,Pothole,BROOKLYN,nan,40.6004284123012,-73.94188947010828,21.71762146777778,5664.555555555556,6673.0,7,1,31.5,1,Medium,14,0.002,0.998,0.0,0.0,2026-04-25 17:11:05,1,4,4,1,2026-04-03 23:57:43,0.0
68553180,2026-04-03 23:57:32,2026-04-03 23:57:32,Closed,Pothole,BROOKLYN,nan,40.6004284123012,-73.94188947010828,21.717748782592594,5664.555555555556,6673.0,7,1,31.5,1,Medium,14,0.002,0.998,0.0,0.0,2026-04-25 17:11:05,1,4,4,1,2026-04-03 23:57:32,0.0
68552411,2026-04-03 23:57:32,2026-04-11 18:06:00,Closed,Pothole,BROOKLYN,nan,40.6004284123012,-73.94188947010828,21.717748782592594,5664.555555555556,6673.0,7,1,31.5,1,Medium,14,0.002,0.998,0.0,0.0,2026-04-25 17:11:05,1,4,4,1,2026-04-11 18:06:00,7.0
68549821,2026-04-03 23:28:45,2026-04-09 16:40:00,Closed,Pothole,BROOKLYN,nan,40.61457928418196,-74.02279602685425,21.73773720851852,5664.555555555556,6673.0,3,1,25.799999237060547,1,Medium,14,0.032,0.968,0.0,0.0,2026-04-25 17:11:05,1,4,4,1,2026-04-09 16:40:00,5.0
68547961,2026-04-03 22:11:35,2026-04-03 22:11:35,Closed,Pothole,MANHATTAN,nan,40.743470365882054,-74.0072320454733,21.791325171481482,16591.571428571428,6876.0,24,0,44.599998474121094,1,Medium,14,0.0,1.0,0.0,0.0,2026-04-25 17:11:05,0,4,4,1,2026-04-03 22:11:35,0.0
68556362,2026-04-03 21:48:31,2026-04-10 15:54:00,Closed,Pothole,QUEENS,nan,40.74193295150507,-73.79695147470842,21.80734369,4959.1547619047615,4660.0,2,1,22.5,0,Low,30,0.987,0.013,0.0,0.0,2026-04-25 17:11:05,2,4,4,1,2026-04-10 15:54:00,6.0
68556353,2026-04-03 21:37:15,2026-04-11 11:02:00,Closed,Pothole,BROOKLYN,nan,40.69673632583382,-73.93479853350624,21.815167764074076,5664.555555555556,6673.0,43,1,32.29999923706055,1,Medium,14,0.0,1.0,0.0,0.0,2026-04-25 17:11:05,1,4,4,1,2026-04-11 11:02:00,7.0
68552419,2026-04-03 21:30:14,,Open,Pothole,BRONX,nan,40.86027863500845,-73.89404373540852,21.82004044925926,6677.6,6655.5,30,1,55.3,2,High,16,0.447,0.276,0.166,0.111,2026-04-25 17:11:05,3,4,4,1,,
68556354,2026-04-03 21:21:09,2026-04-15 22:50:00,Closed,Pothole,BROOKLYN,nan,40.68176925926219,-73.96753277726584,21.82634831962963,5664.555555555556,6673.0,33,1,35.099998474121094,1,Medium,14,0.0,1.0,0.0,0.0,2026-04-25 17:11:05,1,4,4,1,2026-04-15 22:50:00,12.0
68557152,2026-04-03 20:09:44,2026-04-03 20:09:44,Closed,Pothole,STATEN ISLAND,nan,40.62693141835579,-74.07790054905978,21.875943227037038,23788.714285714286,2762.0,6,1,40.29999923706055,1,Medium,14,0.0,1.0,0.0,0.0,2026-04-25 17:11:05,4,4,4,1,2026-04-03 20:09:44,0.0
68557153,2026-04-03 20:08:45,2026-04-03 20:08:45,Closed,Pothole,STATEN ISLAND,nan,40.62693141835579,-74.07790054905978,21.87662609740741,23788.714285714286,2762.0,6,1,40.29999923706055,1,Medium,14,0.0,1.0,0.0,0.0,2026-04-25 17:11:05,4,4,4,1,2026-04-03 20:08:45,0.0
68555055,2026-04-03 19:46:15,2026-04-06 07:22:00,Closed,Pothole,STATEN ISLAND,nan,40.540587527713186,-74.2215341962543,21.89225109740741,23788.714285714286,2762.0,2,0,32.099998474121094,1,Medium,14,0.001,0.999,0.0,0.0,2026-04-25 17:11:05,4,4,4,1,2026-04-06 07:22:00,2.0
68553197,2026-04-03 19:41:50,2026-04-03 19:41:50,Closed,Pothole,QUEENS,nan,40.755716945719335,-73.7892176585466,21.895318227037038,4959.1547619047615,4660.0,2,0,24.600000381469727,0,Low,30,0.538,0.462,0.0,0.0,2026-04-25 17:11:05,2,4,4,1,2026-04-03 19:41:50,0.0
68552425,2026-04-03 19:40:54,2026-04-10 00:25:00,Closed,Pothole,QUEENS,nan,40.755716945719335,-73.7892176585466,21.895966375185186,4959.1547619047615,4660.0,2,0,24.100000381469727,0,Low,30,0.648,0.352,0.0,0.0,2026-04-25 17:11:05,2,4,4,1,2026-04-10 00:25:00,6.0
68557724,2026-04-03 19:40:37,2026-04-11 02:51:00,Closed,Pothole,QUEENS,nan,40.73479813937781,-73.8608047936251,21.896163134444446,4959.1547619047615,4660.0,8,1,29.700000762939453,1,Medium,14,0.002,0.998,0.0,0.0,2026-04-25 17:11:05,2,4,4,1,2026-04-11 02:51:00,7.0
68552427,2026-04-03 19:37:03,2026-04-11 21:45:00,Closed,Pothole,QUEENS,nan,40.734273296723934,-73.8625956125212,21.8986399862963,4959.1547619047615,4660.0,24,1,32.29999923706055,1,Medium,14,0.0,1.0,0.0,0.0,2026-04-25 17:11:05,2,4,4,1,2026-04-11 21:45:00,8.0
68555063,2026-04-03 19:36:00,2026-04-11 04:44:00,Closed,Pothole,QUEENS,nan,40.78140900291806,-73.77816649796233,21.899369152962965,4959.1547619047615,4660.0,3,0,22.899999618530273,0,Low,30,0.84,0.16,0.0,0.0,2026-04-25 17:11:05,2,4,4,1,2026-04-11 04:44:00,7.0
68556363,2026-04-03 19:15:07,,Pending,Pothole,QUEENS,nan,40.77699700790245,-73.81478939209954,21.913871467777778,4959.1547619047615,4660.0,4,0,23.899999618530273,0,Low,30,0.815,0.184,0.0,0.0,2026-04-25 17:11:05,2,4,4,1,,
68549839,2026-04-03 19:08:11,2026-04-11 21:45:00,Closed,Pothole,QUEENS,nan,40.73242634984246,-73.85390002253664,21.918686282592592,4959.1547619047615,4660.0,9,0,32.0,1,Medium,14,0.002,0.998,0.0,0.0,2026-04-25 17:11:05,2,4,4,1,2026-04-11 21:45:00,8.0
68554534,2026-04-03 19:04:49,2026-04-03 19:04:49,Closed,Pothole,QUEENS,nan,40.74416744233457,-73.9124783278851,21.921024245555557,4959.1547619047615,4660.0,8,0,31.600000381469727,1,Medium,14,0.001,0.999,0.0,0.0,2026-04-25 17:11:05,2,4,4,1,2026-04-03 19:04:49,0.0
68553198,2026-04-03 18:58:44,2026-04-03 18:58:44,Closed,Pothole,QUEENS,nan,40.761217008162774,-73.8863970016137,21.925248782592593,4959.1547619047615,4660.0,7,0,30.0,1,Medium,14,0.013,0.987,0.0,0.0,2026-04-25 17:11:05,2,4,4,1,2026-04-03 18:58:44,0.0
68550603,2026-04-03 18:54:32,2026-04-03 18:54:32,Closed,Pothole,QUEENS,nan,40.73996996115008,-73.7609469677333,21.92816544925926,4959.1547619047615,4660.0,3,0,24.799999237060547,1,Medium,14,0.197,0.803,0.0,0.0,2026-04-25 17:11:05,2,4,4,1,2026-04-03 18:54:32,0.0
68551882,2026-04-03 18:36:09,2026-04-03 18:36:09,Closed,Pothole,MANHATTAN,nan,40.771669331370816,-73.98669592202734,21.940931652962963,16591.571428571428,6876.0,6,0,39.29999923706055,1,Medium,14,0.0,0.999,0.0,0.0,2026-04-25 17:11:05,0,4,4,1,2026-04-03 18:36:09,0.0
68554535,2026-04-03 18:15:25,2026-04-03 18:15:25,Closed,Pothole,QUEENS,nan,40.71888937644035,-73.84158850919346,21.955329801111112,4959.1547619047615,4660.0,13,0,34.900001525878906,1,Medium,14,0.0,1.0,0.0,0.0,2026-04-25 17:11:05,2,4,4,1,2026-04-03 18:15:25,0.0
68555835,2026-04-03 18:13:56,2026-04-03 18:13:56,Closed,Pothole,QUEENS,nan,40.72621434011151,-73.92051499056612,21.956359893703706,4959.1547619047615,4660.0,3,0,22.5,0,Low,30,0.907,0.093,0.0,0.0,2026-04-25 17:11:05,2,4,4,1,2026-04-03 18:13:56,0.0
68547969,2026-04-03 18:03:10,2026-04-03 18:03:10,Closed,Pothole,BRONX,nan,40.833965234391094,-73.86289203458179,21.963836745555557,6677.6,6655.5,55,1,34.599998474121094,1,Medium,14,0.0,1.0,0.0,0.0,2026-04-25 17:11:05,3,4,4,1,2026-04-03 18:03:10,0.0
68548503,2026-04-03 17:57:15,2026-04-11 13:45:00,Closed,Pothole,QUEENS,nan,40.739650579375336,-73.74636931913592,21.967945541851854,4959.1547619047615,4660.0,2,1,22.100000381469727,0,Low,30,0.966,0.034,0.0,0.0,2026-04-25 17:11:05,2,4,4,1,2026-04-11 13:45:00,7.0
68549841,2026-04-03 17:43:26,2026-04-11 15:05:00,Closed,Pothole,QUEENS,nan,40.67169436643357,-73.81662832695501,21.977540449259262,4959.1547619047615,4660.0,1,0,22.899999618530273,0,Low,30,0.99,0.01,0.0,0.0,2026-04-25 17:11:05,2,4,4,1,2026-04-11 15:05:00,7.0
68555817,2026-04-03 17:38:08,2026-04-03 17:38:08,Closed,Pothole,MANHATTAN,nan,40.77102399632221,-73.95364737877979,21.981221004814817,16591.571428571428,6876.0,14,0,43.79999923706055,1,Medium,14,0.0,0.999,0.001,0.0,2026-04-25 17:11:05,0,4,4,1,2026-04-03 17:38:08,0.0
68556365,2026-04-03 17:34:50,2026-04-11 21:45:00,Closed,Pothole,QUEENS,nan,40.74763079674001,-73.88393715438816,21.98351267148148,4959.1547619047615,4660.0,32,1,32.099998474121094,1,Medium,14,0.0,1.0,0.0,0.0,2026-04-25 17:11:05,2,4,4,1,2026-04-11 21:45:00,8.0
68555825,2026-04-03 17:19:37,2026-04-03 17:19:37,Closed,Pothole,BRONX,nan,40.88919344270751,-73.83129818365059,21.994079801111113,6677.6,6655.5,10,1,34.599998474121094,1,Medium,14,0.0,1.0,0.0,0.0,2026-04-25 17:11:05,3,4,4,1,2026-04-03 17:19:37,0.0
68553721,2026-04-03 17:07:31,2026-04-08 07:52:00,Closed,Pothole,STATEN ISLAND,nan,40.611341423170394,-74.12423578235362,22.00248257888889,23788.714285714286,2762.0,3,1,33.70000076293945,1,Medium,14,0.0,1.0,0.0,0.0,2026-04-25 17:11:05,4,4,4,1,2026-04-08 07:52:00,4.0
68557162,2026-04-03 16:59:33,2026-04-03 16:59:33,Closed,Pothole,QUEENS,nan,40.74313792617544,-73.9158466803171,22.0080149862963,4959.1547619047615,4660.0,20,0,32.900001525878906,1,Medium,14,0.0,1.0,0.0,0.0,2026-04-25 17:11:05,2,4,4,1,2026-04-03 16:59:33,0.0
68557728,2026-04-03 16:54:52,2026-04-11 12:46:00,Closed,Pothole,QUEENS,nan,40.74713318561844,-73.88867664694138,22.01126730111111,4959.1547619047615,4660.0,33,1,30.700000762939453,1,Medium,14,0.0,1.0,0.0,0.0,2026-04-25 17:11:05,2,4,4,1,2026-04-11 12:46:00,7.0
68553728,2026-04-03 16:53:07,,Pending,Pothole,QUEENS,nan,40.74713673194053,-73.89240835378462,22.01248257888889,4959.1547619047615,4660.0,35,1,30.700000762939453,1,Medium,14,0.0,1.0,0.0,0.0,2026-04-25 17:11:05,2,4,4,1,,
68551108,2026-04-03 16:50:58,2026-04-10 21:15:00,Closed,Pothole,QUEENS,nan,40.74861464350142,-73.8746312134739,22.013975634444446,4959.1547619047615,4660.0,21,0,34.79999923706055,1,Medium,14,0.0,1.0,0.0,0.0,2026-04-25 17:11:05,2,4,4,1,2026-04-10 21:15:00,7.0
68555837,2026-04-03 16:49:34,2026-04-03 16:49:34,Closed,Pothole,QUEENS,nan,40.742162732300706,-73.80443169997793,22.01494785666667,4959.1547619047615,4660.0,4,0,24.299999237060547,1,Medium,14,0.431,0.568,0.0,0.0,2026-04-25 17:11:05,2,4,4,1,2026-04-03 16:49:34,0.0
68557715,2026-04-03 16:30:57,,Open,Pothole,BRONX,nan,40.82531495020251,-73.90821274926546,22.027876097407407,6677.6,6655.5,34,1,55.4,2,High,16,0.446,0.277,0.166,0.111,2026-04-25 17:11:05,3,4,4,1,,
68556358,2026-04-03 16:18:09,,Open,Pothole,BRONX,nan,40.89443344600313,-73.91004516966163,22.036764986296298,6677.6,6655.5,2,1,20.7,0,Low,16,0.793,0.103,0.062,0.041,2026-04-25 17:11:05,3,4,4,1,,
68552410,2026-04-03 16:13:52,2026-04-04 04:25:00,Open,Pothole,MANHATTAN,nan,40.75842923013922,-73.99263277459292,22.039739523333335,16591.571428571428,6876.0,39,1,67.3,2,High,9,0.327,0.336,0.202,0.135,2026-04-25 17:11:05,0,4,4,1,2026-04-04 04:25:00,
68548486,2026-04-03 16:10:51,,Open,Pothole,MANHATTAN,nan,40.75551612733907,-73.98362389022031,22.041834430740742,16591.571428571428,6876.0,30,1,67.3,2,High,9,0.327,0.336,0.202,0.135,2026-04-25 17:11:05,0,4,4,1,,
68555823,2026-04-03 16:08:16,2026-04-03 16:08:16,Closed,Pothole,BROOKLYN,nan,40.67941992696954,-73.96822614618212,22.043628412222223,5664.555555555556,6673.0,18,1,33.29999923706055,1,Medium,14,0.0,1.0,0.0,0.0,2026-04-25 17:11:05,1,4,4,1,2026-04-03 16:08:16,0.0
68550593,2026-04-03 15:53:36,2026-04-03 15:53:36,Closed,Pothole,MANHATTAN,nan,40.77402161430348,-73.95455873895823,22.05381359740741,16591.571428571428,6876.0,12,0,43.0,1,Medium,14,0.0,0.999,0.001,0.0,2026-04-25 17:11:05,0,4,4,1,2026-04-03 15:53:36,0.0
68556355,2026-04-03 15:53:11,,Open,Pothole,BROOKLYN,nan,40.653190255883345,-73.96621323435924,22.05410294925926,5664.555555555556,6673.0,7,1,32.8,1,Medium,16,0.672,0.164,0.098,0.066,2026-04-25 17:11:05,1,4,4,1,,
68557163,2026-04-03 15:51:35,2026-04-03 15:51:35,Closed,Pothole,QUEENS,nan,40.71888937644035,-73.84158850919346,22.05521406037037,4959.1547619047615,4660.0,13,0,34.900001525878906,1,Medium,14,0.0,1.0,0.0,0.0,2026-04-25 17:11:05,2,4,4,1,2026-04-03 15:51:35,0.0
68555838,2026-04-03 15:51:08,2026-04-03 15:51:08,Closed,Pothole,QUEENS,nan,40.74584421351302,-73.70653178846892,22.05552656037037,4959.1547619047615,4660.0,2,0,24.5,0,Low,30,0.848,0.152,0.0,0.0,2026-04-25 17:11:05,2,4,4,1,2026-04-03 15:51:08,0.0
68550606,2026-04-03 15:41:14,2026-04-03 15:41:14,Closed,Pothole,QUEENS,nan,40.74408619853987,-73.71472803155868,22.062401560370372,4959.1547619047615,4660.0,7,0,32.5,1,Medium,14,0.01,0.99,0.0,0.0,2026-04-25 17:11:05,2,4,4,1,2026-04-03 15:41:14,0.0
68553729,2026-04-03 15:35:04,2026-04-11 21:45:00,Closed,Pothole,QUEENS,nan,40.741863453510625,-73.90750492962665,22.066683967777777,4959.1547619047615,4660.0,12,0,33.400001525878906,1,Medium,14,0.0,1.0,0.0,0.0,2026-04-25 17:11:05,2,4,4,1,2026-04-11 21:45:00,8.0
68551898,2026-04-03 15:26:32,2026-04-03 15:26:32,Closed,Pothole,QUEENS,DECATUR STREET,40.694275589555886,-73.9018516025562,22.072609893703707,4959.1547619047615,3159.0,7,1,29.700000762939453,1,Medium,14,0.005,0.995,0.0,0.0,2026-04-25 17:11:05,2,4,4,1,2026-04-03 15:26:32,0.0
68552413,2026-04-03 15:23:15,,Open,Pothole,BROOKLYN,nan,40.67858729292244,-73.9061289409916,22.0748899862963,5664.555555555556,6673.0,21,1,54.2,2,High,16,0.458,0.271,0.162,0.108,2026-04-25 17:11:05,1,4,4,1,,
68552420,2026-04-03 15:17:09,,Open,Pothole,BRONX,nan,40.83647430985659,-73.86093899622307,22.079126097407407,6677.6,6655.5,8,1,36.7,1,Medium,16,0.633,0.184,0.11,0.073,2026-04-25 17:11:05,3,4,4,1,,
68555057,2026-04-03 15:13:44,,Open,Pothole,STATEN ISLAND,nan,40.543335225468695,-74.16427024861207,22.081498782592593,23788.714285714286,2762.0,12,1,67.9,2,High,16,0.321,0.34,0.204,0.136,2026-04-25 17:11:05,4,4,4,1,,
68557164,2026-04-03 15:00:40,2026-04-03 15:00:40,Closed,Pothole,QUEENS,nan,40.71494540083687,-73.7356018198242,22.090572856666668,4959.1547619047615,4660.0,9,1,32.5,1,Medium,14,0.001,0.999,0.0,0.0,2026-04-25 17:11:05,2,4,4,1,2026-04-03 15:00:40,0.0
68553182,2026-04-03 14:54:11,2026-04-03 14:54:11,Closed,Pothole,BROOKLYN,nan,40.64412044446325,-73.98905998133938,22.095075171481483,5664.555555555556,6673.0,7,1,30.399999618530273,1,Medium,14,0.001,0.999,0.0,0.0,2026-04-25 17:11:05,1,4,4,1,2026-04-03 14:54:11,0.0
68555046,2026-04-03 14:52:56,2026-04-04 00:49:00,Closed,Pothole,BROOKLYN,nan,40.635007100231654,-73.93152612595941,22.09594322703704,5664.555555555556,6673.0,6,1,33.599998474121094,1,Medium,14,0.016,0.984,0.0,0.0,2026-04-25 17:11:05,1,4,4,1,2026-04-04 00:49:00,0.0
68549310,2026-04-03 14:42:48,2026-04-03 14:42:48,Closed,Pothole,QUEENS,nan,40.71059995970241,-73.8088960294562,22.102980264074077,4959.1547619047615,4660.0,7,1,28.899999618530273,1,Medium,14,0.024,0.975,0.0,0.0,2026-04-25 17:11:05,2,4,4,1,2026-04-03 14:42:48,0.0
68614443,2026-04-03 14:38:35,2026-04-04 13:45:00,Closed,Pothole,BROOKLYN,FERRIS STREET,40.67856952529223,-74.01636803069738,22.105908504814817,5664.555555555556,6673.0,1,0,23.100000381469727,0,Low,30,0.916,0.084,0.0,0.0,2026-04-25 17:11:05,1,4,4,1,2026-04-04 13:45:00,0.0
68553730,2026-04-03 14:10:58,2026-04-11 02:20:00,Closed,Pothole,QUEENS,nan,40.76766622966839,-73.79921238054796,22.125086745555556,4959.1547619047615,4660.0,1,0,21.299999237060547,0,Low,30,0.994,0.005,0.0,0.0,2026-04-25 17:11:05,2,4,4,1,2026-04-11 02:20:00,7.0
68548487,2026-04-03 14:09:47,2026-04-18 13:00:00,Closed,Pothole,MANHATTAN,nan,40.70983538437904,-74.0148752026835,22.125908504814817,16591.571428571428,6876.0,19,1,43.599998474121094,1,Medium,14,0.0,1.0,0.0,0.0,2026-04-25 17:11:05,0,4,4,1,2026-04-18 13:00:00,14.0
68553722,2026-04-03 13:58:51,2026-04-11 14:00:00,Closed,Pothole,STATEN ISLAND,nan,40.62485313279033,-74.16044700328256,22.133501097407407,23788.714285714286,2762.0,5,0,38.400001525878906,1,Medium,14,0.0,1.0,0.0,0.0,2026-04-25 17:11:05,4,4,4,1,2026-04-11 14:00:00,8.0
68549847,2026-04-03 13:55:06,2026-04-11 12:40:00,Closed,Pothole,QUEENS,nan,40.75477848293233,-73.89280387542978,22.136105264074075,4959.1547619047615,4660.0,10,1,33.70000076293945,1,Medium,14,0.0,1.0,0.0,0.0,2026-04-25 17:11:05,2,4,4,1,2026-04-11 12:40:00,7.0
68555068,2026-04-03 13:52:22,2026-04-11 10:40:00,Closed,Pothole,QUEENS,nan,40.76542545663209,-73.89000343092295,22.138003412222222,4959.1547619047615,4660.0,21,0,34.20000076293945,1,Medium,14,0.0,1.0,0.0,0.0,2026-04-25 17:11:05,2,4,4,1,2026-04-11 10:40:00,7.0
68549290,2026-04-03 13:45:07,2026-04-03 13:45:07,Closed,Pothole,MANHATTAN,nan,40.83406100800248,-73.94487994277772,22.143038134444446,16591.571428571428,6876.0,26,1,42.900001525878906,1,Medium,14,0.0,0.999,0.001,0.0,2026-04-25 17:11:05,0,4,4,1,2026-04-03 13:45:07,0.0
68557142,2026-04-03 13:44:51,2026-04-03 13:44:51,Closed,Pothole,MANHATTAN,nan,40.83406100800248,-73.94487994277772,22.14322331962963,16591.571428571428,6876.0,26,1,42.900001525878906,1,Medium,14,0.0,0.999,0.001,0.0,2026-04-25 17:11:05,0,4,4,1,2026-04-03 13:44:51,0.0
68555839,2026-04-03 13:37:40,2026-04-03 13:37:40,Closed,Pothole,QUEENS,nan,40.68645287530594,-73.76117488518368,22.148211745555557,4959.1547619047615,4660.0,3,1,23.200000762939453,0,Low,30,0.817,0.183,0.0,0.0,2026-04-25 17:11:05,2,4,4,1,2026-04-03 13:37:40,0.0
68549826,2026-04-03 13:28:14,2026-04-13 10:20:00,Closed,Pothole,BROOKLYN,nan,40.65077151218486,-73.88479037474043,22.154762671481482,5664.555555555556,6673.0,8,0,30.600000381469727,1,Medium,14,0.0,1.0,0.0,0.0,2026-04-25 17:11:05,1,4,4,1,2026-04-13 10:20:00,9.0
68554527,2026-04-03 13:26:50,2026-04-03 13:26:50,Closed,Pothole,BROOKLYN,nan,40.65276846281514,-73.88628975331724,22.155734893703706,5664.555555555556,6673.0,14,1,32.5,1,Medium,14,0.0,1.0,0.0,0.0,2026-04-25 17:11:05,1,4,4,1,2026-04-03 13:26:50,0.0
68551883,2026-04-03 13:26:07,2026-04-03 13:26:07,Closed,Pothole,MANHATTAN,nan,40.72931039303492,-73.99788568956492,22.15623257888889,16591.571428571428,6876.0,12,1,42.20000076293945,1,Medium,14,0.0,0.999,0.001,0.0,2026-04-25 17:11:05,0,4,4,1,2026-04-03 13:26:07,0.0
68553205,2026-04-03 13:18:51,2026-04-03 13:18:51,Closed,Pothole,QUEENS,nan,40.761217008162774,-73.8863970016137,22.161278875185186,4959.1547619047615,4660.0,7,0,30.0,1,Medium,14,0.01,0.99,0.0,0.0,2026-04-25 17:11:05,2,4,4,1,2026-04-03 13:18:51,0.0
68557730,2026-04-03 13:14:37,2026-04-10 05:00:00,Closed,Pothole,QUEENS,nan,40.768935054292,-73.79190152081351,22.164218690000002,4959.1547619047615,4660.0,5,0,27.899999618530273,1,Medium,14,0.112,0.888,0.0,0.0,2026-04-25 17:11:05,2,4,4,1,2026-04-10 05:00:00,6.0
68551100,2026-04-03 13:09:06,2026-04-10 13:36:00,Closed,Pothole,BROOKLYN,nan,40.712421437789565,-73.92386442232262,22.16804970851852,5664.555555555556,6673.0,5,0,28.799999237060547,1,Medium,14,0.038,0.962,0.0,0.0,2026-04-25 17:11:05,1,4,4,1,2026-04-10 13:36:00,7.0
68551111,2026-04-03 13:07:59,2026-04-11 20:54:00,Closed,Pothole,QUEENS,nan,40.68673223772658,-73.77447909138424,22.168825171481483,4959.1547619047615,4660.0,5,1,27.100000381469727,1,Medium,14,0.123,0.877,0.0,0.0,2026-04-25 17:11:05,2,4,4,1,2026-04-11 20:54:00,8.0
68547973,2026-04-03 13:04:48,2026-04-03 13:04:48,Closed,Pothole,STATEN ISLAND,nan,40.55734744941992,-74.1662156412323,22.17103581962963,23788.714285714286,2762.0,0,0,31.100000381469727,1,Medium,14,0.001,0.999,0.0,0.0,2026-04-25 17:11:05,4,4,4,0,2026-04-03 13:04:48,0.0
68554524,2026-04-03 13:04:13,2026-04-03 13:04:13,Closed,Pothole,MANHATTAN,nan,40.83427258116686,-73.94536400745557,22.171440912222224,16591.571428571428,6876.0,26,1,41.099998474121094,1,Medium,14,0.0,0.998,0.002,0.0,2026-04-25 17:11:05,0,4,4,1,2026-04-03 13:04:13,0.0
68554530,2026-04-03 12:35:50,2026-04-03 12:35:50,Closed,Pothole,BRONX,nan,40.82815941288273,-73.91296044670815,22.191151560370372,6677.6,6655.5,13,1,36.70000076293945,1,Medium,14,0.0,1.0,0.0,0.0,2026-04-25 17:11:05,3,4,4,1,2026-04-03 12:35:50,0.0
68553733,2026-04-03 12:17:37,,Pending,Pothole,QUEENS,nan,40.7487179265672,-73.87369987308341,22.203802023333335,4959.1547619047615,4660.0,18,0,33.099998474121094,1,Medium,14,0.0,1.0,0.0,0.0,2026-04-25 17:11:05,2,4,4,1,,
68550608,2026-04-03 12:11:06,2026-04-03 12:11:06,Closed,Pothole,QUEENS,nan,40.7402725268642,-73.89585124979992,22.208327486296298,4959.1547619047615,4660.0,23,0,33.099998474121094,1,Medium,14,0.0,1.0,0.0,0.0,2026-04-25 17:11:05,2,4,4,1,2026-04-03 12:11:06,0.0
68552414,2026-04-03 12:10:49,2026-04-17 00:42:00,Closed,Pothole,BROOKLYN,nan,40.635552387281265,-73.9780218886329,22.208524245555555,5664.555555555556,6673.0,7,0,31.100000381469727,1,Medium,14,0.002,0.998,0.0,0.0,2026-04-25 17:11:05,1,4,4,1,2026-04-17 00:42:00,13.0
68549830,2026-04-03 12:07:58,,Open,Pothole,BRONX,nan,40.83945020852951,-73.883834791502,22.210503412222224,6677.6,6655.5,28,1,55.4,2,High,16,0.446,0.277,0.166,0.111,2026-04-25 17:11:05,3,4,4,1,,
68549849,2026-04-03 12:07:42,2026-04-11 12:50:00,Closed,Pothole,QUEENS,nan,40.724435644856605,-73.86929389395314,22.210688597407408,4959.1547619047615,4660.0,6,0,26.399999618530273,0,Low,30,0.729,0.271,0.0,0.0,2026-04-25 17:11:05,2,4,4,1,2026-04-11 12:50:00,8.0
68552434,2026-04-03 12:06:22,2026-04-11 13:42:00,Closed,Pothole,QUEENS,nan,40.7143224573878,-73.88056107094457,22.211614523333335,4959.1547619047615,4660.0,2,0,21.399999618530273,0,Low,30,0.995,0.005,0.0,0.0,2026-04-25 17:11:05,2,4,4,1,2026-04-11 13:42:00,8.0
68548508,2026-04-03 12:04:58,2026-04-11 21:45:00,Closed,Pothole,QUEENS,nan,40.745941419306114,-73.90005402230014,22.21258674555556,4959.1547619047615,4660.0,13,0,34.0,1,Medium,14,0.0,1.0,0.0,0.0,2026-04-25 17:11:05,2,4,4,1,2026-04-11 21:45:00,8.0
68553715,2026-04-03 11:56:55,,Open,Pothole,MANHATTAN,nan,40.80191964361971,-73.94343648432925,22.218177023333336,16591.571428571428,6876.0,24,0,67.3,2,High,9,0.327,0.337,0.202,0.135,2026-04-25 17:11:05,0,4,4,1,,
68551114,2026-04-03 11:51:45,2026-04-06 20:45:00,Closed,Pothole,QUEENS,nan,40.70935790757104,-73.80804473916429,22.221764986296296,4959.1547619047615,4660.0,6,1,26.200000762939453,0,Low,30,0.827,0.173,0.0,0.0,2026-04-25 17:11:05,2,4,4,1,2026-04-06 20:45:00,3.0
68557165,2026-04-03 11:46:43,2026-04-03 11:46:43,Closed,Pothole,QUEENS,nan,40.67297537964296,-73.73222447990973,22.225260356666666,4959.1547619047615,4660.0,12,1,34.29999923706055,1,Medium,14,0.006,0.994,0.0,0.0,2026-04-25 17:11:05,2,4,4,1,2026-04-03 11:46:43,0.0
68548509,2026-04-03 11:45:05,2026-04-15 12:35:00,Closed,Pothole,QUEENS,DECATUR STREET,40.694275589555886,-73.9018516025562,22.226394615925926,4959.1547619047615,3159.0,7,1,28.799999237060547,1,Medium,14,0.014,0.985,0.0,0.0,2026-04-25 17:11:05,2,4,4,1,2026-04-15 12:35:00,12.0
68549833,2026-04-03 11:40:29,2026-04-11 07:30:00,Closed,Pothole,STATEN ISLAND,nan,40.524475438483584,-74.20528354036172,22.229589060370373,23788.714285714286,2762.0,3,1,33.5,1,Medium,14,0.001,0.999,0.0,0.0,2026-04-25 17:11:05,4,4,4,1,2026-04-11 07:30:00,7.0
68549300,2026-04-03 11:36:28,2026-04-03 11:36:28,Closed,Pothole,BRONX,nan,40.88025935218736,-73.87678054259923,22.232378412222225,6677.6,6655.5,22,0,35.599998474121094,1,Medium,14,0.0,1.0,0.0,0.0,2026-04-25 17:11:05,3,4,4,1,2026-04-03 11:36:28,0.0
68557711,2026-04-03 11:35:05,2026-04-04 01:24:00,Closed,Pothole,BROOKLYN,nan,40.64242381497732,-73.96174694057026,22.233339060370373,5664.555555555556,6673.0,7,0,31.200000762939453,1,Medium,14,0.003,0.997,0.0,0.0,2026-04-25 17:11:05,1,4,4,1,2026-04-04 01:24:00,0.0
68549834,2026-04-03 11:23:29,2026-04-11 13:10:00,Closed,Pothole,STATEN ISLAND,nan,40.54195777086317,-74.18559898988106,22.241394615925927,23788.714285714286,2762.0,1,0,30.5,1,Medium,14,0.002,0.998,0.0,0.0,2026-04-25 17:11:05,4,4,4,1,2026-04-11 13:10:00,8.0
68557720,2026-04-03 11:17:29,2026-04-12 02:05:00,Closed,Pothole,STATEN ISLAND,nan,40.56739356360024,-74.15228255738663,22.245561282592593,23788.714285714286,2762.0,0,0,30.899999618530273,1,Medium,14,0.004,0.996,0.0,0.0,2026-04-25 17:11:05,4,4,4,0,2026-04-12 02:05:00,8.0
68556369,2026-04-03 11:01:49,2026-04-13 13:35:00,Closed,Pothole,QUEENS,nan,40.71888937644035,-73.84158850919346,22.256440912222224,4959.1547619047615,4660.0,13,0,34.099998474121094,1,Medium,14,0.0,1.0,0.0,0.0,2026-04-25 17:11:05,2,4,4,1,2026-04-13 13:35:00,10.0
68553734,2026-04-03 11:01:40,2026-04-17 11:10:00,Closed,Pothole,QUEENS,nan,40.700904984625176,-73.7304857574349,22.25654507888889,4959.1547619047615,4660.0,0,1,21.600000381469727,0,Low,30,0.997,0.003,0.0,0.0,2026-04-25 17:11:05,2,4,4,0,2026-04-17 11:10:00,14.0
68555047,2026-04-03 11:01:13,2026-04-10 15:00:00,Closed,Pothole,BROOKLYN,nan,40.72925660047586,-73.94604543563193,22.25685757888889,5664.555555555556,6673.0,3,0,26.600000381469727,1,Medium,14,0.064,0.936,0.0,0.0,2026-04-25 17:11:05,1,4,4,1,2026-04-10 15:00:00,7.0
68552422,2026-04-03 10:56:45,2026-04-06 12:44:00,Closed,Pothole,BRONX,nan,40.84541059639791,-73.89112534644192,22.259959430740743,6677.6,6655.5,27,1,33.599998474121094,1,Medium,14,0.0,1.0,0.0,0.0,2026-04-25 17:11:05,3,4,4,1,2026-04-06 12:44:00,3.0
68551095,2026-04-03 10:49:05,2026-04-17 10:11:00,Closed,Pothole,MANHATTAN,nan,40.75084374656644,-73.97860824436275,22.265283504814818,16591.571428571428,6876.0,29,0,44.0,1,Medium,14,0.0,1.0,0.0,0.0,2026-04-25 17:11:05,0,4,4,1,2026-04-17 10:11:00,13.0
68555818,2026-04-03 10:40:50,2026-04-03 10:40:50,Closed,Pothole,MANHATTAN,nan,40.74444307525026,-73.97905779791937,22.271012671481483,16591.571428571428,6876.0,22,1,43.5,1,Medium,14,0.0,0.999,0.0,0.0,2026-04-25 17:11:05,0,4,4,1,2026-04-03 10:40:50,0.0
68552416,2026-04-03 10:31:38,2026-04-03 22:14:00,Closed,Pothole,BROOKLYN,nan,40.58691928485088,-73.963859733817,22.27740156037037,5664.555555555556,6673.0,13,1,33.0,1,Medium,14,0.0,1.0,0.0,0.0,2026-04-25 17:11:05,1,4,4,1,2026-04-03 22:14:00,0.0
68549313,2026-04-03 10:19:15,2026-04-03 10:19:15,Closed,Pothole,QUEENS,nan,40.701765672958274,-73.80792594429812,22.286001097407407,4959.1547619047615,4660.0,42,1,34.099998474121094,1,Medium,14,0.0,1.0,0.0,0.0,2026-04-25 17:11:05,2,4,4,1,2026-04-03 10:19:15,0.0
68551896,2026-04-03 10:00:51,2026-04-03 10:00:51,Closed,Pothole,STATEN ISLAND,nan,40.53833532825457,-74.15955572045571,22.298778875185185,23788.714285714286,2762.0,1,1,31.5,1,Medium,14,0.002,0.998,0.0,0.0,2026-04-25 17:11:05,4,4,4,1,2026-04-03 10:00:51,0.0
68549819,2026-04-03 09:56:50,2026-04-18 21:10:00,Closed,Pothole,MANHATTAN,nan,40.734434426864034,-73.98990393253564,22.301568227037038,16591.571428571428,6876.0,27,0,42.79999923706055,1,Medium,14,0.0,1.0,0.0,0.0,2026-04-25 17:11:05,0,4,4,1,2026-04-18 21:10:00,15.0
68549832,2026-04-03 09:54:33,,Open,Pothole,BRONX,nan,40.826909061172856,-73.93102151496065,22.303153875185185,6677.6,6655.5,15,1,55.4,2,High,16,0.446,0.277,0.166,0.111,2026-04-25 17:11:05,3,4,4,1,,
68549852,2026-04-03 09:49:23,2026-04-16 13:13:00,Closed,Pothole,QUEENS,nan,40.74581825411661,-73.94564947600665,22.30674183814815,4959.1547619047615,4660.0,12,1,32.5,1,Medium,14,0.0,1.0,0.0,0.0,2026-04-25 17:11:05,2,4,4,1,2026-04-16 13:13:00,13.0
68548492,2026-04-03 09:48:10,2026-04-22 10:05:00,Closed,Pothole,BROOKLYN,nan,40.701573310863985,-73.93129185422126,22.307586745555557,5664.555555555556,6673.0,6,1,31.399999618530273,1,Medium,14,0.016,0.984,0.0,0.0,2026-04-25 17:11:05,1,4,4,1,2026-04-22 10:05:00,19.0
68551116,2026-04-03 09:23:53,2026-04-17 20:21:00,Closed,Pothole,QUEENS,nan,40.66630822047629,-73.78592799981898,22.324450171481484,4959.1547619047615,4660.0,13,1,34.0,1,Medium,14,0.001,0.999,0.0,0.0,2026-04-25 17:11:05,2,4,4,1,2026-04-17 20:21:00,14.0
68555069,2026-04-03 09:23:27,2026-04-10 14:51:00,Closed,Pothole,QUEENS,nan,40.74851408985059,-73.87555532770014,22.324751097407407,4959.1547619047615,4660.0,21,0,34.29999923706055,1,Medium,14,0.0,1.0,0.0,0.0,2026-04-25 17:11:05,2,4,4,1,2026-04-10 14:51:00,7.0
68548511,2026-04-03 09:12:00,2026-04-18 12:25:00,Closed,Pothole,QUEENS,nan,40.652564629491025,-73.74654903024499,22.3327024862963,4959.1547619047615,4660.0,0,1,22.700000762939453,0,Low,30,0.999,0.001,0.0,0.0,2026-04-25 17:11:05,2,4,4,0,2026-04-18 12:25:00,15.0
68549827,2026-04-03 09:11:37,2026-04-22 08:30:00,Closed,Pothole,BROOKLYN,nan,40.68350470490595,-73.91151233376623,22.33296869,5664.555555555556,6673.0,17,1,33.400001525878906,1,Medium,14,0.0,1.0,0.0,0.0,2026-04-25 17:11:05,1,4,4,1,2026-04-22 08:30:00,18.0
68548512,2026-04-03 09:05:47,2026-04-14 13:06:00,Closed,Pothole,QUEENS,nan,40.76374599277646,-73.83506340133465,22.33701961592593,4959.1547619047615,4660.0,18,1,33.29999923706055,1,Medium,14,0.0,1.0,0.0,0.0,2026-04-25 17:11:05,2,4,4,1,2026-04-14 13:06:00,11.0
68553718,2026-04-03 09:05:03,2026-04-11 12:45:00,Closed,Pothole,BRONX,nan,40.826793948639086,-73.89191099307715,22.337528875185185,6677.6,6655.5,17,1,35.70000076293945,1,Medium,14,0.0,1.0,0.0,0.0,2026-04-25 17:11:05,3,4,4,1,2026-04-11 12:45:00,8.0
68548513,2026-04-03 08:56:48,,Pending,Pothole,QUEENS,nan,40.68337716117407,-73.76042512611521,22.343258041851854,4959.1547619047615,4660.0,3,1,25.0,1,Medium,14,0.334,0.666,0.0,0.0,2026-04-25 17:11:05,2,4,4,1,,
68551101,2026-04-03 08:56:15,2026-04-15 13:45:00,Closed,Pothole,BROOKLYN,nan,40.69212384785964,-73.98903046889686,22.343639986296296,5664.555555555556,6673.0,37,1,32.20000076293945,1,Medium,14,0.0,1.0,0.0,0.0,2026-04-25 17:11:05,1,4,4,1,2026-04-15 13:45:00,12.0
68555819,2026-04-03 08:48:26,2026-04-03 08:48:26,Closed,Pothole,MANHATTAN,nan,40.74959134960163,-74.00278625353856,22.349068227037037,16591.571428571428,6876.0,13,0,45.20000076293945,1,Medium,14,0.0,1.0,0.0,0.0,2026-04-25 17:11:05,0,4,4,1,2026-04-03 08:48:26,0.0
68549854,2026-04-03 08:46:50,2026-04-11 08:50:00,Closed,Pothole,QUEENS,nan,40.733497309506575,-73.87036942449794,22.35017933814815,4959.1547619047615,4660.0,44,1,33.70000076293945,1,Medium,14,0.0,1.0,0.0,0.0,2026-04-25 17:11:05,2,4,4,1,2026-04-11 08:50:00,8.0
68557166,2026-04-03 08:46:14,2026-04-03 08:46:14,Closed,Pothole,QUEENS,nan,40.72710607909173,-73.80508201847246,22.350596004814815,4959.1547619047615,4660.0,6,0,26.100000381469727,0,Low,30,0.877,0.123,0.0,0.0,2026-04-25 17:11:05,2,4,4,1,2026-04-03 08:46:14,0.0
68555829,2026-04-03 08:44:12,2026-04-03 08:44:12,Closed,Pothole,BRONX,nan,40.830136980901635,-73.89187665421247,22.352008041851853,6677.6,6655.5,9,0,35.099998474121094,1,Medium,14,0.0,1.0,0.0,0.0,2026-04-25 17:11:05,3,4,4,1,2026-04-03 08:44:12,0.0
68551117,2026-04-03 08:44:08,2026-04-17 09:24:00,Closed,Pothole,QUEENS,nan,40.74960866670189,-73.70707462447979,22.35205433814815,4959.1547619047615,4660.0,3,0,29.5,1,Medium,14,0.226,0.774,0.0,0.0,2026-04-25 17:11:05,2,4,4,1,2026-04-17 09:24:00,14.0
68553719,2026-04-03 08:43:44,,Open,Pothole,BRONX,nan,40.87882749543584,-73.88289088271023,22.35233211592593,6677.6,6655.5,14,1,52.8,2,High,16,0.472,0.264,0.158,0.106,2026-04-25 17:11:05,3,4,4,1,,
68555054,2026-04-03 08:42:15,2026-04-15 13:40:00,Closed,Pothole,BRONX,nan,40.87289121476628,-73.88069206421189,22.35336220851852,6677.6,6655.5,13,1,37.70000076293945,1,Medium,14,0.0,1.0,0.0,0.0,2026-04-25 17:11:05,3,4,4,1,2026-04-15 13:40:00,12.0
68552417,2026-04-03 08:37:37,2026-04-11 14:15:00,Closed,Pothole,BROOKLYN,nan,40.64810386903355,-73.95025886006692,22.356579801111113,5664.555555555556,6673.0,40,1,33.79999923706055,1,Medium,14,0.0,1.0,0.0,0.0,2026-04-25 17:11:05,1,4,4,1,2026-04-11 14:15:00,8.0
68549855,2026-04-03 08:33:41,2026-04-16 09:25:00,Closed,Pothole,QUEENS,nan,40.744471367626446,-73.91150714496824,22.359311282592593,4959.1547619047615,4660.0,7,0,27.5,1,Medium,14,0.01,0.99,0.0,0.0,2026-04-25 17:11:05,2,4,4,1,2026-04-16 09:25:00,13.0
68555834,2026-04-03 08:23:30,2026-04-03 08:23:30,Closed,Pothole,STATEN ISLAND,nan,40.61307793694791,-74.12255699238123,22.366383041851854,23788.714285714286,2762.0,14,1,40.099998474121094,1,Medium,14,0.0,1.0,0.0,0.0,2026-04-25 17:11:05,4,4,4,1,2026-04-03 08:23:30,0.0
68549292,2026-04-03 08:00:53,2026-04-03 08:00:53,Closed,Pothole,MANHATTAN,nan,40.70623706771039,-74.01433698810037,22.382089060370372,16591.571428571428,6876.0,24,1,41.099998474121094,1,Medium,14,0.0,1.0,0.0,0.0,2026-04-25 17:11:05,0,4,4,1,2026-04-03 08:00:53,0.0
68547964,2026-04-03 07:59:30,2026-04-03 07:59:30,Closed,Pothole,MANHATTAN,nan,40.71983813771646,-74.00518762166442,22.38304970851852,16591.571428571428,6876.0,29,1,43.29999923706055,1,Medium,14,0.0,1.0,0.0,0.0,2026-04-25 17:11:05,0,4,4,1,2026-04-03 07:59:30,0.0
68557708,2026-04-03 07:56:53,,Open,Pothole,MANHATTAN,nan,40.75390886966659,-73.99961379734235,22.38486683814815,16591.571428571428,6876.0,25,1,67.4,2,High,9,0.326,0.337,0.202,0.135,2026-04-25 17:11:05,0,4,4,1,,
68555820,2026-04-03 07:50:36,2026-04-03 07:50:36,Closed,Pothole,MANHATTAN,nan,40.75205890698893,-74.00098172154796,22.389230264074076,16591.571428571428,6876.0,22,1,44.099998474121094,1,Medium,14,0.0,1.0,0.0,0.0,2026-04-25 17:11:05,0,4,4,1,2026-04-03 07:50:36,0.0
68553736,2026-04-03 07:38:48,,Pending,Pothole,QUEENS,nan,40.69446951905633,-73.78146330384405,22.39742470851852,4959.1547619047615,4660.0,6,1,28.700000762939453,1,Medium,14,0.039,0.961,0.0,0.0,2026-04-25 17:11:05,2,4,4,1,,
68556372,2026-04-03 07:35:46,,Pending,Pothole,QUEENS,nan,40.692971283312886,-73.78023854020637,22.39953119,4959.1547619047615,4660.0,11,1,34.20000076293945,1,Medium,14,0.0,1.0,0.0,0.0,2026-04-25 17:11:05,2,4,4,1,,
68553737,2026-04-03 07:34:00,,Pending,Pothole,QUEENS,nan,40.75367674714912,-73.91446541921991,22.40075804185185,4959.1547619047615,4660.0,12,1,32.79999923706055,1,Medium,14,0.0,1.0,0.0,0.0,2026-04-25 17:11:05,2,4,4,1,,
68553191,2026-04-03 07:30:18,2026-04-03 07:30:18,Closed,Pothole,BRONX,nan,40.83659213171209,-73.90056472168197,22.4033274862963,6677.6,6655.5,12,1,37.900001525878906,1,Medium,14,0.0,1.0,0.0,0.0,2026-04-25 17:11:05,3,4,4,1,2026-04-03 07:30:18,0.0
68555070,2026-04-03 07:29:55,2026-04-11 12:35:00,Closed,Pothole,QUEENS,nan,40.77279011498342,-73.83712420236684,22.40359369,4959.1547619047615,4660.0,9,1,32.20000076293945,1,Medium,14,0.0,1.0,0.0,0.0,2026-04-25 17:11:05,2,4,4,1,2026-04-11 12:35:00,8.0
68557151,2026-04-03 07:20:55,2026-04-03 07:20:55,Closed,Pothole,BRONX,nan,40.876475974251946,-73.90448632037707,22.409843690000002,6677.6,6655.5,59,1,36.70000076293945,1,Medium,14,0.0,1.0,0.0,0.0,2026-04-25 17:11:05,3,4,4,1,2026-04-03 07:20:55,0.0
68557709,2026-04-03 07:13:48,2026-04-18 13:30:00,Closed,Pothole,MANHATTAN,nan,40.70479849480593,-74.01668464800518,22.414785819629632,16591.571428571428,6876.0,7,1,38.599998474121094,1,Medium,14,0.0,1.0,0.0,0.0,2026-04-25 17:11:05,0,4,4,1,2026-04-18 13:30:00,15.0
68554529,2026-04-03 06:34:46,2026-04-03 06:34:46,Closed,Pothole,BROOKLYN,nan,40.666469358702265,-73.8825067547414,22.441892301111114,5664.555555555556,6673.0,12,1,34.79999923706055,1,Medium,14,0.0,1.0,0.0,0.0,2026-04-25 17:11:05,1,4,4,1,2026-04-03 06:34:46,0.0
68553720,2026-04-03 03:16:13,,Open,Pothole,BRONX,nan,40.83884600838569,-73.87816189461297,22.57977424555556,6677.6,6655.5,22,0,55.5,2,High,16,0.445,0.278,0.167,0.111,2026-04-25 17:11:05,3,4,4,1,,
68543264,2026-04-03 03:04:27,2026-04-11 17:32:00,Closed,Pothole,BROOKLYN,nan,40.69223346061907,-73.98729955552464,22.58794554185185,5664.555555555556,6673.0,33,1,34.20000076293945,1,Medium,14,0.0,1.0,0.0,0.0,2026-04-25 17:11:05,1,4,4,1,2026-04-11 17:32:00,8.0
68544524,2026-04-03 03:03:51,2026-04-11 15:26:00,Closed,Pothole,BROOKLYN,nan,40.69380071558663,-73.98722713465035,22.588362208518518,5664.555555555556,6673.0,29,1,35.0,1,Medium,14,0.0,1.0,0.0,0.0,2026-04-25 17:11:05,1,4,4,1,2026-04-11 15:26:00,8.0
68542767,2026-04-03 03:02:19,2026-04-03 03:02:19,Closed,Pothole,BROOKLYN,nan,40.693287927828486,-73.97385585470701,22.589427023333336,5664.555555555556,6673.0,16,1,32.5,1,Medium,14,0.0,1.0,0.0,0.0,2026-04-25 17:11:05,1,4,4,1,2026-04-03 03:02:19,0.0
68541999,2026-04-03 03:01:49,2026-04-11 17:54:00,Closed,Pothole,BROOKLYN,nan,40.69034714370051,-73.96029149850244,22.589774245555557,5664.555555555556,6673.0,16,1,35.099998474121094,1,Medium,14,0.0,1.0,0.0,0.0,2026-04-25 17:11:05,1,4,4,1,2026-04-11 17:54:00,8.0
68545359,2026-04-03 02:58:22,2026-04-03 02:58:22,Closed,Pothole,MANHATTAN,nan,40.79166282641287,-73.96468394774719,22.59217007888889,16591.571428571428,6876.0,13,0,43.20000076293945,1,Medium,14,0.0,1.0,0.0,0.0,2026-04-25 17:11:05,0,4,4,1,2026-04-03 02:58:22,0.0
68545868,2026-04-03 02:47:56,2026-04-11 18:59:00,Closed,Pothole,BROOKLYN,nan,40.6898703200461,-73.98829884109378,22.59941544925926,5664.555555555556,6673.0,41,1,34.5,1,Medium,14,0.0,1.0,0.0,0.0,2026-04-25 17:11:05,1,4,4,1,2026-04-11 18:59:00,8.0
68540224,2026-04-03 02:46:26,2026-04-03 02:46:26,Closed,Pothole,MANHATTAN,nan,40.79166282641287,-73.96468394774719,22.600457115925927,16591.571428571428,6876.0,13,0,43.20000076293945,1,Medium,14,0.0,1.0,0.0,0.0,2026-04-25 17:11:05,0,4,4,1,2026-04-03 02:46:26,0.0
68545852,2026-04-03 02:02:02,2026-04-14 08:20:00,Closed,Pothole,QUEENS,nan,40.66832793744469,-73.79626354458001,22.63129044925926,4959.1547619047615,4660.0,11,0,34.20000076293945,1,Medium,14,0.001,0.999,0.0,0.0,2026-04-25 17:11:05,2,4,4,1,2026-04-14 08:20:00,11.0
68538131,2026-04-03 01:57:24,2026-04-14 09:50:00,Closed,Pothole,QUEENS,nan,40.68111153156775,-73.76117598695636,22.634508041851852,4959.1547619047615,4660.0,16,0,34.29999923706055,1,Medium,14,0.0,1.0,0.0,0.0,2026-04-25 17:11:05,2,4,4,1,2026-04-14 09:50:00,11.0
68538132,2026-04-03 01:55:51,2026-04-17 13:14:00,Closed,Pothole,QUEENS,nan,40.686700351371954,-73.73744096893489,22.635584430740742,4959.1547619047615,4660.0,3,0,23.600000381469727,0,Low,30,0.947,0.053,0.0,0.0,2026-04-25 17:11:05,2,4,4,1,2026-04-17 13:14:00,14.0
68545347,2026-04-03 01:54:32,2026-04-03 01:54:32,Closed,Pothole,QUEENS,nan,40.68973616714039,-73.74728757941112,22.636498782592593,4959.1547619047615,4660.0,5,0,25.399999618530273,0,Low,30,0.621,0.379,0.0,0.0,2026-04-25 17:11:05,2,4,4,1,2026-04-03 01:54:32,0.0
68538950,2026-04-03 00:16:58,2026-04-03 00:16:58,Closed,Pothole,MANHATTAN,nan,40.762179295833846,-73.96612906924031,22.704253412222222,16591.571428571428,6876.0,36,0,44.400001525878906,1,Medium,14,0.0,0.995,0.005,0.0,2026-04-25 17:11:05,0,4,4,1,2026-04-03 00:16:58,0.0
68547166,2026-04-02 23:34:36,2026-04-03 11:16:00,Closed,Pothole,QUEENS,nan,40.57698098336431,-73.8455140957301,22.73367470851852,4959.1547619047615,4660.0,1,0,22.399999618530273,0,Low,30,0.995,0.005,0.0,0.0,2026-04-25 17:11:05,2,4,3,1,2026-04-03 11:16:00,0.0
68541979,2026-04-02 23:31:25,2026-04-03 11:26:00,Closed,Pothole,QUEENS,nan,40.57367032191216,-73.8535741393341,22.735885356666667,4959.1547619047615,4660.0,0,0,23.299999237060547,0,Low,30,0.967,0.033,0.0,0.0,2026-04-25 17:11:05,2,4,3,0,2026-04-03 11:26:00,0.0
68547185,2026-04-02 23:23:32,2026-04-17 09:50:00,Closed,Pothole,MANHATTAN,nan,40.75021802640676,-73.97905598246591,22.741359893703706,16591.571428571428,6876.0,25,0,43.400001525878906,1,Medium,14,0.0,1.0,0.0,0.0,2026-04-25 17:11:05,0,4,3,1,2026-04-17 09:50:00,14.0
68538133,2026-04-02 23:17:08,2026-04-10 23:25:00,Closed,Pothole,QUEENS,nan,40.76443696224299,-73.87357620617962,22.74580433814815,4959.1547619047615,4660.0,9,0,31.200000762939453,1,Medium,14,0.0,1.0,0.0,0.0,2026-04-25 17:11:05,2,4,3,1,2026-04-10 23:25:00,8.0
68541973,2026-04-02 22:35:58,2026-04-18 22:55:00,Closed,Pothole,STATEN ISLAND,nan,40.63760127990224,-74.13365268891644,22.774392301111114,23788.714285714286,2762.0,13,0,44.400001525878906,1,Medium,14,0.0,1.0,0.0,0.0,2026-04-25 17:11:05,4,4,3,1,2026-04-18 22:55:00,16.0
68541991,2026-04-02 22:09:48,2026-04-08 09:59:00,Closed,Pothole,MANHATTAN,nan,40.75211987722737,-73.97767664192216,22.79256359740741,16591.571428571428,6876.0,28,1,43.20000076293945,1,Medium,14,0.0,0.999,0.001,0.0,2026-04-25 17:11:05,0,4,3,1,2026-04-08 09:59:00,5.0
68540225,2026-04-02 22:05:44,2026-04-02 22:05:44,Closed,Pothole,MANHATTAN,nan,40.7434737375789,-73.97675929356365,22.795387671481482,16591.571428571428,6876.0,27,1,43.5,1,Medium,14,0.0,0.999,0.001,0.0,2026-04-25 17:11:05,0,4,3,1,2026-04-02 22:05:44,0.0
68542763,2026-04-02 22:02:49,2026-04-02 22:02:49,Closed,Pothole,MANHATTAN,nan,40.76030127182523,-73.99498249332404,22.797413134444447,16591.571428571428,6876.0,35,1,42.099998474121094,1,Medium,14,0.0,0.94,0.06,0.0,2026-04-25 17:11:05,0,4,3,1,2026-04-02 22:02:49,0.0
68540218,2026-04-02 22:02:21,2026-04-02 22:02:21,Closed,Pothole,QUEENS,nan,40.67297537964296,-73.73222447990973,22.79773720851852,4959.1547619047615,4660.0,12,1,35.599998474121094,1,Medium,14,0.002,0.998,0.0,0.0,2026-04-25 17:11:05,2,4,3,1,2026-04-02 22:02:21,0.0
68543956,2026-04-02 21:55:27,2026-04-02 21:55:27,Closed,Pothole,QUEENS,nan,40.7402725268642,-73.89585124979992,22.802528875185185,4959.1547619047615,4660.0,23,0,32.599998474121094,1,Medium,14,0.0,1.0,0.0,0.0,2026-04-25 17:11:05,2,4,3,1,2026-04-02 21:55:27,0.0
68538154,2026-04-02 21:41:01,,Open,Pothole,MANHATTAN,nan,40.711971749067594,-73.99777081235356,22.812552023333335,16591.571428571428,6876.0,20,1,67.5,2,High,9,0.325,0.338,0.203,0.135,2026-04-25 17:11:05,0,4,3,1,,
68544501,2026-04-02 21:35:10,2026-04-14 15:18:00,Closed,Pothole,QUEENS,nan,40.66711593551115,-73.83464990083665,22.816614523333335,4959.1547619047615,4660.0,27,0,33.599998474121094,1,Medium,14,0.0,1.0,0.0,0.0,2026-04-25 17:11:05,2,4,3,1,2026-04-14 15:18:00,11.0
68544526,2026-04-02 21:30:28,2026-04-13 09:25:00,Closed,Pothole,BROOKLYN,nan,40.6574078606385,-73.89880627402103,22.819878412222224,5664.555555555556,6673.0,39,1,32.5,1,Medium,14,0.0,1.0,0.0,0.0,2026-04-25 17:11:05,1,4,3,1,2026-04-13 09:25:00,10.0
68537622,2026-04-02 21:19:40,2026-04-02 21:19:40,Closed,Pothole,QUEENS,nan,40.7723696503659,-73.93284347894699,22.827378412222224,4959.1547619047615,4660.0,5,1,28.0,1,Medium,14,0.016,0.983,0.0,0.0,2026-04-25 17:11:05,2,4,3,1,2026-04-02 21:19:40,0.0
68542751,2026-04-02 21:06:38,2026-04-02 21:06:38,Closed,Pothole,QUEENS,nan,40.69104664978981,-73.73922324000723,22.83642933814815,4959.1547619047615,4660.0,2,0,25.899999618530273,1,Medium,14,0.171,0.829,0.0,0.0,2026-04-25 17:11:05,2,4,3,1,2026-04-02 21:06:38,0.0
68541974,2026-04-02 20:59:17,2026-04-03 13:00:00,Closed,Pothole,STATEN ISLAND,BRICKTOWN WAY,40.52766701124552,-74.23022888842462,22.841533504814816,23788.714285714286,2762.0,5,1,36.5,1,Medium,14,0.0,1.0,0.0,0.0,2026-04-25 17:11:05,4,4,3,1,2026-04-03 13:00:00,0.0
68540220,2026-04-02 20:54:31,2026-04-02 20:54:31,Closed,Pothole,QUEENS,nan,40.68973616714039,-73.74728757941112,22.84484369,4959.1547619047615,4660.0,5,0,25.399999618530273,1,Medium,14,0.449,0.551,0.0,0.0,2026-04-25 17:11:05,2,4,3,1,2026-04-02 20:54:31,0.0
68538941,2026-04-02 20:52:05,2026-04-02 20:52:05,Closed,Pothole,QUEENS,120 AVENUE,40.68979035953715,-73.75201112204483,22.846533504814815,4959.1547619047615,2825.0,4,0,20.799999237060547,0,Low,30,0.82,0.179,0.0,0.0,2026-04-25 17:11:05,2,4,3,1,2026-04-02 20:52:05,0.0
68541496,2026-04-02 20:51:31,2026-04-02 20:51:31,Closed,Pothole,QUEENS,120 AVENUE,40.689195495037985,-73.7536395872249,22.846927023333336,4959.1547619047615,2825.0,5,0,25.200000762939453,1,Medium,14,0.296,0.704,0.0,0.0,2026-04-25 17:11:05,2,4,3,1,2026-04-02 20:51:31,0.0
68542752,2026-04-02 20:41:39,2026-04-02 20:41:39,Closed,Pothole,QUEENS,nan,40.702959936700005,-73.74330622684492,22.853778875185185,4959.1547619047615,4660.0,1,1,21.700000762939453,0,Low,30,0.964,0.036,0.0,0.0,2026-04-25 17:11:05,2,4,3,1,2026-04-02 20:41:39,0.0
68537624,2026-04-02 20:39:36,2026-04-02 20:39:36,Closed,Pothole,QUEENS,nan,40.70327874865508,-73.73620712128428,22.855202486296296,4959.1547619047615,4660.0,7,1,29.600000381469727,1,Medium,14,0.004,0.996,0.0,0.0,2026-04-25 17:11:05,2,4,3,1,2026-04-02 20:39:36,0.0
68543958,2026-04-02 20:38:32,2026-04-02 20:38:32,Closed,Pothole,QUEENS,nan,40.725476145414376,-73.76557731286611,22.855943227037038,4959.1547619047615,4660.0,31,1,35.0,1,Medium,14,0.0,1.0,0.0,0.0,2026-04-25 17:11:05,2,4,3,1,2026-04-02 20:38:32,0.0
68538135,2026-04-02 20:36:56,2026-04-14 15:18:00,Closed,Pothole,QUEENS,nan,40.68129301808039,-73.82555426000988,22.85705433814815,4959.1547619047615,4660.0,5,1,27.299999237060547,1,Medium,14,0.041,0.959,0.0,0.0,2026-04-25 17:11:05,2,4,3,1,2026-04-14 15:18:00,11.0
68543248,2026-04-02 20:36:46,2026-04-16 08:55:00,Closed,Pothole,QUEENS,nan,40.66212217697171,-73.77015409281343,22.857170078888892,4959.1547619047615,4660.0,6,0,28.200000762939453,1,Medium,14,0.023,0.977,0.0,0.0,2026-04-25 17:11:05,2,4,3,1,2026-04-16 08:55:00,13.0
68545853,2026-04-02 20:36:09,2026-04-14 09:10:00,Closed,Pothole,QUEENS,nan,40.673634729933575,-73.76383083438114,22.85759831962963,4959.1547619047615,4660.0,11,0,33.599998474121094,1,Medium,14,0.0,1.0,0.0,0.0,2026-04-25 17:11:05,2,4,3,1,2026-04-14 09:10:00,11.0
68537625,2026-04-02 20:34:29,2026-04-02 20:34:29,Closed,Pothole,QUEENS,nan,40.71864577187672,-73.76624346759384,22.85875572703704,4959.1547619047615,4660.0,11,0,30.700000762939453,1,Medium,14,0.0,1.0,0.0,0.0,2026-04-25 17:11:05,2,4,3,1,2026-04-02 20:34:29,0.0
68538155,2026-04-02 20:33:52,,Open,Pothole,MANHATTAN,nan,40.802598371723896,-73.94505047671012,22.859183967777778,16591.571428571428,6876.0,12,1,59.5,2,High,9,0.405,0.298,0.179,0.119,2026-04-25 17:11:05,0,4,3,1,,
68538942,2026-04-02 20:33:50,2026-04-02 20:33:50,Closed,Pothole,QUEENS,nan,40.672258770779074,-73.77296708186967,22.859207115925926,4959.1547619047615,4660.0,4,1,28.5,1,Medium,14,0.033,0.967,0.0,0.0,2026-04-25 17:11:05,2,4,3,1,2026-04-02 20:33:50,0.0
68541981,2026-04-02 20:32:54,2026-04-14 10:45:00,Closed,Pothole,QUEENS,nan,40.68973616714039,-73.74728757941112,22.859855264074074,4959.1547619047615,4660.0,5,0,24.600000381469727,0,Low,30,0.609,0.391,0.0,0.0,2026-04-25 17:11:05,2,4,3,1,2026-04-14 10:45:00,11.0
68542753,2026-04-02 20:13:55,2026-04-02 20:13:55,Closed,Pothole,QUEENS,nan,40.71059995970241,-73.8088960294562,22.873038134444446,4959.1547619047615,4660.0,7,1,28.399999618530273,1,Medium,14,0.01,0.99,0.0,0.0,2026-04-25 17:11:05,2,4,3,1,2026-04-02 20:13:55,0.0
68540751,2026-04-02 20:12:31,2026-04-03 08:25:00,Closed,Pothole,BROOKLYN,nan,40.6927604557095,-73.9277814197015,22.874010356666666,5664.555555555556,6673.0,12,0,33.900001525878906,1,Medium,14,0.0,1.0,0.0,0.0,2026-04-25 17:11:05,1,4,3,1,2026-04-03 08:25:00,0.0
68537640,2026-04-02 20:03:05,2026-04-02 20:03:05,Closed,Pothole,BROOKLYN,nan,40.635518453251755,-73.96334701353732,22.880561282592595,5664.555555555556,6673.0,13,1,35.29999923706055,1,Medium,14,0.0,1.0,0.0,0.0,2026-04-25 17:11:05,1,4,3,1,2026-04-02 20:03:05,0.0
68543991,2026-04-02 19:49:21,2026-04-02 19:49:21,Closed,Pothole,BRONX,nan,40.88270955300674,-73.88124583052429,22.89009831962963,6677.6,6655.5,22,0,37.0,1,Medium,14,0.0,1.0,0.0,0.0,2026-04-25 17:11:05,3,4,3,1,2026-04-02 19:49:21,0.0
68540226,2026-04-02 19:44:46,2026-04-02 19:44:46,Closed,Pothole,MANHATTAN,nan,40.80297085227577,-73.96386162910126,22.89328119,16591.571428571428,6876.0,16,0,42.20000076293945,1,Medium,14,0.0,1.0,0.0,0.0,2026-04-25 17:11:05,0,4,3,1,2026-04-02 19:44:46,0.0
68538136,2026-04-02 19:41:11,2026-04-06 21:15:00,Closed,Pothole,QUEENS,nan,40.71740017110295,-73.8571940488088,22.89576961592593,4959.1547619047615,4660.0,0,0,20.899999618530273,0,Low,30,0.99,0.01,0.0,0.0,2026-04-25 17:11:05,2,4,3,0,2026-04-06 21:15:00,4.0
68542000,2026-04-02 18:50:46,2026-04-11 10:05:00,Closed,Pothole,BROOKLYN,nan,40.661122143373326,-74.00060192646814,22.93078119,5664.555555555556,6673.0,19,0,33.29999923706055,1,Medium,14,0.0,1.0,0.0,0.0,2026-04-25 17:11:05,1,4,3,1,2026-04-11 10:05:00,8.0
68541992,2026-04-02 18:29:49,,Open,Pothole,MANHATTAN,nan,40.78858546268302,-73.95528188275227,22.94532980111111,16591.571428571428,6876.0,16,1,67.6,2,High,9,0.324,0.338,0.203,0.135,2026-04-25 17:11:05,0,4,3,1,,
68538957,2026-04-02 18:17:07,2026-04-02 18:17:07,Closed,Pothole,BROOKLYN,nan,40.65276846281514,-73.88628975331724,22.954149245555556,5664.555555555556,6673.0,14,1,32.400001525878906,1,Medium,14,0.0,1.0,0.0,0.0,2026-04-25 17:11:05,1,4,3,1,2026-04-02 18:17:07,0.0
68547190,2026-04-02 18:10:08,2026-04-11 09:26:00,Closed,Pothole,BROOKLYN,nan,40.65080718173045,-73.94957212385663,22.958998782592595,5664.555555555556,6673.0,30,1,35.0,1,Medium,14,0.0,1.0,0.0,0.0,2026-04-25 17:11:05,1,4,3,1,2026-04-11 09:26:00,8.0
68540720,2026-04-02 18:03:30,2026-04-14 09:20:00,Closed,Pothole,QUEENS,nan,40.67542106109093,-73.76357575428877,22.963605264074076,4959.1547619047615,4660.0,9,0,31.899999618530273,1,Medium,14,0.0,1.0,0.0,0.0,2026-04-25 17:11:05,2,4,3,1,2026-04-14 09:20:00,11.0
68541993,2026-04-02 17:52:59,,Open,Pothole,MANHATTAN,nan,40.74127489746624,-73.97534184683835,22.970908504814815,16591.571428571428,6876.0,15,1,67.6,2,High,9,0.324,0.338,0.203,0.135,2026-04-25 17:11:05,0,4,3,1,,
68546676,2026-04-02 17:50:02,2026-04-02 17:50:02,Closed,Pothole,MANHATTAN,nan,40.82710272804978,-73.94995522516277,22.972957115925926,16591.571428571428,6876.0,22,1,44.400001525878906,1,Medium,14,0.0,0.999,0.001,0.0,2026-04-25 17:11:05,0,4,3,1,2026-04-02 17:50:02,0.0
68540231,2026-04-02 17:42:54,2026-04-02 17:42:55,Closed,Pothole,BROOKLYN,nan,40.653190255883345,-73.96621323435924,22.97791081962963,5664.555555555556,6673.0,7,1,31.700000762939453,1,Medium,14,0.001,0.999,0.0,0.0,2026-04-25 17:11:05,1,4,3,1,2026-04-02 17:42:55,0.0
68537636,2026-04-02 17:42:10,2026-04-02 17:42:10,Closed,Pothole,MANHATTAN,nan,40.75272309509201,-73.99678771731794,22.97842007888889,16591.571428571428,6876.0,33,0,42.400001525878906,1,Medium,14,0.0,0.999,0.001,0.0,2026-04-25 17:11:05,0,4,3,1,2026-04-02 17:42:10,0.0
68546670,2026-04-02 17:35:23,2026-04-02 17:35:23,Closed,Pothole,QUEENS,nan,40.70273875167371,-73.80228601065063,22.98313072703704,4959.1547619047615,4660.0,19,1,34.0,1,Medium,14,0.0,1.0,0.0,0.0,2026-04-25 17:11:05,2,4,3,1,2026-04-02 17:35:23,0.0
68541994,2026-04-02 17:33:58,2026-04-18 10:25:00,Closed,Pothole,MANHATTAN,nan,40.703099960609336,-74.01299825749884,22.984114523333336,16591.571428571428,6876.0,14,1,42.79999923706055,1,Medium,14,0.0,1.0,0.0,0.0,2026-04-25 17:11:05,0,4,3,1,2026-04-18 10:25:00,15.0
68546678,2026-04-02 17:07:20,2026-04-02 17:07:20,Closed,Pothole,BROOKLYN,nan,40.69942773009148,-73.91230985742006,23.002609893703706,5664.555555555556,6673.0,26,1,35.29999923706055,1,Medium,14,0.0,1.0,0.0,0.0,2026-04-25 17:11:05,1,4,3,1,2026-04-02 17:07:20,0.0
68540722,2026-04-02 17:04:02,2026-04-04 20:45:00,Closed,Pothole,QUEENS,nan,40.72576276408367,-73.90420444825385,23.00490156037037,4959.1547619047615,4660.0,14,0,33.70000076293945,1,Medium,14,0.0,1.0,0.0,0.0,2026-04-25 17:11:05,2,4,3,1,2026-04-04 20:45:00,2.0
68542773,2026-04-02 17:02:08,2026-04-02 17:02:08,Closed,Pothole,BRONX,nan,40.85591977049978,-73.91718970947426,23.006221004814815,6677.6,6655.5,22,1,36.0,1,Medium,14,0.0,1.0,0.0,0.0,2026-04-25 17:11:05,3,4,3,1,2026-04-02 17:02:08,0.0
68542755,2026-04-02 16:59:54,2026-04-02 16:59:54,Closed,Pothole,QUEENS,nan,40.74603472114661,-73.93440021822178,23.00777193074074,4959.1547619047615,4660.0,20,0,32.400001525878906,1,Medium,14,0.0,1.0,0.0,0.0,2026-04-25 17:11:05,2,4,3,1,2026-04-02 16:59:54,0.0
68542769,2026-04-02 16:59:43,2026-04-02 16:59:43,Closed,Pothole,BROOKLYN,nan,40.64412044446325,-73.98905998133938,23.007899245555556,5664.555555555556,6673.0,7,1,30.600000381469727,1,Medium,14,0.001,0.999,0.0,0.0,2026-04-25 17:11:05,1,4,3,1,2026-04-02 16:59:43,0.0
68544503,2026-04-02 16:51:06,2026-04-11 12:54:00,Closed,Pothole,QUEENS,nan,40.7511996815164,-73.89026152032358,23.01388304185185,4959.1547619047615,4660.0,8,1,29.899999618530273,1,Medium,14,0.001,0.999,0.0,0.0,2026-04-25 17:11:05,2,4,3,1,2026-04-11 12:54:00,8.0
68543972,2026-04-02 16:47:53,2026-04-02 16:47:53,Closed,Pothole,MANHATTAN,nan,40.74135012900925,-73.98131059290127,23.01611683814815,16591.571428571428,6876.0,25,0,45.20000076293945,1,Medium,14,0.0,1.0,0.0,0.0,2026-04-25 17:11:05,0,4,3,1,2026-04-02 16:47:53,0.0
68540723,2026-04-02 16:45:59,2026-04-16 10:40:00,Closed,Pothole,QUEENS,nan,40.679024289196214,-73.73672128081377,23.017436282592595,4959.1547619047615,4660.0,8,1,32.79999923706055,1,Medium,14,0.001,0.999,0.0,0.0,2026-04-25 17:11:05,2,4,3,1,2026-04-16 10:40:00,13.0
68547168,2026-04-02 16:45:24,2026-04-16 11:05:00,Closed,Pothole,QUEENS,nan,40.678769779748755,-73.73585340340239,23.017841375185185,4959.1547619047615,4660.0,9,1,34.20000076293945,1,Medium,14,0.001,0.999,0.0,0.0,2026-04-25 17:11:05,2,4,3,1,2026-04-16 11:05:00,13.0
68538943,2026-04-02 16:45:03,2026-04-02 16:45:03,Closed,Pothole,QUEENS,nan,40.68011763639642,-73.7532368707747,23.018084430740743,4959.1547619047615,4660.0,17,0,37.70000076293945,1,Medium,14,0.0,1.0,0.0,0.0,2026-04-25 17:11:05,2,4,3,1,2026-04-02 16:45:03,0.0
68541982,2026-04-02 16:44:59,2026-04-16 10:05:00,Closed,Pothole,QUEENS,nan,40.67850704607149,-73.73499277588373,23.01813072703704,4959.1547619047615,4660.0,8,1,32.099998474121094,1,Medium,14,0.001,0.999,0.0,0.0,2026-04-25 17:11:05,2,4,3,1,2026-04-16 10:05:00,13.0
68540724,2026-04-02 16:44:24,2026-04-16 11:20:00,Closed,Pothole,QUEENS,nan,40.67824151120116,-73.73411053453624,23.01853581962963,4959.1547619047615,4660.0,6,1,29.0,1,Medium,14,0.07,0.929,0.0,0.0,2026-04-25 17:11:05,2,4,3,1,2026-04-16 11:20:00,13.0
68542756,2026-04-02 16:44:10,2026-04-02 16:44:10,Closed,Pothole,QUEENS,nan,40.734300926235,-73.75519759871486,23.01869785666667,4959.1547619047615,4660.0,4,0,27.299999237060547,1,Medium,14,0.214,0.786,0.0,0.0,2026-04-25 17:11:05,2,4,3,1,2026-04-02 16:44:10,0.0
68544504,2026-04-02 16:43:58,2026-04-16 11:30:00,Closed,Pothole,QUEENS,nan,40.67797873939524,-73.73323910496808,23.018836745555557,4959.1547619047615,4660.0,5,1,25.700000762939453,0,Low,30,0.719,0.281,0.0,0.0,2026-04-25 17:11:05,2,4,3,1,2026-04-16 11:30:00,13.0
68544505,2026-04-02 16:43:36,2026-04-16 09:15:00,Closed,Pothole,QUEENS,nan,40.665495969932095,-73.75572046401884,23.019091375185187,4959.1547619047615,4660.0,32,1,32.900001525878906,1,Medium,14,0.0,1.0,0.0,0.0,2026-04-25 17:11:05,2,4,3,1,2026-04-16 09:15:00,13.0
68539446,2026-04-02 16:43:13,2026-04-16 11:40:00,Closed,Pothole,QUEENS,nan,40.677715960981,-73.73236768226718,23.01935757888889,4959.1547619047615,4660.0,2,1,22.600000381469727,0,Low,30,0.945,0.054,0.0,0.0,2026-04-25 17:11:05,2,4,3,1,2026-04-16 11:40:00,13.0
68543251,2026-04-02 16:42:16,2026-04-16 10:15:00,Closed,Pothole,QUEENS,nan,40.67929536753763,-73.73763596915745,23.020017301111114,4959.1547619047615,4660.0,5,1,27.799999237060547,1,Medium,14,0.159,0.84,0.0,0.0,2026-04-25 17:11:05,2,4,3,1,2026-04-16 10:15:00,13.0
68547169,2026-04-02 16:42:15,2026-04-14 13:17:00,Closed,Pothole,QUEENS,nan,40.7744159282469,-73.7978525366638,23.020028875185186,4959.1547619047615,4660.0,1,0,22.299999237060547,0,Low,30,0.97,0.03,0.0,0.0,2026-04-25 17:11:05,2,4,3,1,2026-04-14 13:17:00,11.0
68546671,2026-04-02 16:40:07,2026-04-02 16:40:07,Closed,Pothole,QUEENS,nan,40.738900280315264,-73.7337746452388,23.021510356666667,4959.1547619047615,4660.0,9,0,31.899999618530273,1,Medium,14,0.002,0.998,0.0,0.0,2026-04-25 17:11:05,2,4,3,1,2026-04-02 16:40:07,0.0
68547170,2026-04-02 16:38:18,2026-04-16 09:45:00,Closed,Pothole,QUEENS,nan,40.6762509901006,-73.73625634470716,23.022771930740742,4959.1547619047615,4660.0,11,1,35.099998474121094,1,Medium,14,0.0,1.0,0.0,0.0,2026-04-25 17:11:05,2,4,3,1,2026-04-16 09:45:00,13.0
68538944,2026-04-02 16:30:48,2026-04-02 16:30:48,Closed,Pothole,QUEENS,nan,40.72013323771417,-73.79037278029215,23.027980264074074,4959.1547619047615,4660.0,31,0,35.29999923706055,1,Medium,14,0.0,1.0,0.0,0.0,2026-04-25 17:11:05,2,4,3,1,2026-04-02 16:30:48,0.0
68538138,2026-04-02 16:26:28,2026-04-11 20:14:00,Closed,Pothole,QUEENS,nan,40.7310318505504,-73.9343103518756,23.030989523333336,4959.1547619047615,4660.0,0,0,20.799999237060547,0,Low,30,0.98,0.02,0.0,0.0,2026-04-25 17:11:05,2,4,3,0,2026-04-11 20:14:00,9.0
68538952,2026-04-02 16:23:29,2026-04-02 16:23:29,Closed,Pothole,MANHATTAN,nan,40.758949399914954,-73.96848058993135,23.033061282592595,16591.571428571428,6876.0,16,0,42.400001525878906,1,Medium,14,0.0,0.999,0.001,0.0,2026-04-25 17:11:05,0,4,3,1,2026-04-02 16:23:29,0.0
68537627,2026-04-02 16:21:32,2026-04-02 16:21:32,Closed,Pothole,QUEENS,nan,40.74377321626258,-73.91382854568447,23.03441544925926,4959.1547619047615,4660.0,14,0,33.79999923706055,1,Medium,14,0.0,1.0,0.0,0.0,2026-04-25 17:11:05,2,4,3,1,2026-04-02 16:21:32,0.0
68553181,2026-04-02 16:17:41,2026-04-03 14:25:00,Closed,Pothole,BROOKLYN,nan,40.71406587065603,-73.94937276161744,23.03708906037037,5664.555555555556,6673.0,19,1,35.20000076293945,1,Medium,14,0.0,1.0,0.0,0.0,2026-04-25 17:11:05,1,4,3,1,2026-04-03 14:25:00,0.0
68540725,2026-04-02 16:15:02,2026-04-16 09:30:00,Closed,Pothole,QUEENS,nan,40.671604202556125,-73.72806268166016,23.03892933814815,4959.1547619047615,4660.0,3,0,21.600000381469727,0,Low,30,0.932,0.068,0.0,0.0,2026-04-25 17:11:05,2,4,3,1,2026-04-16 09:30:00,13.0
68542764,2026-04-02 16:10:39,2026-04-02 16:10:39,Closed,Pothole,MANHATTAN,nan,40.87567459203709,-73.91145546988172,23.04197331962963,16591.571428571428,6876.0,18,0,42.599998474121094,1,Medium,14,0.0,1.0,0.0,0.0,2026-04-25 17:11:05,0,4,3,1,2026-04-02 16:10:39,0.0
68547172,2026-04-02 15:59:43,2026-04-11 13:30:00,Closed,Pothole,QUEENS,nan,40.73208935386238,-73.88603893423445,23.049565912222224,4959.1547619047615,4660.0,6,0,28.200000762939453,1,Medium,14,0.098,0.902,0.0,0.0,2026-04-25 17:11:05,2,4,3,1,2026-04-11 13:30:00,8.0
68541983,2026-04-02 15:57:27,2026-04-16 08:36:00,Closed,Pothole,QUEENS,QUEENS BOULEVARD,40.741280237793646,-73.90256544457489,23.0511399862963,4959.1547619047615,123690.0,15,1,43.900001525878906,1,Medium,14,0.0,1.0,0.0,0.0,2026-04-25 17:11:05,2,4,3,1,2026-04-16 08:36:00,13.0
68538130,2026-04-02 15:39:49,,Open,Pothole,STATEN ISLAND,nan,40.56109157965003,-74.16982751543821,23.063385356666668,23788.714285714286,2762.0,20,1,76.2,3,Critical,16,0.238,0.381,0.229,0.152,2026-04-25 17:11:05,4,4,3,1,,
68540233,2026-04-02 15:38:29,2026-04-02 15:38:29,Closed,Pothole,BROOKLYN,nan,40.65436351124894,-74.01504663727803,23.064311282592595,5664.555555555556,6673.0,3,0,25.899999618530273,1,Medium,14,0.014,0.986,0.0,0.0,2026-04-25 17:11:05,1,4,3,1,2026-04-02 15:38:29,0.0
68544533,2026-04-02 15:37:45,,Open,Pothole,BRONX,nan,40.83451416412613,-73.91770420805199,23.06482054185185,6677.6,6655.5,12,1,47.7,1,Medium,16,0.523,0.239,0.143,0.095,2026-04-25 17:11:05,3,4,3,1,,
68557144,2026-04-02 15:31:41,2026-04-03 14:45:00,Closed,Pothole,BROOKLYN,EAST   80 STREET,40.634260858513045,-73.91187306803344,23.069033504814815,5664.555555555556,6673.0,16,1,33.70000076293945,1,Medium,14,0.0,1.0,0.0,0.0,2026-04-25 17:11:05,1,4,3,1,2026-04-03 14:45:00,0.0
68555824,2026-04-02 15:30:57,2026-04-03 14:16:00,Closed,Pothole,BROOKLYN,AVENUE D,40.64166622380843,-73.93679092061923,23.069542764074075,5664.555555555556,13676.0,4,0,27.299999237060547,1,Medium,14,0.021,0.979,0.0,0.0,2026-04-25 17:11:05,1,4,3,1,2026-04-03 14:16:00,0.0
68546663,2026-04-02 15:30:26,2026-04-11 22:25:00,Closed,Pothole,STATEN ISLAND,HYLAN BOULEVARD,40.535553440657885,-74.15249781480766,23.069901560370372,23788.714285714286,38438.0,4,0,39.70000076293945,1,Medium,14,0.0,1.0,0.0,0.0,2026-04-25 17:11:05,4,4,3,1,2026-04-11 22:25:00,9.0
68553716,2026-04-02 15:30:08,2026-04-07 14:45:00,Closed,Pothole,BROOKLYN,AVENUE D,40.64106181594063,-73.94651671167007,23.070109893703705,5664.555555555556,13676.0,16,0,33.5,1,Medium,14,0.0,1.0,0.0,0.0,2026-04-25 17:11:05,1,4,3,1,2026-04-07 14:45:00,4.0
68554526,2026-04-02 15:29:31,2026-04-03 13:47:00,Closed,Pothole,BROOKLYN,FLATBUSH AVENUE,40.64299880518502,-73.95770723147535,23.070538134444444,16996.0,51131.0,20,1,44.400001525878906,1,Medium,14,0.0,1.0,0.0,0.0,2026-04-25 17:11:05,1,4,3,1,2026-04-03 13:47:00,0.0
68557145,2026-04-02 15:28:50,2026-04-03 13:00:00,Closed,Pothole,BROOKLYN,PARADE PLACE,40.651617176430946,-73.96514369144953,23.071012671481483,5664.555555555556,6673.0,14,1,34.900001525878906,1,Medium,14,0.0,1.0,0.0,0.0,2026-04-25 17:11:05,1,4,3,1,2026-04-03 13:00:00,0.0
68539461,2026-04-02 15:28:31,,Open,Pothole,MANHATTAN,nan,40.77465546404273,-73.95409255249892,23.07123257888889,16591.571428571428,6876.0,12,0,59.6,2,High,9,0.404,0.298,0.179,0.119,2026-04-25 17:11:05,0,4,3,1,,
68546679,2026-04-02 15:27:53,2026-04-02 15:27:53,Closed,Pothole,BROOKLYN,nan,40.69942773009148,-73.91230985742006,23.071672393703704,5664.555555555556,6673.0,26,1,35.099998474121094,1,Medium,14,0.0,1.0,0.0,0.0,2026-04-25 17:11:05,1,4,3,1,2026-04-02 15:27:53,0.0
68541996,2026-04-02 15:27:27,2026-04-17 13:25:00,Closed,Pothole,MANHATTAN,nan,40.77234382522236,-73.9526861016243,23.07197331962963,16591.571428571428,6876.0,13,0,43.400001525878906,1,Medium,14,0.0,0.999,0.001,0.0,2026-04-25 17:11:05,0,4,3,1,2026-04-17 13:25:00,14.0
68542748,2026-04-02 15:26:52,2026-04-18 08:10:00,Closed,Pothole,STATEN ISLAND,WILSON AVENUE,40.54884293961912,-74.15723471976833,23.072378412222225,23788.714285714286,2762.0,1,1,31.600000381469727,1,Medium,14,0.001,0.999,0.0,0.0,2026-04-25 17:11:05,4,4,3,1,2026-04-18 08:10:00,15.0
68540726,2026-04-02 15:25:15,,Open,Pothole,QUEENS,WOODHAVEN BOULEVARD,40.714007905526245,-73.85963979388417,23.07350109740741,4959.1547619047615,52277.0,6,1,29.6,1,Medium,16,0.704,0.148,0.089,0.059,2026-04-25 17:11:05,2,4,3,1,,
68551887,2026-04-02 15:23:01,2026-04-03 12:42:00,Closed,Pothole,BROOKLYN,BEDFORD AVENUE,40.66894446101502,-73.9556829210756,23.075052023333335,5664.555555555556,20193.0,20,1,32.79999923706055,1,Medium,14,0.0,1.0,0.0,0.0,2026-04-25 17:11:05,1,4,3,1,2026-04-03 12:42:00,0.0
68551888,2026-04-02 15:22:09,2026-04-03 12:30:00,Closed,Pothole,BROOKLYN,ROGERS AVENUE,40.67056015502055,-73.95320891313631,23.075653875185186,5664.555555555556,15168.0,24,1,32.599998474121094,1,Medium,14,0.0,1.0,0.0,0.0,2026-04-25 17:11:05,1,4,3,1,2026-04-03 12:30:00,0.0
68538953,2026-04-02 15:18:20,2026-04-02 15:18:20,Closed,Pothole,MANHATTAN,nan,40.77102399632221,-73.95364737877979,23.07830433814815,16591.571428571428,6876.0,14,0,43.20000076293945,1,Medium,14,0.0,0.999,0.001,0.0,2026-04-25 17:11:05,0,4,3,1,2026-04-02 15:18:20,0.0
68545859,2026-04-02 15:09:48,2026-04-14 08:35:00,Closed,Pothole,QUEENS,nan,40.66684164323722,-73.78940839883084,23.084230264074076,4959.1547619047615,4660.0,17,0,35.0,1,Medium,14,0.0,1.0,0.0,0.0,2026-04-25 17:11:05,2,4,3,1,2026-04-14 08:35:00,11.0
68540753,2026-04-02 15:08:32,,Open,Pothole,BRONX,nan,40.865346730839754,-73.90848649906775,23.085109893703706,6677.6,6655.5,6,1,31.7,1,Medium,16,0.683,0.159,0.095,0.063,2026-04-25 17:11:05,3,4,3,1,,
68538156,2026-04-02 15:05:24,,Open,Pothole,MANHATTAN,HARLEM RIVER DRIVE,40.83336445148282,-73.93545603755923,23.08728581962963,16591.571428571428,97246.0,10,1,54.3,2,High,9,0.457,0.271,0.163,0.109,2026-04-25 17:11:05,0,4,3,1,,
68538157,2026-04-02 15:04:57,,Open,Pothole,MANHATTAN,HARLEM RIVER DRIVE,40.83247789553824,-73.93543160216241,23.08759831962963,16591.571428571428,97246.0,10,1,54.3,2,High,9,0.457,0.271,0.163,0.109,2026-04-25 17:11:05,0,4,3,1,,
68540727,2026-04-02 15:04:30,2026-04-11 12:10:00,Closed,Pothole,QUEENS,nan,40.739921926065584,-73.86024918798077,23.08791081962963,4959.1547619047615,4660.0,9,1,32.099998474121094,1,Medium,14,0.0,1.0,0.0,0.0,2026-04-25 17:11:05,2,4,3,1,2026-04-11 12:10:00,8.0
68541997,2026-04-02 15:03:59,,Open,Pothole,MANHATTAN,nan,40.818123272347314,-73.96023693417517,23.088269615925928,16591.571428571428,6876.0,30,0,67.6,2,High,9,0.324,0.338,0.203,0.135,2026-04-25 17:11:05,0,4,3,1,,
68538159,2026-04-02 15:03:06,,Open,Pothole,MANHATTAN,nan,40.81875714065235,-73.95977049285601,23.088883041851854,16591.571428571428,6876.0,35,0,67.6,2,High,9,0.324,0.338,0.203,0.135,2026-04-25 17:11:05,0,4,3,1,,
68538139,2026-04-02 14:58:42,2026-04-11 11:22:00,Closed,Pothole,QUEENS,nan,40.758549507542206,-73.89252708469657,23.09193859740741,4959.1547619047615,4660.0,7,0,30.299999237060547,1,Medium,14,0.004,0.996,0.0,0.0,2026-04-25 17:11:05,2,4,3,1,2026-04-11 11:22:00,8.0
68540746,2026-04-02 14:57:44,2026-04-04 05:00:00,Closed,Pothole,MANHATTAN,nan,40.76285625036937,-73.98941229378725,23.092609893703706,16591.571428571428,6876.0,27,1,42.29999923706055,1,Medium,14,0.0,0.993,0.007,0.0,2026-04-25 17:11:05,0,4,3,1,2026-04-04 05:00:00,1.0
68543955,2026-04-02 14:43:35,2026-04-02 14:43:35,Closed,Pothole,STATEN ISLAND,nan,40.614078368849896,-74.0724576201872,23.102436282592596,23788.714285714286,2762.0,9,0,42.20000076293945,1,Medium,14,0.0,1.0,0.0,0.0,2026-04-25 17:11:05,4,4,3,1,2026-04-02 14:43:35,0.0
68538160,2026-04-02 14:41:05,,Open,Pothole,MANHATTAN,nan,40.81973165231191,-73.96016371431405,23.104172393703706,16591.571428571428,6876.0,24,0,67.6,2,High,9,0.324,0.338,0.203,0.135,2026-04-25 17:11:05,0,4,3,1,,
68547186,2026-04-02 14:39:57,,Open,Pothole,MANHATTAN,nan,40.82030237901374,-73.95966116954352,23.10495943074074,16591.571428571428,6876.0,17,1,67.6,2,High,9,0.324,0.338,0.203,0.135,2026-04-25 17:11:05,0,4,3,1,,
68545361,2026-04-02 14:38:37,2026-04-02 14:38:37,Closed,Pothole,MANHATTAN,nan,40.71945659674111,-73.99439754497551,23.10588535666667,16591.571428571428,6876.0,56,1,41.5,1,Medium,14,0.0,0.995,0.005,0.0,2026-04-25 17:11:05,0,4,3,1,2026-04-02 14:38:37,0.0
68543245,2026-04-02 14:37:55,2026-04-11 07:50:00,Closed,Pothole,STATEN ISLAND,nan,40.62666393496657,-74.07564507774518,23.10637146777778,23788.714285714286,2762.0,11,0,41.599998474121094,1,Medium,14,0.0,1.0,0.0,0.0,2026-04-25 17:11:05,4,4,3,1,2026-04-11 07:50:00,8.0
68539438,2026-04-02 14:36:37,2026-04-18 09:40:00,Closed,Pothole,STATEN ISLAND,nan,40.62460267254728,-74.07959815412,23.10727424555556,23788.714285714286,2762.0,5,1,36.29999923706055,1,Medium,14,0.0,1.0,0.0,0.0,2026-04-25 17:11:05,4,4,3,1,2026-04-18 09:40:00,15.0
68540235,2026-04-02 14:34:54,2026-04-02 14:34:54,Closed,Pothole,BRONX,nan,40.822945869054735,-73.8681790542746,23.108466375185188,6677.6,6655.5,15,1,34.5,1,Medium,14,0.0,1.0,0.0,0.0,2026-04-25 17:11:05,3,4,3,1,2026-04-02 14:34:54,0.0
68539451,2026-04-02 14:31:04,,Pending,Pothole,QUEENS,nan,40.771777073594066,-73.92444281472862,23.111128412222225,4959.1547619047615,4660.0,14,1,32.599998474121094,1,Medium,14,0.0,1.0,0.0,0.0,2026-04-25 17:11:05,2,4,3,1,,
68538965,2026-04-02 14:28:20,2026-04-02 14:28:20,Closed,Pothole,BRONX,nan,40.83262827520219,-73.92537469005808,23.113026560370372,6677.6,6655.5,9,0,31.700000762939453,1,Medium,14,0.0,0.999,0.0,0.0,2026-04-25 17:11:05,3,4,3,1,2026-04-02 14:28:20,0.0
68541504,2026-04-02 14:25:57,2026-04-02 14:25:57,Closed,Pothole,QUEENS,nan,40.79489618302466,-73.8222264426401,23.114681652962965,4959.1547619047615,4660.0,3,1,24.5,1,Medium,14,0.43,0.569,0.001,0.0,2026-04-25 17:11:05,2,4,3,1,2026-04-02 14:25:57,0.0
68545873,2026-04-02 14:18:19,,Open,Pothole,BRONX,nan,40.884399899656366,-73.85237261654099,23.11998257888889,6677.6,6655.5,6,1,31.7,1,Medium,16,0.683,0.159,0.095,0.063,2026-04-25 17:11:05,3,4,3,1,,
68541984,2026-04-02 14:17:52,2026-04-04 22:22:00,Closed,Pothole,QUEENS,nan,40.70843848029657,-73.84857829646248,23.12029507888889,4959.1547619047615,4660.0,15,0,32.70000076293945,1,Medium,14,0.0,1.0,0.0,0.0,2026-04-25 17:11:05,2,4,3,1,2026-04-04 22:22:00,2.0
68541985,2026-04-02 14:17:34,2026-04-11 14:38:00,Closed,Pothole,QUEENS,nan,40.74677485025849,-73.79241464783514,23.120503412222224,4959.1547619047615,4660.0,8,0,29.700000762939453,1,Medium,14,0.002,0.998,0.0,0.0,2026-04-25 17:11:05,2,4,3,1,2026-04-11 14:38:00,9.0
68538141,2026-04-02 14:16:35,2026-04-06 21:45:00,Closed,Pothole,QUEENS,nan,40.70790105157003,-73.85110072972483,23.121186282592593,4959.1547619047615,4660.0,6,0,26.5,1,Medium,14,0.036,0.964,0.0,0.0,2026-04-25 17:11:05,2,4,3,1,2026-04-06 21:45:00,4.0
68547160,2026-04-02 14:11:09,,Open,Pothole,STATEN ISLAND,nan,40.58776511218012,-74.10019169716688,23.12495943074074,23788.714285714286,2762.0,1,1,38.9,1,Medium,16,0.611,0.195,0.117,0.078,2026-04-25 17:11:05,4,4,3,1,,
68543254,2026-04-02 14:10:34,,Pending,Pothole,QUEENS,nan,40.734300926235,-73.75519759871486,23.125364523333335,4959.1547619047615,4660.0,4,0,24.399999618530273,0,Low,30,0.644,0.356,0.0,0.0,2026-04-25 17:11:05,2,4,3,1,,
68541986,2026-04-02 14:07:12,2026-04-16 10:15:00,Closed,Pothole,QUEENS,nan,40.71818218795277,-73.78032496285253,23.127702486296297,4959.1547619047615,4660.0,1,0,22.399999618530273,0,Low,30,0.795,0.205,0.0,0.0,2026-04-25 17:11:05,2,4,3,1,2026-04-16 10:15:00,13.0
68553201,2026-04-02 14:06:12,2026-04-03 12:45:00,Closed,Pothole,QUEENS,108 STREET,40.682891136108275,-73.8334065370127,23.12839693074074,4959.1547619047615,4660.0,7,1,29.100000381469727,1,Medium,14,0.003,0.997,0.0,0.0,2026-04-25 17:11:05,2,4,3,1,2026-04-03 12:45:00,0.0
68544528,2026-04-02 14:04:42,2026-04-03 20:30:00,Closed,Pothole,BROOKLYN,nan,40.6829484277952,-74.00633852144266,23.129438597407407,5664.555555555556,6673.0,11,0,34.70000076293945,1,Medium,14,0.0,1.0,0.0,0.0,2026-04-25 17:11:05,1,4,3,1,2026-04-03 20:30:00,1.0
68553203,2026-04-02 14:02:12,2026-04-03 10:00:00,Closed,Pothole,QUEENS,nan,40.665422733214264,-73.74598471552167,23.131174708518518,4959.1547619047615,4660.0,27,1,33.099998474121094,1,Medium,14,0.0,1.0,0.0,0.0,2026-04-25 17:11:05,2,4,3,1,2026-04-03 10:00:00,0.0
68544495,2026-04-02 13:49:15,,Open,Pothole,STATEN ISLAND,nan,40.579251607117456,-74.07780173780797,23.140167764074075,23788.714285714286,2762.0,2,0,41.6,1,Medium,16,0.584,0.208,0.125,0.083,2026-04-25 17:11:05,4,4,3,1,,
68538958,2026-04-02 13:40:24,2026-04-02 13:40:24,Closed,Pothole,BROOKLYN,nan,40.654882431881674,-73.9618803533782,23.14631359740741,5664.555555555556,6673.0,27,1,32.099998474121094,1,Medium,14,0.0,1.0,0.0,0.0,2026-04-25 17:11:05,1,4,3,1,2026-04-02 13:40:24,0.0
68543962,2026-04-02 13:40:18,2026-04-02 13:40:18,Closed,Pothole,QUEENS,nan,40.74436324535859,-73.91370508145087,23.146383041851852,4959.1547619047615,4660.0,6,0,25.899999618530273,0,Low,30,0.763,0.237,0.0,0.0,2026-04-25 17:11:05,2,4,3,1,2026-04-02 13:40:18,0.0
68545861,2026-04-02 13:33:00,2026-04-11 11:21:00,Closed,Pothole,QUEENS,nan,40.75962591908786,-73.73138881943841,23.151452486296296,4959.1547619047615,4660.0,11,0,32.20000076293945,1,Medium,14,0.002,0.998,0.0,0.0,2026-04-25 17:11:05,2,4,3,1,2026-04-11 11:21:00,8.0
68540236,2026-04-02 13:32:57,2026-04-02 13:32:57,Closed,Pothole,BRONX,nan,40.81230865494338,-73.89635988025356,23.15148720851852,6677.6,6655.5,38,1,32.70000076293945,1,Medium,14,0.0,1.0,0.0,0.0,2026-04-25 17:11:05,3,4,3,1,2026-04-02 13:32:57,0.0
68547163,2026-04-02 13:31:07,,Open,Pothole,STATEN ISLAND,RICHMOND AVENUE,40.59337407001909,-74.16360119268263,23.15276035666667,23788.714285714286,75120.0,3,1,44.3,1,Medium,16,0.557,0.221,0.133,0.089,2026-04-25 17:11:05,4,4,3,1,,
68539452,2026-04-02 13:30:59,2026-04-11 11:47:00,Closed,Pothole,QUEENS,nan,40.75397272648211,-73.72599030955537,23.15285294925926,4959.1547619047615,4660.0,5,1,25.600000381469727,0,Low,30,0.749,0.251,0.0,0.0,2026-04-25 17:11:05,2,4,3,1,2026-04-11 11:47:00,8.0
68546673,2026-04-02 13:28:43,2026-04-02 13:28:43,Closed,Pothole,QUEENS,nan,40.70273875167371,-73.80228601065063,23.154427023333334,4959.1547619047615,4660.0,19,1,32.79999923706055,1,Medium,14,0.0,1.0,0.0,0.0,2026-04-25 17:11:05,2,4,3,1,2026-04-02 13:28:43,0.0
68551899,2026-04-02 13:18:31,2026-04-03 09:31:00,Closed,Pothole,QUEENS,nan,40.71506812128565,-73.91325963583594,23.161510356666668,4959.1547619047615,4660.0,10,0,32.70000076293945,1,Medium,14,0.0,1.0,0.0,0.0,2026-04-25 17:11:05,2,4,3,1,2026-04-03 09:31:00,0.0
68538161,2026-04-02 13:16:37,,Open,Pothole,MANHATTAN,nan,40.79156987284118,-73.94467676956667,23.162829801111112,16591.571428571428,6876.0,32,1,67.6,2,High,9,0.324,0.338,0.203,0.135,2026-04-25 17:11:05,0,4,3,1,,
68540729,2026-04-02 13:12:25,2026-04-11 20:15:00,Closed,Pothole,QUEENS,nan,40.7343762769571,-73.87341674191903,23.16574646777778,4959.1547619047615,4660.0,23,0,33.5,1,Medium,14,0.002,0.998,0.0,0.0,2026-04-25 17:11:05,2,4,3,1,2026-04-11 20:15:00,9.0
68544496,2026-04-02 13:09:19,2026-04-03 08:30:00,Closed,Pothole,STATEN ISLAND,nan,40.54242953910562,-74.14590406552244,23.167899245555557,23788.714285714286,2762.0,15,1,45.5,1,Medium,14,0.0,1.0,0.0,0.0,2026-04-25 17:11:05,4,4,3,1,2026-04-03 08:30:00,0.0
68537621,2026-04-02 13:09:19,2026-04-02 13:09:19,Closed,Pothole,STATEN ISLAND,nan,40.54242953910562,-74.14590406552244,23.167899245555557,23788.714285714286,2762.0,15,1,45.5,1,Medium,14,0.0,1.0,0.0,0.0,2026-04-25 17:11:05,4,4,3,1,2026-04-02 13:09:19,0.0
68543246,2026-04-02 13:07:52,,Pending,Pothole,STATEN ISLAND,nan,40.55125424601603,-74.13455949950571,23.16890619,23788.714285714286,2762.0,3,1,33.599998474121094,1,Medium,14,0.0,1.0,0.0,0.0,2026-04-25 17:11:05,4,4,3,1,,
68540716,2026-04-02 13:06:54,2026-04-18 02:10:00,Closed,Pothole,STATEN ISLAND,nan,40.55235653658139,-74.13316910490006,23.169577486296298,23788.714285714286,2762.0,2,1,31.200000762939453,1,Medium,14,0.0,1.0,0.0,0.0,2026-04-25 17:11:05,4,4,3,1,2026-04-18 02:10:00,15.0
68545346,2026-04-02 13:05:02,2026-04-02 13:05:02,Closed,Pothole,STATEN ISLAND,nan,40.556534396904766,-74.12811764331059,23.170873782592594,23788.714285714286,2762.0,3,0,35.29999923706055,1,Medium,14,0.0,1.0,0.0,0.0,2026-04-25 17:11:05,4,4,3,1,2026-04-02 13:05:02,0.0
68539453,2026-04-02 13:01:50,2026-04-14 08:45:00,Closed,Pothole,QUEENS,nan,40.67237934648254,-73.78574628974769,23.173096004814816,4959.1547619047615,4660.0,11,0,33.599998474121094,1,Medium,14,0.002,0.998,0.0,0.0,2026-04-25 17:11:05,2,4,3,1,2026-04-14 08:45:00,11.0
68547192,2026-04-02 12:59:01,2026-04-20 09:30:00,Closed,Pothole,BROOKLYN,nan,40.680244707537085,-73.87660209843374,23.175052023333336,5664.555555555556,6673.0,26,1,35.5,1,Medium,14,0.0,1.0,0.0,0.0,2026-04-25 17:11:05,1,4,3,1,2026-04-20 09:30:00,17.0
68549294,2026-04-02 12:55:02,2026-04-03 14:15:00,Closed,Pothole,BROOKLYN,nan,40.65211681836906,-73.89983419346432,23.177818227037037,5664.555555555556,6673.0,2,0,22.700000762939453,0,Low,30,0.907,0.093,0.0,0.0,2026-04-25 17:11:05,1,4,3,1,2026-04-03 14:15:00,1.0
68547965,2026-04-02 12:51:26,2026-04-03 08:35:00,Closed,Pothole,BROOKLYN,nan,40.62406197204175,-73.90589942743428,23.180318227037038,5664.555555555556,6673.0,0,1,21.0,0,Low,30,0.929,0.07,0.0,0.0,2026-04-25 17:11:05,1,4,3,0,2026-04-03 08:35:00,0.0
68542002,2026-04-02 12:41:55,2026-04-03 08:50:00,Closed,Pothole,BROOKLYN,nan,40.59403113961061,-73.99484015582621,23.186927023333336,5664.555555555556,6673.0,8,1,29.5,1,Medium,14,0.005,0.995,0.0,0.0,2026-04-25 17:11:05,1,4,3,1,2026-04-03 08:50:00,0.0
68543255,2026-04-02 12:39:57,2026-04-11 14:55:00,Closed,Pothole,QUEENS,nan,40.7701369980061,-73.82655985916531,23.188292764074074,4959.1547619047615,4660.0,5,0,23.899999618530273,0,Low,30,0.721,0.278,0.002,0.0,2026-04-25 17:11:05,2,4,3,1,2026-04-11 14:55:00,9.0
68547175,2026-04-02 12:38:29,,Pending,Pothole,QUEENS,nan,40.74317075749195,-73.7624692239386,23.189311282592595,4959.1547619047615,4660.0,2,0,21.299999237060547,0,Low,30,0.97,0.03,0.0,0.0,2026-04-25 17:11:05,2,4,3,1,,
68542765,2026-04-02 12:32:55,2026-04-02 12:32:55,Closed,Pothole,MANHATTAN,nan,40.75272309509201,-73.99678771731794,23.193177023333334,16591.571428571428,6876.0,33,0,40.900001525878906,1,Medium,14,0.0,0.999,0.001,0.0,2026-04-25 17:11:05,0,4,3,1,2026-04-02 12:32:55,0.0
68538143,2026-04-02 12:30:23,2026-04-10 03:51:00,Closed,Pothole,QUEENS,nan,40.74825576564681,-73.95223403094641,23.194936282592593,4959.1547619047615,4660.0,5,1,27.399999618530273,1,Medium,14,0.083,0.917,0.0,0.0,2026-04-25 17:11:05,2,4,3,1,2026-04-10 03:51:00,7.0
68547966,2026-04-02 12:26:49,2026-04-03 09:39:00,Closed,Pothole,BROOKLYN,EAST   16 STREET,40.61646257418354,-73.9587866163889,23.197413134444446,5664.555555555556,6673.0,9,1,33.900001525878906,1,Medium,14,0.0,1.0,0.0,0.0,2026-04-25 17:11:05,1,4,3,1,2026-04-03 09:39:00,0.0
68538144,2026-04-02 12:15:16,2026-04-16 11:17:00,Closed,Pothole,QUEENS,nan,40.74523782880471,-73.93769593025226,23.20543396777778,4959.1547619047615,4660.0,14,1,31.399999618530273,1,Medium,14,0.0,1.0,0.0,0.0,2026-04-25 17:11:05,2,4,3,1,2026-04-16 11:17:00,13.0
68543973,2026-04-02 12:05:58,2026-04-02 12:05:58,Closed,Pothole,MANHATTAN,nan,40.822836414306245,-73.94191565088148,23.211892301111114,16591.571428571428,6876.0,31,1,42.900001525878906,1,Medium,14,0.0,0.988,0.012,0.0,2026-04-25 17:11:05,0,4,3,1,2026-04-02 12:05:58,0.0
68543256,2026-04-02 11:46:26,2026-04-11 14:45:00,Closed,Pothole,QUEENS,nan,40.75115026859855,-73.78954250207921,23.225457115925927,4959.1547619047615,4660.0,0,0,17.100000381469727,0,Low,30,0.994,0.005,0.0,0.0,2026-04-25 17:11:05,2,4,3,0,2026-04-11 14:45:00,9.0
68547189,2026-04-02 11:42:40,2026-04-18 10:30:00,Closed,Pothole,MANHATTAN,nan,40.71801847902286,-73.99995671087599,23.228072856666667,16591.571428571428,6876.0,37,1,42.29999923706055,1,Medium,14,0.0,0.997,0.003,0.0,2026-04-25 17:11:05,0,4,3,1,2026-04-18 10:30:00,15.0
68547967,2026-04-02 11:40:07,2026-04-03 08:50:00,Closed,Pothole,BROOKLYN,nan,40.69673632583382,-73.93479853350624,23.229843690000003,5664.555555555556,6673.0,43,1,34.29999923706055,1,Medium,14,0.0,1.0,0.0,0.0,2026-04-25 17:11:05,1,4,3,1,2026-04-03 08:50:00,0.0
68547164,2026-04-02 11:34:53,2026-04-19 01:30:00,Closed,Pothole,STATEN ISLAND,nan,40.62949524223407,-74.15798674688926,23.23347794925926,23788.714285714286,2762.0,3,0,36.20000076293945,1,Medium,14,0.0,1.0,0.0,0.0,2026-04-25 17:11:05,4,4,3,1,2026-04-19 01:30:00,16.0
68540732,2026-04-02 11:32:37,2026-04-16 08:10:00,Closed,Pothole,QUEENS,nan,40.7402725268642,-73.89585124979992,23.235052023333335,4959.1547619047615,4660.0,23,0,31.600000381469727,1,Medium,14,0.0,1.0,0.0,0.0,2026-04-25 17:11:05,2,4,3,1,2026-04-16 08:10:00,13.0
68544514,2026-04-02 11:25:56,2026-04-11 13:25:00,Closed,Pothole,QUEENS,nan,40.718271552655914,-73.8826282742592,23.239693227037037,4959.1547619047615,4660.0,1,0,20.5,0,Low,30,0.99,0.01,0.0,0.0,2026-04-25 17:11:05,2,4,3,1,2026-04-11 13:25:00,9.0
68537637,2026-04-02 11:24:06,2026-04-02 11:24:06,Closed,Pothole,MANHATTAN,nan,40.80297085227577,-73.96386162910126,23.240966375185188,16591.571428571428,6876.0,16,0,40.900001525878906,1,Medium,14,0.0,1.0,0.0,0.0,2026-04-25 17:11:05,0,4,3,1,2026-04-02 11:24:06,0.0
68538948,2026-04-02 11:23:15,2026-04-02 11:23:15,Closed,Pothole,QUEENS,nan,40.657634198786845,-73.74902385973594,23.241556652962963,4959.1547619047615,4660.0,0,0,18.600000381469727,0,Low,30,0.999,0.001,0.0,0.0,2026-04-25 17:11:05,2,4,3,0,2026-04-02 11:23:15,0.0
68543974,2026-04-02 11:22:58,2026-04-02 11:22:58,Closed,Pothole,MANHATTAN,nan,40.80297085227577,-73.96386162910126,23.241753412222224,16591.571428571428,6876.0,16,0,40.900001525878906,1,Medium,14,0.0,1.0,0.0,0.0,2026-04-25 17:11:05,0,4,3,1,2026-04-02 11:22:58,0.0
68541518,2026-04-02 11:22:05,2026-04-02 11:22:05,Closed,Pothole,BROOKLYN,nan,40.704112957771954,-73.91586709054877,23.24236683814815,5664.555555555556,6673.0,25,0,34.0,1,Medium,14,0.0,1.0,0.0,0.0,2026-04-25 17:11:05,1,4,3,1,2026-04-02 11:22:05,0.0
68544499,2026-04-02 11:07:55,,Open,Pothole,STATEN ISLAND,nan,40.542673015701205,-74.16476514032898,23.252204801111112,23788.714285714286,2762.0,10,1,63.0,2,High,16,0.37,0.315,0.189,0.126,2026-04-25 17:11:05,4,4,3,1,,
68541506,2026-04-02 11:07:10,2026-04-02 11:07:10,Closed,Pothole,QUEENS,nan,40.74254973884544,-73.93115576890358,23.252725634444445,4959.1547619047615,4660.0,9,0,31.200000762939453,1,Medium,14,0.0,1.0,0.0,0.0,2026-04-25 17:11:05,2,4,3,1,2026-04-02 11:07:10,0.0
68538954,2026-04-02 11:06:03,2026-04-02 11:06:03,Closed,Pothole,MANHATTAN,nan,40.76468444245788,-73.99178735329583,23.25350109740741,16591.571428571428,6876.0,16,1,39.70000076293945,1,Medium,14,0.0,0.996,0.004,0.0,2026-04-25 17:11:05,0,4,3,1,2026-04-02 11:06:03,0.0
68543258,2026-04-02 11:04:03,2026-04-16 10:39:00,Closed,Pothole,QUEENS,nan,40.743305499960755,-73.93765082292556,23.2548899862963,4959.1547619047615,4660.0,7,1,28.700000762939453,1,Medium,14,0.003,0.997,0.0,0.0,2026-04-25 17:11:05,2,4,3,1,2026-04-16 10:39:00,13.0
68538145,2026-04-02 11:01:16,2026-04-11 09:55:00,Closed,Pothole,QUEENS,nan,40.726158038136774,-73.88614648969293,23.256822856666666,4959.1547619047615,4660.0,1,0,21.200000762939453,0,Low,30,0.993,0.007,0.0,0.0,2026-04-25 17:11:05,2,4,3,1,2026-04-11 09:55:00,8.0
68543963,2026-04-02 10:59:39,2026-04-02 10:59:39,Closed,Pothole,QUEENS,nan,40.75438938417203,-73.89652218284081,23.257945541851853,4959.1547619047615,4660.0,17,0,32.79999923706055,1,Medium,14,0.0,1.0,0.0,0.0,2026-04-25 17:11:05,2,4,3,1,2026-04-02 10:59:39,0.0
68541988,2026-04-02 10:59:09,2026-04-16 13:08:00,Closed,Pothole,QUEENS,nan,40.74547008820218,-73.94654116183219,23.258292764074074,4959.1547619047615,4660.0,15,1,32.70000076293945,1,Medium,14,0.0,1.0,0.0,0.0,2026-04-25 17:11:05,2,4,3,1,2026-04-16 13:08:00,14.0
68538168,2026-04-02 10:58:32,,Open,Pothole,BROOKLYN,nan,40.704112957771954,-73.91586709054877,23.258721004814817,5664.555555555556,6673.0,25,0,54.6,2,High,16,0.454,0.273,0.164,0.109,2026-04-25 17:11:05,1,4,3,1,,
68544515,2026-04-02 10:56:24,,Pending,Pothole,QUEENS,nan,40.74982069975371,-73.94128274836015,23.260202486296297,4959.1547619047615,4660.0,22,1,33.400001525878906,1,Medium,14,0.0,1.0,0.0,0.0,2026-04-25 17:11:05,2,4,3,1,,
68540735,2026-04-02 10:55:37,,Pending,Pothole,QUEENS,nan,40.71933732263064,-73.87303765732788,23.26074646777778,4959.1547619047615,4660.0,6,0,29.200000762939453,1,Medium,14,0.092,0.908,0.0,0.0,2026-04-25 17:11:05,2,4,3,1,,
68540748,2026-04-02 10:55:09,,Open,Pothole,MANHATTAN,nan,40.71939633294734,-74.00188311582531,23.261070541851854,16591.571428571428,6876.0,43,1,67.7,2,High,9,0.323,0.338,0.203,0.135,2026-04-25 17:11:05,0,4,3,1,,
68539455,2026-04-02 10:52:28,,Pending,Pothole,QUEENS,nan,40.749422328142515,-73.94053600991373,23.26293396777778,4959.1547619047615,4660.0,22,0,34.20000076293945,1,Medium,14,0.0,1.0,0.0,0.0,2026-04-25 17:11:05,2,4,3,1,,
68547177,2026-04-02 10:49:25,,Open,Pothole,QUEENS,nan,40.7489827238065,-73.939681044523,23.265052023333336,4959.1547619047615,4660.0,31,0,53.7,2,High,16,0.463,0.269,0.161,0.107,2026-04-25 17:11:05,2,4,3,1,,
68543273,2026-04-02 10:46:24,,Open,Pothole,BRONX,nan,40.81100702163253,-73.80480379110641,23.267146930740743,6677.6,6655.5,0,0,15.8,0,Low,16,0.842,0.079,0.047,0.032,2026-04-25 17:11:05,3,4,3,0,,
68538937,2026-04-02 10:35:40,2026-04-02 10:35:40,Closed,Pothole,STATEN ISLAND,nan,40.58856164580301,-74.14583563639147,23.274600634444447,23788.714285714286,2762.0,6,0,41.099998474121094,1,Medium,14,0.0,1.0,0.0,0.0,2026-04-25 17:11:05,4,4,3,1,2026-04-02 10:35:40,0.0
68547178,2026-04-02 10:30:00,2026-04-16 09:40:00,Closed,Pothole,QUEENS,nan,40.73957786828187,-73.82355766286622,23.27853581962963,4959.1547619047615,4660.0,2,0,21.799999237060547,0,Low,30,0.985,0.015,0.0,0.0,2026-04-25 17:11:05,2,4,3,1,2026-04-16 09:40:00,13.0
68543964,2026-04-02 10:21:43,2026-04-02 10:21:43,Closed,Pothole,QUEENS,nan,40.667522405001336,-73.78062518365624,23.284288134444445,4959.1547619047615,4660.0,36,1,38.599998474121094,1,Medium,14,0.0,1.0,0.0,0.0,2026-04-25 17:11:05,2,4,3,1,2026-04-02 10:21:43,0.0
68543975,2026-04-02 10:16:53,2026-04-02 10:16:53,Closed,Pothole,MANHATTAN,nan,40.74754283979385,-73.97078132715654,23.287644615925927,16591.571428571428,6876.0,24,0,44.29999923706055,1,Medium,14,0.0,1.0,0.0,0.0,2026-04-25 17:11:05,0,4,3,1,2026-04-02 10:16:53,0.0
68546677,2026-04-02 10:00:54,2026-04-02 10:00:54,Closed,Pothole,MANHATTAN,nan,40.77102399632221,-73.95364737877979,23.298744152962964,16591.571428571428,6876.0,14,0,43.099998474121094,1,Medium,14,0.0,1.0,0.0,0.0,2026-04-25 17:11:05,0,4,3,1,2026-04-02 10:00:54,0.0
68545864,2026-04-02 09:57:54,2026-04-15 02:51:00,Closed,Pothole,QUEENS,nan,40.75972506846268,-73.92059773048784,23.3008274862963,4959.1547619047615,4660.0,18,0,33.900001525878906,1,Medium,14,0.0,1.0,0.0,0.0,2026-04-25 17:11:05,2,4,3,1,2026-04-15 02:51:00,12.0
68540223,2026-04-02 09:56:50,2026-04-02 09:56:50,Closed,Pothole,QUEENS,nan,40.70576240751889,-73.80165667775871,23.301568227037038,4959.1547619047615,4660.0,14,1,36.79999923706055,1,Medium,14,0.0,1.0,0.0,0.0,2026-04-25 17:11:05,2,4,3,1,2026-04-02 09:56:50,0.0
68545865,2026-04-02 09:53:30,2026-04-11 21:21:00,Closed,Pothole,QUEENS,nan,40.74929881758225,-73.89757673580544,23.303883041851854,4959.1547619047615,4660.0,47,0,32.70000076293945,1,Medium,14,0.0,1.0,0.0,0.0,2026-04-25 17:11:05,2,4,3,1,2026-04-11 21:21:00,9.0
68538148,2026-04-02 09:51:16,2026-04-05 21:54:00,Closed,Pothole,QUEENS,nan,40.75259659801931,-73.902274585663,23.30543396777778,4959.1547619047615,4660.0,10,0,31.5,1,Medium,14,0.0,1.0,0.0,0.0,2026-04-25 17:11:05,2,4,3,1,2026-04-05 21:54:00,3.0
68537638,2026-04-02 09:43:14,2026-04-02 09:43:14,Closed,Pothole,MANHATTAN,nan,40.77025022010101,-73.947792080714,23.311012671481482,16591.571428571428,6876.0,13,0,43.29999923706055,1,Medium,14,0.0,1.0,0.0,0.0,2026-04-25 17:11:05,0,4,3,1,2026-04-02 09:43:14,0.0
68538150,2026-04-02 09:41:46,2026-04-16 09:05:00,Closed,Pothole,QUEENS,nan,40.7136433699604,-73.80692859466807,23.312031190000003,4959.1547619047615,4660.0,16,1,33.79999923706055,1,Medium,14,0.0,1.0,0.0,0.0,2026-04-25 17:11:05,2,4,3,1,2026-04-16 09:05:00,13.0
68543966,2026-04-02 09:34:01,2026-04-02 09:34:01,Closed,Pothole,QUEENS,nan,40.666752547870225,-73.77993561984331,23.317413134444447,4959.1547619047615,4660.0,38,1,32.900001525878906,1,Medium,14,0.0,1.0,0.0,0.0,2026-04-25 17:11:05,2,4,3,1,2026-04-02 09:34:01,0.0
68538162,2026-04-02 09:32:49,2026-04-03 22:30:00,Closed,Pothole,MANHATTAN,PAYSON AVENUE,40.86795092389553,-73.92700182445367,23.31824646777778,16591.571428571428,6876.0,7,1,37.599998474121094,1,Medium,14,0.0,0.997,0.003,0.0,2026-04-25 17:11:05,0,4,3,1,2026-04-03 22:30:00,1.0
68544529,2026-04-02 09:32:33,2026-04-15 12:30:00,Closed,Pothole,BROOKLYN,nan,40.69145669611528,-73.98734658135137,23.318431652962964,5664.555555555556,6673.0,36,1,35.5,1,Medium,14,0.0,1.0,0.0,0.0,2026-04-25 17:11:05,1,4,3,1,2026-04-15 12:30:00,13.0
68538949,2026-04-02 09:31:11,2026-04-02 09:31:11,Closed,Pothole,QUEENS,nan,40.65740589843868,-73.7450601378565,23.31938072703704,4959.1547619047615,4660.0,3,1,23.399999618530273,0,Low,30,0.976,0.024,0.0,0.0,2026-04-25 17:11:05,2,4,3,1,2026-04-02 09:31:11,0.0
68542005,2026-04-02 09:30:34,2026-04-06 09:21:00,Closed,Pothole,BRONX,nan,40.83320166044467,-73.81701073542892,23.319808967777778,6677.6,6655.5,1,0,24.100000381469727,0,Low,30,0.989,0.011,0.0,0.0,2026-04-25 17:11:05,3,4,3,1,2026-04-06 09:21:00,3.0
68540237,2026-04-02 09:29:36,2026-04-02 09:29:36,Closed,Pothole,BRONX,nan,40.87077790014159,-73.88622790368267,23.320480264074074,6677.6,6655.5,18,0,34.5,1,Medium,14,0.0,1.0,0.0,0.0,2026-04-25 17:11:05,3,4,3,1,2026-04-02 09:29:36,0.0
68541507,2026-04-02 09:23:34,2026-04-02 09:23:34,Closed,Pothole,QUEENS,nan,40.73267668386468,-73.79333897585512,23.32467007888889,4959.1547619047615,4660.0,2,0,24.100000381469727,0,Low,30,0.981,0.019,0.0,0.0,2026-04-25 17:11:05,2,4,3,1,2026-04-02 09:23:34,0.0
68537631,2026-04-02 09:22:56,2026-04-02 09:22:56,Closed,Pothole,QUEENS,nan,40.73267668386468,-73.79333897585512,23.325109893703704,4959.1547619047615,4660.0,2,0,24.100000381469727,0,Low,30,0.981,0.019,0.0,0.0,2026-04-25 17:11:05,2,4,3,1,2026-04-02 09:22:56,0.0
68547194,2026-04-02 09:19:19,2026-04-11 14:10:00,Closed,Pothole,BROOKLYN,nan,40.67459924260785,-73.9388939151562,23.327621467777778,5664.555555555556,6673.0,14,0,34.5,1,Medium,14,0.0,1.0,0.0,0.0,2026-04-25 17:11:05,1,4,3,1,2026-04-11 14:10:00,9.0
68543994,2026-04-02 09:11:42,2026-04-02 09:11:42,Closed,Pothole,BRONX,nan,40.901725609283254,-73.90602722115646,23.33291081962963,6677.6,6655.5,15,1,35.20000076293945,1,Medium,14,0.0,1.0,0.0,0.0,2026-04-25 17:11:05,3,4,3,1,2026-04-02 09:11:42,0.0
68543976,2026-04-02 09:08:29,2026-04-02 09:08:29,Closed,Pothole,MANHATTAN,nan,40.80297085227577,-73.96386162910126,23.335144615925927,16591.571428571428,6876.0,16,0,42.20000076293945,1,Medium,14,0.0,1.0,0.0,0.0,2026-04-25 17:11:05,0,4,3,1,2026-04-02 09:08:29,0.0
68539473,2026-04-02 09:07:23,,Open,Pothole,BRONX,nan,40.839622394816125,-73.87027467089929,23.335908504814817,6677.6,6655.5,15,1,55.8,2,High,16,0.442,0.279,0.167,0.112,2026-04-25 17:11:05,3,4,3,1,,
68540737,2026-04-02 09:07:20,2026-04-16 08:20:00,Closed,Pothole,QUEENS,nan,40.666752547870225,-73.77993561984331,23.33594322703704,4959.1547619047615,4660.0,38,1,32.5,1,Medium,14,0.0,1.0,0.0,0.0,2026-04-25 17:11:05,2,4,3,1,2026-04-16 08:20:00,13.0
68580320,2026-04-02 09:05:40,2026-04-03 11:06:00,Closed,Pothole,QUEENS,nan,40.57896033297838,-73.83975324220017,23.337100634444447,4959.1547619047615,4660.0,2,0,23.700000762939453,0,Low,30,0.93,0.07,0.0,0.0,2026-04-25 17:11:05,2,4,3,1,2026-04-03 11:06:00,1.0
68577490,2026-04-02 09:05:14,2026-04-03 10:55:00,Closed,Pothole,QUEENS,nan,40.577855981554265,-73.8430497660341,23.33740156037037,4959.1547619047615,4660.0,1,0,23.399999618530273,0,Low,30,0.964,0.036,0.0,0.0,2026-04-25 17:11:05,2,4,3,1,2026-04-03 10:55:00,1.0
68581771,2026-04-02 09:04:32,2026-04-03 10:48:00,Closed,Pothole,QUEENS,nan,40.577298273432376,-73.84469260010341,23.337887671481482,4959.1547619047615,4660.0,0,0,21.0,0,Low,30,0.991,0.009,0.0,0.0,2026-04-25 17:11:05,2,4,3,0,2026-04-03 10:48:00,1.0
68580321,2026-04-02 09:04:02,2026-04-03 10:45:00,Closed,Pothole,QUEENS,nan,40.57630247836717,-73.84716436359967,23.338234893703707,4959.1547619047615,4660.0,2,0,21.799999237060547,0,Low,30,0.528,0.471,0.0,0.0,2026-04-25 17:11:05,2,4,3,1,2026-04-03 10:45:00,1.0
68581772,2026-04-02 09:03:38,2026-04-03 10:37:00,Closed,Pothole,QUEENS,nan,40.574975496196345,-73.85039273723538,23.33851267148148,4959.1547619047615,4660.0,0,0,19.700000762939453,0,Low,30,0.868,0.132,0.0,0.0,2026-04-25 17:11:05,2,4,3,0,2026-04-03 10:37:00,1.0
68581773,2026-04-02 09:03:11,2026-04-03 10:31:00,Closed,Pothole,QUEENS,nan,40.57334470189203,-73.85437036883812,23.33882517148148,4959.1547619047615,4660.0,0,0,23.700000762939453,0,Low,30,0.868,0.132,0.0,0.0,2026-04-25 17:11:05,2,4,3,0,2026-04-03 10:31:00,1.0
68583239,2026-04-02 09:02:41,2026-04-03 10:28:00,Closed,Pothole,QUEENS,nan,40.572693440753746,-73.85595920498334,23.339172393703706,4959.1547619047615,4660.0,0,0,24.100000381469727,1,Medium,14,0.198,0.801,0.0,0.0,2026-04-25 17:11:05,2,4,3,0,2026-04-03 10:28:00,1.0
68541998,2026-04-02 09:02:38,,Open,Pothole,MANHATTAN,nan,40.79630128660878,-73.93828379349273,23.339207115925927,16591.571428571428,6876.0,21,0,67.7,2,High,9,0.323,0.338,0.203,0.135,2026-04-25 17:11:05,0,4,3,1,,
68584690,2026-04-02 09:02:19,2026-04-03 10:24:00,Closed,Pothole,QUEENS,nan,40.572042157602915,-73.85754801014599,23.339427023333336,4959.1547619047615,4660.0,1,0,24.299999237060547,1,Medium,14,0.231,0.768,0.0,0.0,2026-04-25 17:11:05,2,4,3,1,2026-04-03 10:24:00,1.0
68581774,2026-04-02 09:01:29,2026-04-03 10:20:00,Closed,Pothole,QUEENS,nan,40.57134706357576,-73.8592412624737,23.34000572703704,4959.1547619047615,4660.0,1,0,21.600000381469727,0,Low,30,0.864,0.135,0.0,0.0,2026-04-25 17:11:05,2,4,3,1,2026-04-03 10:20:00,1.0
68577491,2026-04-02 09:00:46,2026-04-03 10:16:00,Closed,Pothole,QUEENS,nan,40.570370060222025,-73.86162256283608,23.340503412222223,4959.1547619047615,4660.0,0,0,21.0,0,Low,30,0.839,0.161,0.0,0.0,2026-04-25 17:11:05,2,4,3,0,2026-04-03 10:16:00,1.0
68583240,2026-04-02 09:00:04,2026-04-03 09:08:00,Closed,Pothole,QUEENS,nan,40.569404139963865,-73.86413334947258,23.340989523333334,4959.1547619047615,4660.0,1,0,21.799999237060547,0,Low,30,0.905,0.095,0.0,0.0,2026-04-25 17:11:05,2,4,3,1,2026-04-03 09:08:00,1.0
68544521,2026-04-02 08:59:12,,Pending,Pothole,QUEENS,nan,40.77391962283647,-73.89807682612206,23.341591375185185,4959.1547619047615,4660.0,4,1,26.299999237060547,1,Medium,14,0.052,0.948,0.0,0.0,2026-04-25 17:11:05,2,4,3,1,,
68538152,2026-04-02 08:55:14,2026-04-11 11:05:00,Closed,Pothole,QUEENS,nan,40.76275984790348,-73.8895205029829,23.344346004814817,4959.1547619047615,4660.0,4,0,26.700000762939453,1,Medium,14,0.052,0.947,0.0,0.0,2026-04-25 17:11:05,2,4,3,1,2026-04-11 11:05:00,9.0
68543262,2026-04-02 08:55:00,,Open,Pothole,MANHATTAN,nan,40.77025022010101,-73.947792080714,23.344508041851853,16591.571428571428,6876.0,13,0,62.4,2,High,9,0.376,0.312,0.187,0.125,2026-04-25 17:11:05,0,4,3,1,,
68541520,2026-04-02 08:54:38,2026-04-02 08:54:38,Closed,Pothole,BROOKLYN,nan,40.654738552069986,-73.9069229436871,23.344762671481483,5664.555555555556,6673.0,22,0,32.20000076293945,1,Medium,14,0.0,1.0,0.0,0.0,2026-04-25 17:11:05,1,4,3,1,2026-04-02 08:54:38,0.0
68542766,2026-04-02 08:49:56,2026-04-02 08:49:56,Closed,Pothole,MANHATTAN,nan,40.78273645680392,-73.95533636403404,23.34802656037037,16591.571428571428,6876.0,5,0,36.400001525878906,1,Medium,14,0.0,0.998,0.001,0.0,2026-04-25 17:11:05,0,4,3,1,2026-04-02 08:49:56,0.0
68545867,2026-04-02 08:48:52,,Open,Pothole,MANHATTAN,nan,40.81084332481149,-73.95067910536685,23.348767301111113,16591.571428571428,6876.0,41,0,67.7,2,High,9,0.323,0.338,0.203,0.135,2026-04-25 17:11:05,0,4,3,1,,
68543977,2026-04-02 08:47:16,2026-04-02 08:47:16,Closed,Pothole,MANHATTAN,nan,40.74840016262004,-73.99993864577306,23.349878412222225,16591.571428571428,6876.0,14,0,43.79999923706055,1,Medium,14,0.0,1.0,0.0,0.0,2026-04-25 17:11:05,0,4,3,1,2026-04-02 08:47:16,0.0
68543978,2026-04-02 08:45:38,2026-04-02 08:45:38,Closed,Pothole,MANHATTAN,nan,40.76671457146749,-73.98287746335355,23.35101267148148,16591.571428571428,6876.0,36,0,47.29999923706055,1,Medium,14,0.0,0.998,0.002,0.0,2026-04-25 17:11:05,0,4,3,1,2026-04-02 08:45:38,0.0
68540739,2026-04-02 08:41:05,,Pending,Pothole,QUEENS,nan,40.77657174491696,-73.84259946181277,23.354172393703706,4959.1547619047615,4660.0,1,1,22.100000381469727,0,Low,30,0.752,0.247,0.001,0.0,2026-04-25 17:11:05,2,4,3,1,,
68543980,2026-04-02 08:28:46,2026-04-02 08:28:46,Closed,Pothole,MANHATTAN,nan,40.85716777320929,-73.92823190648733,23.362725634444445,16591.571428571428,6876.0,13,1,39.70000076293945,1,Medium,14,0.0,0.999,0.001,0.0,2026-04-25 17:11:05,0,4,3,1,2026-04-02 08:28:46,0.0
68543986,2026-04-02 08:20:48,2026-04-02 08:20:48,Closed,Pothole,BROOKLYN,nan,40.67760425245059,-73.90233760899243,23.368258041851853,5664.555555555556,6673.0,6,1,30.399999618530273,1,Medium,14,0.006,0.994,0.0,0.0,2026-04-25 17:11:05,1,4,3,1,2026-04-02 08:20:48,0.0
68546680,2026-04-02 08:17:34,2026-04-02 08:17:34,Closed,Pothole,BROOKLYN,nan,40.67712231074169,-73.90046360184252,23.370503412222224,5664.555555555556,6673.0,19,1,35.400001525878906,1,Medium,14,0.0,1.0,0.0,0.0,2026-04-25 17:11:05,1,4,3,1,2026-04-02 08:17:34,0.0
68545367,2026-04-02 08:04:44,2026-04-02 08:04:44,Closed,Pothole,BRONX,nan,40.83262827520219,-73.92537469005808,23.37941544925926,6677.6,6655.5,9,0,32.0,1,Medium,14,0.0,1.0,0.0,0.0,2026-04-25 17:11:05,3,4,3,1,2026-04-02 08:04:44,0.0
68545851,2026-04-02 08:02:30,,Open,Pothole,STATEN ISLAND,nan,40.614190451613666,-74.06397186064373,23.380966375185185,23788.714285714286,2762.0,3,0,44.3,1,Medium,16,0.557,0.222,0.133,0.089,2026-04-25 17:11:05,4,4,3,1,,
68539457,2026-04-02 07:54:47,2026-04-11 12:35:00,Closed,Pothole,QUEENS,nan,40.6923175249142,-73.86089708474876,23.386325171481484,4959.1547619047615,4660.0,8,0,32.29999923706055,1,Medium,14,0.0,1.0,0.0,0.0,2026-04-25 17:11:05,2,4,3,1,2026-04-11 12:35:00,9.0
68540230,2026-04-02 07:49:31,2026-04-02 07:49:31,Closed,Pothole,MANHATTAN,nan,40.706767020397514,-74.01250844527229,23.38998257888889,16591.571428571428,6876.0,5,1,36.900001525878906,1,Medium,14,0.0,1.0,0.0,0.0,2026-04-25 17:11:05,0,4,3,1,2026-04-02 07:49:31,0.0
68539468,2026-04-02 07:45:33,2026-04-03 14:30:00,Closed,Pothole,BROOKLYN,BROADWAY,40.69260383163042,-73.92750752930546,23.39273720851852,5664.555555555556,13110.0,13,0,33.400001525878906,1,Medium,14,0.0,1.0,0.0,0.0,2026-04-25 17:11:05,1,4,3,1,2026-04-03 14:30:00,1.0
68545871,2026-04-02 07:38:16,,Open,Pothole,BROOKLYN,nan,40.67890536841816,-73.9163928196439,23.39779507888889,5664.555555555556,6673.0,11,1,43.9,1,Medium,16,0.561,0.22,0.132,0.088,2026-04-25 17:11:05,1,4,3,1,,
68546683,2026-04-02 07:33:56,2026-04-02 07:33:56,Closed,Pothole,BRONX,nan,40.82775772054211,-73.91169267637142,23.40080433814815,6677.6,6655.5,10,1,33.099998474121094,1,Medium,14,0.0,1.0,0.0,0.0,2026-04-25 17:11:05,3,4,3,1,2026-04-02 07:33:56,0.0
68541492,2026-04-02 07:32:04,2026-04-02 07:32:04,Closed,Pothole,BRONX,nan,40.82815020067192,-73.91167408848696,23.402100634444444,6677.6,6655.5,12,1,33.599998474121094,1,Medium,14,0.0,1.0,0.0,0.0,2026-04-25 17:11:05,3,4,3,1,2026-04-02 07:32:04,0.0
68541508,2026-04-02 07:30:39,2026-04-02 07:30:39,Closed,Pothole,QUEENS,nan,40.56090606971587,-73.91548600085787,23.40308443074074,4959.1547619047615,4660.0,2,0,24.899999618530273,1,Medium,14,0.211,0.788,0.0,0.0,2026-04-25 17:11:05,2,4,3,1,2026-04-02 07:30:39,0.0
68539469,2026-04-02 07:12:43,2026-04-03 13:10:00,Closed,Pothole,BROOKLYN,nan,40.65436351124894,-74.01504663727803,23.415538134444446,5664.555555555556,6673.0,3,0,25.700000762939453,1,Medium,14,0.012,0.988,0.0,0.0,2026-04-25 17:11:05,1,4,3,1,2026-04-03 13:10:00,1.0
68551894,2026-04-02 07:00:00,2026-04-03 13:05:00,Closed,Pothole,STATEN ISLAND,CASTLETON AVENUE,40.63470654130929,-74.1063835445332,23.424369152962964,23788.714285714286,10187.0,5,1,36.70000076293945,1,Medium,14,0.0,1.0,0.0,0.0,2026-04-25 17:11:05,4,4,3,1,2026-04-03 13:05:00,1.0
68555832,2026-04-02 07:00:00,2026-04-03 09:45:00,Closed,Pothole,STATEN ISLAND,nan,40.58124222955123,-74.09843949171652,23.424369152962964,23788.714285714286,2762.0,9,0,44.0,1,Medium,14,0.0,1.0,0.0,0.0,2026-04-25 17:11:05,4,4,3,1,2026-04-03 09:45:00,1.0
68549304,2026-04-02 07:00:00,2026-04-03 09:05:00,Closed,Pothole,STATEN ISLAND,nan,40.57455772050901,-74.1056434016304,23.424369152962964,23788.714285714286,2762.0,16,0,43.900001525878906,1,Medium,14,0.0,1.0,0.0,0.0,2026-04-25 17:11:05,4,4,3,1,2026-04-03 09:05:00,1.0
68544530,2026-04-02 06:39:50,2026-04-03 09:47:00,Closed,Pothole,BROOKLYN,nan,40.61937294702822,-73.90815734896078,23.438373782592596,5664.555555555556,6673.0,4,0,27.0,1,Medium,14,0.014,0.986,0.0,0.0,2026-04-25 17:11:05,1,4,3,1,2026-04-03 09:47:00,1.0
68547183,2026-04-02 06:38:11,2026-04-11 21:14:00,Closed,Pothole,QUEENS,nan,40.74208841882405,-73.85431549191652,23.439519615925928,4959.1547619047615,4660.0,10,1,34.70000076293945,1,Medium,14,0.0,1.0,0.0,0.0,2026-04-25 17:11:05,2,4,3,1,2026-04-11 21:14:00,9.0
68538153,2026-04-02 06:36:41,2026-04-11 02:15:00,Closed,Pothole,QUEENS,nan,40.74110515916286,-73.85381242642514,23.440561282592594,4959.1547619047615,4660.0,9,1,33.099998474121094,1,Medium,14,0.0,1.0,0.0,0.0,2026-04-25 17:11:05,2,4,3,1,2026-04-11 02:15:00,8.0
68545866,2026-04-02 05:15:17,,Open,Pothole,QUEENS,nan,40.59284859430644,-73.79615177366914,23.49708906037037,4959.1547619047615,4660.0,8,1,35.1,1,Medium,16,0.649,0.176,0.105,0.07,2026-04-25 17:11:05,2,4,3,1,,
68540745,2026-04-02 04:31:57,2026-04-10 12:54:00,Closed,Pothole,QUEENS,nan,40.76179577025723,-73.87797434805303,23.527181652962962,4959.1547619047615,4660.0,5,0,27.700000762939453,1,Medium,14,0.035,0.964,0.0,0.0,2026-04-25 17:11:05,2,4,3,1,2026-04-10 12:54:00,8.0
68532348,2026-04-02 02:48:20,2026-04-18 13:44:00,Closed,Pothole,BROOKLYN,nan,40.66507367126368,-73.92739326643189,23.599137671481483,5664.555555555556,6673.0,16,0,34.599998474121094,1,Medium,14,0.0,1.0,0.0,0.0,2026-04-25 17:11:05,1,4,3,1,2026-04-18 13:44:00,16.0
68536749,2026-04-02 02:45:12,2026-04-17 22:30:00,Closed,Pothole,BROOKLYN,nan,40.66430074971383,-73.92916753310641,23.601313597407408,5664.555555555556,6673.0,14,1,33.900001525878906,1,Medium,14,0.0,1.0,0.0,0.0,2026-04-25 17:11:05,1,4,3,1,2026-04-17 22:30:00,15.0
68526189,2026-04-02 01:53:42,2026-04-02 01:53:42,Closed,Pothole,BRONX,nan,40.830136980901635,-73.89187665421247,23.6370774862963,6677.6,6655.5,9,0,34.400001525878906,1,Medium,14,0.0,1.0,0.0,0.0,2026-04-25 17:11:05,3,4,3,1,2026-04-02 01:53:42,0.0
68535283,2026-04-02 01:50:49,2026-04-15 22:10:00,Closed,Pothole,BRONX,nan,40.83737086525621,-73.8877667333652,23.639079801111112,6677.6,6655.5,20,0,35.20000076293945,1,Medium,14,0.0,1.0,0.0,0.0,2026-04-25 17:11:05,3,4,3,1,2026-04-15 22:10:00,13.0
68528103,2026-04-02 00:24:32,,Open,Pothole,STATEN ISLAND,nan,40.63456702071798,-74.11719928427827,23.698998782592593,23788.714285714286,2762.0,11,0,65.8,2,High,16,0.342,0.329,0.197,0.132,2026-04-25 17:11:05,4,4,3,1,,
68530487,2026-04-02 00:16:50,2026-04-02 00:16:50,Closed,Pothole,STATEN ISLAND,nan,40.567966534350866,-74.12309331207807,23.704346004814816,23788.714285714286,2762.0,5,1,38.099998474121094,1,Medium,14,0.0,1.0,0.0,0.0,2026-04-25 17:11:05,4,4,3,1,2026-04-02 00:16:50,0.0
68529497,2026-04-01 23:21:57,2026-04-11 21:45:00,Closed,Pothole,QUEENS,nan,40.72013323771417,-73.79037278029215,23.74245943074074,4959.1547619047615,4660.0,31,0,36.70000076293945,1,Medium,14,0.0,1.0,0.0,0.0,2026-04-25 17:11:05,2,4,2,1,2026-04-11 21:45:00,9.0
68526669,2026-04-01 23:07:01,,Open,Pothole,BRONX,nan,40.854208022401494,-73.86105735636079,23.752829801111112,6677.6,6655.5,11,1,45.3,1,Medium,16,0.547,0.226,0.136,0.091,2026-04-25 17:11:05,3,4,2,1,,
68533845,2026-04-01 22:43:36,2026-04-03 15:05:00,Closed,Pothole,BROOKLYN,nan,40.690400027548165,-73.92364436398681,23.769091375185187,5664.555555555556,6673.0,32,1,36.900001525878906,1,Medium,14,0.0,1.0,0.0,0.0,2026-04-25 17:11:05,1,4,2,1,2026-04-03 15:05:00,1.0
68536772,2026-04-01 22:10:30,2026-04-11 08:20:00,Closed,Pothole,QUEENS,nan,40.68167049405539,-73.83779743982831,23.792077486296296,4959.1547619047615,4660.0,11,1,36.20000076293945,1,Medium,14,0.0,1.0,0.0,0.0,2026-04-25 17:11:05,2,4,2,1,2026-04-11 08:20:00,9.0
68526175,2026-04-01 22:07:07,2026-04-01 22:07:07,Closed,Pothole,MANHATTAN,nan,40.84604758805665,-73.9402400014605,23.794427023333334,16591.571428571428,6876.0,29,1,42.79999923706055,1,Medium,14,0.0,0.999,0.001,0.0,2026-04-25 17:11:05,0,4,2,1,2026-04-01 22:07:07,0.0
68531857,2026-04-01 21:35:24,2026-04-01 21:35:24,Closed,Pothole,MANHATTAN,nan,40.75205890698893,-74.00098172154796,23.8164524862963,16591.571428571428,6876.0,22,1,44.599998474121094,1,Medium,14,0.0,1.0,0.0,0.0,2026-04-25 17:11:05,0,4,2,1,2026-04-01 21:35:24,0.0
68529498,2026-04-01 21:17:58,2026-04-11 02:53:00,Closed,Pothole,QUEENS,nan,40.75064627068569,-73.9456563645553,23.82855896777778,4959.1547619047615,4660.0,11,1,32.900001525878906,1,Medium,14,0.0,1.0,0.0,0.0,2026-04-25 17:11:05,2,4,2,1,2026-04-11 02:53:00,9.0
68526176,2026-04-01 21:16:38,2026-04-01 21:16:38,Closed,Pothole,MANHATTAN,nan,40.7207459377075,-73.98615773607546,23.829484893703704,16591.571428571428,6876.0,33,1,45.099998474121094,1,Medium,14,0.0,0.998,0.002,0.0,2026-04-25 17:11:05,0,4,2,1,2026-04-01 21:16:38,0.0
68533325,2026-04-01 21:08:10,2026-04-01 21:08:10,Closed,Pothole,MANHATTAN,nan,40.772420193583955,-73.97872406623014,23.835364523333336,16591.571428571428,6876.0,18,0,44.099998474121094,1,Medium,14,0.0,0.999,0.001,0.0,2026-04-25 17:11:05,0,4,2,1,2026-04-01 21:08:10,0.0
68530933,2026-04-01 21:02:06,,Pending,Pothole,QUEENS,nan,40.68011763639642,-73.7532368707747,23.839577486296296,4959.1547619047615,4660.0,17,0,32.20000076293945,1,Medium,14,0.0,1.0,0.0,0.0,2026-04-25 17:11:05,2,4,2,1,,
68532369,2026-04-01 21:01:01,2026-04-02 14:21:00,Closed,Pothole,QUEENS,nan,40.69595062654502,-73.8623680620651,23.840329801111114,4959.1547619047615,4660.0,3,0,24.299999237060547,0,Low,30,0.604,0.395,0.0,0.0,2026-04-25 17:11:05,2,4,2,1,2026-04-02 14:21:00,0.0
68533863,2026-04-01 20:56:54,2026-04-11 09:03:00,Closed,Pothole,QUEENS,nan,40.69212936228362,-73.83483307985836,23.84318859740741,4959.1547619047615,4660.0,6,0,30.899999618530273,1,Medium,14,0.055,0.945,0.0,0.0,2026-04-25 17:11:05,2,4,2,1,2026-04-11 09:03:00,9.0
68531858,2026-04-01 20:46:39,2026-04-01 20:46:39,Closed,Pothole,MANHATTAN,nan,40.738551998380736,-73.9996824485918,23.850306652962963,16591.571428571428,6876.0,16,0,42.29999923706055,1,Medium,14,0.0,1.0,0.0,0.0,2026-04-25 17:11:05,0,4,2,1,2026-04-01 20:46:39,0.0
68529480,2026-04-01 20:38:52,2026-04-21 12:28:00,Closed,Pothole,MANHATTAN,nan,40.838560051668395,-73.94585559942595,23.855711745555556,16591.571428571428,6876.0,16,1,43.099998474121094,1,Medium,14,0.0,0.999,0.001,0.0,2026-04-25 17:11:05,0,4,2,1,2026-04-21 12:28:00,19.0
68528113,2026-04-01 20:19:35,,Pending,Pothole,QUEENS,nan,40.7365996915829,-73.75328028443148,23.86910294925926,4959.1547619047615,4660.0,0,1,22.0,0,Low,30,0.999,0.001,0.0,0.0,2026-04-25 17:11:05,2,4,2,0,,
68529035,2026-04-01 20:08:33,2026-04-01 20:08:33,Closed,Pothole,MANHATTAN,nan,40.75205890698893,-74.00098172154796,23.876764986296298,16591.571428571428,6876.0,22,1,44.599998474121094,1,Medium,14,0.0,1.0,0.0,0.0,2026-04-25 17:11:05,0,4,2,1,2026-04-01 20:08:33,0.0
68530934,2026-04-01 20:04:03,,Pending,Pothole,QUEENS,nan,40.73931158535382,-73.91946731173388,23.8798899862963,4959.1547619047615,4660.0,10,1,34.5,1,Medium,14,0.0,1.0,0.0,0.0,2026-04-25 17:11:05,2,4,2,1,,
68526183,2026-04-01 20:04:01,2026-04-01 20:04:01,Closed,Pothole,BROOKLYN,nan,40.693287927828486,-73.97385585470701,23.879913134444447,5664.555555555556,6673.0,16,1,31.899999618530273,1,Medium,14,0.0,1.0,0.0,0.0,2026-04-25 17:11:05,1,4,2,1,2026-04-01 20:04:01,0.0
68529500,2026-04-01 19:54:22,2026-04-11 03:20:00,Closed,Pothole,QUEENS,nan,40.74466900121858,-73.93168408303255,23.886614523333336,4959.1547619047615,4660.0,18,0,32.70000076293945,1,Medium,14,0.0,1.0,0.0,0.0,2026-04-25 17:11:05,2,4,2,1,2026-04-11 03:20:00,9.0
68530490,2026-04-01 19:53:52,2026-04-01 19:53:52,Closed,Pothole,QUEENS,nan,40.74603472114661,-73.93440021822178,23.886961745555556,4959.1547619047615,4660.0,20,0,32.400001525878906,1,Medium,14,0.0,1.0,0.0,0.0,2026-04-25 17:11:05,2,4,2,1,2026-04-01 19:53:52,0.0
68529501,2026-04-01 19:46:07,,Pending,Pothole,QUEENS,nan,40.68625095400348,-73.76847358848285,23.89234369,4959.1547619047615,4660.0,1,1,22.799999237060547,0,Low,30,0.969,0.031,0.0,0.0,2026-04-25 17:11:05,2,4,2,1,,
68536752,2026-04-01 19:36:21,,Open,Pothole,BROOKLYN,nan,40.59829118256744,-74.00003600958394,23.899126097407407,5664.555555555556,6673.0,23,1,54.8,2,High,16,0.452,0.274,0.164,0.11,2026-04-25 17:11:05,1,4,2,1,,
68535292,2026-04-01 19:33:30,2026-04-11 21:45:00,Closed,Pothole,QUEENS,nan,40.79060470996003,-73.8266798836476,23.901105264074076,4959.1547619047615,4660.0,0,0,21.200000762939453,0,Low,30,0.994,0.006,0.0,0.0,2026-04-25 17:11:05,2,4,2,0,2026-04-11 21:45:00,10.0
68536742,2026-04-01 19:28:45,,Pending,Pothole,MANHATTAN,nan,40.72686582646435,-73.97990757169026,23.904403875185185,16591.571428571428,6876.0,4,0,37.0,1,Medium,14,0.0,0.999,0.0,0.0,2026-04-25 17:11:05,0,4,2,1,,
68526178,2026-04-01 19:24:55,2026-04-01 19:24:55,Closed,Pothole,MANHATTAN,nan,40.813389933961254,-73.95625868043503,23.907065912222222,16591.571428571428,6876.0,30,0,43.900001525878906,1,Medium,14,0.0,0.999,0.001,0.0,2026-04-25 17:11:05,0,4,2,1,2026-04-01 19:24:55,0.0
68530929,2026-04-01 19:14:45,,Open,Pothole,STATEN ISLAND,nan,40.57501789208223,-74.12314230403494,23.914126097407408,23788.714285714286,2762.0,3,1,44.5,1,Medium,16,0.555,0.223,0.134,0.089,2026-04-25 17:11:05,4,4,2,1,,
68529483,2026-04-01 19:04:13,2026-04-09 09:45:00,Closed,Pothole,BROOKLYN,nan,40.632885637657495,-73.94769778544028,23.921440912222224,5664.555555555556,6673.0,25,1,33.900001525878906,1,Medium,14,0.0,1.0,0.0,0.0,2026-04-25 17:11:05,1,4,2,1,2026-04-09 09:45:00,7.0
68526672,2026-04-01 19:02:49,2026-04-11 08:25:00,Closed,Pothole,STATEN ISLAND,nan,40.55338710081064,-74.21256586718478,23.922413134444447,23788.714285714286,2762.0,3,1,33.70000076293945,1,Medium,14,0.0,1.0,0.0,0.0,2026-04-25 17:11:05,4,4,2,1,2026-04-11 08:25:00,9.0
68533846,2026-04-01 18:58:08,2026-04-11 16:30:00,Closed,Pothole,BROOKLYN,nan,40.6604415898083,-73.95687438918226,23.92566544925926,5664.555555555556,6673.0,6,1,30.299999237060547,1,Medium,14,0.002,0.998,0.0,0.0,2026-04-25 17:11:05,1,4,2,1,2026-04-11 16:30:00,9.0
68535293,2026-04-01 18:47:14,2026-04-11 13:46:00,Closed,Pothole,QUEENS,nan,40.722289717622814,-73.8673102806824,23.933234893703705,4959.1547619047615,4660.0,8,0,29.299999237060547,1,Medium,14,0.001,0.999,0.0,0.0,2026-04-25 17:11:05,2,4,2,1,2026-04-11 13:46:00,9.0
68533865,2026-04-01 18:39:30,2026-04-11 07:29:00,Closed,Pothole,QUEENS,nan,40.68645287530594,-73.76117488518368,23.938605264074074,4959.1547619047615,4660.0,3,1,23.399999618530273,0,Low,30,0.906,0.094,0.0,0.0,2026-04-25 17:11:05,2,4,2,1,2026-04-11 07:29:00,9.0
68528079,2026-04-01 18:34:20,2026-04-11 20:30:00,Closed,Pothole,MANHATTAN,nan,40.80293681676738,-73.96956142995137,23.942193227037038,16591.571428571428,6876.0,6,1,40.900001525878906,1,Medium,14,0.0,0.997,0.002,0.0,2026-04-25 17:11:05,0,4,2,1,2026-04-11 20:30:00,10.0
68528116,2026-04-01 18:29:56,,Pending,Pothole,QUEENS,nan,40.70721936018754,-73.7649309656248,23.945248782592593,4959.1547619047615,4660.0,0,0,21.299999237060547,0,Low,30,0.993,0.007,0.0,0.0,2026-04-25 17:11:05,2,4,2,0,,
68528117,2026-04-01 18:27:00,2026-04-11 10:45:00,Closed,Pothole,QUEENS,nan,40.680132124818265,-73.84686872082064,23.94728581962963,4959.1547619047615,4660.0,6,0,26.600000381469727,1,Medium,14,0.021,0.979,0.0,0.0,2026-04-25 17:11:05,2,4,2,1,2026-04-11 10:45:00,9.0
68526682,2026-04-01 18:25:53,2026-04-11 11:10:00,Closed,Pothole,QUEENS,nan,40.67978822065551,-73.85255516996831,23.948061282592594,4959.1547619047615,4660.0,8,0,28.899999618530273,1,Medium,14,0.0,1.0,0.0,0.0,2026-04-25 17:11:05,2,4,2,1,2026-04-11 11:10:00,9.0
68530465,2026-04-01 18:24:34,2026-04-01 18:24:34,Closed,Pothole,MANHATTAN,nan,40.76911692372326,-73.9885592924773,23.948975634444444,16591.571428571428,6876.0,20,1,43.29999923706055,1,Medium,14,0.0,0.998,0.002,0.0,2026-04-25 17:11:05,0,4,2,1,2026-04-01 18:24:34,0.0
68526651,2026-04-01 18:23:59,,Open,Pothole,MANHATTAN,nan,40.860526929559065,-73.9193783740178,23.94938072703704,16591.571428571428,6876.0,17,1,67.9,2,High,9,0.321,0.339,0.204,0.136,2026-04-25 17:11:05,0,4,2,1,,
68528087,2026-04-01 18:22:09,2026-04-07 15:01:00,Closed,Pothole,BROOKLYN,nan,40.64094470127474,-73.94851301204868,23.950653875185186,5664.555555555556,6673.0,25,0,33.900001525878906,1,Medium,14,0.0,1.0,0.0,0.0,2026-04-25 17:11:05,1,4,2,1,2026-04-07 15:01:00,5.0
68533848,2026-04-01 18:22:03,,Open,Pothole,BROOKLYN,nan,40.676448835455936,-73.86453897126174,23.95072331962963,5664.555555555556,6673.0,13,0,49.4,1,Medium,16,0.506,0.247,0.148,0.099,2026-04-25 17:11:05,1,4,2,1,,
68529049,2026-04-01 18:21:42,2026-04-01 18:21:42,Closed,Pothole,BRONX,nan,40.8422043016679,-73.83908661007817,23.950966375185185,6677.6,6655.5,20,0,36.29999923706055,1,Medium,14,0.0,1.0,0.0,0.0,2026-04-25 17:11:05,3,4,2,1,2026-04-01 18:21:42,0.0
68532371,2026-04-01 18:13:17,,Pending,Pothole,QUEENS,nan,40.76033839737429,-73.89475861598132,23.956811282592593,4959.1547619047615,4660.0,8,0,31.200000762939453,1,Medium,14,0.0,1.0,0.0,0.0,2026-04-25 17:11:05,2,4,2,1,,
68532372,2026-04-01 18:10:39,2026-04-11 23:51:00,Closed,Pothole,QUEENS,nan,40.706953993315146,-73.72794732947887,23.958639986296298,4959.1547619047615,4660.0,1,0,19.899999618530273,0,Low,30,0.939,0.06,0.0,0.0,2026-04-25 17:11:05,2,4,2,1,2026-04-11 23:51:00,10.0
68535274,2026-04-01 18:09:29,2026-04-02 13:07:00,Closed,Pothole,BROOKLYN,nan,40.701573310863985,-73.93129185422126,23.959450171481482,5664.555555555556,6673.0,6,1,31.799999237060547,1,Medium,14,0.003,0.997,0.0,0.0,2026-04-25 17:11:05,1,4,2,1,2026-04-02 13:07:00,0.0
68529503,2026-04-01 18:09:00,,Pending,Pothole,QUEENS,nan,40.70768417366226,-73.72797681142353,23.95978581962963,4959.1547619047615,4660.0,4,0,25.299999237060547,1,Medium,14,0.037,0.963,0.0,0.0,2026-04-25 17:11:05,2,4,2,1,,
68529059,2026-04-01 18:04:36,2026-04-01 18:04:36,Closed,Pothole,QUEENS,nan,40.761265587233325,-73.87499725675143,23.962841375185185,4959.1547619047615,4660.0,13,0,35.70000076293945,1,Medium,14,0.0,1.0,0.0,0.0,2026-04-25 17:11:05,2,4,2,1,2026-04-01 18:04:36,0.0
68529060,2026-04-01 18:03:08,2026-04-01 18:03:08,Closed,Pothole,QUEENS,nan,40.761217008162774,-73.8863970016137,23.963859893703706,4959.1547619047615,4660.0,7,0,29.200000762939453,1,Medium,14,0.003,0.997,0.0,0.0,2026-04-25 17:11:05,2,4,2,1,2026-04-01 18:03:08,0.0
68532373,2026-04-01 18:01:37,,Pending,Pothole,QUEENS,nan,40.70775744565842,-73.73112532642455,23.964913134444444,4959.1547619047615,4660.0,3,0,25.0,1,Medium,14,0.099,0.901,0.0,0.0,2026-04-25 17:11:05,2,4,2,1,,
68536266,2026-04-01 17:55:08,2026-04-01 17:55:08,Closed,Pothole,MANHATTAN,nan,40.77879404063979,-73.98205472388632,23.96941544925926,16591.571428571428,6876.0,24,0,44.29999923706055,1,Medium,14,0.0,1.0,0.0,0.0,2026-04-25 17:11:05,0,4,2,1,2026-04-01 17:55:08,0.0
68526652,2026-04-01 17:52:37,,Open,Pothole,MANHATTAN,nan,40.82470398361395,-73.94426983454724,23.971163134444446,16591.571428571428,6876.0,24,1,67.9,2,High,9,0.321,0.34,0.204,0.136,2026-04-25 17:11:05,0,4,2,1,,
68534813,2026-04-01 17:43:47,2026-04-01 17:43:47,Closed,Pothole,MANHATTAN,nan,40.76671457146749,-73.98287746335355,23.977297393703704,16591.571428571428,6876.0,36,0,45.099998474121094,1,Medium,14,0.0,0.998,0.002,0.0,2026-04-25 17:11:05,0,4,2,1,2026-04-01 17:43:47,0.0
68529055,2026-04-01 17:39:12,2026-04-01 17:39:12,Closed,Pothole,STATEN ISLAND,nan,40.61118164592453,-74.10559691094086,23.980480264074075,23788.714285714286,2762.0,2,0,32.599998474121094,1,Medium,14,0.0,1.0,0.0,0.0,2026-04-25 17:11:05,4,4,2,1,2026-04-01 17:39:12,0.0
68536768,2026-04-01 17:38:49,2026-04-11 22:53:00,Closed,Pothole,STATEN ISLAND,nan,40.57592710793052,-74.09659578324302,23.980746467777777,23788.714285714286,2762.0,4,0,35.099998474121094,1,Medium,14,0.0,1.0,0.0,0.0,2026-04-25 17:11:05,4,4,2,1,2026-04-11 22:53:00,10.0
68529493,2026-04-01 17:37:57,2026-04-11 08:35:00,Closed,Pothole,STATEN ISLAND,nan,40.52641105443428,-74.21982894951586,23.98134831962963,23788.714285714286,2762.0,2,1,34.5,1,Medium,14,0.0,1.0,0.0,0.0,2026-04-25 17:11:05,4,4,2,1,2026-04-11 08:35:00,9.0
68533334,2026-04-01 17:22:41,2026-04-01 17:22:41,Closed,Pothole,BROOKLYN,nan,40.69889360848882,-73.91752179908735,23.991950171481484,5664.555555555556,6673.0,28,0,36.400001525878906,1,Medium,14,0.0,1.0,0.0,0.0,2026-04-25 17:11:05,1,4,2,1,2026-04-01 17:22:41,0.0
68528080,2026-04-01 17:21:43,2026-04-18 01:30:00,Closed,Pothole,MANHATTAN,nan,40.72652715467351,-73.99584371348764,23.99262146777778,16591.571428571428,6876.0,27,1,42.20000076293945,1,Medium,14,0.0,0.999,0.001,0.0,2026-04-25 17:11:05,0,4,2,1,2026-04-18 01:30:00,16.0
68531867,2026-04-01 17:19:31,2026-04-01 17:19:31,Closed,Pothole,BROOKLYN,nan,40.69889360848882,-73.91752179908735,23.99414924555556,5664.555555555556,6673.0,28,0,36.400001525878906,1,Medium,14,0.0,1.0,0.0,0.0,2026-04-25 17:11:05,1,4,2,1,2026-04-01 17:19:31,0.0
68536775,2026-04-01 17:15:22,,Pending,Pothole,QUEENS,nan,40.73267668386468,-73.79333897585512,23.99703119,4959.1547619047615,4660.0,2,0,22.100000381469727,0,Low,30,0.959,0.041,0.0,0.0,2026-04-25 17:11:05,2,4,2,1,,
68530930,2026-04-01 17:14:45,2026-04-03 08:00:00,Closed,Pothole,STATEN ISLAND,nan,40.55348900307573,-74.13177872396743,23.997459430740744,23788.714285714286,2762.0,2,0,30.899999618530273,1,Medium,14,0.0,1.0,0.0,0.0,2026-04-25 17:11:05,4,4,2,1,2026-04-03 08:00:00,1.0
68532374,2026-04-01 17:04:54,2026-04-10 01:20:00,Closed,Pothole,QUEENS,nan,40.7559699636909,-73.91261080920236,24.00429970851852,4959.1547619047615,4660.0,5,0,28.600000381469727,1,Medium,14,0.113,0.887,0.0,0.0,2026-04-25 17:11:05,2,4,2,1,2026-04-10 01:20:00,8.0
68533857,2026-04-01 17:03:02,2026-04-11 11:53:00,Closed,Pothole,STATEN ISLAND,nan,40.600832119046785,-74.13116995014245,24.005596004814816,23788.714285714286,2762.0,2,0,30.799999237060547,1,Medium,14,0.0,1.0,0.0,0.0,2026-04-25 17:11:05,4,4,2,1,2026-04-11 11:53:00,9.0
68534825,2026-04-01 17:00:37,2026-04-01 17:00:37,Closed,Pothole,BRONX,nan,40.832647012551575,-73.85120821712813,24.007274245555557,6677.6,6655.5,18,1,36.5,1,Medium,14,0.0,1.0,0.0,0.0,2026-04-25 17:11:05,3,4,2,1,2026-04-01 17:00:37,0.0
68533343,2026-04-01 16:58:06,2026-04-01 16:58:06,Closed,Pothole,BRONX,nan,40.84317496421008,-73.91194689088798,24.009021930740744,6677.6,6655.5,12,1,35.20000076293945,1,Medium,14,0.0,1.0,0.0,0.0,2026-04-25 17:11:05,3,4,2,1,2026-04-01 16:58:06,0.0
68532360,2026-04-01 16:56:12,,Open,Pothole,BRONX,nan,40.85755082521661,-73.85637256311139,24.010341375185188,6677.6,6655.5,24,1,56.0,2,High,16,0.44,0.28,0.168,0.112,2026-04-25 17:11:05,3,4,2,1,,
68530915,2026-04-01 16:44:36,,Open,Pothole,MANHATTAN,nan,40.81957198778608,-73.95174567715866,24.018396930740742,16591.571428571428,6876.0,6,1,43.9,1,Medium,9,0.561,0.22,0.132,0.088,2026-04-25 17:11:05,0,4,2,1,,
68528099,2026-04-01 16:39:18,,Open,Pothole,BRONX,nan,40.81103299474793,-73.92148659886793,24.022077486296297,6677.6,6655.5,8,1,37.4,1,Medium,16,0.626,0.187,0.112,0.075,2026-04-25 17:11:05,3,4,2,1,,
68526201,2026-04-01 16:37:52,2026-04-01 16:37:52,Closed,Pothole,QUEENS,nan,40.78623198245659,-73.79781666157713,24.02307285666667,4959.1547619047615,4660.0,4,0,25.5,0,Low,30,0.712,0.287,0.001,0.0,2026-04-25 17:11:05,2,4,2,1,2026-04-01 16:37:52,0.0
68531868,2026-04-01 16:37:14,2026-04-01 16:37:14,Closed,Pothole,BROOKLYN,nan,40.61855818991716,-73.95503558617763,24.023512671481484,5664.555555555556,6673.0,11,1,35.099998474121094,1,Medium,14,0.0,1.0,0.0,0.0,2026-04-25 17:11:05,1,4,2,1,2026-04-01 16:37:14,0.0
68526653,2026-04-01 16:35:22,,Pending,Pothole,MANHATTAN,nan,40.71983813771646,-74.00518762166442,24.02480896777778,16591.571428571428,6876.0,29,1,44.400001525878906,1,Medium,14,0.0,1.0,0.0,0.0,2026-04-25 17:11:05,0,4,2,1,,
68533327,2026-04-01 16:34:56,2026-04-01 16:34:56,Closed,Pothole,MANHATTAN,nan,40.80297085227577,-73.96386162910126,24.025109893703704,16591.571428571428,6876.0,16,0,42.400001525878906,1,Medium,14,0.0,1.0,0.0,0.0,2026-04-25 17:11:05,0,4,2,1,2026-04-01 16:34:56,0.0
68534834,2026-04-01 16:32:25,2026-04-01 16:32:25,Closed,Pothole,QUEENS,nan,40.79489618302466,-73.8222264426401,24.02685757888889,4959.1547619047615,4660.0,3,1,24.700000762939453,0,Low,30,0.815,0.185,0.001,0.0,2026-04-25 17:11:05,2,4,2,1,2026-04-01 16:32:25,0.0
68530922,2026-04-01 16:28:19,2026-04-20 12:45:00,Closed,Pothole,BROOKLYN,nan,40.6999378733718,-73.91180788979796,24.029704801111112,5664.555555555556,6673.0,28,1,37.20000076293945,1,Medium,14,0.0,1.0,0.0,0.0,2026-04-25 17:11:05,1,4,2,1,2026-04-20 12:45:00,18.0
68533870,2026-04-01 16:16:28,2026-04-04 20:44:00,Closed,Pothole,QUEENS,nan,40.790800870744555,-73.82390583476082,24.03793396777778,4959.1547619047615,4660.0,11,1,36.20000076293945,1,Medium,14,0.001,0.999,0.0,0.0,2026-04-25 17:11:05,2,4,2,1,2026-04-04 20:44:00,3.0
68529036,2026-04-01 16:14:26,2026-04-01 16:14:26,Closed,Pothole,MANHATTAN,nan,40.768023997074046,-73.97028136310426,24.039346004814817,16591.571428571428,6876.0,10,0,45.20000076293945,1,Medium,14,0.0,0.999,0.001,0.0,2026-04-25 17:11:05,0,4,2,1,2026-04-01 16:14:26,0.0
68530936,2026-04-01 16:14:14,,Pending,Pothole,QUEENS,nan,40.72621434011151,-73.92051499056612,24.039484893703705,4959.1547619047615,4660.0,3,0,22.100000381469727,0,Low,30,0.928,0.072,0.0,0.0,2026-04-25 17:11:05,2,4,2,1,,
68528100,2026-04-01 16:08:28,,Open,Pothole,BRONX,nan,40.87144095159528,-73.86715728320962,24.043489523333335,6677.6,6655.5,10,0,42.7,1,Medium,16,0.573,0.213,0.128,0.085,2026-04-25 17:11:05,3,4,2,1,,
68526683,2026-04-01 16:07:33,2026-04-13 12:16:00,Closed,Pothole,QUEENS,nan,40.68627254618037,-73.77380998188276,24.044126097407407,4959.1547619047615,4660.0,6,1,29.200000762939453,1,Medium,14,0.052,0.948,0.0,0.0,2026-04-25 17:11:05,2,4,2,1,2026-04-13 12:16:00,11.0
68545363,2026-04-01 15:57:31,2026-04-02 10:15:00,Closed,Pothole,BROOKLYN,BROADWAY,40.68504656079129,-73.91420370459052,24.051093690000002,5664.555555555556,13110.0,13,1,36.5,1,Medium,14,0.0,1.0,0.0,0.0,2026-04-25 17:11:05,1,4,2,1,2026-04-02 10:15:00,0.0
68526684,2026-04-01 15:54:24,,Pending,Pothole,QUEENS,nan,40.753902194423326,-73.90121512412604,24.05325804185185,4959.1547619047615,4660.0,9,0,33.599998474121094,1,Medium,14,0.0,1.0,0.0,0.0,2026-04-25 17:11:05,2,4,2,1,,
68530916,2026-04-01 15:54:17,,Open,Pothole,MANHATTAN,nan,40.7779047511921,-73.98208745958574,24.053339060370373,16591.571428571428,6876.0,20,0,67.9,2,High,9,0.321,0.34,0.204,0.136,2026-04-25 17:11:05,0,4,2,1,,
68530917,2026-04-01 15:51:37,2026-04-04 04:40:00,Closed,Pothole,MANHATTAN,nan,40.75973017419921,-73.99168328325673,24.055190912222223,16591.571428571428,6876.0,35,1,41.5,1,Medium,14,0.0,0.949,0.051,0.0,2026-04-25 17:11:05,0,4,2,1,2026-04-04 04:40:00,2.0
68526202,2026-04-01 15:50:54,2026-04-01 15:50:54,Closed,Pothole,QUEENS,nan,40.761217008162774,-73.8863970016137,24.055688597407407,4959.1547619047615,4660.0,7,0,29.299999237060547,1,Medium,14,0.004,0.996,0.0,0.0,2026-04-25 17:11:05,2,4,2,1,2026-04-01 15:50:54,0.0
68530491,2026-04-01 15:49:59,2026-04-01 15:49:59,Closed,Pothole,QUEENS,nan,40.6997563642136,-73.79357806953988,24.056325171481483,4959.1547619047615,4660.0,9,0,32.79999923706055,1,Medium,14,0.0,1.0,0.0,0.0,2026-04-25 17:11:05,2,4,2,1,2026-04-01 15:49:59,0.0
68529064,2026-04-01 15:46:06,2026-04-01 15:46:06,Closed,Pothole,QUEENS,nan,40.70442391454814,-73.79284948963108,24.05902193074074,4959.1547619047615,4660.0,18,0,33.900001525878906,1,Medium,14,0.0,1.0,0.0,0.0,2026-04-25 17:11:05,2,4,2,1,2026-04-01 15:46:06,0.0
68526180,2026-04-01 15:43:41,2026-04-01 15:43:41,Closed,Pothole,MANHATTAN,nan,40.76671457146749,-73.98287746335355,24.060700171481482,16591.571428571428,6876.0,36,0,45.0,1,Medium,14,0.0,0.998,0.002,0.0,2026-04-25 17:11:05,0,4,2,1,2026-04-01 15:43:41,0.0
68533337,2026-04-01 15:34:52,2026-04-01 15:34:52,Closed,Pothole,BROOKLYN,nan,40.64171525158072,-73.93610624665195,24.06682285666667,5664.555555555556,6673.0,4,0,28.299999237060547,1,Medium,14,0.031,0.969,0.0,0.0,2026-04-25 17:11:05,1,4,2,1,2026-04-01 15:34:52,0.0
68535295,2026-04-01 15:30:42,2026-04-11 08:30:00,Closed,Pothole,QUEENS,nan,40.5842242605398,-73.81385512349091,24.069716375185187,4959.1547619047615,4660.0,1,1,23.100000381469727,0,Low,30,0.959,0.041,0.0,0.0,2026-04-25 17:11:05,2,4,2,1,2026-04-11 08:30:00,9.0
68528081,2026-04-01 15:14:40,,Open,Pothole,MANHATTAN,nan,40.80113992130737,-73.93768695042657,24.080850634444445,16591.571428571428,6876.0,25,1,67.9,2,High,9,0.321,0.34,0.204,0.136,2026-04-25 17:11:05,0,4,2,1,,
68526685,2026-04-01 15:13:21,,Pending,Pothole,QUEENS,nan,40.6997563642136,-73.79357806953988,24.081764986296296,4959.1547619047615,4660.0,9,0,32.79999923706055,1,Medium,14,0.0,1.0,0.0,0.0,2026-04-25 17:11:05,2,4,2,1,,
68533355,2026-04-01 15:11:44,2026-04-01 17:59:00,Closed,Pothole,QUEENS,nan,40.70442391454814,-73.79284948963108,24.082887671481483,4959.1547619047615,4660.0,18,0,33.900001525878906,1,Medium,14,0.0,1.0,0.0,0.0,2026-04-25 17:11:05,2,4,2,1,2026-04-01 17:59:00,0.0
68530483,2026-04-01 15:10:18,2026-04-01 15:10:18,Closed,Pothole,BRONX,nan,40.84196931610033,-73.90415637837842,24.083883041851852,6677.6,6655.5,15,1,35.29999923706055,1,Medium,14,0.0,1.0,0.0,0.0,2026-04-25 17:11:05,3,4,2,1,2026-04-01 15:10:18,0.0
68534827,2026-04-01 15:07:39,2026-04-01 15:07:39,Closed,Pothole,BRONX,nan,40.9017821532778,-73.90469231949538,24.08572331962963,6677.6,6655.5,13,1,36.099998474121094,1,Medium,14,0.0,1.0,0.0,0.0,2026-04-25 17:11:05,3,4,2,1,2026-04-01 15:07:39,0.0
68532361,2026-04-01 15:04:50,,Open,Pothole,BRONX,nan,40.84000345494566,-73.87738636916855,24.08767933814815,6677.6,6655.5,21,1,56.0,2,High,16,0.44,0.28,0.168,0.112,2026-04-25 17:11:05,3,4,2,1,,
68545353,2026-04-01 15:03:29,2026-04-02 14:10:00,Closed,Pothole,QUEENS,nan,40.7107097820174,-73.79303916334497,24.08861683814815,4959.1547619047615,4660.0,19,0,32.599998474121094,1,Medium,14,0.0,1.0,0.0,0.0,2026-04-25 17:11:05,2,4,2,1,2026-04-02 14:10:00,0.0
68535285,2026-04-01 15:01:57,,Open,Pothole,BRONX,nan,40.84247032507974,-73.8533366832023,24.089681652962962,6677.6,6655.5,12,0,48.0,1,Medium,16,0.52,0.24,0.144,0.096,2026-04-25 17:11:05,3,4,2,1,,
68526196,2026-04-01 15:00:47,2026-04-01 15:00:47,Closed,Pothole,STATEN ISLAND,nan,40.61128577145379,-74.1087305216148,24.09049183814815,23788.714285714286,2762.0,0,0,34.20000076293945,1,Medium,14,0.001,0.999,0.0,0.0,2026-04-25 17:11:05,4,4,2,0,2026-04-01 15:00:47,0.0
68529046,2026-04-01 14:58:05,2026-04-01 14:58:05,Closed,Pothole,BROOKLYN,nan,40.688212581902675,-73.91981028072719,24.09236683814815,5664.555555555556,6673.0,21,1,34.20000076293945,1,Medium,14,0.0,1.0,0.0,0.0,2026-04-25 17:11:05,1,4,2,1,2026-04-01 14:58:05,0.0
68536296,2026-04-01 14:57:20,2026-04-01 14:57:20,Closed,Pothole,QUEENS,nan,40.74089617616554,-73.89960689847297,24.09288767148148,4959.1547619047615,4660.0,32,1,33.29999923706055,1,Medium,14,0.0,1.0,0.0,0.0,2026-04-25 17:11:05,2,4,2,1,2026-04-01 14:57:20,0.0
68532353,2026-04-01 14:55:28,,Pending,Pothole,BROOKLYN,nan,40.68578040283673,-73.95439171425565,24.09418396777778,5664.555555555556,6673.0,10,0,35.400001525878906,1,Medium,14,0.0,1.0,0.0,0.0,2026-04-25 17:11:05,1,4,2,1,,
68536754,2026-04-01 14:53:48,2026-04-23 08:30:00,Closed,Pothole,BROOKLYN,nan,40.6664404059053,-73.95360831331813,24.095341375185185,5664.555555555556,6673.0,13,0,36.70000076293945,1,Medium,14,0.0,1.0,0.0,0.0,2026-04-25 17:11:05,1,4,2,1,2026-04-23 08:30:00,21.0
68536277,2026-04-01 14:47:05,2026-04-01 14:47:05,Closed,Pothole,BROOKLYN,nan,40.68397251799151,-73.94403770831607,24.10000572703704,5664.555555555556,6673.0,14,1,35.29999923706055,1,Medium,14,0.0,1.0,0.0,0.0,2026-04-25 17:11:05,1,4,2,1,2026-04-01 14:47:05,0.0
68526688,2026-04-01 14:45:58,,Pending,Pothole,QUEENS,nan,40.71630524808546,-73.85518710687637,24.100781190000003,4959.1547619047615,4660.0,0,0,20.700000762939453,0,Low,30,0.996,0.004,0.0,0.0,2026-04-25 17:11:05,2,4,2,0,,
68533356,2026-04-01 14:44:41,2026-04-01 21:45:00,Closed,Pothole,QUEENS,nan,40.71147052001762,-73.8091784929603,24.101672393703705,4959.1547619047615,4660.0,8,1,33.900001525878906,1,Medium,14,0.002,0.998,0.0,0.0,2026-04-25 17:11:05,2,4,2,1,2026-04-01 21:45:00,0.0
68527627,2026-04-01 14:42:33,2026-04-01 14:42:33,Closed,Pothole,QUEENS,nan,40.71709573119292,-73.85737867757948,24.103153875185185,4959.1547619047615,4660.0,0,0,22.100000381469727,0,Low,30,0.996,0.004,0.0,0.0,2026-04-25 17:11:05,2,4,2,0,2026-04-01 14:42:33,0.0
68528122,2026-04-01 14:40:21,,Pending,Pothole,QUEENS,nan,40.73770685502982,-73.88230174977016,24.104681652962963,4959.1547619047615,4660.0,5,0,27.100000381469727,1,Medium,14,0.355,0.645,0.0,0.0,2026-04-25 17:11:05,2,4,2,1,,
68535302,2026-04-01 14:39:46,,Pending,Pothole,QUEENS,nan,40.751689212963875,-73.8856119956216,24.105086745555557,4959.1547619047615,4660.0,9,1,29.5,1,Medium,14,0.001,0.999,0.0,0.0,2026-04-25 17:11:05,2,4,2,1,,
68528120,2026-04-01 14:38:26,2026-04-11 07:45:00,Closed,Pothole,QUEENS,nan,40.71701035750025,-73.85714798812285,24.106012671481484,4959.1547619047615,4660.0,0,0,22.100000381469727,0,Low,30,0.996,0.004,0.0,0.0,2026-04-25 17:11:05,2,4,2,0,2026-04-11 07:45:00,9.0
68532382,2026-04-01 14:31:25,,Pending,Pothole,QUEENS,nan,40.71709573119292,-73.85737867757948,24.110885356666667,4959.1547619047615,4660.0,0,0,22.100000381469727,0,Low,30,0.996,0.004,0.0,0.0,2026-04-25 17:11:05,2,4,2,0,,
68528105,2026-04-01 14:30:16,2026-04-02 08:35:00,Closed,Pothole,STATEN ISLAND,nan,40.540587527713186,-74.2215341962543,24.11168396777778,23788.714285714286,2762.0,2,0,38.0,1,Medium,14,0.0,1.0,0.0,0.0,2026-04-25 17:11:05,4,4,2,1,2026-04-02 08:35:00,0.0
68535297,2026-04-01 14:28:57,2026-04-13 13:28:00,Closed,Pothole,QUEENS,nan,40.68337716117407,-73.76042512611521,24.11259831962963,4959.1547619047615,4660.0,3,1,22.899999618530273,0,Low,30,0.829,0.17,0.0,0.0,2026-04-25 17:11:05,2,4,2,1,2026-04-13 13:28:00,11.0
68536278,2026-04-01 14:27:42,2026-04-01 14:27:42,Closed,Pothole,BROOKLYN,nan,40.679506400545804,-74.00768659284927,24.113466375185187,5664.555555555556,6673.0,4,0,30.899999618530273,1,Medium,14,0.007,0.993,0.0,0.0,2026-04-25 17:11:05,1,4,2,1,2026-04-01 14:27:42,0.0
68536755,2026-04-01 14:26:36,2026-04-04 01:17:00,Closed,Pothole,BROOKLYN,nan,40.679506400545804,-74.00768659284927,24.114230264074074,5664.555555555556,6673.0,4,0,30.899999618530273,1,Medium,14,0.007,0.993,0.0,0.0,2026-04-25 17:11:05,1,4,2,1,2026-04-04 01:17:00,2.0
68533358,2026-04-01 14:25:53,2026-04-01 14:25:53,Closed,Pothole,QUEENS,nan,40.761265587233325,-73.87499725675143,24.11472794925926,4959.1547619047615,4660.0,13,0,35.79999923706055,1,Medium,14,0.0,1.0,0.0,0.0,2026-04-25 17:11:05,2,4,2,1,2026-04-01 14:25:53,0.0
68529066,2026-04-01 14:22:38,2026-04-01 14:22:38,Closed,Pothole,QUEENS,nan,40.79489618302466,-73.8222264426401,24.116984893703705,4959.1547619047615,4660.0,3,1,23.399999618530273,0,Low,30,0.84,0.159,0.001,0.0,2026-04-25 17:11:05,2,4,2,1,2026-04-01 14:22:38,0.0
68527628,2026-04-01 14:12:12,2026-04-01 15:54:00,Closed,Pothole,QUEENS,nan,40.728370959098946,-73.87113346680071,24.124230264074075,4959.1547619047615,4660.0,10,0,36.70000076293945,1,Medium,14,0.0,1.0,0.0,0.0,2026-04-25 17:11:05,2,4,2,1,2026-04-01 15:54:00,0.0
68526203,2026-04-01 14:09:09,2026-04-01 14:09:09,Closed,Pothole,QUEENS,nan,40.73380012604392,-73.81480121129775,24.12634831962963,4959.1547619047615,4660.0,10,0,35.20000076293945,1,Medium,14,0.002,0.998,0.0,0.0,2026-04-25 17:11:05,2,4,2,1,2026-04-01 14:09:09,0.0
68536268,2026-04-01 14:09:06,2026-04-01 14:09:06,Closed,Pothole,MANHATTAN,nan,40.772420193583955,-73.97872406623014,24.126383041851852,16591.571428571428,6876.0,18,0,44.099998474121094,1,Medium,14,0.0,0.999,0.001,0.0,2026-04-25 17:11:05,0,4,2,1,2026-04-01 14:09:06,0.0
68530468,2026-04-01 14:09:05,2026-04-01 14:09:05,Closed,Pothole,MANHATTAN,nan,40.772420193583955,-73.97872406623014,24.12639461592593,16591.571428571428,6876.0,18,0,44.099998474121094,1,Medium,14,0.0,0.999,0.001,0.0,2026-04-25 17:11:05,0,4,2,1,2026-04-01 14:09:05,0.0
68534836,2026-04-01 14:07:28,2026-04-01 15:44:00,Closed,Pothole,QUEENS,nan,40.73095310337528,-73.85885360983431,24.127517301111112,4959.1547619047615,4660.0,7,0,29.0,1,Medium,14,0.062,0.938,0.0,0.0,2026-04-25 17:11:05,2,4,2,1,2026-04-01 15:44:00,0.0
68533345,2026-04-01 14:05:25,2026-04-01 14:05:25,Closed,Pothole,BRONX,nan,40.911324184299175,-73.90656718994754,24.128940912222223,6677.6,6655.5,0,0,21.700000762939453,0,Low,30,0.995,0.005,0.0,0.0,2026-04-25 17:11:05,3,4,2,0,2026-04-01 14:05:25,0.0
68530938,2026-04-01 14:05:11,2026-04-11 21:45:00,Closed,Pothole,QUEENS,nan,40.7351092337755,-73.82524738301379,24.12910294925926,4959.1547619047615,4660.0,0,0,21.399999618530273,0,Low,30,0.999,0.001,0.0,0.0,2026-04-25 17:11:05,2,4,2,0,2026-04-11 21:45:00,10.0
68529037,2026-04-01 14:00:33,2026-04-01 14:00:33,Closed,Pothole,MANHATTAN,nan,40.85716777320929,-73.92823190648733,24.132320541851854,16591.571428571428,6876.0,13,1,40.900001525878906,1,Medium,14,0.0,0.999,0.001,0.0,2026-04-25 17:11:05,0,4,2,1,2026-04-01 14:00:33,0.0
68535298,2026-04-01 13:43:03,,Pending,Pothole,QUEENS,BEACH   17 STREET,40.61267461798297,-73.77150211716418,24.144473319629633,4959.1547619047615,4660.0,1,0,24.200000762939453,0,Low,30,0.915,0.085,0.0,0.0,2026-04-25 17:11:05,2,4,2,1,,
68527598,2026-04-01 13:22:12,2026-04-01 15:12:00,Closed,Pothole,QUEENS,nan,40.73380012604392,-73.81480121129775,24.158952486296297,4959.1547619047615,4660.0,10,0,35.20000076293945,1,Medium,14,0.003,0.997,0.0,0.0,2026-04-25 17:11:05,2,4,2,1,2026-04-01 15:12:00,0.0
68531845,2026-04-01 13:14:49,2026-04-01 20:05:00,Closed,Pothole,QUEENS,nan,40.769524718686306,-73.93522548140903,24.16407980111111,4959.1547619047615,4660.0,0,0,20.100000381469727,0,Low,30,0.981,0.018,0.0,0.0,2026-04-25 17:11:05,2,4,2,0,2026-04-01 20:05:00,0.0
68535289,2026-04-01 13:11:19,2026-04-11 09:30:00,Closed,Pothole,STATEN ISLAND,nan,40.51809706927706,-74.20494744874773,24.166510356666667,23788.714285714286,2762.0,3,1,35.5,1,Medium,14,0.0,1.0,0.0,0.0,2026-04-25 17:11:05,4,4,2,1,2026-04-11 09:30:00,9.0
68529478,2026-04-01 13:10:40,,Pending,Pothole,QUEENS,nan,40.69040577848843,-73.79715165932872,24.166961745555557,4959.1547619047615,4660.0,9,0,34.900001525878906,1,Medium,14,0.001,0.999,0.0,0.0,2026-04-25 17:11:05,2,4,2,1,,
68536744,2026-04-01 13:10:31,,Open,Pothole,MANHATTAN,AVENUE A,40.72265901427927,-73.98599138552702,24.167065912222224,16591.571428571428,12784.0,31,0,68.0,2,High,9,0.32,0.34,0.204,0.136,2026-04-25 17:11:05,0,4,2,1,,
68536765,2026-04-01 13:00:10,,Open,Pothole,BRONX,nan,40.86542336808975,-73.85476838715476,24.174253412222225,6677.6,6655.5,5,1,29.4,1,Medium,16,0.706,0.147,0.088,0.059,2026-04-25 17:11:05,3,4,2,1,,
68527599,2026-04-01 12:58:39,2026-04-01 18:55:00,Closed,Pothole,QUEENS,nan,40.680132124818265,-73.84686872082064,24.175306652962963,4959.1547619047615,4660.0,6,0,27.399999618530273,1,Medium,14,0.036,0.964,0.0,0.0,2026-04-25 17:11:05,2,4,2,1,2026-04-01 18:55:00,0.0
68533328,2026-04-01 12:58:31,2026-04-01 12:58:31,Closed,Pothole,MANHATTAN,nan,40.75205890698893,-74.00098172154796,24.175399245555557,16591.571428571428,6876.0,22,1,45.20000076293945,1,Medium,14,0.0,0.999,0.0,0.0,2026-04-25 17:11:05,0,4,2,1,2026-04-01 12:58:31,0.0
68534816,2026-04-01 12:56:59,2026-04-01 12:56:59,Closed,Pothole,MANHATTAN,nan,40.768646934861145,-73.96982620375891,24.17646406037037,16591.571428571428,6876.0,9,0,42.79999923706055,1,Medium,14,0.0,0.999,0.001,0.0,2026-04-25 17:11:05,0,4,2,1,2026-04-01 12:56:59,0.0
68535277,2026-04-01 12:55:18,2026-04-21 10:55:00,Closed,Pothole,BROOKLYN,nan,40.65807036850394,-73.86979876095916,24.177633041851852,5664.555555555556,6673.0,8,0,35.20000076293945,1,Medium,14,0.0,1.0,0.0,0.0,2026-04-25 17:11:05,1,4,2,1,2026-04-21 10:55:00,19.0
68536778,2026-04-01 12:47:03,,Pending,Pothole,QUEENS,nan,40.74233726718891,-73.92929748483328,24.18336220851852,4959.1547619047615,4660.0,5,0,26.899999618530273,1,Medium,14,0.076,0.924,0.0,0.0,2026-04-25 17:11:05,2,4,2,1,,
68526165,2026-04-01 12:42:57,2026-04-01 12:42:57,Closed,Pothole,QUEENS,nan,40.73019349662973,-73.77757568527421,24.186209430740742,4959.1547619047615,4660.0,4,0,26.600000381469727,0,Low,30,0.698,0.302,0.0,0.0,2026-04-25 17:11:05,2,4,2,1,2026-04-01 12:42:57,0.0
68535290,2026-04-01 12:42:07,2026-04-03 12:25:00,Closed,Pothole,STATEN ISLAND,nan,40.602741194328885,-74.07428552951511,24.186788134444445,23788.714285714286,2762.0,0,1,34.0,1,Medium,14,0.001,0.999,0.0,0.0,2026-04-25 17:11:05,4,4,2,0,2026-04-03 12:25:00,1.0
68533851,2026-04-01 12:37:46,2026-04-11 13:40:00,Closed,Pothole,BROOKLYN,nan,40.67488648224754,-73.92776111851762,24.18980896777778,5664.555555555556,6673.0,18,1,35.5,1,Medium,14,0.0,1.0,0.0,0.0,2026-04-25 17:11:05,1,4,2,1,2026-04-11 13:40:00,10.0
68530454,2026-04-01 12:29:10,2026-04-01 21:45:00,Closed,Pothole,QUEENS,nan,40.70093908820404,-73.80604572674214,24.19578119,4959.1547619047615,4660.0,36,1,35.5,1,Medium,14,0.0,1.0,0.0,0.0,2026-04-25 17:11:05,2,4,2,1,2026-04-01 21:45:00,0.0
68527601,2026-04-01 12:21:23,2026-04-01 13:15:00,Closed,Pothole,QUEENS,nan,40.79242766702253,-73.79985277111172,24.201186282592595,4959.1547619047615,4660.0,1,0,24.5,1,Medium,14,0.197,0.803,0.001,0.0,2026-04-25 17:11:05,2,4,2,1,2026-04-01 13:15:00,0.0
68536287,2026-04-01 12:19:21,2026-04-01 12:19:21,Closed,Pothole,BRONX,nan,40.911324184299175,-73.90656718994754,24.20259831962963,6677.6,6655.5,0,0,21.899999618530273,0,Low,30,0.989,0.011,0.0,0.0,2026-04-25 17:11:05,3,4,2,0,2026-04-01 12:19:21,0.0
68528091,2026-04-01 12:16:51,2026-04-03 14:50:00,Closed,Pothole,BROOKLYN,nan,40.63129785980048,-74.03374325755804,24.204334430740744,5664.555555555556,6673.0,5,0,30.899999618530273,1,Medium,14,0.023,0.977,0.0,0.0,2026-04-25 17:11:05,1,4,2,1,2026-04-03 14:50:00,2.0
68536256,2026-04-01 12:10:19,2026-04-01 16:55:00,Closed,Pothole,QUEENS,nan,40.707990906873725,-73.90477823469713,24.20887146777778,4959.1547619047615,4660.0,9,1,32.099998474121094,1,Medium,14,0.0,1.0,0.0,0.0,2026-04-25 17:11:05,2,4,2,1,2026-04-01 16:55:00,0.0
68527615,2026-04-01 12:09:35,2026-04-01 12:09:35,Closed,Pothole,MANHATTAN,nan,40.761550882570425,-73.96658422171976,24.20938072703704,16591.571428571428,6876.0,34,0,41.400001525878906,1,Medium,14,0.0,0.996,0.004,0.0,2026-04-25 17:11:05,0,4,2,1,2026-04-01 12:09:35,0.0
68533312,2026-04-01 11:59:24,2026-04-01 21:15:00,Closed,Pothole,QUEENS,nan,40.75747192043423,-73.9390994363019,24.216452486296298,4959.1547619047615,4660.0,11,0,33.099998474121094,1,Medium,14,0.0,1.0,0.0,0.0,2026-04-25 17:11:05,2,4,2,1,2026-04-01 21:15:00,0.0
68532343,2026-04-01 11:49:11,2026-04-04 02:00:00,Closed,Pothole,MANHATTAN,nan,40.731351188882584,-73.98255460051172,24.223547393703704,16591.571428571428,6876.0,13,0,46.20000076293945,1,Medium,14,0.0,1.0,0.0,0.0,2026-04-25 17:11:05,0,4,2,1,2026-04-04 02:00:00,2.0
68530931,2026-04-01 11:47:31,,Open,Pothole,STATEN ISLAND,nan,40.57490686294663,-74.12172741675938,24.224704801111113,23788.714285714286,2762.0,4,1,47.3,1,Medium,16,0.527,0.236,0.142,0.095,2026-04-25 17:11:05,4,4,2,1,,
68549296,2026-04-01 11:43:57,2026-04-03 07:54:00,Closed,Pothole,BROOKLYN,nan,40.60059031805784,-73.9613639857753,24.227181652962965,5664.555555555556,6673.0,8,1,30.600000381469727,1,Medium,14,0.0,1.0,0.0,0.0,2026-04-25 17:11:05,1,4,2,1,2026-04-03 07:54:00,1.0
68526655,2026-04-01 11:35:41,,Open,Pothole,MANHATTAN,nan,40.75790746711998,-73.98929757361397,24.232922393703706,16591.571428571428,6876.0,58,1,68.0,2,High,9,0.32,0.34,0.204,0.136,2026-04-25 17:11:05,0,4,2,1,,
68531846,2026-04-01 11:34:09,2026-04-01 11:34:09,Closed,Pothole,QUEENS,nan,40.66385969679448,-73.82296135414143,24.23398720851852,4959.1547619047615,4660.0,30,1,36.29999923706055,1,Medium,14,0.0,1.0,0.0,0.0,2026-04-25 17:11:05,2,4,2,1,2026-04-01 11:34:09,0.0
68532354,2026-04-01 11:32:10,2026-04-03 11:45:00,Closed,Pothole,BROOKLYN,nan,40.60507304993444,-73.94276775205265,24.235364523333335,5664.555555555556,6673.0,3,1,26.5,1,Medium,14,0.028,0.972,0.0,0.0,2026-04-25 17:11:05,1,4,2,1,2026-04-03 11:45:00,2.0
68533839,2026-04-01 11:24:38,,Open,Pothole,MANHATTAN,nan,40.85891274757023,-73.92295925070961,24.240596004814815,16591.571428571428,6876.0,7,0,46.7,1,Medium,9,0.533,0.233,0.14,0.093,2026-04-25 17:11:05,0,4,2,1,,
68532363,2026-04-01 11:19:21,2026-04-19 02:50:00,Closed,Pothole,STATEN ISLAND,nan,40.637810517810465,-74.08727768680836,24.244264986296297,23788.714285714286,2762.0,7,1,39.29999923706055,1,Medium,14,0.0,1.0,0.0,0.0,2026-04-25 17:11:05,4,4,2,1,2026-04-19 02:50:00,17.0
68533329,2026-04-01 11:12:53,2026-04-01 11:12:53,Closed,Pothole,MANHATTAN,nan,40.76468444245788,-73.99178735329583,24.24875572703704,16591.571428571428,6876.0,16,1,40.79999923706055,1,Medium,14,0.0,0.996,0.004,0.0,2026-04-25 17:11:05,0,4,2,1,2026-04-01 11:12:53,0.0
68527605,2026-04-01 11:08:13,2026-04-01 21:45:00,Closed,Pothole,QUEENS,nan,40.71110044169828,-73.73941892170747,24.25199646777778,4959.1547619047615,4660.0,2,1,26.399999618530273,1,Medium,14,0.077,0.923,0.0,0.0,2026-04-25 17:11:05,2,4,2,1,2026-04-01 21:45:00,0.0
68536259,2026-04-01 11:07:07,2026-04-01 21:47:00,Closed,Pothole,QUEENS,nan,40.71281247936749,-73.73910922708413,24.252760356666666,4959.1547619047615,4660.0,6,1,28.399999618530273,1,Medium,14,0.02,0.98,0.0,0.0,2026-04-25 17:11:05,2,4,2,1,2026-04-01 21:47:00,0.0
68528121,2026-04-01 11:06:07,,Pending,Pothole,QUEENS,nan,40.70427812275048,-73.74985452229484,24.25345480111111,4959.1547619047615,4660.0,12,0,36.0,1,Medium,14,0.001,0.999,0.0,0.0,2026-04-25 17:11:05,2,4,2,1,,
68531851,2026-04-01 11:05:28,2026-04-01 23:15:00,Closed,Pothole,QUEENS,nan,40.70788145680786,-73.7652280027867,24.253906190000002,4959.1547619047615,4660.0,0,0,21.5,0,Low,30,0.917,0.083,0.0,0.0,2026-04-25 17:11:05,2,4,2,0,2026-04-01 23:15:00,0.0
68526662,2026-04-01 11:02:29,2026-04-16 22:10:00,Closed,Pothole,BROOKLYN,nan,40.630599054917255,-73.97030292995319,24.25597794925926,5664.555555555556,6673.0,15,0,35.099998474121094,1,Medium,14,0.0,1.0,0.0,0.0,2026-04-25 17:11:05,1,4,2,1,2026-04-16 22:10:00,15.0
68526168,2026-04-01 11:00:45,2026-04-01 11:00:45,Closed,Pothole,QUEENS,nan,40.707305811073425,-73.7512137682723,24.257181652962963,4959.1547619047615,4660.0,13,0,33.900001525878906,1,Medium,14,0.0,1.0,0.0,0.0,2026-04-25 17:11:05,2,4,2,1,2026-04-01 11:00:45,0.0
68531860,2026-04-01 10:59:31,2026-04-01 10:59:31,Closed,Pothole,MANHATTAN,nan,40.83406100800248,-73.94487994277772,24.258038134444444,16591.571428571428,6876.0,26,1,44.5,1,Medium,14,0.0,0.999,0.001,0.0,2026-04-25 17:11:05,0,4,2,1,2026-04-01 10:59:31,0.0
68534829,2026-04-01 10:56:55,2026-04-01 10:56:55,Closed,Pothole,BRONX,nan,40.832695346779545,-73.86366435873164,24.25984369,6677.6,6655.5,42,1,36.79999923706055,1,Medium,14,0.0,1.0,0.0,0.0,2026-04-25 17:11:05,3,4,2,1,2026-04-01 10:56:55,0.0
68536290,2026-04-01 10:54:36,2026-04-01 10:54:36,Closed,Pothole,BRONX,nan,40.86526411435674,-73.84624719067614,24.261452486296296,6677.6,6655.5,1,1,25.700000762939453,1,Medium,14,0.131,0.869,0.001,0.0,2026-04-25 17:11:05,3,4,2,1,2026-04-01 10:54:36,0.0
68526674,2026-04-01 10:48:40,2026-04-18 12:30:00,Closed,Pothole,STATEN ISLAND,nan,40.58078848337109,-74.09620681243584,24.26557285666667,23788.714285714286,2762.0,5,0,37.900001525878906,1,Medium,14,0.0,1.0,0.0,0.0,2026-04-25 17:11:05,4,4,2,1,2026-04-18 12:30:00,17.0
68532364,2026-04-01 10:47:05,2026-04-18 13:00:00,Closed,Pothole,STATEN ISLAND,nan,40.58060296539595,-74.09484934261809,24.266672393703704,23788.714285714286,2762.0,1,0,32.70000076293945,1,Medium,14,0.002,0.998,0.0,0.0,2026-04-25 17:11:05,4,4,2,1,2026-04-18 13:00:00,17.0
68532355,2026-04-01 10:46:15,2026-04-03 14:40:00,Closed,Pothole,BROOKLYN,nan,40.59546215451883,-73.96737669844391,24.26725109740741,5664.555555555556,6673.0,6,0,32.5,1,Medium,14,0.034,0.966,0.0,0.0,2026-04-25 17:11:05,1,4,2,1,2026-04-03 14:40:00,2.0
68533835,2026-04-01 10:37:21,2026-04-03 09:44:00,Closed,Pothole,QUEENS,nan,40.554941261958575,-73.92700194375414,24.273431652962966,4959.1547619047615,4660.0,0,0,19.799999237060547,0,Low,30,0.965,0.034,0.0,0.0,2026-04-25 17:11:05,2,4,2,0,2026-04-03 09:44:00,1.0
68531861,2026-04-01 10:36:20,2026-04-01 10:36:20,Closed,Pothole,MANHATTAN,nan,40.79236257545369,-73.9641743612929,24.274137671481483,16591.571428571428,6876.0,13,0,43.70000076293945,1,Medium,14,0.0,0.999,0.001,0.0,2026-04-25 17:11:05,0,4,2,1,2026-04-01 10:36:20,0.0
68534818,2026-04-01 10:35:34,2026-04-01 10:35:34,Closed,Pothole,MANHATTAN,nan,40.77178075517688,-73.9791936146363,24.27467007888889,16591.571428571428,6876.0,22,0,43.099998474121094,1,Medium,14,0.0,0.999,0.001,0.0,2026-04-25 17:11:05,0,4,2,1,2026-04-01 10:35:34,0.0
68533853,2026-04-01 10:30:18,2026-04-21 09:35:00,Closed,Pothole,BROOKLYN,nan,40.65956994018121,-73.92250105717746,24.2783274862963,5664.555555555556,6673.0,15,0,34.70000076293945,1,Medium,14,0.0,1.0,0.0,0.0,2026-04-25 17:11:05,1,4,2,1,2026-04-21 09:35:00,19.0
68532341,2026-04-01 10:28:55,2026-04-06 07:55:00,Closed,Pothole,QUEENS,nan,40.57718957962207,-73.86052488685198,24.279288134444446,4959.1547619047615,4660.0,1,0,21.200000762939453,0,Low,30,0.972,0.028,0.0,0.0,2026-04-25 17:11:05,2,4,2,1,2026-04-06 07:55:00,4.0
68536269,2026-04-01 10:21:18,2026-04-01 10:21:18,Closed,Pothole,MANHATTAN,nan,40.82642774203356,-73.95045075558801,24.284577486296296,16591.571428571428,6876.0,27,0,44.29999923706055,1,Medium,14,0.0,1.0,0.0,0.0,2026-04-25 17:11:05,0,4,2,1,2026-04-01 10:21:18,0.0
68536758,2026-04-01 10:20:16,2026-04-03 10:50:00,Closed,Pothole,BROOKLYN,nan,40.69479144909162,-73.95430621440917,24.28529507888889,5664.555555555556,6673.0,18,1,34.70000076293945,1,Medium,14,0.0,1.0,0.0,0.0,2026-04-25 17:11:05,1,4,2,1,2026-04-03 10:50:00,2.0
68530455,2026-04-01 10:13:15,2026-04-01 19:55:00,Closed,Pothole,QUEENS,nan,40.750434776856515,-73.95147093093782,24.290167764074074,4959.1547619047615,4660.0,7,1,26.799999237060547,1,Medium,14,0.012,0.988,0.0,0.0,2026-04-25 17:11:05,2,4,2,1,2026-04-01 19:55:00,0.0
68535278,2026-04-01 10:10:05,,Open,Pothole,BROOKLYN,nan,40.642375182624505,-73.99522918121828,24.292366838148148,5664.555555555556,6673.0,6,1,30.9,1,Medium,16,0.691,0.154,0.093,0.062,2026-04-25 17:11:05,1,4,2,1,,
68531862,2026-04-01 10:09:29,2026-04-01 10:09:29,Closed,Pothole,MANHATTAN,nan,40.768646934861145,-73.96982620375891,24.292783504814818,16591.571428571428,6876.0,9,0,42.29999923706055,1,Medium,14,0.0,0.999,0.001,0.0,2026-04-25 17:11:05,0,4,2,1,2026-04-01 10:09:29,0.0
68533317,2026-04-01 10:08:06,2026-04-01 10:08:06,Closed,Pothole,QUEENS,nan,40.71029013467216,-73.9178828267219,24.293744152962965,4959.1547619047615,4660.0,6,0,26.299999237060547,0,Low,30,0.855,0.145,0.0,0.0,2026-04-25 17:11:05,2,4,2,1,2026-04-01 10:08:06,0.0
68532344,2026-04-01 10:08:05,,Open,Pothole,MANHATTAN,nan,40.86795092389553,-73.92700182445367,24.293755727037038,16591.571428571428,6876.0,7,1,46.7,1,Medium,9,0.533,0.233,0.14,0.093,2026-04-25 17:11:05,0,4,2,1,,
68535299,2026-04-01 10:02:06,,Pending,Pothole,QUEENS,nan,40.74774532645824,-73.9406132965785,24.29791081962963,4959.1547619047615,4660.0,13,1,33.5,1,Medium,14,0.0,1.0,0.0,0.0,2026-04-25 17:11:05,2,4,2,1,,
68526169,2026-04-01 09:58:54,2026-04-01 09:58:54,Closed,Pothole,QUEENS,nan,40.75695930698931,-73.93055252153695,24.300133041851854,4959.1547619047615,4660.0,11,0,32.79999923706055,1,Medium,14,0.0,1.0,0.0,0.0,2026-04-25 17:11:05,2,4,2,1,2026-04-01 09:58:54,0.0
68529039,2026-04-01 09:54:37,2026-04-01 09:54:37,Closed,Pothole,MANHATTAN,nan,40.731835474021494,-74.00510556763821,24.30310757888889,16591.571428571428,6876.0,20,0,44.79999923706055,1,Medium,14,0.0,1.0,0.0,0.0,2026-04-25 17:11:05,0,4,2,1,2026-04-01 09:54:37,0.0
68534821,2026-04-01 09:54:20,2026-04-01 09:54:20,Closed,Pothole,BROOKLYN,nan,40.60753027269459,-73.96481736824006,24.30330433814815,5664.555555555556,6673.0,11,0,32.70000076293945,1,Medium,14,0.0,1.0,0.0,0.0,2026-04-25 17:11:05,1,4,2,1,2026-04-01 09:54:20,0.0
68526663,2026-04-01 09:54:18,,Open,Pothole,BROOKLYN,nan,40.60753027269459,-73.96481736824006,24.303327486296297,5664.555555555556,6673.0,11,0,44.2,1,Medium,16,0.558,0.221,0.133,0.088,2026-04-25 17:11:05,1,4,2,1,,
68530476,2026-04-01 09:54:18,2026-04-01 09:54:18,Closed,Pothole,BROOKLYN,nan,40.60753027269459,-73.96481736824006,24.303327486296297,5664.555555555556,6673.0,11,0,32.70000076293945,1,Medium,14,0.0,1.0,0.0,0.0,2026-04-25 17:11:05,1,4,2,1,2026-04-01 09:54:18,0.0
68533319,2026-04-01 09:54:18,2026-04-01 09:54:18,Closed,Pothole,QUEENS,nan,40.75621176149007,-73.92895429393165,24.303327486296297,4959.1547619047615,4660.0,10,0,32.900001525878906,1,Medium,14,0.0,1.0,0.0,0.0,2026-04-25 17:11:05,2,4,2,1,2026-04-01 09:54:18,0.0
68533340,2026-04-01 09:54:18,2026-04-01 09:54:18,Closed,Pothole,BROOKLYN,nan,40.60753027269459,-73.96481736824006,24.303327486296297,5664.555555555556,6673.0,11,0,32.70000076293945,1,Medium,14,0.0,1.0,0.0,0.0,2026-04-25 17:11:05,1,4,2,1,2026-04-01 09:54:18,0.0
68534824,2026-04-01 09:54:18,2026-04-01 09:54:18,Closed,Pothole,BROOKLYN,nan,40.60753027269459,-73.96481736824006,24.303327486296297,5664.555555555556,6673.0,11,0,32.70000076293945,1,Medium,14,0.0,1.0,0.0,0.0,2026-04-25 17:11:05,1,4,2,1,2026-04-01 09:54:18,0.0
68526170,2026-04-01 09:54:18,2026-04-01 09:54:18,Closed,Pothole,QUEENS,nan,40.75621176149007,-73.92895429393165,24.303327486296297,4959.1547619047615,4660.0,10,0,32.900001525878906,1,Medium,14,0.0,1.0,0.0,0.0,2026-04-25 17:11:05,2,4,2,1,2026-04-01 09:54:18,0.0
68534810,2026-04-01 09:54:17,2026-04-01 09:54:17,Closed,Pothole,QUEENS,nan,40.75621176149007,-73.92895429393165,24.303339060370373,4959.1547619047615,4660.0,10,0,32.900001525878906,1,Medium,14,0.0,1.0,0.0,0.0,2026-04-25 17:11:05,2,4,2,1,2026-04-01 09:54:17,0.0
68532356,2026-04-01 09:51:20,2026-04-03 14:30:00,Closed,Pothole,BROOKLYN,nan,40.621814049857264,-74.00227660774509,24.305387671481483,5664.555555555556,6673.0,7,1,31.100000381469727,1,Medium,14,0.004,0.996,0.0,0.0,2026-04-25 17:11:05,1,4,2,1,2026-04-03 14:30:00,2.0
68533348,2026-04-01 09:42:24,2026-04-01 09:42:24,Closed,Pothole,BRONX,nan,40.84299307292763,-73.91098213867018,24.311591375185188,6677.6,6655.5,9,1,33.79999923706055,1,Medium,14,0.0,1.0,0.0,0.0,2026-04-25 17:11:05,3,4,2,1,2026-04-01 09:42:24,0.0
68526182,2026-04-01 09:41:44,2026-04-01 09:41:44,Closed,Pothole,MANHATTAN,nan,40.74087343181759,-73.98798314731042,24.31205433814815,16591.571428571428,6876.0,27,0,42.70000076293945,1,Medium,14,0.0,1.0,0.0,0.0,2026-04-25 17:11:05,0,4,2,1,2026-04-01 09:41:44,0.0
68533320,2026-04-01 09:38:55,2026-04-01 09:38:55,Closed,Pothole,QUEENS,nan,40.74603472114661,-73.93440021822178,24.314010356666667,4959.1547619047615,4660.0,20,0,31.600000381469727,1,Medium,14,0.0,1.0,0.0,0.0,2026-04-25 17:11:05,2,4,2,1,2026-04-01 09:38:55,0.0
68529027,2026-04-01 09:25:11,2026-04-01 21:45:00,Closed,Pothole,QUEENS,nan,40.7141887129056,-73.77194048955309,24.323547393703706,4959.1547619047615,4660.0,12,1,34.5,1,Medium,14,0.001,0.999,0.0,0.0,2026-04-25 17:11:05,2,4,2,1,2026-04-01 21:45:00,0.0
68533321,2026-04-01 09:15:19,2026-04-01 21:45:00,Closed,Pothole,QUEENS,nan,40.7134517495979,-73.85170515860698,24.330399245555558,4959.1547619047615,4660.0,1,1,21.200000762939453,0,Low,30,0.962,0.038,0.0,0.0,2026-04-25 17:11:05,2,4,2,1,2026-04-01 21:45:00,0.0
68529028,2026-04-01 09:14:43,2026-04-01 21:51:00,Closed,Pothole,QUEENS,nan,40.726570171449424,-73.852639274396,24.330815912222224,4959.1547619047615,4660.0,9,0,31.799999237060547,1,Medium,14,0.002,0.998,0.0,0.0,2026-04-25 17:11:05,2,4,2,1,2026-04-01 21:51:00,0.0
68536271,2026-04-01 09:13:20,2026-04-01 09:13:20,Closed,Pothole,MANHATTAN,nan,40.7774128851202,-73.97879829456296,24.331776560370372,16591.571428571428,6876.0,8,0,44.70000076293945,1,Medium,14,0.0,0.999,0.001,0.0,2026-04-25 17:11:05,0,4,2,1,2026-04-01 09:13:20,0.0
68530458,2026-04-01 09:13:12,2026-04-01 21:45:00,Closed,Pothole,QUEENS,GRAND CENTRL PARKWAY,40.72804011816385,-73.83170615873696,24.331869152962962,4959.1547619047615,4660.0,28,1,36.29999923706055,1,Medium,14,0.0,1.0,0.0,0.0,2026-04-25 17:11:05,2,4,2,1,2026-04-01 21:45:00,0.0
68526664,2026-04-01 09:12:29,2026-04-03 10:55:00,Closed,Pothole,BROOKLYN,nan,40.7140618829546,-73.9529114410158,24.33236683814815,5664.555555555556,6673.0,66,1,33.400001525878906,1,Medium,14,0.0,1.0,0.0,0.0,2026-04-25 17:11:05,1,4,2,1,2026-04-03 10:55:00,2.0
68527616,2026-04-01 09:12:19,2026-04-01 09:12:19,Closed,Pothole,MANHATTAN,nan,40.8141445210828,-73.9557054508932,24.33248257888889,16591.571428571428,6876.0,39,0,42.70000076293945,1,Medium,14,0.0,0.998,0.002,0.0,2026-04-25 17:11:05,0,4,2,1,2026-04-01 09:12:19,0.0
68528093,2026-04-01 09:09:49,2026-04-03 22:00:00,Closed,Pothole,BROOKLYN,nan,40.700429753078254,-73.97359338775009,24.33421869,5664.555555555556,6673.0,0,0,18.600000381469727,0,Low,30,0.948,0.052,0.0,0.0,2026-04-25 17:11:05,1,4,2,0,2026-04-03 22:00:00,2.0
68529040,2026-04-01 09:08:23,2026-04-01 09:08:23,Closed,Pothole,MANHATTAN,nan,40.81631913707867,-73.95783191673232,24.335214060370372,16591.571428571428,6876.0,15,0,42.400001525878906,1,Medium,14,0.0,1.0,0.0,0.0,2026-04-25 17:11:05,0,4,2,1,2026-04-01 09:08:23,0.0
68534830,2026-04-01 09:07:25,2026-04-01 09:07:25,Closed,Pothole,BRONX,nan,40.835100024685,-73.91945616514167,24.33588535666667,6677.6,6655.5,15,1,36.599998474121094,1,Medium,14,0.0,1.0,0.0,0.0,2026-04-25 17:11:05,3,4,2,1,2026-04-01 09:07:25,0.0
68532345,2026-04-01 09:07:09,,Open,Pothole,MANHATTAN,nan,40.73032038707009,-74.00468691277086,24.336070541851853,16591.571428571428,6876.0,22,0,68.0,2,High,9,0.32,0.34,0.204,0.136,2026-04-25 17:11:05,0,4,2,1,,
68526657,2026-04-01 09:06:23,,Open,Pothole,MANHATTAN,nan,40.81631913707867,-73.95783191673232,24.33660294925926,16591.571428571428,6876.0,15,0,68.0,2,High,9,0.32,0.34,0.204,0.136,2026-04-25 17:11:05,0,4,2,1,,
68536291,2026-04-01 09:03:14,2026-04-01 09:03:14,Closed,Pothole,BRONX,nan,40.83262827520219,-73.92537469005808,24.33879044925926,6677.6,6655.5,9,0,33.099998474121094,1,Medium,14,0.001,0.999,0.0,0.0,2026-04-25 17:11:05,3,4,2,1,2026-04-01 09:03:14,0.0
68526194,2026-04-01 08:59:04,2026-04-01 08:59:04,Closed,Pothole,BRONX,nan,40.86874961696823,-73.8949630643024,24.34168396777778,6677.6,6655.5,19,1,34.599998474121094,1,Medium,14,0.0,1.0,0.0,0.0,2026-04-25 17:11:05,3,4,2,1,2026-04-01 08:59:04,0.0
68529489,2026-04-01 08:49:12,2026-04-11 14:20:00,Closed,Pothole,BROOKLYN,nan,40.65794283192471,-73.9368656027231,24.34853581962963,5664.555555555556,6673.0,5,1,27.100000381469727,1,Medium,14,0.007,0.993,0.0,0.0,2026-04-25 17:11:05,1,4,2,1,2026-04-11 14:20:00,10.0
68528094,2026-04-01 08:42:31,2026-04-03 14:10:00,Closed,Pothole,BROOKLYN,nan,40.628642957998856,-74.00592627047388,24.353177023333334,5664.555555555556,6673.0,5,1,28.0,1,Medium,14,0.035,0.965,0.0,0.0,2026-04-25 17:11:05,1,4,2,1,2026-04-03 14:10:00,2.0
68529029,2026-04-01 08:39:54,2026-04-01 08:39:54,Closed,Pothole,QUEENS,nan,40.75557132920471,-73.9117631084856,24.354994152962963,4959.1547619047615,4660.0,4,0,25.100000381469727,0,Low,30,0.826,0.173,0.001,0.0,2026-04-25 17:11:05,2,4,2,1,2026-04-01 08:39:54,0.0
68529030,2026-04-01 08:38:33,2026-04-01 21:15:00,Closed,Pothole,QUEENS,nan,40.66796310754493,-73.77154341539179,24.355931652962965,4959.1547619047615,4660.0,23,1,32.099998474121094,1,Medium,14,0.0,1.0,0.0,0.0,2026-04-25 17:11:05,2,4,2,1,2026-04-01 21:15:00,0.0
68526687,2026-04-01 08:36:47,,Pending,Pothole,QUEENS,nan,40.66645245268285,-73.75763103134312,24.357158504814816,4959.1547619047615,4660.0,40,1,31.799999237060547,1,Medium,14,0.0,1.0,0.0,0.0,2026-04-25 17:11:05,2,4,2,1,,
68534819,2026-04-01 08:36:28,2026-04-01 08:36:28,Closed,Pothole,MANHATTAN,nan,40.75205890698893,-74.00098172154796,24.357378412222225,16591.571428571428,6876.0,22,1,45.0,1,Medium,14,0.0,0.999,0.001,0.0,2026-04-25 17:11:05,0,4,2,1,2026-04-01 08:36:28,0.0
68533341,2026-04-01 08:34:15,2026-04-01 08:34:15,Closed,Pothole,BROOKLYN,nan,40.67307983173321,-73.91123055517018,24.358917764074075,5664.555555555556,6673.0,30,1,34.400001525878906,1,Medium,14,0.0,1.0,0.0,0.0,2026-04-25 17:11:05,1,4,2,1,2026-04-01 08:34:15,0.0
68536761,2026-04-01 08:29:11,,Open,Pothole,BROOKLYN,nan,40.69620766485902,-73.9615862570746,24.362436282592594,5664.555555555556,6673.0,20,1,54.9,2,High,16,0.451,0.275,0.165,0.11,2026-04-25 17:11:05,1,4,2,1,,
68533322,2026-04-01 08:24:59,2026-04-01 17:24:00,Closed,Pothole,QUEENS,nan,40.70233518649096,-73.8907278611159,24.36535294925926,4959.1547619047615,4660.0,9,1,32.599998474121094,1,Medium,14,0.0,1.0,0.0,0.0,2026-04-25 17:11:05,2,4,2,1,2026-04-01 17:24:00,0.0
68528083,2026-04-01 08:19:23,,Open,Pothole,MANHATTAN,nan,40.82537981332873,-73.94005260789764,24.36924183814815,16591.571428571428,6876.0,21,1,68.0,2,High,9,0.32,0.34,0.204,0.136,2026-04-25 17:11:05,0,4,2,1,,
68526172,2026-04-01 08:17:15,2026-04-01 21:45:00,Closed,Pothole,QUEENS,nan,40.73019349662973,-73.77757568527421,24.37072331962963,4959.1547619047615,4660.0,4,0,26.600000381469727,0,Low,30,0.641,0.359,0.0,0.0,2026-04-25 17:11:05,2,4,2,1,2026-04-01 21:45:00,0.0
68528095,2026-04-01 08:08:55,2026-04-04 01:15:00,Closed,Pothole,BROOKLYN,nan,40.65639264753505,-73.97379102382558,24.376510356666667,5664.555555555556,6673.0,4,0,27.600000381469727,1,Medium,14,0.076,0.924,0.0,0.0,2026-04-25 17:11:05,1,4,2,1,2026-04-04 01:15:00,2.0
68526173,2026-04-01 08:07:18,2026-04-01 15:15:00,Closed,Pothole,QUEENS,nan,40.741863453510625,-73.90750492962665,24.377633041851855,4959.1547619047615,4660.0,12,0,32.599998474121094,1,Medium,14,0.0,1.0,0.0,0.0,2026-04-25 17:11:05,2,4,2,1,2026-04-01 15:15:00,0.0
68536264,2026-04-01 08:06:35,2026-04-01 21:02:00,Closed,Pothole,QUEENS,nan,40.740426999845056,-73.89670264803654,24.37813072703704,4959.1547619047615,4660.0,27,0,33.5,1,Medium,14,0.0,1.0,0.0,0.0,2026-04-25 17:11:05,2,4,2,1,2026-04-01 21:02:00,0.0
68528078,2026-04-01 08:04:59,2026-04-03 23:53:00,Closed,Pothole,QUEENS,nan,40.73911404167521,-73.88974013991411,24.37924183814815,4959.1547619047615,4660.0,12,1,33.5,1,Medium,14,0.001,0.999,0.0,0.0,2026-04-25 17:11:05,2,4,2,1,2026-04-03 23:53:00,2.0
68526197,2026-04-01 08:04:50,2026-04-01 08:04:50,Closed,Pothole,STATEN ISLAND,nan,40.51999976751181,-74.1951917014374,24.379346004814817,23788.714285714286,2762.0,3,0,33.79999923706055,1,Medium,14,0.0,1.0,0.0,0.0,2026-04-25 17:11:05,4,4,2,1,2026-04-01 08:04:50,0.0
68526174,2026-04-01 08:04:10,2026-04-01 17:15:00,Closed,Pothole,QUEENS,nan,40.7386450764329,-73.8873051469592,24.37980896777778,4959.1547619047615,4660.0,13,1,33.5,1,Medium,14,0.0,1.0,0.0,0.0,2026-04-25 17:11:05,2,4,2,1,2026-04-01 17:15:00,0.0
68526198,2026-04-01 08:02:37,2026-04-01 08:02:37,Closed,Pothole,STATEN ISLAND,nan,40.53440150529732,-74.18546288535472,24.380885356666667,23788.714285714286,2762.0,0,0,32.900001525878906,1,Medium,14,0.002,0.998,0.0,0.0,2026-04-25 17:11:05,4,4,2,0,2026-04-01 08:02:37,0.0
68530470,2026-04-01 07:46:53,2026-04-01 07:46:53,Closed,Pothole,MANHATTAN,nan,40.73529333298005,-73.98781816899559,24.391811282592595,16591.571428571428,6876.0,17,0,44.900001525878906,1,Medium,14,0.0,1.0,0.0,0.0,2026-04-25 17:11:05,0,4,2,1,2026-04-01 07:46:53,0.0
68528084,2026-04-01 07:38:02,,Open,Pothole,MANHATTAN,nan,40.85372345639162,-73.92869108629856,24.397957115925927,16591.571428571428,6876.0,14,1,65.4,2,High,9,0.346,0.327,0.196,0.131,2026-04-25 17:11:05,0,4,2,1,,
68533323,2026-04-01 07:35:16,2026-04-01 07:35:16,Closed,Pothole,QUEENS,nan,40.670779247626925,-73.84787072096435,24.399878412222222,4959.1547619047615,4660.0,4,1,26.200000762939453,1,Medium,14,0.032,0.968,0.0,0.0,2026-04-25 17:11:05,2,4,2,1,2026-04-01 07:35:16,0.0
68530462,2026-04-01 07:33:44,2026-04-01 20:45:00,Closed,Pothole,QUEENS,nan,40.66401843544537,-73.76859040649654,24.40094322703704,4959.1547619047615,4660.0,10,0,34.099998474121094,1,Medium,14,0.0,1.0,0.0,0.0,2026-04-25 17:11:05,2,4,2,1,2026-04-01 20:45:00,0.0
68536265,2026-04-01 07:31:59,2026-04-01 19:51:00,Closed,Pothole,QUEENS,nan,40.663576835563255,-73.76468466532576,24.402158504814818,4959.1547619047615,4660.0,4,1,27.5,1,Medium,14,0.104,0.896,0.0,0.0,2026-04-25 17:11:05,2,4,2,1,2026-04-01 19:51:00,0.0
68529054,2026-04-01 07:29:07,2026-04-01 07:29:07,Closed,Pothole,BRONX,nan,40.87519638673798,-73.88855625176745,24.40414924555556,6677.6,6655.5,7,0,32.79999923706055,1,Medium,14,0.001,0.999,0.0,0.0,2026-04-25 17:11:05,3,4,2,1,2026-04-01 07:29:07,0.0
68533331,2026-04-01 07:23:18,2026-04-01 07:23:18,Closed,Pothole,MANHATTAN,nan,40.76976518306967,-73.97454426794684,24.40818859740741,16591.571428571428,6876.0,2,0,35.5,1,Medium,14,0.001,0.995,0.004,0.0,2026-04-25 17:11:05,0,4,2,1,2026-04-01 07:23:18,0.0
68529041,2026-04-01 07:21:55,2026-04-01 07:21:55,Closed,Pothole,MANHATTAN,nan,40.77153888158767,-73.97740657870578,24.409149245555557,16591.571428571428,6876.0,16,0,44.0,1,Medium,14,0.0,0.997,0.003,0.0,2026-04-25 17:11:05,0,4,2,1,2026-04-01 07:21:55,0.0
68531879,2026-04-01 07:18:01,2026-04-01 07:18:01,Closed,Pothole,STATEN ISLAND,nan,40.5953072066809,-74.18308988238485,24.411857578888892,23788.714285714286,2762.0,2,0,35.0,1,Medium,14,0.0,1.0,0.0,0.0,2026-04-25 17:11:05,4,4,2,1,2026-04-01 07:18:01,0.0
68536292,2026-04-01 07:14:42,2026-04-01 07:14:42,Closed,Pothole,BRONX,nan,40.89608250690141,-73.86691632989255,24.414160819629632,6677.6,6655.5,6,1,30.600000381469727,1,Medium,14,0.001,0.999,0.0,0.0,2026-04-25 17:11:05,3,4,2,1,2026-04-01 07:14:42,0.0
68530480,2026-04-01 06:53:19,2026-04-01 06:53:19,Closed,Pothole,BROOKLYN,nan,40.70376434663383,-73.94261449770798,24.42901035666667,5664.555555555556,6673.0,17,1,35.099998474121094,1,Medium,14,0.0,1.0,0.0,0.0,2026-04-25 17:11:05,1,4,2,1,2026-04-01 06:53:19,0.0
68529042,2026-04-01 06:52:31,2026-04-01 06:52:31,Closed,Pothole,MANHATTAN,nan,40.83406100800248,-73.94487994277772,24.429565912222223,16591.571428571428,6876.0,26,1,44.20000076293945,1,Medium,14,0.0,0.998,0.002,0.0,2026-04-25 17:11:05,0,4,2,1,2026-04-01 06:52:31,0.0
68528096,2026-04-01 06:52:30,2026-04-03 09:35:00,Closed,Pothole,BROOKLYN,nan,40.70305339322082,-73.94249609130996,24.429577486296296,5664.555555555556,6673.0,24,1,34.599998474121094,1,Medium,14,0.0,1.0,0.0,0.0,2026-04-25 17:11:05,1,4,2,1,2026-04-03 09:35:00,2.0
68533855,2026-04-01 06:50:46,,Open,Pothole,BROOKLYN,nan,40.70447255509546,-73.94273290898947,24.43078119,5664.555555555556,6673.0,16,1,54.9,2,High,16,0.451,0.275,0.165,0.11,2026-04-25 17:11:05,1,4,2,1,,
68532358,2026-04-01 06:48:08,2026-04-03 09:10:00,Closed,Pothole,BROOKLYN,nan,40.70376434663383,-73.94261449770798,24.432609893703706,5664.555555555556,6673.0,17,1,35.099998474121094,1,Medium,14,0.0,1.0,0.0,0.0,2026-04-25 17:11:05,1,4,2,1,2026-04-03 09:10:00,2.0
68532347,2026-04-01 06:22:59,,Open,Pothole,MANHATTAN,nan,40.75472742445424,-73.97787428590465,24.450075171481483,16591.571428571428,6876.0,30,1,68.1,2,High,9,0.319,0.34,0.204,0.136,2026-04-25 17:11:05,0,4,2,1,,
68528098,2026-04-01 05:12:38,,Open,Pothole,BROOKLYN,nan,40.603889390607506,-73.95348611935223,24.498929338148148,5664.555555555556,6673.0,8,1,36.3,1,Medium,16,0.637,0.181,0.109,0.073,2026-04-25 17:11:05,1,4,2,1,,
68535282,2026-04-01 04:49:18,2026-04-11 10:33:00,Closed,Pothole,BROOKLYN,nan,40.64430573764678,-73.95178594756857,24.515133041851854,5664.555555555556,6673.0,14,0,32.900001525878906,1,Medium,14,0.0,1.0,0.0,0.0,2026-04-25 17:11:05,1,4,2,1,2026-04-11 10:33:00,10.0
68529048,2026-04-01 04:48:18,2026-04-01 04:48:18,Closed,Pothole,BROOKLYN,nan,40.63206724302248,-73.9186023598203,24.5158274862963,5664.555555555556,6673.0,18,0,33.599998474121094,1,Medium,14,0.0,1.0,0.0,0.0,2026-04-25 17:11:05,1,4,2,1,2026-04-01 04:48:18,0.0
68530471,2026-04-01 04:30:04,2026-04-01 04:30:04,Closed,Pothole,MANHATTAN,nan,40.85716777320929,-73.92823190648733,24.528489523333334,16591.571428571428,6876.0,13,1,41.20000076293945,1,Medium,14,0.0,0.998,0.002,0.0,2026-04-25 17:11:05,0,4,2,1,2026-04-01 04:30:04,0.0
68514078,2026-04-01 02:56:47,2026-04-01 20:15:00,Closed,Pothole,QUEENS,nan,40.75702097925724,-73.83867155128311,24.593269615925927,4959.1547619047615,4660.0,3,1,27.899999618530273,1,Medium,14,0.066,0.933,0.0,0.0,2026-04-25 17:11:05,2,4,2,1,2026-04-01 20:15:00,0.0
68516700,2026-04-01 02:32:25,2026-04-01 02:32:25,Closed,Pothole,BROOKLYN,nan,40.64412044446325,-73.98905998133938,24.610190912222222,5664.555555555556,6673.0,7,1,30.0,1,Medium,14,0.0,0.999,0.0,0.0,2026-04-25 17:11:05,1,4,2,1,2026-04-01 02:32:25,0.0
68525167,2026-04-01 02:15:39,,Pending,Pothole,QUEENS,nan,40.67235473187952,-73.80267529428005,24.62183443074074,4959.1547619047615,4660.0,5,0,27.299999237060547,1,Medium,14,0.058,0.942,0.0,0.0,2026-04-25 17:11:05,2,4,2,1,,
68520434,2026-04-01 01:55:27,,Pending,Pothole,QUEENS,nan,40.75798277294619,-73.77826978356912,24.63586220851852,4959.1547619047615,4660.0,33,0,31.0,1,Medium,14,0.0,1.0,0.0,0.0,2026-04-25 17:11:05,2,4,2,1,,
68543987,2026-04-01 01:35:52,2026-04-02 00:30:00,Closed,Pothole,BRONX,nan,40.82827087713564,-73.92726577481723,24.649461745555556,6677.6,6655.5,21,1,34.20000076293945,1,Medium,14,0.0,1.0,0.0,0.0,2026-04-25 17:11:05,3,4,2,1,2026-04-02 00:30:00,0.0
68538959,2026-04-01 01:34:36,2026-04-02 23:10:00,Closed,Pothole,BRONX,nan,40.82781165901165,-73.92592932593037,24.650341375185185,6677.6,6655.5,25,1,32.400001525878906,1,Medium,14,0.0,1.0,0.0,0.0,2026-04-25 17:11:05,3,4,2,1,2026-04-02 23:10:00,1.0
68543988,2026-04-01 01:33:30,2026-04-02 22:15:00,Closed,Pothole,BRONX,nan,40.82827087713564,-73.92726577481723,24.651105264074076,6677.6,6655.5,21,1,34.20000076293945,1,Medium,14,0.0,1.0,0.0,0.0,2026-04-25 17:11:05,3,4,2,1,2026-04-02 22:15:00,1.0
68537634,2026-04-01 01:26:46,2026-04-02 16:50:00,Closed,Pothole,MANHATTAN,nan,40.758536999546784,-73.97720163085391,24.655781190000003,16591.571428571428,6876.0,22,1,42.20000076293945,1,Medium,14,0.0,0.863,0.137,0.0,2026-04-25 17:11:05,0,4,2,1,2026-04-02 16:50:00,1.0
68518286,2026-04-01 01:26:37,2026-04-01 01:26:37,Closed,Pothole,BRONX,nan,40.88025935218736,-73.87678054259923,24.65588535666667,6677.6,6655.5,22,0,35.0,1,Medium,14,0.0,1.0,0.0,0.0,2026-04-25 17:11:05,3,4,2,1,2026-04-01 01:26:37,0.0
68516679,2026-04-01 00:39:54,2026-04-01 00:39:54,Closed,Pothole,MANHATTAN,nan,40.85716777320929,-73.92823190648733,24.6883274862963,16591.571428571428,6876.0,13,1,41.20000076293945,1,Medium,14,0.0,0.998,0.002,0.0,2026-04-25 17:11:05,0,4,2,1,2026-04-01 00:39:54,0.0
68515697,2026-04-01 00:35:44,2026-04-03 15:10:00,Closed,Pothole,BROOKLYN,nan,40.62710222515573,-74.02957302865735,24.691221004814818,5664.555555555556,6673.0,9,0,33.29999923706055,1,Medium,14,0.0,1.0,0.0,0.0,2026-04-25 17:11:05,1,4,2,1,2026-04-03 15:10:00,2.0
68525138,2026-04-01 00:30:30,,Open,Pothole,BRONX,EAST  164 STREET,40.82806566462953,-73.916086155981,24.694855264074075,6677.6,6655.5,11,1,45.6,1,Medium,16,0.544,0.228,0.137,0.091,2026-04-25 17:11:05,3,4,2,1,,
68520436,2026-04-01 00:15:12,,Pending,Pothole,QUEENS,nan,40.75621176149007,-73.92895429393165,24.705480264074076,4959.1547619047615,4660.0,10,0,34.29999923706055,1,Medium,14,0.0,1.0,0.0,0.0,2026-04-25 17:11:05,2,4,2,1,,
68525168,2026-03-31 23:57:30,2026-04-11 09:30:00,Closed,Pothole,QUEENS,nan,40.72580447685925,-73.90485740925405,24.717771930740742,4959.1547619047615,4660.0,14,0,33.29999923706055,1,Medium,14,0.0,1.0,0.0,0.0,2026-04-25 17:11:05,2,3,1,1,2026-04-11 09:30:00,10.0
68515695,2026-03-31 23:43:08,,Open,Pothole,BRONX,nan,40.871267551085054,-73.85754697853388,24.727748782592595,6677.6,6655.5,1,0,18.9,0,Low,16,0.811,0.095,0.057,0.038,2026-04-25 17:11:05,3,3,1,1,,
68521982,2026-03-31 23:39:52,2026-04-11 08:55:00,Closed,Pothole,QUEENS,nan,40.717764242379474,-73.9180503814313,24.73001730111111,4959.1547619047615,4660.0,4,1,25.5,1,Medium,14,0.415,0.585,0.0,0.0,2026-04-25 17:11:05,2,3,1,1,2026-04-11 08:55:00,10.0
68517266,2026-03-31 23:33:35,2026-04-11 11:35:00,Closed,Pothole,QUEENS,nan,40.75438938417203,-73.89652218284081,24.73438072703704,4959.1547619047615,4660.0,17,0,35.0,1,Medium,14,0.0,1.0,0.0,0.0,2026-04-25 17:11:05,2,3,1,1,2026-04-11 11:35:00,10.0
68518850,2026-03-31 23:33:13,2026-04-11 14:10:00,Closed,Pothole,BRONX,nan,40.816535060010715,-73.92821792098728,24.73463535666667,6677.6,6655.5,16,1,34.400001525878906,1,Medium,14,0.0,1.0,0.0,0.0,2026-04-25 17:11:05,3,3,1,1,2026-04-11 14:10:00,10.0
68515689,2026-03-31 23:25:20,,Open,Pothole,MANHATTAN,nan,40.76739282137533,-73.97072929735069,24.740109893703703,16591.571428571428,6876.0,11,0,57.5,2,High,9,0.425,0.287,0.172,0.115,2026-04-25 17:11:05,0,3,1,1,,
68527611,2026-03-31 23:09:57,2026-04-01 21:10:00,Closed,Pothole,MANHATTAN,nan,40.782022522199455,-73.97172308400239,24.750792764074074,16591.571428571428,6876.0,10,0,44.400001525878906,1,Medium,14,0.0,0.999,0.001,0.0,2026-04-25 17:11:05,0,3,1,1,2026-04-01 21:10:00,0.0
68529033,2026-03-31 23:05:03,2026-04-01 17:05:00,Closed,Pothole,MANHATTAN,nan,40.76976518306967,-73.97454426794684,24.754195541851853,16591.571428571428,6876.0,2,0,32.79999923706055,1,Medium,14,0.0,0.998,0.002,0.0,2026-04-25 17:11:05,0,3,1,1,2026-04-01 17:05:00,0.0
68526199,2026-03-31 23:00:23,2026-04-01 22:25:00,Closed,Pothole,QUEENS,43 STREET,40.77260586040554,-73.902364365426,24.757436282592593,4959.1547619047615,4660.0,3,1,25.799999237060547,1,Medium,14,0.036,0.963,0.0,0.0,2026-04-25 17:11:05,2,3,1,1,2026-04-01 22:25:00,0.0
68521410,2026-03-31 22:42:31,2026-03-31 22:42:31,Closed,Pothole,MANHATTAN,nan,40.77914450955612,-73.9447737506954,24.769843690000002,16591.571428571428,6876.0,21,1,42.0,1,Medium,14,0.0,0.999,0.001,0.0,2026-04-25 17:11:05,0,3,1,1,2026-03-31 22:42:31,0.0
68524596,2026-03-31 22:22:00,2026-03-31 22:22:00,Closed,Pothole,BRONX,nan,40.88025935218736,-73.87678054259923,24.784091375185188,6677.6,6655.5,22,0,35.099998474121094,1,Medium,14,0.0,1.0,0.0,0.0,2026-04-25 17:11:05,3,3,1,1,2026-03-31 22:22:00,0.0
68525124,2026-03-31 22:16:07,,Open,Pothole,MANHATTAN,nan,40.740879120068314,-73.99006895453684,24.788177023333336,16591.571428571428,6876.0,21,0,68.2,2,High,9,0.318,0.341,0.205,0.136,2026-04-25 17:11:05,0,3,1,1,,
68524597,2026-03-31 22:14:44,2026-03-31 22:14:44,Closed,Pothole,BRONX,nan,40.88107633375972,-73.87848591158738,24.789137671481484,6677.6,6655.5,23,0,36.0,1,Medium,14,0.0,1.0,0.0,0.0,2026-04-25 17:11:05,3,3,1,1,2026-03-31 22:14:44,0.0
68516721,2026-03-31 22:13:50,2026-03-31 22:13:50,Closed,Pothole,QUEENS,nan,40.7723696503659,-73.93284347894699,24.789762671481483,4959.1547619047615,4660.0,5,1,28.399999618530273,1,Medium,14,0.01,0.99,0.0,0.0,2026-04-25 17:11:05,2,3,1,1,2026-03-31 22:13:50,0.0
68514054,2026-03-31 22:08:08,2026-04-03 21:50:00,Closed,Pothole,MANHATTAN,nan,40.74754283979385,-73.97078132715654,24.793721004814817,16591.571428571428,6876.0,24,0,43.900001525878906,1,Medium,14,0.0,1.0,0.0,0.0,2026-04-25 17:11:05,0,3,1,1,2026-04-03 21:50:00,2.0
68515720,2026-03-31 22:00:19,2026-04-14 09:20:00,Closed,Pothole,QUEENS,nan,40.76935266656995,-73.83257651909997,24.799149245555558,4959.1547619047615,4660.0,12,1,35.29999923706055,1,Medium,14,0.0,1.0,0.0,0.0,2026-04-25 17:11:05,2,3,1,1,2026-04-14 09:20:00,13.0
68524577,2026-03-31 21:55:23,2026-03-31 21:55:23,Closed,Pothole,MANHATTAN,nan,40.77691018988725,-73.95747053636883,24.802575171481482,16591.571428571428,6876.0,14,0,43.599998474121094,1,Medium,14,0.0,1.0,0.0,0.0,2026-04-25 17:11:05,0,3,1,1,2026-03-31 21:55:23,0.0
68523052,2026-03-31 21:47:29,2026-03-31 21:47:29,Closed,Pothole,QUEENS,nan,40.761217008162774,-73.8863970016137,24.808061282592593,4959.1547619047615,4660.0,7,0,32.0,1,Medium,14,0.002,0.998,0.0,0.0,2026-04-25 17:11:05,2,3,1,1,2026-03-31 21:47:29,0.0
68523046,2026-03-31 21:28:22,2026-03-31 21:28:22,Closed,Pothole,BROOKLYN,nan,40.69579116172514,-73.933118956802,24.821336745555556,5664.555555555556,6673.0,32,1,34.5,1,Medium,14,0.0,1.0,0.0,0.0,2026-04-25 17:11:05,1,3,1,1,2026-03-31 21:28:22,0.0
68518278,2026-03-31 21:27:05,2026-03-31 21:27:05,Closed,Pothole,MANHATTAN,nan,40.75723230481567,-73.98979219054627,24.82222794925926,16591.571428571428,6876.0,53,1,45.20000076293945,1,Medium,14,0.0,0.958,0.042,0.0,2026-04-25 17:11:05,0,3,1,1,2026-03-31 21:27:05,0.0
68515721,2026-03-31 21:18:37,2026-04-13 13:29:00,Closed,Pothole,QUEENS,nan,40.70273875167371,-73.80228601065063,24.82810757888889,4959.1547619047615,4660.0,19,1,33.400001525878906,1,Medium,14,0.0,1.0,0.0,0.0,2026-04-25 17:11:05,2,3,1,1,2026-04-13 13:29:00,12.0
68524598,2026-03-31 21:04:47,2026-03-31 21:04:47,Closed,Pothole,BRONX,nan,40.911324184299175,-73.90656718994754,24.83771406037037,6677.6,6655.5,0,0,21.100000381469727,0,Low,30,0.947,0.053,0.0,0.0,2026-04-25 17:11:05,3,3,1,0,2026-03-31 21:04:47,0.0
68514080,2026-03-31 20:59:43,,Pending,Pothole,QUEENS,nan,40.755461177238395,-73.88629853417046,24.84123257888889,4959.1547619047615,4660.0,12,0,33.900001525878906,1,Medium,14,0.0,1.0,0.0,0.0,2026-04-25 17:11:05,2,3,1,1,,
68513562,2026-03-31 20:59:32,2026-03-31 20:59:32,Closed,Pothole,BRONX,nan,40.85487375097522,-73.91678976333644,24.841359893703704,6677.6,6655.5,22,1,35.29999923706055,1,Medium,14,0.0,1.0,0.0,0.0,2026-04-25 17:11:05,3,3,1,1,2026-03-31 20:59:32,0.0
68515116,2026-03-31 20:56:18,2026-03-31 20:56:18,Closed,Pothole,BROOKLYN,nan,40.612330908248275,-73.96478242270412,24.843605264074075,5664.555555555556,6673.0,8,0,33.099998474121094,1,Medium,14,0.001,0.999,0.0,0.0,2026-04-25 17:11:05,1,3,1,1,2026-03-31 20:56:18,0.0
68517243,2026-03-31 20:55:26,,Open,Pothole,BROOKLYN,nan,40.60700462603182,-73.9695607267551,24.844207115925926,5664.555555555556,6673.0,11,1,44.4,1,Medium,16,0.556,0.222,0.133,0.089,2026-04-25 17:11:05,1,3,1,1,,
68525125,2026-03-31 20:30:54,,Open,Pothole,MANHATTAN,nan,40.77689895647993,-73.97545863757868,24.861244152962964,16591.571428571428,6876.0,6,0,44.2,1,Medium,9,0.558,0.221,0.133,0.088,2026-04-25 17:11:05,0,3,1,1,,
68515723,2026-03-31 20:09:40,2026-04-11 07:45:00,Closed,Pothole,QUEENS,nan,40.71051079562405,-73.83084865949276,24.875989523333335,4959.1547619047615,4660.0,7,1,30.100000381469727,1,Medium,14,0.003,0.997,0.0,0.0,2026-04-25 17:11:05,2,3,1,1,2026-04-11 07:45:00,10.0
68523587,2026-03-31 20:08:17,2026-04-13 12:36:00,Closed,Pothole,QUEENS,nan,40.69302435225245,-73.78655983356012,24.876950171481482,4959.1547619047615,4660.0,6,1,29.200000762939453,1,Medium,14,0.005,0.995,0.0,0.0,2026-04-25 17:11:05,2,3,1,1,2026-04-13 12:36:00,12.0
68518851,2026-03-31 19:43:51,2026-04-02 07:59:00,Closed,Pothole,BRONX,nan,40.84317496421008,-73.91194689088798,24.893917764074075,6677.6,6655.5,12,1,32.20000076293945,1,Medium,14,0.0,1.0,0.0,0.0,2026-04-25 17:11:05,3,3,1,1,2026-04-02 07:59:00,1.0
68521448,2026-03-31 19:40:26,2026-03-31 19:40:26,Closed,Pothole,QUEENS,nan,40.72792341486303,-73.87100083747289,24.89629044925926,4959.1547619047615,4660.0,7,0,30.799999237060547,1,Medium,14,0.034,0.966,0.0,0.0,2026-04-25 17:11:05,2,3,1,1,2026-03-31 19:40:26,0.0
68515108,2026-03-31 19:36:08,2026-03-31 19:36:08,Closed,Pothole,BRONX,nan,40.81801253627153,-73.9251851473035,24.89927656037037,6677.6,6655.5,27,1,32.599998474121094,1,Medium,14,0.0,1.0,0.0,0.0,2026-04-25 17:11:05,3,3,1,1,2026-03-31 19:36:08,0.0
68514082,2026-03-31 19:23:32,2026-04-11 21:44:00,Closed,Pothole,QUEENS,nan,40.72635943797056,-73.7385655188514,24.90802656037037,4959.1547619047615,4660.0,3,0,22.799999237060547,0,Low,30,0.919,0.081,0.0,0.0,2026-04-25 17:11:05,2,3,1,1,2026-04-11 21:44:00,11.0
68519890,2026-03-31 19:19:49,2026-03-31 19:19:49,Closed,Pothole,QUEENS,nan,40.761265587233325,-73.87499725675143,24.91060757888889,4959.1547619047615,4660.0,13,0,36.599998474121094,1,Medium,14,0.0,1.0,0.0,0.0,2026-04-25 17:11:05,2,3,1,1,2026-03-31 19:19:49,0.0
68517270,2026-03-31 19:18:56,2026-04-11 21:45:00,Closed,Pothole,QUEENS,nan,40.76144509539819,-73.87601487856993,24.911221004814816,4959.1547619047615,4660.0,13,0,36.599998474121094,1,Medium,14,0.0,1.0,0.0,0.0,2026-04-25 17:11:05,2,3,1,1,2026-04-11 21:45:00,11.0
68513575,2026-03-31 19:18:22,2026-03-31 19:18:22,Closed,Pothole,STATEN ISLAND,nan,40.60364497691573,-74.07731878633992,24.911614523333334,23788.714285714286,2762.0,12,1,41.5,1,Medium,14,0.0,1.0,0.0,0.0,2026-04-25 17:11:05,4,3,1,1,2026-03-31 19:18:22,0.0
68519891,2026-03-31 19:13:21,2026-03-31 19:13:21,Closed,Pothole,QUEENS,nan,40.667522405001336,-73.78062518365624,24.91509831962963,4959.1547619047615,4660.0,36,1,33.400001525878906,1,Medium,14,0.0,1.0,0.0,0.0,2026-04-25 17:11:05,2,3,1,1,2026-03-31 19:13:21,0.0
68521411,2026-03-31 19:10:52,2026-03-31 19:10:52,Closed,Pothole,MANHATTAN,nan,40.772420193583955,-73.97872406623014,24.916822856666666,16591.571428571428,6876.0,18,0,44.0,1,Medium,14,0.0,0.999,0.001,0.0,2026-04-25 17:11:05,0,3,1,1,2026-03-31 19:10:52,0.0
68514068,2026-03-31 19:10:08,,Open,Pothole,BROOKLYN,nan,40.727794673835525,-73.93724320414177,24.917332115925927,5664.555555555556,6673.0,0,1,15.1,0,Low,16,0.849,0.076,0.045,0.03,2026-04-25 17:11:05,1,3,1,0,,
68513579,2026-03-31 18:55:17,2026-03-31 18:55:17,Closed,Pothole,QUEENS,nan,40.68928141493589,-73.77977472479292,24.927644615925928,4959.1547619047615,4660.0,8,1,31.899999618530273,1,Medium,14,0.0,1.0,0.0,0.0,2026-04-25 17:11:05,2,3,1,1,2026-03-31 18:55:17,0.0
68516723,2026-03-31 18:54:11,2026-03-31 18:54:11,Closed,Pothole,QUEENS,nan,40.68928141493589,-73.77977472479292,24.928408504814815,4959.1547619047615,4660.0,8,1,31.899999618530273,1,Medium,14,0.0,1.0,0.0,0.0,2026-04-25 17:11:05,2,3,1,1,2026-03-31 18:54:11,0.0
68520440,2026-03-31 18:53:59,2026-04-13 11:11:00,Closed,Pothole,QUEENS,nan,40.68928141493589,-73.77977472479292,24.928547393703706,4959.1547619047615,4660.0,8,1,31.899999618530273,1,Medium,14,0.0,1.0,0.0,0.0,2026-04-25 17:11:05,2,3,1,1,2026-04-13 11:11:00,12.0
68516682,2026-03-31 18:34:35,2026-03-31 18:34:35,Closed,Pothole,MANHATTAN,nan,40.80297085227577,-73.96386162910126,24.942019615925926,16591.571428571428,6876.0,16,0,42.79999923706055,1,Medium,14,0.0,1.0,0.0,0.0,2026-04-25 17:11:05,0,3,1,1,2026-03-31 18:34:35,0.0
68521988,2026-03-31 18:31:51,2026-04-11 13:10:00,Closed,Pothole,QUEENS,nan,40.7515860835717,-73.74570669268,24.943917764074076,4959.1547619047615,4660.0,4,1,26.600000381469727,1,Medium,14,0.215,0.785,0.0,0.0,2026-04-25 17:11:05,2,3,1,1,2026-04-11 13:10:00,10.0
68520394,2026-03-31 18:27:42,,Open,Pothole,MANHATTAN,nan,40.74154879564148,-73.98957446267119,24.94679970851852,16591.571428571428,6876.0,22,0,68.2,2,High,9,0.318,0.341,0.205,0.136,2026-04-25 17:11:05,0,3,1,1,,
68521412,2026-03-31 18:22:29,2026-03-31 18:22:29,Closed,Pothole,MANHATTAN,nan,40.772420193583955,-73.97872406623014,24.950422393703704,16591.571428571428,6876.0,18,0,43.79999923706055,1,Medium,14,0.0,0.998,0.002,0.0,2026-04-25 17:11:05,0,3,1,1,2026-03-31 18:22:29,0.0
68520443,2026-03-31 18:15:40,,Pending,Pothole,QUEENS,nan,40.7515860835717,-73.74570669268,24.95515619,4959.1547619047615,4660.0,4,1,23.700000762939453,0,Low,30,0.771,0.229,0.0,0.0,2026-04-25 17:11:05,2,3,1,1,,
68525175,2026-03-31 18:12:47,2026-04-11 09:03:00,Closed,Pothole,QUEENS,nan,40.74584421351302,-73.70653178846892,24.957158504814817,4959.1547619047615,4660.0,2,0,21.5,0,Low,30,0.928,0.071,0.0,0.0,2026-04-25 17:11:05,2,3,1,1,2026-04-11 09:03:00,10.0
68525176,2026-03-31 18:12:44,2026-04-05 21:11:00,Closed,Pothole,QUEENS,nan,40.7050859720684,-73.77417895547643,24.95719322703704,4959.1547619047615,4660.0,11,0,35.400001525878906,1,Medium,14,0.0,1.0,0.0,0.0,2026-04-25 17:11:05,2,3,1,1,2026-04-05 21:11:00,5.0
68516725,2026-03-31 18:10:19,2026-03-31 18:10:19,Closed,Pothole,QUEENS,nan,40.74408619853987,-73.71472803155868,24.95887146777778,4959.1547619047615,4660.0,7,0,29.600000381469727,1,Medium,14,0.028,0.972,0.0,0.0,2026-04-25 17:11:05,2,3,1,1,2026-03-31 18:10:19,0.0
68513563,2026-03-31 18:08:09,2026-03-31 18:08:09,Closed,Pothole,BRONX,WILLIAMSBRIDGE ROAD,40.84599021893382,-73.84788567809335,24.96037609740741,6677.6,14876.0,12,1,35.79999923706055,1,Medium,14,0.0,1.0,0.0,0.0,2026-04-25 17:11:05,3,3,1,1,2026-03-31 18:08:09,0.0
68524612,2026-03-31 18:05:51,2026-03-31 18:05:51,Closed,Pothole,QUEENS,nan,40.75081066130112,-73.89397603362802,24.96197331962963,4959.1547619047615,4660.0,10,1,32.20000076293945,1,Medium,14,0.0,1.0,0.0,0.0,2026-04-25 17:11:05,2,3,1,1,2026-03-31 18:05:51,0.0
68523588,2026-03-31 18:05:19,2026-04-11 11:29:00,Closed,Pothole,QUEENS,nan,40.75671011147056,-73.89505311050493,24.96234369,4959.1547619047615,4660.0,8,0,31.200000762939453,1,Medium,14,0.001,0.999,0.0,0.0,2026-04-25 17:11:05,2,3,1,1,2026-04-11 11:29:00,10.0
68518869,2026-03-31 17:58:48,2026-04-01 14:59:00,Closed,Pothole,QUEENS,nan,40.711464773780904,-73.83570497381895,24.966869152962964,4959.1547619047615,4660.0,15,1,34.599998474121094,1,Medium,14,0.0,1.0,0.0,0.0,2026-04-25 17:11:05,2,3,1,1,2026-04-01 14:59:00,0.0
68515109,2026-03-31 17:57:20,2026-03-31 17:57:20,Closed,Pothole,BRONX,nan,40.832922043105725,-73.8627243422393,24.96788767148148,6677.6,6655.5,47,1,35.79999923706055,1,Medium,14,0.0,1.0,0.0,0.0,2026-04-25 17:11:05,3,3,1,1,2026-03-31 17:57:20,0.0
68520444,2026-03-31 17:56:59,2026-04-11 09:11:00,Closed,Pothole,QUEENS,nan,40.74171428915491,-73.90633230529538,24.96813072703704,4959.1547619047615,4660.0,14,1,29.5,1,Medium,14,0.0,0.999,0.0,0.0,2026-04-25 17:11:05,2,3,1,1,2026-04-11 09:11:00,10.0
68515698,2026-03-31 17:55:09,2026-04-13 09:15:00,Closed,Pothole,BROOKLYN,nan,40.66065647048319,-73.88578611871073,24.969403875185186,5664.555555555556,6673.0,24,1,32.400001525878906,1,Medium,14,0.0,1.0,0.0,0.0,2026-04-25 17:11:05,1,3,1,1,2026-04-13 09:15:00,12.0
68524599,2026-03-31 17:43:34,2026-03-31 17:43:34,Closed,Pothole,BRONX,nan,40.87781523504454,-73.86811727861867,24.977447856666668,6677.6,6655.5,31,1,35.79999923706055,1,Medium,14,0.0,1.0,0.0,0.0,2026-04-25 17:11:05,3,3,1,1,2026-03-31 17:43:34,0.0
68524578,2026-03-31 17:30:26,2026-03-31 17:30:26,Closed,Pothole,MANHATTAN,nan,40.768646934861145,-73.96982620375891,24.98656822703704,16591.571428571428,6876.0,9,0,43.099998474121094,1,Medium,14,0.0,0.998,0.002,0.0,2026-04-25 17:11:05,0,3,1,1,2026-03-31 17:30:26,0.0
68515699,2026-03-31 17:29:59,2026-04-03 21:22:00,Closed,Pothole,BROOKLYN,nan,40.63622017640736,-73.90778467059708,24.98688072703704,5664.555555555556,6673.0,12,1,33.70000076293945,1,Medium,14,0.001,0.999,0.0,0.0,2026-04-25 17:11:05,1,3,1,1,2026-04-03 21:22:00,3.0
68515700,2026-03-31 17:29:09,,Open,Pothole,BROOKLYN,nan,40.61910563757932,-73.95830950968423,24.987459430740742,5664.555555555556,6673.0,10,1,41.8,1,Medium,16,0.582,0.209,0.125,0.084,2026-04-25 17:11:05,1,3,1,1,,
68516683,2026-03-31 17:25:54,2026-03-31 17:25:54,Closed,Pothole,MANHATTAN,nan,40.83037249660016,-73.9401420611145,24.989716375185186,16591.571428571428,6876.0,21,1,43.29999923706055,1,Medium,14,0.0,0.999,0.001,0.0,2026-04-25 17:11:05,0,3,1,1,2026-03-31 17:25:54,0.0
68515097,2026-03-31 17:22:44,2026-03-31 17:22:44,Closed,Pothole,MANHATTAN,nan,40.729579201247894,-73.9932601572899,24.99191544925926,16591.571428571428,6876.0,16,1,44.79999923706055,1,Medium,14,0.0,0.997,0.002,0.0,2026-04-25 17:11:05,0,3,1,1,2026-03-31 17:22:44,0.0
68521990,2026-03-31 17:17:21,,Pending,Pothole,QUEENS,nan,40.6789705621564,-73.75983886670711,24.995653875185187,4959.1547619047615,4660.0,15,0,33.20000076293945,1,Medium,14,0.0,1.0,0.0,0.0,2026-04-25 17:11:05,2,3,1,1,,
68523033,2026-03-31 17:10:57,2026-03-31 17:10:57,Closed,Pothole,MANHATTAN,nan,40.813389933961254,-73.95625868043503,25.000098319629632,16591.571428571428,6876.0,30,0,45.79999923706055,1,Medium,14,0.0,0.998,0.002,0.0,2026-04-25 17:11:05,0,3,1,1,2026-03-31 17:10:57,0.0
68524600,2026-03-31 17:05:26,2026-03-31 17:05:26,Closed,Pothole,BRONX,nan,40.828678899177014,-73.83558899585238,25.00392933814815,6677.6,6655.5,19,1,33.70000076293945,1,Medium,14,0.0,1.0,0.0,0.0,2026-04-25 17:11:05,3,3,1,1,2026-03-31 17:05:26,0.0
68521991,2026-03-31 17:01:54,2026-04-11 08:30:00,Closed,Pothole,QUEENS,nan,40.70614246718544,-73.83176504853816,25.00638304185185,4959.1547619047615,4660.0,10,1,33.79999923706055,1,Medium,14,0.0,1.0,0.0,0.0,2026-04-25 17:11:05,2,3,1,1,2026-04-11 08:30:00,10.0
68518870,2026-03-31 16:59:36,2026-04-14 08:47:00,Closed,Pothole,QUEENS,nan,40.76051227156397,-73.82913339470404,25.007980264074074,4959.1547619047615,4660.0,29,1,33.79999923706055,1,Medium,14,0.0,1.0,0.0,0.0,2026-04-25 17:11:05,2,3,1,1,2026-04-14 08:47:00,13.0
68515135,2026-03-31 16:55:17,2026-03-31 16:55:17,Closed,Pothole,QUEENS,nan,40.72792341486303,-73.87100083747289,25.01097794925926,4959.1547619047615,4660.0,7,0,29.399999618530273,1,Medium,14,0.068,0.932,0.0,0.0,2026-04-25 17:11:05,2,3,1,1,2026-03-31 16:55:17,0.0
68521962,2026-03-31 16:55:01,2026-04-21 09:51:00,Closed,Pothole,BROOKLYN,nan,40.65152093847471,-73.90945011598753,25.011163134444445,5664.555555555556,6673.0,6,0,28.200000762939453,1,Medium,14,0.069,0.931,0.0,0.0,2026-04-25 17:11:05,1,3,1,1,2026-04-21 09:51:00,20.0
68521992,2026-03-31 16:54:54,2026-04-11 14:22:00,Closed,Pothole,QUEENS,nan,40.75903640272996,-73.88789511644337,25.011244152962963,4959.1547619047615,4660.0,13,0,35.400001525878906,1,Medium,14,0.0,1.0,0.0,0.0,2026-04-25 17:11:05,2,3,1,1,2026-04-11 14:22:00,10.0
68521993,2026-03-31 16:54:51,2026-04-14 08:30:00,Closed,Pothole,QUEENS,nan,40.78785189992459,-73.8400810547182,25.011278875185187,4959.1547619047615,4660.0,4,0,28.100000381469727,1,Medium,14,0.046,0.954,0.0,0.0,2026-04-25 17:11:05,2,3,1,1,2026-04-14 08:30:00,13.0
68523556,2026-03-31 16:54:50,,Open,Pothole,BRONX,nan,40.87415234943149,-73.84692450722021,25.01129044925926,6677.6,6655.5,5,1,29.7,1,Medium,16,0.703,0.148,0.089,0.059,2026-04-25 17:11:05,3,3,1,1,,
68523589,2026-03-31 16:53:40,2026-04-11 13:30:00,Closed,Pothole,QUEENS,nan,40.787728093075245,-73.84590984475533,25.012100634444447,4959.1547619047615,4660.0,9,0,33.70000076293945,1,Medium,14,0.0,1.0,0.0,0.0,2026-04-25 17:11:05,2,3,1,1,2026-04-11 13:30:00,10.0
68520395,2026-03-31 16:53:29,,Open,Pothole,MANHATTAN,nan,40.75405701064431,-73.99581673013245,25.01222794925926,16591.571428571428,6876.0,41,0,68.2,2,High,9,0.318,0.341,0.205,0.136,2026-04-25 17:11:05,0,3,1,1,,
68517238,2026-03-31 16:49:16,,Open,Pothole,BRONX,nan,40.8764513009913,-73.84816674419147,25.015156190000003,6677.6,6655.5,14,1,53.7,2,High,16,0.463,0.268,0.161,0.107,2026-04-25 17:11:05,3,3,1,1,,
68517275,2026-03-31 16:48:56,,Pending,Pothole,QUEENS,nan,40.67375987529319,-73.79472562303661,25.015387671481484,4959.1547619047615,4660.0,9,1,33.70000076293945,1,Medium,14,0.0,1.0,0.0,0.0,2026-04-25 17:11:05,2,3,1,1,,
68520447,2026-03-31 16:46:28,2026-04-01 15:00:00,Closed,Pothole,QUEENS,nan,40.69595062654502,-73.8623680620651,25.017100634444446,4959.1547619047615,4660.0,3,0,24.700000762939453,0,Low,30,0.638,0.362,0.0,0.0,2026-04-25 17:11:05,2,3,1,1,2026-04-01 15:00:00,0.0
68516685,2026-03-31 16:45:57,2026-03-31 16:45:57,Closed,Pothole,MANHATTAN,nan,40.768023997074046,-73.97028136310426,25.017459430740743,16591.571428571428,6876.0,10,0,44.79999923706055,1,Medium,14,0.0,0.998,0.002,0.0,2026-04-25 17:11:05,0,3,1,1,2026-03-31 16:45:57,0.0
68523592,2026-03-31 16:44:59,,Open,Pothole,QUEENS,nan,40.75016099104143,-73.90433538539963,25.01813072703704,4959.1547619047615,4660.0,5,0,27.6,1,Medium,16,0.724,0.138,0.083,0.055,2026-04-25 17:11:05,2,3,1,1,,
68521970,2026-03-31 16:44:56,2026-04-03 10:37:00,Closed,Pothole,STATEN ISLAND,nan,40.595890334480096,-74.08587618262669,25.01816544925926,23788.714285714286,2762.0,8,0,38.400001525878906,1,Medium,14,0.0,1.0,0.0,0.0,2026-04-25 17:11:05,4,3,1,1,2026-04-03 10:37:00,2.0
68523550,2026-03-31 16:43:29,2026-04-04 01:40:00,Closed,Pothole,MANHATTAN,HIGH LINE,40.74840275715597,-74.00588278787674,25.019172393703705,16591.571428571428,6876.0,19,0,48.0,1,Medium,14,0.0,1.0,0.0,0.0,2026-04-25 17:11:05,0,3,1,1,2026-04-04 01:40:00,3.0
68514090,2026-03-31 16:41:15,2026-04-14 09:36:00,Closed,Pothole,QUEENS,nan,40.78322772329927,-73.8386188868211,25.02072331962963,4959.1547619047615,4660.0,7,0,30.100000381469727,1,Medium,14,0.002,0.998,0.0,0.0,2026-04-25 17:11:05,2,3,1,1,2026-04-14 09:36:00,13.0
68521450,2026-03-31 16:35:26,2026-03-31 16:35:26,Closed,Pothole,QUEENS,nan,40.56090606971587,-73.91548600085787,25.024762671481483,4959.1547619047615,4660.0,2,0,22.399999618530273,0,Low,30,0.825,0.175,0.0,0.0,2026-04-25 17:11:05,2,3,1,1,2026-03-31 16:35:26,0.0
68516717,2026-03-31 16:32:42,2026-03-31 16:32:42,Closed,Pothole,STATEN ISLAND,nan,40.5953072066809,-74.18308988238485,25.02666081962963,23788.714285714286,2762.0,2,0,36.900001525878906,1,Medium,14,0.001,0.999,0.0,0.0,2026-04-25 17:11:05,4,3,1,1,2026-03-31 16:32:42,0.0
68518872,2026-03-31 16:27:27,2026-04-05 20:45:00,Closed,Pothole,QUEENS,nan,40.66736980527769,-73.78265513104037,25.030306652962963,4959.1547619047615,4660.0,29,1,34.29999923706055,1,Medium,14,0.0,1.0,0.0,0.0,2026-04-25 17:11:05,2,3,1,1,2026-04-05 20:45:00,5.0
68523593,2026-03-31 16:25:59,2026-04-14 09:49:00,Closed,Pothole,QUEENS,nan,40.75486953950375,-73.82397916542038,25.031325171481484,4959.1547619047615,4660.0,9,0,33.29999923706055,1,Medium,14,0.001,0.999,0.0,0.0,2026-04-25 17:11:05,2,3,1,1,2026-04-14 09:49:00,13.0
68515714,2026-03-31 16:25:49,2026-04-12 01:22:00,Closed,Pothole,STATEN ISLAND,nan,40.576502824266896,-74.10368819441264,25.031440912222223,23788.714285714286,2762.0,24,0,42.900001525878906,1,Medium,14,0.0,1.0,0.0,0.0,2026-04-25 17:11:05,4,3,1,1,2026-04-12 01:22:00,11.0
68517239,2026-03-31 16:20:45,,Open,Pothole,BRONX,nan,40.86831999695185,-73.83315893248766,25.03495943074074,6677.6,6655.5,28,0,56.4,2,High,16,0.436,0.282,0.169,0.113,2026-04-25 17:11:05,3,3,1,1,,
68520449,2026-03-31 16:18:44,2026-04-14 10:11:00,Closed,Pothole,QUEENS,nan,40.74729882640561,-73.82899044260391,25.036359893703704,4959.1547619047615,4660.0,7,1,30.399999618530273,1,Medium,14,0.009,0.991,0.0,0.0,2026-04-25 17:11:05,2,3,1,1,2026-04-14 10:11:00,13.0
68513553,2026-03-31 16:18:21,2026-03-31 16:18:21,Closed,Pothole,MANHATTAN,nan,40.76889103158107,-73.98209349413949,25.03662609740741,16591.571428571428,6876.0,31,0,41.5,1,Medium,14,0.0,0.996,0.004,0.0,2026-04-25 17:11:05,0,3,1,1,2026-03-31 16:18:21,0.0
68520407,2026-03-31 16:18:21,,Open,Pothole,BRONX,nan,40.86558298377901,-73.89887273501289,25.03662609740741,6677.6,6655.5,12,1,48.4,1,Medium,16,0.516,0.242,0.145,0.097,2026-04-25 17:11:05,3,3,1,1,,
68521956,2026-03-31 16:17:48,2026-04-18 23:22:00,Closed,Pothole,MANHATTAN,nan,40.73273021110799,-73.99381550499122,25.037008041851852,16591.571428571428,6876.0,10,0,45.400001525878906,1,Medium,14,0.0,1.0,0.0,0.0,2026-04-25 17:11:05,0,3,1,1,2026-04-18 23:22:00,18.0
68517232,2026-03-31 16:15:44,,Open,Pothole,MANHATTAN,WEST   30 STREET,40.74768339693813,-73.99056598682198,25.03844322703704,16591.571428571428,6876.0,56,1,68.3,2,High,9,0.317,0.341,0.205,0.137,2026-04-25 17:11:05,0,3,1,1,,
68513576,2026-03-31 16:09:06,2026-03-31 16:09:06,Closed,Pothole,STATEN ISLAND,BRICKTOWN WAY,40.52766701124552,-74.23022888842462,25.04304970851852,23788.714285714286,2762.0,5,1,36.79999923706055,1,Medium,14,0.001,0.999,0.0,0.0,2026-04-25 17:11:05,4,3,1,1,2026-03-31 16:09:06,0.0
68516686,2026-03-31 16:09:00,2026-03-31 16:09:00,Closed,Pothole,MANHATTAN,nan,40.7517012912456,-73.9864003420982,25.043119152962966,16591.571428571428,6876.0,33,1,39.900001525878906,1,Medium,14,0.0,0.984,0.015,0.0,2026-04-25 17:11:05,0,3,1,1,2026-03-31 16:09:00,0.0
68529043,2026-03-31 15:51:29,2026-04-01 14:31:00,Closed,Pothole,BROOKLYN,EAST NEW YORK AVENUE,40.66799245611305,-73.92072135212959,25.055283504814817,5664.555555555556,6673.0,36,0,34.099998474121094,1,Medium,14,0.0,1.0,0.0,0.0,2026-04-25 17:11:05,1,3,1,1,2026-04-01 14:31:00,0.0
68519842,2026-03-31 15:51:07,2026-03-31 15:51:07,Closed,Pothole,QUEENS,nan,40.761217008162774,-73.8863970016137,25.055538134444447,4959.1547619047615,4660.0,7,0,33.599998474121094,1,Medium,14,0.003,0.997,0.0,0.0,2026-04-25 17:11:05,2,3,1,1,2026-03-31 15:51:07,0.0
68533335,2026-03-31 15:50:55,2026-04-01 15:31:00,Closed,Pothole,BROOKLYN,AVENUE J,40.63588022928407,-73.9082931617697,25.055677023333335,5664.555555555556,14024.0,10,1,36.900001525878906,1,Medium,14,0.0,1.0,0.0,0.0,2026-04-25 17:11:05,1,3,1,1,2026-04-01 15:31:00,0.0
68533336,2026-03-31 15:50:30,2026-04-01 15:26:00,Closed,Pothole,BROOKLYN,AVENUE J,40.636332556417734,-73.9075899525908,25.055966375185186,5664.555555555556,14024.0,12,1,34.70000076293945,1,Medium,14,0.0,1.0,0.0,0.0,2026-04-25 17:11:05,1,3,1,1,2026-04-01 15:26:00,0.0
68521951,2026-03-31 15:50:27,2026-04-11 11:05:00,Closed,Pothole,QUEENS,nan,40.6950905500885,-73.74573104254247,25.05600109740741,4959.1547619047615,4660.0,11,0,34.599998474121094,1,Medium,14,0.0,1.0,0.0,0.0,2026-04-25 17:11:05,2,3,1,1,2026-04-11 11:05:00,10.0
68529044,2026-03-31 15:50:02,2026-04-11 13:50:00,Closed,Pothole,BROOKLYN,AVENUE J,40.62648010644338,-73.94950404508819,25.05629044925926,5664.555555555556,14024.0,7,0,32.400001525878906,1,Medium,14,0.005,0.995,0.0,0.0,2026-04-25 17:11:05,1,3,1,1,2026-04-11 13:50:00,10.0
68525116,2026-03-31 15:49:45,2026-04-11 10:40:00,Closed,Pothole,QUEENS,nan,40.708822284670674,-73.75184293054023,25.05648720851852,4959.1547619047615,4660.0,11,0,30.899999618530273,1,Medium,14,0.0,1.0,0.0,0.0,2026-04-25 17:11:05,2,3,1,1,2026-04-11 10:40:00,10.0
68531869,2026-03-31 15:48:55,2026-04-01 15:09:00,Closed,Pothole,BROOKLYN,nan,40.63719692168917,-73.89758305781575,25.057065912222225,5664.555555555556,6673.0,14,1,33.099998474121094,1,Medium,14,0.0,1.0,0.0,0.0,2026-04-25 17:11:05,1,3,1,1,2026-04-01 15:09:00,0.0
68518837,2026-03-31 15:47:48,2026-04-11 10:10:00,Closed,Pothole,QUEENS,nan,40.745595681752405,-73.90338918538406,25.057841375185188,4959.1547619047615,4660.0,18,0,33.400001525878906,1,Medium,14,0.0,1.0,0.0,0.0,2026-04-25 17:11:05,2,3,1,1,2026-04-11 10:10:00,10.0
68529045,2026-03-31 15:47:27,2026-04-01 15:00:00,Closed,Pothole,BROOKLYN,EAST   40 STREET,40.63402548622376,-73.93817085789546,25.05808443074074,5664.555555555556,6673.0,5,1,25.799999237060547,0,Low,30,0.857,0.143,0.0,0.0,2026-04-25 17:11:05,1,3,1,1,2026-04-01 15:00:00,0.0
68515111,2026-03-31 15:41:22,2026-03-31 15:41:22,Closed,Pothole,BRONX,nan,40.88429194366471,-73.86508107538396,25.062308967777778,6677.6,6655.5,8,1,30.299999237060547,1,Medium,14,0.0,1.0,0.0,0.0,2026-04-25 17:11:05,3,3,1,1,2026-03-31 15:41:22,0.0
68524581,2026-03-31 15:40:40,2026-03-31 15:40:40,Closed,Pothole,MANHATTAN,nan,40.768646934861145,-73.96982620375891,25.06279507888889,16591.571428571428,6876.0,9,0,42.400001525878906,1,Medium,14,0.0,0.999,0.001,0.0,2026-04-25 17:11:05,0,3,1,1,2026-03-31 15:40:40,0.0
68518292,2026-03-31 15:39:49,2026-03-31 15:39:49,Closed,Pothole,BRONX,nan,40.88660778710542,-73.86450495583237,25.063385356666668,6677.6,6655.5,13,1,34.599998474121094,1,Medium,14,0.0,1.0,0.0,0.0,2026-04-25 17:11:05,3,3,1,1,2026-03-31 15:39:49,0.0
68521427,2026-03-31 15:38:42,2026-03-31 15:38:42,Closed,Pothole,BRONX,nan,40.9017821532778,-73.90469231949538,25.06416081962963,6677.6,6655.5,13,1,36.70000076293945,1,Medium,14,0.0,1.0,0.0,0.0,2026-04-25 17:11:05,3,3,1,1,2026-03-31 15:38:42,0.0
68515112,2026-03-31 15:36:13,2026-03-31 15:36:13,Closed,Pothole,BRONX,nan,40.83285431800918,-73.88624216191087,25.06588535666667,6677.6,6655.5,15,0,33.5,1,Medium,14,0.0,1.0,0.0,0.0,2026-04-25 17:11:05,3,3,1,1,2026-03-31 15:36:13,0.0
68514059,2026-03-31 15:35:27,,Open,Pothole,MANHATTAN,nan,40.73786581060514,-74.00018403357991,25.066417764074075,16591.571428571428,6876.0,19,0,68.3,2,High,9,0.317,0.341,0.205,0.137,2026-04-25 17:11:05,0,3,1,1,,
68520429,2026-03-31 15:34:13,,Open,Pothole,STATEN ISLAND,nan,40.59606891461464,-74.08925760138578,25.067274245555556,23788.714285714286,2762.0,1,0,39.6,1,Medium,16,0.604,0.198,0.119,0.079,2026-04-25 17:11:05,4,3,1,1,,
68521960,2026-03-31 15:27:21,,Open,Pothole,BRONX,nan,40.88228668808564,-73.91163109716176,25.072042764074077,6677.6,6655.5,2,0,21.7,0,Low,16,0.783,0.109,0.065,0.043,2026-04-25 17:11:05,3,3,1,1,,
68521952,2026-03-31 15:25:59,,Pending,Pothole,QUEENS,nan,40.713293038929514,-73.72968897868212,25.07299183814815,4959.1547619047615,4660.0,16,0,32.900001525878906,1,Medium,14,0.0,1.0,0.0,0.0,2026-04-25 17:11:05,2,3,1,1,,
68514053,2026-03-31 15:25:24,2026-04-04 22:33:00,Closed,Pothole,QUEENS,nan,40.56090606971587,-73.91548600085787,25.073396930740742,4959.1547619047615,4660.0,2,0,22.5,0,Low,30,0.837,0.163,0.0,0.0,2026-04-25 17:11:05,2,3,1,1,2026-04-04 22:33:00,4.0
68525128,2026-03-31 15:21:04,,Open,Pothole,MANHATTAN,nan,40.7521974591802,-73.9818236763463,25.07640619,16591.571428571428,6876.0,29,1,68.3,2,High,9,0.317,0.341,0.205,0.137,2026-04-25 17:11:05,0,3,1,1,,
68521953,2026-03-31 15:20:35,2026-04-13 13:00:00,Closed,Pothole,QUEENS,nan,40.69268154931825,-73.76963044293633,25.07674183814815,4959.1547619047615,4660.0,1,0,26.299999237060547,1,Medium,14,0.142,0.858,0.0,0.0,2026-04-25 17:11:05,2,3,1,1,2026-04-13 13:00:00,12.0
68523034,2026-03-31 15:19:09,2026-03-31 15:19:09,Closed,Pothole,MANHATTAN,nan,40.784463837399464,-73.97736608261471,25.07773720851852,16591.571428571428,6876.0,13,0,43.900001525878906,1,Medium,14,0.0,0.999,0.001,0.0,2026-04-25 17:11:05,0,3,1,1,2026-03-31 15:19:09,0.0
68520392,2026-03-31 15:13:22,2026-04-11 07:55:00,Closed,Pothole,QUEENS,nan,40.70523868495376,-73.77507291150168,25.081753412222223,4959.1547619047615,4660.0,12,0,35.20000076293945,1,Medium,14,0.0,1.0,0.0,0.0,2026-04-25 17:11:05,2,3,1,1,2026-04-11 07:55:00,10.0
68523017,2026-03-31 15:10:10,2026-03-31 18:54:00,Closed,Pothole,QUEENS,nan,40.68114719620369,-73.79228723698482,25.083975634444446,4959.1547619047615,4660.0,11,0,33.400001525878906,1,Medium,14,0.0,1.0,0.0,0.0,2026-04-25 17:11:05,2,3,1,1,2026-03-31 18:54:00,0.0
68521971,2026-03-31 15:08:56,2026-04-01 07:36:00,Closed,Pothole,STATEN ISLAND,nan,40.60878407236816,-74.15721022467582,25.084832115925927,23788.714285714286,2762.0,8,1,38.400001525878906,1,Medium,14,0.0,1.0,0.0,0.0,2026-04-25 17:11:05,4,3,1,1,2026-04-01 07:36:00,0.0
68518280,2026-03-31 15:08:26,2026-03-31 15:08:26,Closed,Pothole,MANHATTAN,nan,40.7779047511921,-73.98208745958574,25.085179338148148,16591.571428571428,6876.0,20,0,42.099998474121094,1,Medium,14,0.0,0.999,0.001,0.0,2026-04-25 17:11:05,0,3,1,1,2026-03-31 15:08:26,0.0
68516688,2026-03-31 15:07:40,2026-03-31 15:07:40,Closed,Pothole,MANHATTAN,nan,40.77709505617554,-73.98210211990181,25.085711745555557,16591.571428571428,6876.0,15,0,41.599998474121094,1,Medium,14,0.0,0.999,0.001,0.0,2026-04-25 17:11:05,0,3,1,1,2026-03-31 15:07:40,0.0
68520415,2026-03-31 15:04:03,2026-04-16 23:00:00,Closed,Pothole,BROOKLYN,nan,40.61715986833423,-73.96774069969408,25.08822331962963,5664.555555555556,6673.0,14,0,32.70000076293945,1,Medium,14,0.0,1.0,0.0,0.0,2026-04-25 17:11:05,1,3,1,1,2026-04-16 23:00:00,16.0
68520409,2026-03-31 15:01:06,,Open,Pothole,BRONX,nan,40.82815020067192,-73.91167408848696,25.09027193074074,6677.6,6655.5,12,1,48.4,1,Medium,16,0.516,0.242,0.145,0.097,2026-04-25 17:11:05,3,3,1,1,,
68523547,2026-03-31 14:55:38,2026-04-11 08:30:00,Closed,Pothole,QUEENS,nan,40.7143995934852,-73.89797665860704,25.094068227037038,4959.1547619047615,4660.0,5,0,24.600000381469727,0,Low,30,0.963,0.037,0.0,0.0,2026-04-25 17:11:05,2,3,1,1,2026-04-11 08:30:00,10.0
68518874,2026-03-31 14:54:48,,Pending,Pothole,QUEENS,nan,40.708346383549326,-73.8495126950802,25.09464693074074,4959.1547619047615,4660.0,9,0,33.0,1,Medium,14,0.0,1.0,0.0,0.0,2026-04-25 17:11:05,2,3,1,1,,
68513537,2026-03-31 14:50:26,2026-03-31 14:50:26,Closed,Pothole,QUEENS,nan,40.666752547870225,-73.77993561984331,25.09767933814815,4959.1547619047615,4660.0,38,1,32.79999923706055,1,Medium,14,0.0,1.0,0.0,0.0,2026-04-25 17:11:05,2,3,1,1,2026-03-31 14:50:26,0.0
68517246,2026-03-31 14:49:59,,Open,Pothole,BROOKLYN,nan,40.68250666581666,-73.9437432869102,25.09799183814815,5664.555555555556,6673.0,10,0,41.8,1,Medium,16,0.582,0.209,0.125,0.084,2026-04-25 17:11:05,1,3,1,1,,
68513567,2026-03-31 14:48:10,2026-03-31 14:48:10,Closed,Pothole,BRONX,nan,40.839476851126896,-73.87774512737668,25.09925341222222,6677.6,6655.5,23,0,34.599998474121094,1,Medium,14,0.0,1.0,0.0,0.0,2026-04-25 17:11:05,3,3,1,1,2026-03-31 14:48:10,0.0
68518293,2026-03-31 14:46:29,2026-03-31 14:46:29,Closed,Pothole,BRONX,nan,40.839798998960944,-73.87359562413603,25.100422393703706,6677.6,6655.5,12,1,35.5,1,Medium,14,0.0,1.0,0.0,0.0,2026-04-25 17:11:05,3,3,1,1,2026-03-31 14:46:29,0.0
68517241,2026-03-31 14:44:30,,Open,Pothole,BRONX,nan,40.84151184870163,-73.86176332952596,25.10179970851852,6677.6,6655.5,5,0,29.7,1,Medium,16,0.703,0.149,0.089,0.059,2026-04-25 17:11:05,3,3,1,1,,
68518266,2026-03-31 14:43:53,2026-03-31 15:54:00,Closed,Pothole,QUEENS,nan,40.73687618182392,-73.93563610773968,25.10222794925926,4959.1547619047615,4660.0,28,1,35.900001525878906,1,Medium,14,0.0,0.999,0.0,0.0,2026-04-25 17:11:05,2,3,1,1,2026-03-31 15:54:00,0.0
68524582,2026-03-31 14:42:21,2026-03-31 14:42:21,Closed,Pothole,MANHATTAN,nan,40.7779047511921,-73.98208745958574,25.103292764074077,16591.571428571428,6876.0,20,0,42.099998474121094,1,Medium,14,0.0,0.999,0.001,0.0,2026-04-25 17:11:05,0,3,1,1,2026-03-31 14:42:21,0.0
68523574,2026-03-31 14:42:17,2026-04-18 13:38:00,Closed,Pothole,STATEN ISLAND,nan,40.576999593022606,-74.08352641548532,25.10333906037037,23788.714285714286,2762.0,1,0,32.70000076293945,1,Medium,14,0.003,0.997,0.0,0.0,2026-04-25 17:11:05,4,3,1,1,2026-04-18 13:38:00,17.0
68525165,2026-03-31 14:38:49,,Open,Pothole,STATEN ISLAND,nan,40.5750447575104,-74.08425831111676,25.105746467777777,23788.714285714286,2762.0,5,0,50.2,2,High,16,0.498,0.251,0.151,0.1,2026-04-25 17:11:05,4,3,1,1,,
68524583,2026-03-31 14:37:39,2026-03-31 14:37:39,Closed,Pothole,MANHATTAN,nan,40.77178075517688,-73.9791936146363,25.106556652962965,16591.571428571428,6876.0,22,0,41.70000076293945,1,Medium,14,0.0,0.999,0.001,0.0,2026-04-25 17:11:05,0,3,1,1,2026-03-31 14:37:39,0.0
68523594,2026-03-31 14:37:31,,Pending,Pothole,QUEENS,nan,40.749898475172984,-73.93781067346166,25.106649245555555,4959.1547619047615,4660.0,33,0,32.099998474121094,1,Medium,14,0.0,1.0,0.0,0.0,2026-04-25 17:11:05,2,3,1,1,,
68521997,2026-03-31 14:28:47,,Pending,Pothole,QUEENS,nan,40.68378593792976,-73.76974049709979,25.112714060370372,4959.1547619047615,4660.0,8,1,32.099998474121094,1,Medium,14,0.0,1.0,0.0,0.0,2026-04-25 17:11:05,2,3,1,1,,
68523035,2026-03-31 14:26:45,2026-03-31 14:26:45,Closed,Pothole,MANHATTAN,nan,40.74776486500815,-73.98295812360449,25.114126097407407,16591.571428571428,6876.0,41,1,40.900001525878906,1,Medium,14,0.0,0.996,0.004,0.0,2026-04-25 17:11:05,0,3,1,1,2026-03-31 14:26:45,0.0
68514092,2026-03-31 14:22:54,,Pending,Pothole,QUEENS,nan,40.740916313259625,-73.95225733610243,25.11679970851852,4959.1547619047615,4660.0,20,1,30.200000762939453,1,Medium,14,0.0,1.0,0.0,0.0,2026-04-25 17:11:05,2,3,1,1,,
68524584,2026-03-31 14:18:43,2026-03-31 14:18:43,Closed,Pothole,MANHATTAN,nan,40.768023997074046,-73.97028136310426,25.119704801111112,16591.571428571428,6876.0,10,0,43.20000076293945,1,Medium,14,0.0,0.998,0.002,0.0,2026-04-25 17:11:05,0,3,1,1,2026-03-31 14:18:43,0.0
68523036,2026-03-31 14:13:38,2026-03-31 14:13:38,Closed,Pothole,MANHATTAN,nan,40.76671457146749,-73.98287746335355,25.123234893703707,16591.571428571428,6876.0,36,0,41.29999923706055,1,Medium,14,0.0,0.997,0.003,0.0,2026-04-25 17:11:05,0,3,1,1,2026-03-31 14:13:38,0.0
68515086,2026-03-31 14:09:53,2026-03-31 19:00:00,Closed,Pothole,QUEENS,nan,40.71501675063139,-73.74164012451611,25.12583906037037,4959.1547619047615,4660.0,8,1,33.099998474121094,1,Medium,14,0.002,0.998,0.0,0.0,2026-04-25 17:11:05,2,3,1,1,2026-03-31 19:00:00,0.0
68516659,2026-03-31 14:09:24,2026-03-31 14:09:24,Closed,Pothole,QUEENS,QUEENS BOULEVARD,40.741280237793646,-73.90256544457489,25.12617470851852,4959.1547619047615,123690.0,15,1,38.900001525878906,1,Medium,14,0.0,1.0,0.0,0.0,2026-04-25 17:11:05,2,3,1,1,2026-03-31 14:09:24,0.0
68519845,2026-03-31 14:08:56,2026-03-31 14:08:56,Closed,Pothole,QUEENS,nan,40.66385969679448,-73.82296135414143,25.126498782592595,4959.1547619047615,4660.0,30,1,32.79999923706055,1,Medium,14,0.0,1.0,0.0,0.0,2026-04-25 17:11:05,2,3,1,1,2026-03-31 14:08:56,0.0
68521416,2026-03-31 14:07:20,2026-03-31 14:07:20,Closed,Pothole,MANHATTAN,nan,40.72900831955276,-73.99374729799094,25.127609893703706,16591.571428571428,6876.0,17,1,47.0,1,Medium,14,0.0,0.999,0.001,0.0,2026-04-25 17:11:05,0,3,1,1,2026-03-31 14:07:20,0.0
68521998,2026-03-31 14:06:13,,Pending,Pothole,QUEENS,nan,40.68355758033068,-73.78654326200936,25.12838535666667,4959.1547619047615,4660.0,5,0,26.5,1,Medium,14,0.027,0.973,0.0,0.0,2026-04-25 17:11:05,2,3,1,1,,
68524560,2026-03-31 14:06:02,2026-03-31 14:06:02,Closed,Pothole,QUEENS,nan,40.66385969679448,-73.82296135414143,25.128512671481484,4959.1547619047615,4660.0,30,1,32.79999923706055,1,Medium,14,0.0,1.0,0.0,0.0,2026-04-25 17:11:05,2,3,1,1,2026-03-31 14:06:02,0.0
68516690,2026-03-31 14:04:42,2026-03-31 14:04:42,Closed,Pothole,MANHATTAN,nan,40.729579201247894,-73.9932601572899,25.129438597407407,16591.571428571428,6876.0,16,1,46.0,1,Medium,14,0.0,0.998,0.002,0.0,2026-04-25 17:11:05,0,3,1,1,2026-03-31 14:04:42,0.0
68523566,2026-03-31 14:04:06,2026-04-04 01:34:00,Closed,Pothole,BROOKLYN,nan,40.67465371383835,-73.90915553741944,25.129855264074074,5664.555555555556,6673.0,51,1,35.900001525878906,1,Medium,14,0.0,1.0,0.0,0.0,2026-04-25 17:11:05,1,3,1,1,2026-04-04 01:34:00,3.0
68513554,2026-03-31 14:02:08,2026-03-31 14:02:08,Closed,Pothole,MANHATTAN,nan,40.83406100800248,-73.94487994277772,25.131221004814815,16591.571428571428,6876.0,26,1,40.29999923706055,1,Medium,14,0.0,0.999,0.001,0.0,2026-04-25 17:11:05,0,3,1,1,2026-03-31 14:02:08,0.0
68521387,2026-03-31 14:01:50,2026-03-31 21:14:00,Closed,Pothole,QUEENS,nan,40.73911404167521,-73.88974013991411,25.13142933814815,4959.1547619047615,4660.0,12,1,32.900001525878906,1,Medium,14,0.001,0.999,0.0,0.0,2026-04-25 17:11:05,2,3,1,1,2026-03-31 21:14:00,0.0
68518295,2026-03-31 13:59:58,2026-03-31 13:59:58,Closed,Pothole,BRONX,nan,40.824208303005555,-73.85878949052582,25.132725634444444,6677.6,6655.5,19,1,32.0,1,Medium,14,0.0,1.0,0.0,0.0,2026-04-25 17:11:05,3,3,1,1,2026-03-31 13:59:58,0.0
68515732,2026-03-31 13:55:32,,Pending,Pothole,QUEENS,nan,40.71387464291957,-73.77273875865954,25.135804338148148,4959.1547619047615,4660.0,13,1,38.79999923706055,1,Medium,14,0.0,1.0,0.0,0.0,2026-04-25 17:11:05,2,3,1,1,,
68520396,2026-03-31 13:54:22,,Open,Pothole,MANHATTAN,nan,40.758949399914954,-73.96848058993135,25.136614523333336,16591.571428571428,6876.0,16,0,68.3,2,High,9,0.317,0.341,0.205,0.137,2026-04-25 17:11:05,0,3,1,1,,
68523560,2026-03-31 13:51:53,,Open,Pothole,BRONX,nan,40.827052454528015,-73.8710362991137,25.13833906037037,6677.6,6655.5,10,1,43.1,1,Medium,16,0.569,0.215,0.129,0.086,2026-04-25 17:11:05,3,3,1,1,,
68520418,2026-03-31 13:48:41,2026-04-01 09:08:00,Closed,Pothole,BRONX,nan,40.83553003552484,-73.86315623123548,25.140561282592593,6677.6,6655.5,34,1,33.20000076293945,1,Medium,14,0.0,1.0,0.0,0.0,2026-04-25 17:11:05,3,3,1,1,2026-04-01 09:08:00,0.0
68515099,2026-03-31 13:45:52,2026-03-31 13:45:52,Closed,Pothole,MANHATTAN,nan,40.84105168954552,-73.9446789892306,25.142517301111113,16591.571428571428,6876.0,23,1,40.29999923706055,1,Medium,14,0.0,0.999,0.001,0.0,2026-04-25 17:11:05,0,3,1,1,2026-03-31 13:45:52,0.0
68518856,2026-03-31 13:44:07,,Open,Pothole,BRONX,nan,40.86136395029996,-73.86849696237273,25.14373257888889,6677.6,6655.5,7,1,35.1,1,Medium,16,0.649,0.175,0.105,0.07,2026-04-25 17:11:05,3,3,1,1,,
68519876,2026-03-31 13:40:54,2026-03-31 13:40:54,Closed,Pothole,BRONX,nan,40.832922043105725,-73.8627243422393,25.145966375185186,6677.6,6655.5,47,1,34.79999923706055,1,Medium,14,0.0,1.0,0.0,0.0,2026-04-25 17:11:05,3,3,1,1,2026-03-31 13:40:54,0.0
68523567,2026-03-31 13:39:30,,Open,Pothole,BROOKLYN,nan,40.65700303752495,-73.91402712747067,25.14693859740741,5664.555555555556,6673.0,21,0,55.2,2,High,16,0.448,0.276,0.166,0.11,2026-04-25 17:11:05,1,3,1,1,,
68523577,2026-03-31 13:37:53,2026-04-01 07:35:00,Closed,Pothole,STATEN ISLAND,nan,40.540587527713186,-74.2215341962543,25.148061282592593,23788.714285714286,2762.0,2,0,30.799999237060547,1,Medium,14,0.001,0.999,0.0,0.0,2026-04-25 17:11:05,4,3,1,1,2026-04-01 07:35:00,0.0
68520397,2026-03-31 13:32:48,,Open,Pothole,MANHATTAN,nan,40.797003663113074,-73.93777389148413,25.151591375185188,16591.571428571428,6876.0,23,0,68.3,2,High,9,0.317,0.341,0.205,0.137,2026-04-25 17:11:05,0,3,1,1,,
68518267,2026-03-31 13:30:12,2026-03-31 17:02:00,Closed,Pothole,QUEENS,nan,40.75621176149007,-73.92895429393165,25.15339693074074,4959.1547619047615,4660.0,10,0,32.20000076293945,1,Medium,14,0.0,1.0,0.0,0.0,2026-04-25 17:11:05,2,3,1,1,2026-03-31 17:02:00,0.0
68525131,2026-03-31 13:24:31,,Open,Pothole,MANHATTAN,nan,40.82264393376656,-73.95321759407697,25.15734369,16591.571428571428,6876.0,16,1,68.3,2,High,9,0.317,0.341,0.205,0.137,2026-04-25 17:11:05,0,3,1,1,,
68525154,2026-03-31 13:22:41,2026-04-20 12:30:00,Closed,Pothole,BROOKLYN,nan,40.701278744440934,-73.93951142183369,25.15861683814815,5664.555555555556,6673.0,29,1,33.29999923706055,1,Medium,14,0.0,1.0,0.0,0.0,2026-04-25 17:11:05,1,3,1,1,2026-04-20 12:30:00,19.0
68517249,2026-03-31 13:20:29,2026-04-16 21:55:00,Closed,Pothole,BROOKLYN,nan,40.633111001293685,-73.97216087625087,25.160144615925926,5664.555555555556,6673.0,18,0,35.099998474121094,1,Medium,14,0.0,1.0,0.0,0.0,2026-04-25 17:11:05,1,3,1,1,2026-04-16 21:55:00,16.0
68520425,2026-03-31 13:18:25,,Open,Pothole,BROOKLYN,nan,40.63873467407048,-73.98467223869446,25.161579801111113,5664.555555555556,6673.0,6,0,31.2,1,Medium,16,0.688,0.156,0.094,0.062,2026-04-25 17:11:05,1,3,1,1,,
68515688,2026-03-31 13:17:31,2026-04-14 09:30:00,Closed,Pothole,QUEENS,nan,40.66548875606656,-73.7523465845812,25.162204801111113,4959.1547619047615,4660.0,13,1,33.900001525878906,1,Medium,14,0.0,1.0,0.0,0.0,2026-04-25 17:11:05,2,3,1,1,2026-04-14 09:30:00,13.0
68513538,2026-03-31 13:16:17,2026-03-31 16:24:00,Closed,Pothole,QUEENS,nan,40.68197293511323,-73.76629990904574,25.163061282592594,4959.1547619047615,4660.0,6,1,27.799999237060547,1,Medium,14,0.011,0.989,0.0,0.0,2026-04-25 17:11:05,2,3,1,1,2026-03-31 16:24:00,0.0
68519848,2026-03-31 13:15:40,2026-03-31 13:15:40,Closed,Pothole,QUEENS,nan,40.66525738376473,-73.73955115365354,25.163489523333336,4959.1547619047615,4660.0,27,1,31.200000762939453,1,Medium,14,0.0,1.0,0.0,0.0,2026-04-25 17:11:05,2,3,1,1,2026-03-31 13:15:40,0.0
68524562,2026-03-31 13:10:02,2026-03-31 13:10:02,Closed,Pothole,QUEENS,nan,40.667431988364136,-73.76675458345666,25.167401560370372,4959.1547619047615,4660.0,21,0,31.600000381469727,1,Medium,14,0.0,1.0,0.0,0.0,2026-04-25 17:11:05,2,3,1,1,2026-03-31 13:10:02,0.0
68518268,2026-03-31 13:08:33,2026-03-31 13:08:33,Closed,Pothole,QUEENS,nan,40.78623198245659,-73.79781666157713,25.168431652962965,4959.1547619047615,4660.0,4,0,26.100000381469727,1,Medium,14,0.113,0.887,0.0,0.0,2026-04-25 17:11:05,2,3,1,1,2026-03-31 13:08:33,0.0
68521390,2026-03-31 13:07:24,2026-03-31 13:07:24,Closed,Pothole,QUEENS,nan,40.70186221182831,-73.89271584845496,25.169230264074077,4959.1547619047615,4660.0,8,1,33.29999923706055,1,Medium,14,0.001,0.999,0.0,0.0,2026-04-25 17:11:05,2,3,1,1,2026-03-31 13:07:24,0.0
68513578,2026-03-31 13:04:06,2026-03-31 13:04:06,Closed,Pothole,STATEN ISLAND,nan,40.62485313279033,-74.16044700328256,25.17152193074074,23788.714285714286,2762.0,5,0,39.20000076293945,1,Medium,14,0.0,1.0,0.0,0.0,2026-04-25 17:11:05,4,3,1,1,2026-03-31 13:04:06,0.0
68521436,2026-03-31 13:03:02,2026-03-31 13:03:02,Closed,Pothole,BRONX,nan,40.827903554590385,-73.91216944981274,25.172262671481484,6677.6,6655.5,11,1,32.5,1,Medium,14,0.0,1.0,0.0,0.0,2026-04-25 17:11:05,3,3,1,1,2026-03-31 13:03:02,0.0
68519850,2026-03-31 12:57:45,2026-03-31 12:57:45,Closed,Pothole,QUEENS,nan,40.74416744233457,-73.9124783278851,25.175931652962966,4959.1547619047615,4660.0,8,0,27.899999618530273,1,Medium,14,0.002,0.998,0.0,0.0,2026-04-25 17:11:05,2,3,1,1,2026-03-31 12:57:45,0.0
68523037,2026-03-31 12:56:00,2026-03-31 12:56:00,Closed,Pothole,MANHATTAN,nan,40.7774128851202,-73.97879829456296,25.177146930740744,16591.571428571428,6876.0,8,0,40.400001525878906,1,Medium,14,0.0,0.999,0.001,0.0,2026-04-25 17:11:05,0,3,1,1,2026-03-31 12:56:00,0.0
68516709,2026-03-31 12:54:27,2026-04-11 12:20:00,Closed,Pothole,BROOKLYN,nan,40.69942773009148,-73.91230985742006,25.17822331962963,5664.555555555556,6673.0,26,1,34.0,1,Medium,14,0.0,1.0,0.0,0.0,2026-04-25 17:11:05,1,3,1,1,2026-04-11 12:20:00,10.0
68521418,2026-03-31 12:54:16,2026-03-31 12:54:16,Closed,Pothole,MANHATTAN,nan,40.84851825453153,-73.93592929163144,25.178350634444445,16591.571428571428,6876.0,34,1,45.400001525878906,1,Medium,14,0.0,0.989,0.011,0.0,2026-04-25 17:11:05,0,3,1,1,2026-03-31 12:54:16,0.0
68515100,2026-03-31 12:53:11,2026-03-31 12:53:11,Closed,Pothole,MANHATTAN,nan,40.768646934861145,-73.96982620375891,25.17910294925926,16591.571428571428,6876.0,9,0,42.900001525878906,1,Medium,14,0.0,0.999,0.001,0.0,2026-04-25 17:11:05,0,3,1,1,2026-03-31 12:53:11,0.0
68519884,2026-03-31 12:49:19,2026-03-31 12:49:19,Closed,Pothole,STATEN ISLAND,nan,40.627878553450955,-74.1052414577564,25.181788134444446,23788.714285714286,2762.0,1,1,33.70000076293945,1,Medium,14,0.003,0.997,0.0,0.0,2026-04-25 17:11:05,4,3,1,1,2026-03-31 12:49:19,0.0
68516692,2026-03-31 12:43:59,2026-03-31 12:43:59,Closed,Pothole,MANHATTAN,nan,40.84105168954552,-73.9446789892306,25.18549183814815,16591.571428571428,6876.0,23,1,44.20000076293945,1,Medium,14,0.0,0.999,0.001,0.0,2026-04-25 17:11:05,0,3,1,1,2026-03-31 12:43:59,0.0
68515120,2026-03-31 12:42:09,2026-03-31 12:42:09,Closed,Pothole,BRONX,nan,40.9017821532778,-73.90469231949538,25.186764986296296,6677.6,6655.5,13,1,37.70000076293945,1,Medium,14,0.0,1.0,0.0,0.0,2026-04-25 17:11:05,3,3,1,1,2026-03-31 12:42:09,0.0
