unique_key,created_date,status,complaint_type,descriptor,borough,street_name,latitude,longitude,closed_date,location_type,traffic_volume,aadt,nearby_crashes,pavement_crash_nearby,age_days,borough_code,is_highway,descriptor_severity,month_opened,risk_score,urgency_tier,urgency_label,fix_days_estimate,prob_low,prob_medium,prob_high,prob_critical
68538156,2026-04-02 15:05:24,Open,Street Condition,Pothole,MANHATTAN,HARLEM RIVER DRIVE,40.83336445148282,-73.93545603755923,,nan,16591.571428571428,97246.0,10,1,23.2429861953125,0,0,0.7,4,50.1,1,Medium,14,0.0,0.736,0.264,0.0
68538157,2026-04-02 15:04:57,Open,Street Condition,Pothole,MANHATTAN,HARLEM RIVER DRIVE,40.83247789553824,-73.93543160216241,,nan,16591.571428571428,97246.0,10,1,23.2432986953125,0,0,0.7,4,50.1,1,Medium,14,0.0,0.736,0.264,0.0
68618923,2026-04-10 12:27:34,Open,Street Condition,Pothole,STATEN ISLAND,RICHMOND AVENUE,40.58243362208295,-74.16905015973944,,nan,23788.714285714286,75120.0,12,1,15.35259267679398,4,0,0.7,4,49.2,1,Medium,14,0.0,1.0,0.0,0.0
68601237,2026-04-07 07:00:00,Closed,Street Condition,Pothole,STATEN ISLAND,HYLAN BOULEVARD,40.5742994837645,-74.10588777059375,2026-04-08 10:15:00,nan,23788.714285714286,38438.0,18,0,18.580069528645833,4,0,0.7,4,48.8,1,Medium,14,0.0,1.0,0.0,0.0
68521416,2026-03-31 14:07:20,Closed,Street Condition,Pothole,MANHATTAN,nan,40.72900831955276,-73.99374729799094,2026-03-31 14:07:20,nan,16591.571428571428,6876.0,17,1,25.283310269386575,0,0,0.7,3,48.0,1,Medium,14,0.0,0.999,0.001,0.0
68552410,2026-04-03 16:13:52,Open,Street Condition,Pothole,MANHATTAN,nan,40.75842923013922,-73.99263277459292,2026-04-04 04:25:00,nan,16591.571428571428,6876.0,39,1,22.195439899016204,0,0,0.7,4,47.6,2,High,7,0.0,0.387,0.613,0.0
68584646,2026-04-06 11:41:21,Closed,Street Condition,Pothole,STATEN ISLAND,FOREST AVENUE,40.624902985553085,-74.14349783307735,2026-04-21 11:00:00,nan,23788.714285714286,33854.0,17,0,19.384687584201387,4,0,0.7,4,47.5,1,Medium,14,0.0,1.0,0.0,0.0
68701070,2026-04-17 11:02:13,Open,Street Condition,Pothole,STATEN ISLAND,RICHMOND AVENUE,40.6162477356363,-74.15680277454403,,nan,23788.714285714286,75120.0,9,0,8.411863510127315,4,0,0.7,4,47.4,1,Medium,14,0.001,0.999,0.0,0.0
68574666,2026-04-06 15:26:02,Closed,Street Condition,Pothole,QUEENS,QUEENS BOULEVARD,40.74259292556646,-73.91376511458739,2026-04-06 15:26:02,nan,4959.1547619047615,123690.0,11,0,19.228657491608796,2,0,0.7,4,46.8,1,Medium,14,0.0,1.0,0.0,0.0
68543978,2026-04-02 08:45:38,Closed,Street Condition,Pothole,MANHATTAN,nan,40.76671457146749,-73.98287746335355,2026-04-02 08:45:38,nan,16591.571428571428,6876.0,36,0,23.50671304716435,0,0,0.7,4,46.8,1,Medium,14,0.0,0.998,0.002,0.0
68516690,2026-03-31 14:04:42,Closed,Street Condition,Pothole,MANHATTAN,nan,40.729579201247894,-73.9932601572899,2026-03-31 14:04:42,nan,16591.571428571428,6876.0,16,1,25.28513897309028,0,0,0.7,3,46.4,1,Medium,14,0.0,0.998,0.002,0.0
68517232,2026-03-31 16:15:44,Open,Street Condition,Pothole,MANHATTAN,WEST   30 STREET,40.74768339693813,-73.99056598682198,,nan,16591.571428571428,6876.0,56,1,25.194143602719908,0,0,0.7,3,46.3,1,Medium,14,0.0,0.996,0.004,0.0
68613654,2026-04-05 03:16:24,Closed,Street Condition,Pothole,QUEENS,QUEENS BOULEVARD,40.74259292556646,-73.91376511458739,2026-04-11 02:24:00,nan,4959.1547619047615,123690.0,11,0,20.73534730642361,2,0,0.7,4,46.2,1,Medium,14,0.0,1.0,0.0,0.0
68532347,2026-04-01 06:22:59,Open,Street Condition,Pothole,MANHATTAN,nan,40.75472742445424,-73.97787428590465,,nan,16591.571428571428,6876.0,30,1,24.605775547164356,0,0,0.7,4,45.9,2,High,7,0.0,0.306,0.694,0.0
68515097,2026-03-31 17:22:44,Closed,Street Condition,Pothole,MANHATTAN,nan,40.729579201247894,-73.9932601572899,2026-03-31 17:22:44,nan,16591.571428571428,6876.0,16,1,25.147615824942132,0,0,0.7,3,45.8,1,Medium,14,0.0,0.998,0.002,0.0
68534819,2026-04-01 08:36:28,Closed,Street Condition,Pothole,MANHATTAN,nan,40.75205890698893,-74.00098172154796,2026-04-01 08:36:28,nan,16591.571428571428,6876.0,22,1,24.513078787905094,0,0,0.7,4,45.7,1,Medium,14,0.0,0.999,0.001,0.0
68521418,2026-03-31 12:54:16,Closed,Street Condition,Pothole,MANHATTAN,nan,40.84851825453153,-73.93592929163144,2026-03-31 12:54:16,nan,16591.571428571428,6876.0,34,1,25.334051010127318,0,0,0.7,3,45.7,1,Medium,14,0.0,0.989,0.011,0.0
68529039,2026-04-01 09:54:37,Closed,Street Condition,Pothole,MANHATTAN,nan,40.731835474021494,-74.00510556763821,2026-04-01 09:54:37,nan,16591.571428571428,6876.0,20,0,24.45880795457176,0,0,0.7,4,45.5,1,Medium,14,0.0,1.0,0.0,0.0
68671226,2026-04-14 21:50:40,Closed,Street Condition,Pothole,MANHATTAN,nan,40.75899755593863,-73.99593192853008,2026-04-14 21:50:40,nan,16591.571428571428,6876.0,39,1,10.961551010127314,0,0,0.7,4,45.5,1,Medium,14,0.0,0.998,0.002,0.0
68537621,2026-04-02 13:09:19,Closed,Street Condition,Pothole,STATEN ISLAND,nan,40.54242953910562,-74.14590406552244,2026-04-02 13:09:19,nan,23788.714285714286,2762.0,15,1,23.323599621238426,4,0,0.7,4,45.4,1,Medium,14,0.0,1.0,0.0,0.0
68544496,2026-04-02 13:09:19,Closed,Street Condition,Pothole,STATEN ISLAND,nan,40.54242953910562,-74.14590406552244,2026-04-03 08:30:00,nan,23788.714285714286,2762.0,15,1,23.323599621238426,4,0,0.7,4,45.4,1,Medium,14,0.0,1.0,0.0,0.0
68514059,2026-03-31 15:35:27,Open,Street Condition,Pothole,MANHATTAN,nan,40.73786581060514,-74.00018403357991,,nan,16591.571428571428,6876.0,19,0,25.222118139756947,0,0,0.7,3,45.3,1,Medium,14,0.0,1.0,0.0,0.0
68526653,2026-04-01 16:35:22,Pending,Street Condition,Pothole,MANHATTAN,nan,40.71983813771646,-74.00518762166442,,nan,16591.571428571428,6876.0,29,1,24.18050934346065,0,0,0.7,4,45.3,1,Medium,14,0.0,1.0,0.0,0.0
68529036,2026-04-01 16:14:26,Closed,Street Condition,Pothole,MANHATTAN,nan,40.768023997074046,-73.97028136310426,2026-04-01 16:14:26,nan,16591.571428571428,6876.0,10,0,24.195046380497686,0,0,0.7,4,45.2,1,Medium,14,0.0,0.999,0.001,0.0
68576544,2026-04-06 13:03:24,Pending,Street Condition,Pothole,MANHATTAN,nan,40.7558709018793,-73.9728206381604,,nan,16591.571428571428,6876.0,32,0,19.327708417534723,0,0,0.7,4,45.2,1,Medium,14,0.0,0.999,0.001,0.0
68536268,2026-04-01 14:09:06,Closed,Street Condition,Pothole,MANHATTAN,nan,40.772420193583955,-73.97872406623014,2026-04-01 14:09:06,nan,16591.571428571428,6876.0,18,0,24.282083417534725,0,0,0.7,4,45.2,1,Medium,14,0.0,0.998,0.002,0.0
68530468,2026-04-01 14:09:05,Closed,Street Condition,Pothole,MANHATTAN,nan,40.772420193583955,-73.97872406623014,2026-04-01 14:09:05,nan,16591.571428571428,6876.0,18,0,24.282094991608798,0,0,0.7,4,45.2,1,Medium,14,0.0,0.998,0.002,0.0
68595852,2026-04-07 19:16:22,Closed,Street Condition,Pothole,MANHATTAN,nan,40.768023997074046,-73.97028136310426,2026-04-07 19:16:22,nan,16591.571428571428,6876.0,10,0,18.068703787905093,0,0,0.7,4,45.2,1,Medium,14,0.0,1.0,0.0,0.0
68538130,2026-04-02 15:39:49,Open,Street Condition,Pothole,STATEN ISLAND,nan,40.56109157965003,-74.16982751543821,,nan,23788.714285714286,2762.0,20,1,23.219085732349537,4,0,0.7,4,45.2,1,Medium,14,0.0,1.0,0.0,0.0
68580285,2026-04-06 09:01:24,Closed,Street Condition,Pothole,MANHATTAN,nan,40.768023997074046,-73.97028136310426,2026-04-06 09:01:24,nan,16591.571428571428,6876.0,10,0,19.495763973090277,0,0,0.7,4,45.1,1,Medium,14,0.0,1.0,0.0,0.0
68547961,2026-04-03 22:11:35,Closed,Street Condition,Pothole,MANHATTAN,nan,40.743470365882054,-74.0072320454733,2026-04-03 22:11:35,nan,16591.571428571428,6876.0,24,0,21.94702554716435,0,0,0.7,4,45.1,1,Medium,14,0.0,1.0,0.0,0.0
68577463,2026-04-05 19:08:52,Closed,Street Condition,Pothole,MANHATTAN,WEST  155 STREET,40.83280716929697,-73.94592532679485,2026-04-05 19:08:52,nan,16591.571428571428,6876.0,17,1,20.073912121238425,0,0,0.7,4,45.0,1,Medium,14,0.0,1.0,0.0,0.0
68597199,2026-04-08 14:47:07,Closed,Street Condition,Pothole,STATEN ISLAND,nan,40.56109157965003,-74.16982751543821,2026-04-08 14:47:07,nan,23788.714285714286,2762.0,20,1,17.25568295457176,4,0,0.7,4,45.0,1,Medium,14,0.0,1.0,0.0,0.0
68532343,2026-04-01 11:49:11,Closed,Street Condition,Pothole,MANHATTAN,nan,40.731351188882584,-73.98255460051172,2026-04-04 02:00:00,nan,16591.571428571428,6876.0,13,0,24.379247769386577,0,0,0.7,4,45.0,1,Medium,14,0.0,1.0,0.0,0.0
68523550,2026-03-31 16:43:29,Closed,Street Condition,Pothole,MANHATTAN,HIGH LINE,40.74840275715597,-74.00588278787674,2026-04-04 01:40:00,nan,16591.571428571428,6876.0,19,0,25.174872769386578,0,0,0.7,3,45.0,1,Medium,14,0.0,1.0,0.0,0.0
68621519,2026-04-10 09:56:21,Open,Street Condition,Pothole,MANHATTAN,nan,40.72876864308615,-73.98443144128736,,nan,16591.571428571428,6876.0,15,0,15.457604250868055,0,0,0.7,4,45.0,1,Medium,14,0.0,1.0,0.0,0.0
68538161,2026-04-02 13:16:37,Open,Street Condition,Pothole,MANHATTAN,nan,40.79156987284118,-73.94467676956667,,nan,16591.571428571428,6876.0,32,1,23.31853017679398,0,0,0.7,4,44.9,1,Medium,14,0.0,0.989,0.011,0.0
68555819,2026-04-03 08:48:26,Closed,Street Condition,Pothole,MANHATTAN,nan,40.74959134960163,-74.00278625353856,2026-04-03 08:48:26,nan,16591.571428571428,6876.0,13,0,22.504768602719906,0,0,0.7,4,44.8,1,Medium,14,0.0,1.0,0.0,0.0
68614433,2026-04-04 08:16:52,Closed,Street Condition,Pothole,MANHATTAN,nan,40.76671457146749,-73.98287746335355,2026-04-04 08:16:52,nan,16591.571428571428,6876.0,36,0,21.526689899016205,0,0,0.7,4,44.8,1,Medium,14,0.0,1.0,0.0,0.0
68525124,2026-03-31 22:16:07,Open,Street Condition,Pothole,MANHATTAN,nan,40.740879120068314,-73.99006895453684,,nan,16591.571428571428,6876.0,21,0,24.943877399016205,0,0,0.7,3,44.8,1,Medium,14,0.0,1.0,0.0,0.0
68532345,2026-04-01 09:07:09,Open,Street Condition,Pothole,MANHATTAN,nan,40.73032038707009,-74.00468691277086,,nan,16591.571428571428,6876.0,22,0,24.491770917534726,0,0,0.7,4,44.8,1,Medium,14,0.0,1.0,0.0,0.0
68577460,2026-04-06 11:16:19,Closed,Street Condition,Pothole,MANHATTAN,nan,40.743470365882054,-74.0072320454733,2026-04-06 11:16:19,nan,16591.571428571428,6876.0,24,0,19.402071843460647,0,0,0.7,4,44.8,1,Medium,14,0.0,1.0,0.0,0.0
68582305,2026-04-06 14:19:41,Open,Street Condition,Pothole,MANHATTAN,nan,40.75095971658909,-73.98272270758387,,nan,16591.571428571428,6876.0,39,0,19.274733880497685,0,0,0.7,4,44.8,1,Medium,14,0.0,1.0,0.0,0.0
68526182,2026-04-01 09:41:44,Closed,Street Condition,Pothole,MANHATTAN,nan,40.74087343181759,-73.98798314731042,2026-04-01 09:41:44,nan,16591.571428571428,6876.0,27,0,24.46775471383102,0,0,0.7,4,44.7,1,Medium,14,0.0,1.0,0.0,0.0
68541973,2026-04-02 22:35:58,Closed,Street Condition,Pothole,STATEN ISLAND,nan,40.63760127990224,-74.13365268891644,2026-04-18 22:55:00,nan,23788.714285714286,2762.0,13,0,22.930092676793983,4,0,0.7,4,44.7,1,Medium,14,0.0,1.0,0.0,0.0
68580281,2026-04-06 18:33:17,Closed,Street Condition,Pothole,MANHATTAN,nan,40.80302479548549,-73.93630900064602,2026-04-06 18:33:17,nan,16591.571428571428,6876.0,37,1,19.098622769386573,0,0,0.7,4,44.7,1,Medium,14,0.0,1.0,0.0,0.0
68543973,2026-04-02 12:05:58,Closed,Street Condition,Pothole,MANHATTAN,nan,40.822836414306245,-73.94191565088148,2026-04-02 12:05:58,nan,16591.571428571428,6876.0,31,1,23.367592676793983,0,0,0.7,4,44.7,1,Medium,14,0.0,0.99,0.01,0.0
68542765,2026-04-02 12:32:55,Closed,Street Condition,Pothole,MANHATTAN,nan,40.75272309509201,-73.99678771731794,2026-04-02 12:32:55,nan,16591.571428571428,6876.0,33,0,23.348877399016203,0,0,0.7,4,44.7,1,Medium,14,0.0,0.999,0.001,0.0
68652957,2026-04-13 19:47:01,Open,Street Condition,Pothole,MANHATTAN,nan,40.75899755593863,-73.99593192853008,,nan,16591.571428571428,6876.0,39,1,12.04741906568287,0,0,0.7,4,44.7,1,Medium,14,0.0,0.997,0.002,0.0
68578843,2026-04-06 12:46:05,Closed,Street Condition,Pothole,MANHATTAN,nan,40.768023997074046,-73.97028136310426,2026-04-06 12:46:05,nan,16591.571428571428,6876.0,10,0,19.339733880497686,0,0,0.7,4,44.7,1,Medium,14,0.0,1.0,0.0,0.0
68613107,2026-04-09 11:29:37,Closed,Street Condition,Pothole,MANHATTAN,nan,40.768023997074046,-73.97028136310426,2026-04-09 11:29:37,nan,16591.571428571428,6876.0,10,0,16.392835732349536,0,0,0.7,4,44.7,1,Medium,14,0.0,1.0,0.0,0.0
68524584,2026-03-31 14:18:43,Closed,Street Condition,Pothole,MANHATTAN,nan,40.768023997074046,-73.97028136310426,2026-03-31 14:18:43,nan,16591.571428571428,6876.0,10,0,25.275405176793985,0,0,0.7,3,44.6,1,Medium,14,0.0,0.998,0.002,0.0
68521411,2026-03-31 19:10:52,Closed,Street Condition,Pothole,MANHATTAN,nan,40.772420193583955,-73.97872406623014,2026-03-31 19:10:52,nan,16591.571428571428,6876.0,18,0,25.07252323234954,0,0,0.7,3,44.6,1,Medium,14,0.0,0.998,0.002,0.0
68530470,2026-04-01 07:46:53,Closed,Street Condition,Pothole,MANHATTAN,nan,40.73529333298005,-73.98781816899559,2026-04-01 07:46:53,nan,16591.571428571428,6876.0,17,0,24.547511658275464,0,0,0.7,4,44.6,1,Medium,14,0.0,1.0,0.0,0.0
68531857,2026-04-01 21:35:24,Closed,Street Condition,Pothole,MANHATTAN,nan,40.75205890698893,-74.00098172154796,2026-04-01 21:35:24,nan,16591.571428571428,6876.0,22,1,23.972152861979165,0,0,0.7,4,44.6,1,Medium,14,0.0,1.0,0.0,0.0
68529035,2026-04-01 20:08:33,Closed,Street Condition,Pothole,MANHATTAN,nan,40.75205890698893,-74.00098172154796,2026-04-01 20:08:33,nan,16591.571428571428,6876.0,22,1,24.032465361979167,0,0,0.7,4,44.6,1,Medium,14,0.0,1.0,0.0,0.0
68533328,2026-04-01 12:58:31,Closed,Street Condition,Pothole,MANHATTAN,nan,40.75205890698893,-74.00098172154796,2026-04-01 12:58:31,nan,16591.571428571428,6876.0,22,1,24.33109962123843,0,0,0.7,4,44.6,1,Medium,14,0.0,0.999,0.001,0.0
68595854,2026-04-07 12:28:03,Closed,Street Condition,Pothole,MANHATTAN,nan,40.82642774203356,-73.95045075558801,2026-04-07 12:28:03,nan,16591.571428571428,6876.0,27,0,18.352257028645834,0,0,0.7,4,44.6,1,Medium,14,0.0,1.0,0.0,0.0
68593629,2026-04-07 12:27:00,Open,Street Condition,Pothole,MANHATTAN,nan,40.82642774203356,-73.95045075558801,,nan,16591.571428571428,6876.0,27,0,18.3529861953125,0,0,0.7,4,44.6,1,Medium,14,0.0,1.0,0.0,0.0
68583202,2026-04-06 17:42:51,Closed,Street Condition,Pothole,MANHATTAN,nan,40.772420193583955,-73.97872406623014,2026-04-06 17:42:51,nan,16591.571428571428,6876.0,18,0,19.13364591753472,0,0,0.7,4,44.5,1,Medium,14,0.0,1.0,0.0,0.0
68604419,2026-04-08 15:26:14,Open,Street Condition,Pothole,MANHATTAN,WEST   34 STREET,40.75239361011562,-73.99392556739669,,nan,16591.571428571428,6876.0,30,0,17.22851860271991,0,0,0.7,4,44.5,1,Medium,14,0.0,1.0,0.0,0.0
68599162,2026-04-08 15:25:59,Open,Street Condition,Pothole,MANHATTAN,WEST   34 STREET,40.752396357515934,-73.9939760971878,,nan,16591.571428571428,6876.0,30,0,17.228692213831017,0,0,0.7,4,44.5,1,Medium,14,0.0,1.0,0.0,0.0
68583749,2026-04-05 16:49:35,Open,Street Condition,Pothole,MANHATTAN,nan,40.71345391056393,-73.99730904374887,,nan,16591.571428571428,6876.0,20,1,20.170636658275463,0,0,0.7,4,44.5,1,Medium,14,0.0,1.0,0.0,0.0
68526178,2026-04-01 19:24:55,Closed,Street Condition,Pothole,MANHATTAN,nan,40.813389933961254,-73.95625868043503,2026-04-01 19:24:55,nan,16591.571428571428,6876.0,30,0,24.06276628790509,0,0,0.7,4,44.5,1,Medium,14,0.0,0.999,0.001,0.0
68544499,2026-04-02 11:07:55,Open,Street Condition,Pothole,STATEN ISLAND,nan,40.542673015701205,-74.16476514032898,,nan,23788.714285714286,2762.0,10,1,23.40790517679398,4,0,0.7,4,44.5,1,Medium,14,0.0,1.0,0.0,0.0
68576545,2026-04-06 06:55:39,Open,Street Condition,Pothole,MANHATTAN,nan,40.772877596081386,-73.99341102231814,,nan,16591.571428571428,6876.0,11,0,19.583090361979167,0,0,0.7,4,44.4,1,Medium,14,0.0,1.0,0.0,0.0
68601800,2026-04-08 08:42:21,Open,Street Condition,Pothole,MANHATTAN,nan,40.78152514006051,-73.96041405700397,,nan,16591.571428571428,6876.0,10,1,17.508993139756946,0,0,0.7,4,44.4,1,Medium,14,0.0,1.0,0.0,0.0
68536266,2026-04-01 17:55:08,Closed,Street Condition,Pothole,MANHATTAN,nan,40.77879404063979,-73.98205472388632,2026-04-01 17:55:08,nan,16591.571428571428,6876.0,24,0,24.125115824942128,0,0,0.7,4,44.4,1,Medium,14,0.0,0.999,0.0,0.0
68590268,2026-04-07 12:57:35,Closed,Street Condition,Pothole,MANHATTAN,nan,40.703099960609336,-74.01299825749884,2026-04-07 12:57:35,nan,16591.571428571428,6876.0,14,1,18.331747769386574,0,0,0.7,4,44.4,1,Medium,14,0.0,1.0,0.0,0.0
68580854,2026-04-06 14:53:36,Open,Street Condition,Pothole,MANHATTAN,nan,40.73043027259946,-74.0001226753633,,nan,16591.571428571428,6876.0,23,0,19.251180639756946,0,0,0.7,4,44.4,1,Medium,14,0.0,1.0,0.0,0.0
68533325,2026-04-01 21:08:10,Closed,Street Condition,Pothole,MANHATTAN,nan,40.772420193583955,-73.97872406623014,2026-04-01 21:08:10,nan,16591.571428571428,6876.0,18,0,23.991064899016205,0,0,0.7,4,44.3,1,Medium,14,0.0,0.999,0.001,0.0
68518278,2026-03-31 21:27:05,Closed,Street Condition,Pothole,MANHATTAN,nan,40.75723230481567,-73.98979219054627,2026-03-31 21:27:05,nan,16591.571428571428,6876.0,53,1,24.97792832494213,0,0,0.7,3,44.3,1,Medium,14,0.0,0.963,0.037,0.0
68543975,2026-04-02 10:16:53,Closed,Street Condition,Pothole,MANHATTAN,nan,40.74754283979385,-73.97078132715654,2026-04-02 10:16:53,nan,16591.571428571428,6876.0,24,0,23.443344991608797,0,0,0.7,4,44.3,1,Medium,14,0.0,1.0,0.0,0.0
68523034,2026-03-31 15:19:09,Closed,Street Condition,Pothole,MANHATTAN,nan,40.784463837399464,-73.97736608261471,2026-03-31 15:19:09,nan,16591.571428571428,6876.0,13,0,25.23343758420139,0,0,0.7,3,44.3,1,Medium,14,0.0,0.999,0.001,0.0
68540748,2026-04-02 10:55:09,Open,Street Condition,Pothole,MANHATTAN,nan,40.71939633294734,-74.00188311582531,,nan,16591.571428571428,6876.0,43,1,23.416770917534723,0,0,0.7,4,44.2,1,Medium,14,0.0,0.998,0.002,0.0
68549304,2026-04-02 07:00:00,Closed,Street Condition,Pothole,STATEN ISLAND,nan,40.57455772050901,-74.1056434016304,2026-04-03 09:05:00,nan,23788.714285714286,2762.0,16,0,23.580069528645833,4,0,0.7,4,44.2,1,Medium,14,0.0,1.0,0.0,0.0
68586633,2026-04-07 13:18:24,Open,Street Condition,Pothole,MANHATTAN,nan,40.71855584723336,-73.98820001110087,,nan,16591.571428571428,6876.0,51,1,18.317291750868055,0,0,0.7,4,44.2,1,Medium,14,0.0,1.0,0.0,0.0
68617096,2026-04-04 08:58:33,Closed,Street Condition,Pothole,MANHATTAN,nan,40.80191964361971,-73.94343648432925,2026-04-04 08:58:33,nan,16591.571428571428,6876.0,24,0,21.497743139756945,0,0,0.7,4,44.2,1,Medium,14,0.0,1.0,0.0,0.0
68576542,2026-04-06 18:39:29,Open,Street Condition,Pothole,MANHATTAN,nan,40.805063962899816,-73.94116538504032,,nan,16591.571428571428,6876.0,23,1,19.09431721383102,0,0,0.7,4,44.2,1,Medium,14,0.0,1.0,0.0,0.0
68521956,2026-03-31 16:17:48,Closed,Street Condition,Pothole,MANHATTAN,nan,40.73273021110799,-73.99381550499122,2026-04-18 23:22:00,nan,16591.571428571428,6876.0,10,0,25.192708417534725,0,0,0.7,3,44.2,1,Medium,14,0.0,1.0,0.0,0.0
68526652,2026-04-01 17:52:37,Open,Street Condition,Pothole,MANHATTAN,nan,40.82470398361395,-73.94426983454724,,nan,16591.571428571428,6876.0,24,1,24.126863510127315,0,0,0.7,4,44.2,1,Medium,14,0.0,0.999,0.001,0.0
68536744,2026-04-01 13:10:31,Open,Street Condition,Pothole,MANHATTAN,AVENUE A,40.72265901427927,-73.98599138552702,,nan,16591.571428571428,12784.0,31,0,24.322766287905097,0,0,0.7,4,44.1,1,Medium,14,0.0,0.999,0.001,0.0
68578844,2026-04-06 12:03:24,Closed,Street Condition,Pothole,MANHATTAN,nan,40.784463837399464,-73.97736608261471,2026-04-06 12:03:24,nan,16591.571428571428,6876.0,13,0,19.369375084201387,0,0,0.7,4,44.1,1,Medium,14,0.0,1.0,0.0,0.0
68527611,2026-03-31 23:09:57,Closed,Street Condition,Pothole,MANHATTAN,nan,40.782022522199455,-73.97172308400239,2026-04-01 21:10:00,nan,16591.571428571428,6876.0,10,0,24.906493139756947,0,0,0.7,3,44.1,1,Medium,14,0.0,0.999,0.001,0.0
68586117,2026-04-07 12:32:24,Closed,Street Condition,Pothole,MANHATTAN,nan,40.72652715467351,-73.99584371348764,2026-04-07 12:32:24,nan,16591.571428571428,6876.0,27,1,18.3492361953125,0,0,0.7,4,44.1,1,Medium,14,0.0,1.0,0.0,0.0
68548486,2026-04-03 16:10:51,Open,Street Condition,Pothole,MANHATTAN,nan,40.75551612733907,-73.98362389022031,,nan,16591.571428571428,6876.0,30,1,22.19753480642361,0,0,0.7,4,44.1,1,Medium,14,0.0,0.92,0.08,0.0
68580859,2026-04-05 07:33:49,Open,Street Condition,Pothole,MANHATTAN,nan,40.75843576990982,-73.9789126235086,,nan,16591.571428571428,6876.0,23,1,20.556585732349536,0,0,0.7,4,44.1,1,Medium,14,0.0,0.999,0.001,0.0
68526176,2026-04-01 21:16:38,Closed,Street Condition,Pothole,MANHATTAN,nan,40.7207459377075,-73.98615773607546,2026-04-01 21:16:38,nan,16591.571428571428,6876.0,33,1,23.985185269386573,0,0,0.7,4,44.1,1,Medium,14,0.0,0.998,0.002,0.0
68534818,2026-04-01 10:35:34,Closed,Street Condition,Pothole,MANHATTAN,nan,40.77178075517688,-73.9791936146363,2026-04-01 10:35:34,nan,16591.571428571428,6876.0,22,0,24.43037045457176,0,0,0.7,4,44.1,1,Medium,14,0.0,0.999,0.001,0.0
68538950,2026-04-03 00:16:58,Closed,Street Condition,Pothole,MANHATTAN,nan,40.762179295833846,-73.96612906924031,2026-04-03 00:16:58,nan,16591.571428571428,6876.0,36,0,22.85995378790509,0,0,0.7,4,44.0,1,Medium,14,0.0,0.996,0.004,0.0
68597182,2026-04-08 17:36:28,Closed,Street Condition,Pothole,MANHATTAN,nan,40.78858546268302,-73.95528188275227,2026-04-08 17:36:28,nan,16591.571428571428,6876.0,16,1,17.13807878790509,0,0,0.7,4,44.0,1,Medium,14,0.0,1.0,0.0,0.0
68617603,2026-04-04 14:38:14,Open,Street Condition,Pothole,MANHATTAN,nan,40.763430625127384,-73.96521152160896,,nan,16591.571428571428,6876.0,31,0,21.26185193605324,0,0,0.7,4,44.0,1,Medium,14,0.0,1.0,0.0,0.0
68583742,2026-04-06 16:45:22,Open,Street Condition,Pothole,MANHATTAN,nan,40.74406555204563,-73.98774799711626,,nan,16591.571428571428,6876.0,24,1,19.173564899016203,0,0,0.7,4,44.0,1,Medium,14,0.0,1.0,0.0,0.0
68534813,2026-04-01 17:43:47,Closed,Street Condition,Pothole,MANHATTAN,nan,40.76671457146749,-73.98287746335355,2026-04-01 17:43:47,nan,16591.571428571428,6876.0,36,0,24.132997769386574,0,0,0.7,4,44.0,1,Medium,14,0.0,0.998,0.002,0.0
68586632,2026-04-07 14:48:33,Open,Street Condition,Pothole,MANHATTAN,nan,40.785872776944075,-73.95304482027292,,nan,16591.571428571428,6876.0,19,0,18.25468758420139,0,0,0.7,4,44.0,1,Medium,14,0.0,1.0,0.0,0.0
68537634,2026-04-01 01:26:46,Closed,Street Condition,Pothole,MANHATTAN,nan,40.758536999546784,-73.97720163085391,2026-04-02 16:50:00,nan,16591.571428571428,6876.0,22,1,24.81148156568287,0,0,0.7,4,44.0,1,Medium,14,0.0,0.9,0.1,0.0
68529480,2026-04-01 20:38:52,Closed,Street Condition,Pothole,MANHATTAN,nan,40.838560051668395,-73.94585559942595,2026-04-21 12:28:00,nan,16591.571428571428,6876.0,16,1,24.011412121238425,0,0,0.7,4,44.0,1,Medium,14,0.0,0.999,0.001,0.0
68603845,2026-04-08 20:10:55,Closed,Street Condition,Pothole,MANHATTAN,nan,40.72579709959914,-73.99761160457604,2026-04-08 20:10:55,nan,16591.571428571428,6876.0,29,1,17.030821843460647,0,0,0.7,4,44.0,1,Medium,14,0.0,1.0,0.0,0.0
68553715,2026-04-03 11:56:55,Open,Street Condition,Pothole,MANHATTAN,nan,40.80191964361971,-73.94343648432925,,nan,16591.571428571428,6876.0,24,0,22.373877399016205,0,0,0.7,4,43.9,1,Medium,14,0.0,1.0,0.0,0.0
68541992,2026-04-02 18:29:49,Open,Street Condition,Pothole,MANHATTAN,nan,40.78858546268302,-73.95528188275227,,nan,16591.571428571428,6876.0,16,1,23.10103017679398,0,0,0.7,4,43.9,1,Medium,14,0.0,0.999,0.001,0.0
68586628,2026-04-08 00:16:06,Open,Street Condition,Pothole,MANHATTAN,nan,40.772420193583955,-73.97872406623014,,nan,16591.571428571428,6876.0,18,0,17.860555639756946,0,0,0.7,4,43.9,1,Medium,14,0.0,1.0,0.0,0.0
68598579,2026-04-08 16:46:07,Closed,Street Condition,Pothole,MANHATTAN,nan,40.810175405186904,-73.93740755930494,2026-04-08 16:46:07,nan,16591.571428571428,6876.0,24,1,17.17304406568287,0,0,0.7,4,43.9,1,Medium,14,0.0,1.0,0.0,0.0
68526180,2026-04-01 15:43:41,Closed,Street Condition,Pothole,MANHATTAN,nan,40.76671457146749,-73.98287746335355,2026-04-01 15:43:41,nan,16591.571428571428,6876.0,36,0,24.21640054716435,0,0,0.7,4,43.9,1,Medium,14,0.0,0.998,0.002,0.0
68608405,2026-04-09 06:26:33,Closed,Street Condition,Pothole,STATEN ISLAND,nan,40.62736690658295,-74.16655934062803,2026-04-11 13:02:00,nan,23788.714285714286,2762.0,19,0,16.6032986953125,4,0,0.7,4,43.9,1,Medium,14,0.0,1.0,0.0,0.0
68528081,2026-04-01 15:14:40,Open,Street Condition,Pothole,MANHATTAN,nan,40.80113992130737,-73.93768695042657,,nan,16591.571428571428,6876.0,25,1,24.236551010127314,0,0,0.7,4,43.9,1,Medium,14,0.0,0.999,0.001,0.0
68617602,2026-04-04 15:53:41,Closed,Street Condition,Pothole,MANHATTAN,nan,40.73409420697807,-74.00849032360021,2026-04-19 01:48:00,nan,16591.571428571428,6876.0,16,0,21.20945610271991,0,0,0.7,4,43.9,1,Medium,14,0.0,1.0,0.0,0.0
68587999,2026-04-07 14:50:24,Open,Street Condition,Pothole,MANHATTAN,LUDLOW STREET,40.71933266694489,-73.98872656829808,,nan,16591.571428571428,4784.0,50,1,18.253402861979165,0,0,0.7,4,43.9,1,Medium,14,0.0,1.0,0.0,0.0
68551095,2026-04-03 10:49:05,Closed,Street Condition,Pothole,MANHATTAN,nan,40.75084374656644,-73.97860824436275,2026-04-17 10:11:00,nan,16591.571428571428,6876.0,29,0,22.420983880497683,0,0,0.7,4,43.9,1,Medium,14,0.0,1.0,0.0,0.0
68546676,2026-04-02 17:50:02,Closed,Street Condition,Pothole,MANHATTAN,nan,40.82710272804978,-73.94995522516277,2026-04-02 17:50:02,nan,16591.571428571428,6876.0,22,1,23.128657491608795,0,0,0.7,4,43.9,1,Medium,14,0.0,0.999,0.001,0.0
68555820,2026-04-03 07:50:36,Closed,Street Condition,Pothole,MANHATTAN,nan,40.75205890698893,-74.00098172154796,2026-04-03 07:50:36,nan,16591.571428571428,6876.0,22,1,22.544930639756945,0,0,0.7,4,43.9,1,Medium,14,0.0,1.0,0.0,0.0
68603130,2026-04-08 15:26:27,Open,Street Condition,Pothole,MANHATTAN,nan,40.75470728755256,-73.9916333785805,,nan,16591.571428571428,6876.0,29,1,17.228368139756945,0,0,0.7,4,43.9,1,Medium,14,0.0,1.0,0.0,0.0
68603140,2026-04-08 11:04:04,Closed,Street Condition,Pothole,STATEN ISLAND,nan,40.57858394437325,-74.09996193059385,2026-04-11 21:47:00,nan,23788.714285714286,2762.0,11,0,17.41057878790509,4,0,0.7,4,43.9,1,Medium,14,0.0,1.0,0.0,0.0
68521412,2026-03-31 18:22:29,Closed,Street Condition,Pothole,MANHATTAN,nan,40.772420193583955,-73.97872406623014,2026-03-31 18:22:29,nan,16591.571428571428,6876.0,18,0,25.106122769386577,0,0,0.7,3,43.9,1,Medium,14,0.0,0.999,0.001,0.0
68580857,2026-04-05 22:14:16,Open,Street Condition,Pothole,MANHATTAN,nan,40.781130030511314,-73.98352731959616,,nan,16591.571428571428,6876.0,12,0,19.945162121238425,0,0,0.7,4,43.8,1,Medium,14,0.0,1.0,0.0,0.0
68581745,2026-04-06 15:53:54,Closed,Street Condition,Pothole,MANHATTAN,nan,40.80297085227577,-73.96386162910126,2026-04-06 15:53:54,nan,16591.571428571428,6876.0,16,0,19.209305639756945,0,0,0.7,4,43.8,1,Medium,14,0.0,1.0,0.0,0.0
68554526,2026-04-02 15:29:31,Closed,Street Condition,Pothole,BROOKLYN,FLATBUSH AVENUE,40.64299880518502,-73.95770723147535,2026-04-03 13:47:00,nan,16996.0,51131.0,20,1,23.226238510127313,1,0,0.7,4,43.8,1,Medium,14,0.0,1.0,0.0,0.0
68584652,2026-04-06 17:57:04,Closed,Street Condition,Pothole,MANHATTAN,nan,40.7207459377075,-73.98615773607546,2026-04-06 17:57:05,nan,16591.571428571428,6876.0,33,1,19.123773232349535,0,0,0.7,4,43.8,1,Medium,14,0.0,1.0,0.0,0.0
68531862,2026-04-01 10:09:29,Closed,Street Condition,Pothole,MANHATTAN,nan,40.768646934861145,-73.96982620375891,2026-04-01 10:09:29,nan,16591.571428571428,6876.0,9,0,24.448483880497687,0,0,0.7,4,43.8,1,Medium,14,0.0,0.998,0.002,0.0
68616281,2026-04-04 16:21:47,Pending,Street Condition,Pothole,MANHATTAN,nan,40.72784608591825,-73.982227193827,,nan,16591.571428571428,6876.0,10,0,21.189942213831017,0,0,0.7,4,43.8,1,Medium,14,0.0,1.0,0.0,0.0
68583206,2026-04-05 12:50:07,Closed,Street Condition,Pothole,MANHATTAN,nan,40.77691018988725,-73.95747053636883,2026-04-05 12:50:07,nan,16591.571428571428,6876.0,14,0,20.336932954571758,0,0,0.7,4,43.8,1,Medium,14,0.0,1.0,0.0,0.0
68529041,2026-04-01 07:21:55,Closed,Street Condition,Pothole,MANHATTAN,nan,40.77153888158767,-73.97740657870578,2026-04-01 07:21:55,nan,16591.571428571428,6876.0,16,0,24.564849621238427,0,0,0.7,4,43.8,1,Medium,14,0.0,0.998,0.002,0.0
68555818,2026-04-03 10:40:50,Closed,Street Condition,Pothole,MANHATTAN,nan,40.74444307525026,-73.97905779791937,2026-04-03 10:40:50,nan,16591.571428571428,6876.0,22,1,22.426713047164352,0,0,0.7,4,43.8,1,Medium,14,0.0,0.999,0.0,0.0
68580289,2026-04-05 11:23:27,Closed,Street Condition,Pothole,MANHATTAN,nan,40.79428457504224,-73.95111031407929,2026-04-05 11:23:27,nan,16591.571428571428,6876.0,12,1,20.397118139756945,0,0,0.7,4,43.8,1,Medium,14,0.0,1.0,0.0,0.0
68548487,2026-04-03 14:09:47,Closed,Street Condition,Pothole,MANHATTAN,nan,40.70983538437904,-74.0148752026835,2026-04-18 13:00:00,nan,16591.571428571428,6876.0,19,1,22.281608880497686,0,0,0.7,4,43.7,1,Medium,14,0.0,0.999,0.001,0.0
68586119,2026-04-07 10:01:38,Closed,Street Condition,Pothole,MANHATTAN,nan,40.84783950740333,-73.9395227268926,2026-04-07 10:01:38,nan,16591.571428571428,6876.0,23,1,18.453935269386573,0,0,0.7,4,43.7,1,Medium,14,0.0,1.0,0.0,0.0
68546677,2026-04-02 10:00:54,Closed,Street Condition,Pothole,MANHATTAN,nan,40.77102399632221,-73.95364737877979,2026-04-02 10:00:54,nan,16591.571428571428,6876.0,14,0,23.454444528645833,0,0,0.7,4,43.7,1,Medium,14,0.0,1.0,0.0,0.0
68516692,2026-03-31 12:43:59,Closed,Street Condition,Pothole,MANHATTAN,nan,40.84105168954552,-73.9446789892306,2026-03-31 12:43:59,nan,16591.571428571428,6876.0,23,1,25.34119221383102,0,0,0.7,3,43.7,1,Medium,14,0.0,0.999,0.001,0.0
68555817,2026-04-03 17:38:08,Closed,Street Condition,Pothole,MANHATTAN,nan,40.77102399632221,-73.95364737877979,2026-04-03 17:38:08,nan,16591.571428571428,6876.0,14,0,22.136921380497686,0,0,0.7,4,43.7,1,Medium,14,0.0,0.999,0.001,0.0
68541998,2026-04-02 09:02:38,Open,Street Condition,Pothole,MANHATTAN,nan,40.79630128660878,-73.93828379349273,,nan,16591.571428571428,6876.0,21,0,23.494907491608796,0,0,0.7,4,43.7,1,Medium,14,0.0,1.0,0.0,0.0
68525131,2026-03-31 13:24:31,Open,Street Condition,Pothole,MANHATTAN,nan,40.82264393376656,-73.95321759407697,,nan,16591.571428571428,6876.0,16,1,25.313044065682874,0,0,0.7,3,43.7,1,Medium,14,0.0,0.999,0.001,0.0
68585166,2026-04-05 19:56:28,Closed,Street Condition,Pothole,MANHATTAN,nan,40.72463333863871,-73.99858574825272,2026-04-18 21:11:00,nan,16591.571428571428,6876.0,36,1,20.04085656568287,0,0,0.7,4,43.7,1,Medium,14,0.0,1.0,0.0,0.0
68531861,2026-04-01 10:36:20,Closed,Street Condition,Pothole,MANHATTAN,nan,40.79236257545369,-73.9641743612929,2026-04-01 10:36:20,nan,16591.571428571428,6876.0,13,0,24.429838047164353,0,0,0.7,4,43.7,1,Medium,14,0.0,0.999,0.001,0.0
68515099,2026-03-31 13:45:52,Closed,Street Condition,Pothole,MANHATTAN,nan,40.84105168954552,-73.9446789892306,2026-03-31 13:45:52,nan,16591.571428571428,6876.0,23,1,25.298217676793985,0,0,0.7,3,43.7,1,Medium,14,0.0,0.999,0.001,0.0
68587464,2026-04-07 23:48:46,Closed,Street Condition,Pothole,MANHATTAN,nan,40.77153888158767,-73.97740657870578,2026-04-07 23:48:46,nan,16591.571428571428,6876.0,16,0,17.879537121238425,0,0,0.7,4,43.7,1,Medium,14,0.0,1.0,0.0,0.0
68547189,2026-04-02 11:42:40,Closed,Street Condition,Pothole,MANHATTAN,nan,40.71801847902286,-73.99995671087599,2026-04-18 10:30:00,nan,16591.571428571428,6876.0,37,1,23.383773232349537,0,0,0.7,4,43.7,1,Medium,14,0.0,0.997,0.003,0.0
68593623,2026-04-07 21:10:24,Closed,Street Condition,Pothole,MANHATTAN,nan,40.7165333703795,-74.00667359125764,2026-04-19 00:55:00,nan,16591.571428571428,6876.0,33,1,17.98951397309028,0,0,0.7,4,43.7,1,Medium,14,0.0,1.0,0.0,0.0
68524577,2026-03-31 21:55:23,Closed,Street Condition,Pothole,MANHATTAN,nan,40.77691018988725,-73.95747053636883,2026-03-31 21:55:23,nan,16591.571428571428,6876.0,14,0,24.958275547164355,0,0,0.7,3,43.7,1,Medium,14,0.0,1.0,0.0,0.0
68613101,2026-04-09 01:34:03,Closed,Street Condition,Pothole,MANHATTAN,nan,40.74524269734116,-73.98479209057659,2026-04-10 00:01:00,nan,16591.571428571428,6876.0,20,1,16.8064236953125,0,0,0.7,4,43.7,1,Medium,14,0.0,1.0,0.0,0.0
68586630,2026-04-07 20:56:27,Closed,Street Condition,Pothole,MANHATTAN,nan,40.72205840806263,-74.00905879831394,2026-04-18 23:00:00,nan,16591.571428571428,6876.0,11,0,17.999201473090277,0,0,0.7,4,43.6,1,Medium,14,0.0,1.0,0.0,0.0
68547964,2026-04-03 07:59:30,Closed,Street Condition,Pothole,MANHATTAN,nan,40.71983813771646,-74.00518762166442,2026-04-03 07:59:30,nan,16591.571428571428,6876.0,29,1,22.53875008420139,0,0,0.7,4,43.6,1,Medium,14,0.0,1.0,0.0,0.0
68528080,2026-04-01 17:21:43,Closed,Street Condition,Pothole,MANHATTAN,nan,40.72652715467351,-73.99584371348764,2026-04-18 01:30:00,nan,16591.571428571428,6876.0,27,1,24.148321843460646,0,0,0.7,4,43.6,1,Medium,14,0.0,0.999,0.001,0.0
68541994,2026-04-02 17:33:58,Closed,Street Condition,Pothole,MANHATTAN,nan,40.703099960609336,-74.01299825749884,2026-04-18 10:25:00,nan,16591.571428571428,6876.0,14,1,23.139814899016205,0,0,0.7,4,43.6,1,Medium,14,0.0,1.0,0.0,0.0
68550593,2026-04-03 15:53:36,Closed,Street Condition,Pothole,MANHATTAN,nan,40.77402161430348,-73.95455873895823,2026-04-03 15:53:36,nan,16591.571428571428,6876.0,12,0,22.209513973090278,0,0,0.7,4,43.6,1,Medium,14,0.0,0.999,0.001,0.0
68543977,2026-04-02 08:47:16,Closed,Street Condition,Pothole,MANHATTAN,nan,40.74840016262004,-73.99993864577306,2026-04-02 08:47:16,nan,16591.571428571428,6876.0,14,0,23.505578787905094,0,0,0.7,4,43.6,1,Medium,14,0.0,1.0,0.0,0.0
68555832,2026-04-02 07:00:00,Closed,Street Condition,Pothole,STATEN ISLAND,nan,40.58124222955123,-74.09843949171652,2026-04-03 09:45:00,nan,23788.714285714286,2762.0,9,0,23.580069528645833,4,0,0.7,4,43.6,1,Medium,14,0.0,1.0,0.0,0.0
68584654,2026-04-06 11:24:32,Closed,Street Condition,Pothole,MANHATTAN,nan,40.72931039303492,-73.99788568956492,2026-04-06 11:24:32,nan,16591.571428571428,6876.0,12,1,19.39636582494213,0,0,0.7,4,43.6,1,Medium,14,0.0,1.0,0.0,0.0
68528083,2026-04-01 08:19:23,Open,Street Condition,Pothole,MANHATTAN,nan,40.82537981332873,-73.94005260789764,,nan,16591.571428571428,6876.0,21,1,24.52494221383102,0,0,0.7,4,43.6,1,Medium,14,0.0,0.998,0.002,0.0
68578842,2026-04-06 13:46:18,Closed,Street Condition,Pothole,MANHATTAN,nan,40.77102399632221,-73.95364737877979,2026-04-06 13:46:18,nan,16591.571428571428,6876.0,14,0,19.297916750868055,0,0,0.7,4,43.6,1,Medium,14,0.0,1.0,0.0,0.0
68612301,2026-04-04 20:54:36,Closed,Street Condition,Pothole,MANHATTAN,nan,40.76085747543163,-73.96106887544212,2026-04-17 08:05:00,nan,16591.571428571428,6876.0,31,1,21.0004861953125,0,0,0.7,4,43.6,1,Medium,14,0.0,0.999,0.001,0.0
68580856,2026-04-06 08:48:02,Open,Street Condition,Pothole,MANHATTAN,nan,40.77039307378342,-73.94807356936934,,nan,16591.571428571428,6876.0,13,0,19.505046380497685,0,0,0.7,4,43.6,1,Medium,14,0.0,1.0,0.0,0.0
68516685,2026-03-31 16:45:57,Closed,Street Condition,Pothole,MANHATTAN,nan,40.768023997074046,-73.97028136310426,2026-03-31 16:45:57,nan,16591.571428571428,6876.0,10,0,25.173159806423612,0,0,0.7,3,43.5,1,Medium,14,0.0,0.998,0.002,0.0
68516683,2026-03-31 17:25:54,Closed,Street Condition,Pothole,MANHATTAN,nan,40.83037249660016,-73.9401420611145,2026-03-31 17:25:54,nan,16591.571428571428,6876.0,21,1,25.14541675086806,0,0,0.7,3,43.5,1,Medium,14,0.0,0.999,0.001,0.0
68575185,2026-04-05 22:09:21,Open,Street Condition,Pothole,MANHATTAN,nan,40.78791319432663,-73.95577707067562,,nan,16591.571428571428,6876.0,12,1,19.948576473090277,0,0,0.7,4,43.5,1,Medium,14,0.0,1.0,0.0,0.0
68585164,2026-04-06 14:37:27,Closed,Street Condition,Pothole,MANHATTAN,nan,40.868113536577496,-73.91975242658049,2026-04-13 21:20:00,nan,16591.571428571428,6876.0,18,1,19.26239591753472,0,0,0.7,4,43.5,1,Medium,14,0.0,1.0,0.0,0.0
68578009,2026-04-06 18:12:07,Open,Street Condition,Pothole,MANHATTAN,nan,40.76843037983207,-73.9615482097735,,nan,16591.571428571428,6876.0,18,0,19.113321843460646,0,0,0.7,4,43.5,1,Medium,14,0.0,1.0,0.0,0.0
68543262,2026-04-02 08:55:00,Open,Street Condition,Pothole,MANHATTAN,nan,40.77025022010101,-73.947792080714,,nan,16591.571428571428,6876.0,13,0,23.500208417534722,0,0,0.7,4,43.5,1,Medium,14,0.0,1.0,0.0,0.0
68537638,2026-04-02 09:43:14,Closed,Street Condition,Pothole,MANHATTAN,nan,40.77025022010101,-73.947792080714,2026-04-02 09:43:14,nan,16591.571428571428,6876.0,13,0,23.46671304716435,0,0,0.7,4,43.5,1,Medium,14,0.0,1.0,0.0,0.0
68593084,2026-04-07 10:25:46,Closed,Street Condition,Pothole,MANHATTAN,nan,40.76671457146749,-73.98287746335355,2026-04-07 10:25:46,nan,16591.571428571428,6876.0,36,0,18.437176010127313,0,0,0.7,4,43.5,1,Medium,14,0.0,1.0,0.0,0.0
68579378,2026-04-06 18:34:53,Open,Street Condition,Pothole,MANHATTAN,nan,40.803698127975856,-73.93791211605358,,nan,16591.571428571428,6876.0,49,1,19.09751165827546,0,0,0.7,4,43.5,1,Medium,14,0.0,1.0,0.0,0.0
68594440,2026-04-07 05:19:14,Closed,Street Condition,Pothole,MANHATTAN,nan,40.731835474021494,-74.00510556763821,2026-04-07 05:19:14,nan,16591.571428571428,6876.0,20,0,18.650046380497685,0,0,0.7,4,43.5,1,Medium,14,0.0,1.0,0.0,0.0
68541991,2026-04-02 22:09:48,Closed,Street Condition,Pothole,MANHATTAN,nan,40.75211987722737,-73.97767664192216,2026-04-08 09:59:00,nan,16591.571428571428,6876.0,28,1,22.948263973090278,0,0,0.7,4,43.5,1,Medium,14,0.0,0.999,0.001,0.0
68598582,2026-04-08 10:40:23,Closed,Street Condition,Pothole,MANHATTAN,nan,40.79998529440173,-73.94484675718117,2026-04-08 10:40:23,nan,16591.571428571428,6876.0,29,1,17.42702554716435,0,0,0.7,4,43.5,1,Medium,14,0.0,1.0,0.0,0.0
68531860,2026-04-01 10:59:31,Closed,Street Condition,Pothole,MANHATTAN,nan,40.83406100800248,-73.94487994277772,2026-04-01 10:59:31,nan,16591.571428571428,6876.0,26,1,24.413738510127317,0,0,0.7,4,43.5,1,Medium,14,0.0,0.998,0.002,0.0
68601235,2026-04-08 08:20:24,Closed,Street Condition,Pothole,MANHATTAN,nan,40.71173825384143,-74.00698692775009,2026-04-08 08:20:24,nan,16591.571428571428,6876.0,23,0,17.5242361953125,0,0,0.7,4,43.5,1,Medium,14,0.0,1.0,0.0,0.0
68536269,2026-04-01 10:21:18,Closed,Street Condition,Pothole,MANHATTAN,nan,40.82642774203356,-73.95045075558801,2026-04-01 10:21:18,nan,16591.571428571428,6876.0,27,0,24.44027786197917,0,0,0.7,4,43.4,1,Medium,14,0.0,1.0,0.0,0.0
68536271,2026-04-01 09:13:20,Closed,Street Condition,Pothole,MANHATTAN,nan,40.7774128851202,-73.97879829456296,2026-04-01 09:13:20,nan,16591.571428571428,6876.0,8,0,24.487476936053245,0,0,0.7,4,43.4,1,Medium,14,0.0,0.998,0.002,0.0
68593079,2026-04-07 19:17:28,Closed,Street Condition,Pothole,MANHATTAN,nan,40.77178075517688,-73.9791936146363,2026-04-07 19:17:28,nan,16591.571428571428,6876.0,22,0,18.067939899016203,0,0,0.7,4,43.4,1,Medium,14,0.0,1.0,0.0,0.0
68591689,2026-04-07 18:42:02,Closed,Street Condition,Pothole,MANHATTAN,nan,40.774679702585445,-73.98220025247693,2026-04-07 18:42:02,nan,16591.571428571428,6876.0,28,0,18.092546380497684,0,0,0.7,4,43.4,1,Medium,14,0.0,1.0,0.0,0.0
68576539,2026-04-06 21:21:40,Open,Street Condition,Pothole,MANHATTAN,nan,40.75866396123414,-73.959720156378,,nan,16591.571428571428,6876.0,16,0,18.981689899016203,0,0,0.7,4,43.4,1,Medium,14,0.0,1.0,0.0,0.0
68530916,2026-04-01 15:54:17,Open,Street Condition,Pothole,MANHATTAN,nan,40.7779047511921,-73.98208745958574,,nan,16591.571428571428,6876.0,20,0,24.209039436053242,0,0,0.7,4,43.4,1,Medium,14,0.0,0.999,0.001,0.0
68595853,2026-04-07 16:31:40,Closed,Street Condition,Pothole,MANHATTAN,nan,40.74905333423899,-73.99574847129311,2026-04-07 16:31:40,nan,16591.571428571428,6876.0,36,0,18.183078787905092,0,0,0.7,4,43.4,1,Medium,14,0.0,1.0,0.0,0.0
68575181,2026-04-06 12:40:24,Open,Street Condition,Pothole,MANHATTAN,nan,40.71543266770755,-74.00754283723096,,nan,16591.571428571428,6876.0,33,1,19.343680639756943,0,0,0.7,4,43.4,1,Medium,14,0.0,1.0,0.0,0.0
68609160,2026-04-09 22:35:43,Closed,Street Condition,Pothole,MANHATTAN,nan,40.72900831955276,-73.99374729799094,2026-04-09 22:35:43,nan,16591.571428571428,6876.0,17,1,15.930266287905093,0,0,0.7,4,43.4,1,Medium,14,0.0,1.0,0.0,0.0
68605688,2026-04-08 15:38:41,Open,Street Condition,Pothole,MANHATTAN,nan,40.73198239186119,-73.98196630142556,,nan,16591.571428571428,6876.0,13,0,17.219872769386573,0,0,0.7,4,43.4,1,Medium,14,0.0,1.0,0.0,0.0
68580852,2026-04-06 18:24:49,Open,Street Condition,Pothole,MANHATTAN,nan,40.8001615240881,-73.93537265155821,,nan,16591.571428571428,6876.0,18,1,19.104502399016205,0,0,0.7,4,43.3,1,Medium,14,0.0,1.0,0.0,0.0
68614432,2026-04-04 10:16:13,Closed,Street Condition,Pothole,MANHATTAN,nan,40.72693345363691,-73.99991701807936,2026-04-04 10:16:13,nan,16591.571428571428,6876.0,16,1,21.44380795457176,0,0,0.7,4,43.3,1,Medium,14,0.0,1.0,0.0,0.0
68595018,2026-04-07 12:14:40,Closed,Street Condition,Pothole,MANHATTAN,nan,40.70554600548607,-74.00794928153533,2026-04-18 11:20:00,nan,16591.571428571428,6876.0,24,0,18.361551010127314,0,0,0.7,4,43.3,1,Medium,14,0.0,1.0,0.0,0.0
68596374,2026-04-07 11:14:15,Closed,Street Condition,Pothole,STATEN ISLAND,nan,40.57917037754895,-74.10105358704087,2026-04-11 21:59:00,nan,23788.714285714286,2762.0,18,0,18.403507028645834,4,0,0.7,4,43.3,1,Medium,14,0.0,1.0,0.0,0.0
68586631,2026-04-07 14:49:20,Open,Street Condition,Pothole,MANHATTAN,LUDLOW STREET,40.72181105404858,-73.98746708538718,,nan,16591.571428571428,4784.0,42,1,18.254143602719907,0,0,0.7,4,43.3,1,Medium,14,0.0,1.0,0.0,0.0
68603848,2026-04-08 15:20:57,Closed,Street Condition,Pothole,MANHATTAN,nan,40.7779047511921,-73.98208745958574,2026-04-08 15:20:57,nan,16591.571428571428,6876.0,20,0,17.232187584201387,0,0,0.7,4,43.3,1,Medium,14,0.0,1.0,0.0,0.0
68583753,2026-04-05 11:19:31,Open,Street Condition,Pothole,MANHATTAN,nan,40.74511581912218,-73.9806599355382,,nan,16591.571428571428,6876.0,24,1,20.399849621238427,0,0,0.7,4,43.3,1,Medium,14,0.0,1.0,0.0,0.0
68526175,2026-04-01 22:07:07,Closed,Street Condition,Pothole,MANHATTAN,nan,40.84604758805665,-73.9402400014605,2026-04-01 22:07:07,nan,16591.571428571428,6876.0,29,1,23.950127399016203,0,0,0.7,4,43.3,1,Medium,14,0.0,0.999,0.001,0.0
68525128,2026-03-31 15:21:04,Open,Street Condition,Pothole,MANHATTAN,nan,40.7521974591802,-73.9818236763463,,nan,16591.571428571428,6876.0,29,1,25.232106565682873,0,0,0.7,3,43.3,1,Medium,14,0.0,0.997,0.002,0.0
68678885,2026-04-15 10:32:26,Closed,Street Condition,Pothole,MANHATTAN,nan,40.802928040912455,-73.96757481807968,2026-04-15 10:32:26,nan,16591.571428571428,6876.0,16,1,10.432546380497685,0,0,0.7,4,43.2,1,Medium,14,0.0,1.0,0.0,0.0
68540224,2026-04-03 02:46:26,Closed,Street Condition,Pothole,MANHATTAN,nan,40.79166282641287,-73.96468394774719,2026-04-03 02:46:26,nan,16591.571428571428,6876.0,13,0,22.756157491608796,0,0,0.7,4,43.2,1,Medium,14,0.0,1.0,0.0,0.0
68540225,2026-04-02 22:05:44,Closed,Street Condition,Pothole,MANHATTAN,nan,40.7434737375789,-73.97675929356365,2026-04-02 22:05:44,nan,16591.571428571428,6876.0,27,1,22.95108804716435,0,0,0.7,4,43.2,1,Medium,14,0.0,0.999,0.001,0.0
68595856,2026-04-07 11:44:55,Closed,Street Condition,Pothole,MANHATTAN,nan,40.80297085227577,-73.96386162910126,2026-04-07 11:44:55,nan,16591.571428571428,6876.0,16,0,18.382210732349538,0,0,0.7,4,43.2,1,Medium,14,0.0,1.0,0.0,0.0
68677901,2026-04-15 07:42:54,Open,Street Condition,Pothole,MANHATTAN,nan,40.73940874906709,-73.97669936553606,,nan,16591.571428571428,6876.0,25,1,10.550277861979167,0,0,0.7,4,43.2,1,Medium,14,0.0,1.0,0.0,0.0
68543972,2026-04-02 16:47:53,Closed,Street Condition,Pothole,MANHATTAN,nan,40.74135012900925,-73.98131059290127,2026-04-02 16:47:53,nan,16591.571428571428,6876.0,25,0,23.17181721383102,0,0,0.7,4,43.2,1,Medium,14,0.0,1.0,0.0,0.0
68513554,2026-03-31 14:02:08,Closed,Street Condition,Pothole,MANHATTAN,nan,40.83406100800248,-73.94487994277772,2026-03-31 14:02:08,nan,16591.571428571428,6876.0,26,1,25.286921380497688,0,0,0.7,3,43.2,1,Medium,14,0.0,0.999,0.001,0.0
68616273,2026-04-09 16:06:15,Open,Street Condition,Pothole,MANHATTAN,nan,40.80356743918114,-73.96714105897546,,nan,16591.571428571428,6876.0,14,1,16.200729250868054,0,0,0.7,4,43.2,1,Medium,14,0.0,1.0,0.0,0.0
68545359,2026-04-03 02:58:22,Closed,Street Condition,Pothole,MANHATTAN,nan,40.79166282641287,-73.96468394774719,2026-04-03 02:58:22,nan,16591.571428571428,6876.0,13,0,22.74787045457176,0,0,0.7,4,43.2,1,Medium,14,0.0,1.0,0.0,0.0
68611034,2026-04-04 17:40:24,Open,Street Condition,Pothole,MANHATTAN,nan,40.75029392324656,-73.99484248924927,,nan,16591.571428571428,6876.0,37,0,21.13534730642361,0,0,0.7,4,43.2,1,Medium,14,0.0,1.0,0.0,0.0
68514054,2026-03-31 22:08:08,Closed,Street Condition,Pothole,MANHATTAN,nan,40.74754283979385,-73.97078132715654,2026-04-03 21:50:00,nan,16591.571428571428,6876.0,24,0,24.94942138049769,0,0,0.7,3,43.1,1,Medium,14,0.0,1.0,0.0,0.0
68596393,2026-04-07 15:23:19,Open,Street Condition,Pothole,MANHATTAN,nan,40.7622904820507,-73.98610578413911,,nan,16591.571428571428,6876.0,32,0,18.23054406568287,0,0,0.7,4,43.1,1,Medium,14,0.0,1.0,0.0,0.0
68609163,2026-04-09 16:12:00,Closed,Street Condition,Pothole,MANHATTAN,nan,40.80180069248254,-73.96107743720668,2026-04-09 16:12:00,nan,16591.571428571428,6876.0,14,1,16.1967361953125,0,0,0.7,4,43.1,1,Medium,14,0.0,1.0,0.0,0.0
68603133,2026-04-08 12:09:19,Open,Street Condition,Pothole,MANHATTAN,nan,40.7258463969861,-73.99446555695982,,nan,16591.571428571428,6876.0,31,1,17.365266287905094,0,0,0.7,4,43.1,1,Medium,14,0.0,1.0,0.0,0.0
68586115,2026-04-07 21:05:47,Closed,Street Condition,Pothole,MANHATTAN,nan,40.758949399914954,-73.96848058993135,2026-04-07 21:05:47,nan,16591.571428571428,6876.0,16,0,17.992719991608794,0,0,0.7,4,43.1,1,Medium,14,0.0,1.0,0.0,0.0
68547185,2026-04-02 23:23:32,Closed,Street Condition,Pothole,MANHATTAN,nan,40.75021802640676,-73.97905598246591,2026-04-17 09:50:00,nan,16591.571428571428,6876.0,25,0,22.897060269386575,0,0,0.7,4,43.1,1,Medium,14,0.0,1.0,0.0,0.0
68607854,2026-04-04 07:08:51,Closed,Street Condition,Pothole,MANHATTAN,nan,40.80297085227577,-73.96386162910126,2026-04-04 07:08:51,nan,16591.571428571428,6876.0,16,0,21.5739236953125,0,0,0.7,4,43.1,1,Medium,14,0.0,1.0,0.0,0.0
68612296,2026-04-09 20:25:44,Open,Street Condition,Pothole,MANHATTAN,nan,40.755780769817505,-74.0019852096343,,nan,16591.571428571428,6876.0,20,1,16.020532491608797,0,0,0.7,4,43.0,1,Medium,14,0.0,1.0,0.0,0.0
68580853,2026-04-06 17:40:38,Open,Street Condition,Pothole,MANHATTAN,nan,40.77178075517688,-73.9791936146363,,nan,16591.571428571428,6876.0,22,0,19.135185269386575,0,0,0.7,4,43.0,1,Medium,14,0.0,1.0,0.0,0.0
68579409,2026-04-05 17:53:01,Closed,Street Condition,Pothole,STATEN ISLAND,nan,40.57968972564117,-74.10039198058301,2026-04-18 09:00:00,nan,23788.714285714286,2762.0,12,0,20.126585732349536,4,0,0.7,4,43.0,1,Medium,14,0.0,1.0,0.0,0.0
68587466,2026-04-07 08:27:17,Closed,Street Condition,Pothole,MANHATTAN,nan,40.77102399632221,-73.95364737877979,2026-04-07 08:27:17,nan,16591.571428571428,6876.0,14,0,18.519456102719907,0,0,0.7,4,43.0,1,Medium,14,0.0,1.0,0.0,0.0
68549819,2026-04-03 09:56:50,Closed,Street Condition,Pothole,MANHATTAN,nan,40.734434426864034,-73.98990393253564,2026-04-18 21:10:00,nan,16591.571428571428,6876.0,27,0,22.457268602719907,0,0,0.7,4,43.0,1,Medium,14,0.0,1.0,0.0,0.0
68523033,2026-03-31 17:10:57,Closed,Street Condition,Pothole,MANHATTAN,nan,40.813389933961254,-73.95625868043503,2026-03-31 17:10:57,nan,16591.571428571428,6876.0,30,0,25.1557986953125,0,0,0.7,3,43.0,1,Medium,14,0.0,0.999,0.001,0.0
68769536,2026-04-22 01:13:44,Closed,Street Condition,Pothole,MANHATTAN,nan,40.74978835571634,-73.98776859948752,2026-04-23 19:20:00,nan,16591.571428571428,6876.0,29,1,3.820532491608796,0,0,0.7,4,42.9,1,Medium,14,0.001,0.999,0.0,0.0
68526655,2026-04-01 11:35:41,Open,Street Condition,Pothole,MANHATTAN,nan,40.75790746711998,-73.98929757361397,,nan,16591.571428571428,6876.0,58,1,24.388622769386576,0,0,0.7,4,42.9,1,Medium,14,0.0,0.904,0.096,0.0
68547186,2026-04-02 14:39:57,Open,Street Condition,Pothole,MANHATTAN,nan,40.82030237901374,-73.95966116954352,,nan,16591.571428571428,6876.0,17,1,23.26065980642361,0,0,0.7,4,42.9,1,Medium,14,0.0,0.999,0.001,0.0
68613667,2026-04-09 14:42:04,Open,Street Condition,Pothole,MANHATTAN,WEST  132 STREET,40.818652073959186,-73.95762811704572,,nan,16591.571428571428,6876.0,13,1,16.259189899016203,0,0,0.7,4,42.9,1,Medium,14,0.0,1.0,0.0,0.0
68538154,2026-04-02 21:41:01,Open,Street Condition,Pothole,MANHATTAN,nan,40.711971749067594,-73.99777081235356,,nan,16591.571428571428,6876.0,20,1,22.968252399016205,0,0,0.7,4,42.9,1,Medium,14,0.0,1.0,0.0,0.0
68593085,2026-04-07 09:44:55,Closed,Street Condition,Pothole,MANHATTAN,nan,40.703588515708866,-74.01311376543592,2026-04-07 09:44:55,nan,16591.571428571428,6876.0,15,1,18.46554406568287,0,0,0.7,4,42.9,1,Medium,14,0.0,1.0,0.0,0.0
68617599,2026-04-09 14:15:43,Open,Street Condition,Pothole,MANHATTAN,nan,40.74511581912218,-73.9806599355382,,nan,16591.571428571428,6876.0,24,1,16.277488510127316,0,0,0.7,4,42.9,1,Medium,14,0.0,1.0,0.0,0.0
68614955,2026-04-04 08:34:31,Open,Street Condition,Pothole,MANHATTAN,nan,40.75381298622636,-73.97570175156687,,nan,16591.571428571428,6876.0,16,1,21.51443295457176,0,0,0.7,4,42.9,1,Medium,14,0.0,1.0,0.0,0.0
68609168,2026-04-04 20:15:14,Closed,Street Condition,Pothole,MANHATTAN,nan,40.75656811838794,-73.99027596730664,2026-04-04 20:15:14,nan,16591.571428571428,6876.0,49,1,21.02782415827546,0,0,0.7,4,42.9,1,Medium,14,0.0,0.999,0.001,0.0
68607851,2026-04-04 16:45:32,Closed,Street Condition,Pothole,MANHATTAN,nan,40.743030922348815,-73.9891556121082,2026-04-04 16:45:32,nan,16591.571428571428,6876.0,18,0,21.173449158275464,0,0,0.7,4,42.9,1,Medium,14,0.0,1.0,0.0,0.0
68644534,2026-04-12 07:36:12,Closed,Street Condition,Pothole,MANHATTAN,nan,40.76123442230889,-73.9638842741059,2026-04-12 07:36:12,nan,16591.571428571428,6876.0,49,1,13.554930639756945,0,0,0.7,4,42.9,1,Medium,14,0.0,1.0,0.0,0.0
68611032,2026-04-09 08:12:25,Open,Street Condition,Pothole,MANHATTAN,nan,40.73396496976481,-73.98877821707838,,nan,16591.571428571428,6876.0,27,0,16.52978017679398,0,0,0.7,4,42.9,1,Medium,14,0.0,1.0,0.0,0.0
68643310,2026-04-12 07:37:05,Closed,Street Condition,Pothole,MANHATTAN,nan,40.76123442230889,-73.9638842741059,2026-04-12 07:37:05,nan,16591.571428571428,6876.0,49,1,13.554317213831018,0,0,0.7,4,42.9,1,Medium,14,0.0,1.0,0.0,0.0
68538159,2026-04-02 15:03:06,Open,Street Condition,Pothole,MANHATTAN,nan,40.81875714065235,-73.95977049285601,,nan,16591.571428571428,6876.0,35,0,23.244583417534724,0,0,0.7,4,42.9,1,Medium,14,0.0,0.999,0.001,0.0
68557142,2026-04-03 13:44:51,Closed,Street Condition,Pothole,MANHATTAN,nan,40.83406100800248,-73.94487994277772,2026-04-03 13:44:51,nan,16591.571428571428,6876.0,26,1,22.2989236953125,0,0,0.7,4,42.8,1,Medium,14,0.0,0.999,0.001,0.0
68515689,2026-03-31 23:25:20,Open,Street Condition,Pothole,MANHATTAN,nan,40.76739282137533,-73.97072929735069,,nan,16591.571428571428,6876.0,11,0,24.895810269386576,0,0,0.7,3,42.8,1,Medium,14,0.0,0.999,0.001,0.0
68577465,2026-04-05 12:52:22,Closed,Street Condition,Pothole,MANHATTAN,nan,40.767860289547606,-73.96407562786298,2026-04-05 12:52:22,nan,16591.571428571428,6876.0,18,0,20.33537045457176,0,0,0.7,4,42.8,1,Medium,14,0.0,1.0,0.0,0.0
68660659,2026-04-14 09:55:31,Closed,Street Condition,Pothole,MANHATTAN,nan,40.71153487787932,-74.01046412781942,2026-04-18 08:40:00,nan,16591.571428571428,6876.0,10,0,11.45818295457176,0,0,0.7,4,42.8,1,Medium,14,0.0,1.0,0.0,0.0
68540226,2026-04-02 19:44:46,Closed,Street Condition,Pothole,MANHATTAN,nan,40.80297085227577,-73.96386162910126,2026-04-02 19:44:46,nan,16591.571428571428,6876.0,16,0,23.04898156568287,0,0,0.7,4,42.8,1,Medium,14,0.0,1.0,0.0,0.0
68549290,2026-04-03 13:45:07,Closed,Street Condition,Pothole,MANHATTAN,nan,40.83406100800248,-73.94487994277772,2026-04-03 13:45:07,nan,16591.571428571428,6876.0,26,1,22.298738510127315,0,0,0.7,4,42.8,1,Medium,14,0.0,0.999,0.001,0.0
68679417,2026-04-15 10:46:37,Open,Street Condition,Pothole,MANHATTAN,nan,40.754876209548584,-73.96852222092697,,nan,16591.571428571428,6876.0,20,1,10.422696843460647,0,0,0.7,4,42.8,1,Medium,14,0.001,0.999,0.0,0.0
68609170,2026-04-04 15:48:50,Closed,Street Condition,Pothole,MANHATTAN,nan,40.80297085227577,-73.96386162910126,2026-04-04 15:48:50,nan,16591.571428571428,6876.0,16,0,21.212824158275463,0,0,0.7,4,42.8,1,Medium,14,0.0,1.0,0.0,0.0
68615776,2026-04-04 13:05:08,Closed,Street Condition,Pothole,MANHATTAN,nan,40.80297085227577,-73.96386162910126,2026-04-04 13:05:08,nan,16591.571428571428,6876.0,16,0,21.326504713831017,0,0,0.7,4,42.8,1,Medium,14,0.0,1.0,0.0,0.0
68555057,2026-04-03 15:13:44,Open,Street Condition,Pothole,STATEN ISLAND,nan,40.543335225468695,-74.16427024861207,,nan,23788.714285714286,2762.0,12,1,22.237199158275462,4,0,0.7,4,42.8,1,Medium,14,0.0,1.0,0.0,0.0
68606483,2026-04-08 09:28:49,Closed,Street Condition,Pothole,MANHATTAN,nan,40.77102399632221,-73.95364737877979,2026-04-08 09:28:49,nan,16591.571428571428,6876.0,14,0,17.476724621238425,0,0,0.7,4,42.8,1,Medium,14,0.0,1.0,0.0,0.0
68595015,2026-04-07 23:31:48,Open,Street Condition,Pothole,MANHATTAN,nan,40.718794721647406,-73.98901164934453,,nan,16591.571428571428,6876.0,54,1,17.891319528645834,0,0,0.7,4,42.8,1,Medium,14,0.0,1.0,0.0,0.0
68574637,2026-04-06 14:19:32,Closed,Street Condition,Pothole,MANHATTAN,nan,40.80297085227577,-73.96386162910126,2026-04-06 14:19:32,nan,16591.571428571428,6876.0,16,0,19.27483804716435,0,0,0.7,4,42.8,1,Medium,14,0.0,1.0,0.0,0.0
68515100,2026-03-31 12:53:11,Closed,Street Condition,Pothole,MANHATTAN,nan,40.768646934861145,-73.96982620375891,2026-03-31 12:53:11,nan,16591.571428571428,6876.0,9,0,25.334803324942133,0,0,0.7,3,42.8,1,Medium,14,0.0,0.999,0.001,0.0
68590270,2026-04-07 09:46:42,Closed,Street Condition,Pothole,MANHATTAN,nan,40.77879404063979,-73.98205472388632,2026-04-07 09:46:42,nan,16591.571428571428,6876.0,24,0,18.464305639756944,0,0,0.7,4,42.8,1,Medium,14,0.0,1.0,0.0,0.0
68589435,2026-04-07 04:32:18,Closed,Street Condition,Pothole,MANHATTAN,nan,40.84839295261956,-73.93767160055249,2026-04-13 09:37:00,nan,16591.571428571428,6876.0,39,1,18.682638973090278,0,0,0.7,4,42.8,1,Medium,14,0.0,1.0,0.0,0.0
68531858,2026-04-01 20:46:39,Closed,Street Condition,Pothole,MANHATTAN,nan,40.738551998380736,-73.9996824485918,2026-04-01 20:46:39,nan,16591.571428571428,6876.0,16,0,24.006007028645833,0,0,0.7,4,42.8,1,Medium,14,0.0,1.0,0.0,0.0
68588903,2026-04-07 12:28:59,Closed,Street Condition,Pothole,MANHATTAN,nan,40.81880243145048,-73.95602028494744,2026-04-07 12:28:59,nan,16591.571428571428,6876.0,13,1,18.351608880497686,0,0,0.7,4,42.8,1,Medium,14,0.0,1.0,0.0,0.0
68524581,2026-03-31 15:40:40,Closed,Street Condition,Pothole,MANHATTAN,nan,40.768646934861145,-73.96982620375891,2026-03-31 15:40:40,nan,16591.571428571428,6876.0,9,0,25.218495454571762,0,0,0.7,3,42.8,1,Medium,14,0.0,0.999,0.001,0.0
68677899,2026-04-15 08:29:24,Open,Street Condition,Pothole,MANHATTAN,nan,40.70623706771039,-74.01433698810037,,nan,16591.571428571428,6876.0,24,1,10.5179861953125,0,0,0.7,4,42.7,1,Medium,14,0.0,1.0,0.0,0.0
68591671,2026-04-07 19:56:57,Closed,Street Condition,Pothole,STATEN ISLAND,nan,40.578623619035014,-74.10166834276595,2026-04-07 19:56:57,nan,23788.714285714286,2762.0,15,0,18.04052091753472,4,0,0.7,4,42.7,1,Medium,14,0.0,1.0,0.0,0.0
68741923,2026-04-21 11:02:08,Open,Street Condition,Pothole,MANHATTAN,nan,40.821144239164035,-73.95752175267613,,nan,16591.571428571428,6876.0,20,1,4.411921380497685,0,0,0.7,4,42.7,1,Medium,14,0.0,1.0,0.0,0.0
68643308,2026-04-12 18:38:39,Closed,Street Condition,Pothole,MANHATTAN,nan,40.77809623035551,-73.97829258153799,2026-04-12 18:38:39,nan,16591.571428571428,6876.0,10,0,13.094895917534721,0,0,0.7,4,42.7,1,Medium,14,0.0,1.0,0.0,0.0
68616277,2026-04-09 14:13:15,Closed,Street Condition,Pothole,MANHATTAN,AMSTERDAM AVENUE,40.85007077290906,-73.92953358701308,2026-04-18 23:05:00,nan,17214.5,22662.0,10,1,16.27920147309028,0,0,0.7,4,42.7,1,Medium,14,0.0,1.0,0.0,0.0
68541997,2026-04-02 15:03:59,Open,Street Condition,Pothole,MANHATTAN,nan,40.818123272347314,-73.96023693417517,,nan,16591.571428571428,6876.0,30,0,23.243969991608797,0,0,0.7,4,42.7,1,Medium,14,0.0,0.998,0.002,0.0
68605687,2026-04-08 23:36:57,Open,Street Condition,Pothole,MANHATTAN,nan,40.802928040912455,-73.96757481807968,,nan,16591.571428571428,6876.0,16,1,16.887743139756946,0,0,0.7,4,42.7,1,Medium,14,0.0,1.0,0.0,0.0
68538953,2026-04-02 15:18:20,Closed,Street Condition,Pothole,MANHATTAN,nan,40.77102399632221,-73.95364737877979,2026-04-02 15:18:20,nan,16591.571428571428,6876.0,14,0,23.23400471383102,0,0,0.7,4,42.7,1,Medium,14,0.0,0.999,0.001,0.0
68583773,2026-04-06 20:49:30,Closed,Street Condition,Pothole,QUEENS,QUEENS BOULEVARD,40.73011739434729,-73.86231192688876,2026-04-18 07:34:00,nan,4959.1547619047615,123690.0,19,0,19.004027861979168,2,0,0.7,4,42.7,1,Medium,14,0.0,1.0,0.0,0.0
68611790,2026-04-04 08:08:45,Closed,Street Condition,Pothole,STATEN ISLAND,nan,40.60777799018933,-74.08596350350084,2026-04-04 08:08:45,nan,23788.714285714286,2762.0,10,1,21.53232647309028,4,0,0.7,4,42.7,1,Medium,14,0.0,1.0,0.0,0.0
68516682,2026-03-31 18:34:35,Closed,Street Condition,Pothole,MANHATTAN,nan,40.80297085227577,-73.96386162910126,2026-03-31 18:34:35,nan,16591.571428571428,6876.0,16,0,25.0977199916088,0,0,0.7,3,42.7,1,Medium,14,0.0,1.0,0.0,0.0
68614964,2026-04-04 08:07:24,Open,Street Condition,Pothole,STATEN ISLAND,nan,40.60777799018933,-74.08596350350084,,nan,23788.714285714286,2762.0,10,1,21.53326397309028,4,0,0.7,4,42.7,1,Medium,14,0.0,1.0,0.0,0.0
68612297,2026-04-09 14:16:40,Open,Street Condition,Pothole,MANHATTAN,WEST   60 STREET,40.76915187291726,-73.98268910648126,,nan,16591.571428571428,6876.0,34,0,16.276828787905092,0,0,0.7,4,42.6,1,Medium,14,0.0,1.0,0.0,0.0
68608402,2026-04-09 09:15:56,Open,Street Condition,Pothole,STATEN ISLAND,nan,40.60805376092114,-74.15735256453574,,nan,23788.714285714286,2762.0,7,1,16.485671380497685,4,0,0.7,4,42.6,1,Medium,14,0.001,0.999,0.0,0.0
68683867,2026-04-15 14:50:47,Open,Street Condition,Pothole,MANHATTAN,5 AVENUE,40.78123426747261,-73.9606164376545,,nan,16591.571428571428,6876.0,10,1,10.253136658275462,0,0,0.7,4,42.6,1,Medium,14,0.0,1.0,0.0,0.0
68608394,2026-04-09 17:10:20,Open,Street Condition,Pothole,MANHATTAN,nan,40.783937451116294,-73.95234204029215,,nan,16591.571428571428,6876.0,12,0,16.15622693605324,0,0,0.7,4,42.6,1,Medium,14,0.0,1.0,0.0,0.0
68607072,2026-04-08 10:42:28,Open,Street Condition,Pothole,MANHATTAN,nan,40.810175405186904,-73.93740755930494,,nan,16591.571428571428,6876.0,24,1,17.425578787905092,0,0,0.7,4,42.6,1,Medium,14,0.0,1.0,0.0,0.0
68533327,2026-04-01 16:34:56,Closed,Street Condition,Pothole,MANHATTAN,nan,40.80297085227577,-73.96386162910126,2026-04-01 16:34:56,nan,16591.571428571428,6876.0,16,0,24.180810269386573,0,0,0.7,4,42.6,1,Medium,14,0.0,1.0,0.0,0.0
68609164,2026-04-09 15:39:57,Closed,Street Condition,Pothole,MANHATTAN,nan,40.7779047511921,-73.98208745958574,2026-04-09 15:39:58,nan,16591.571428571428,6876.0,20,0,16.218993139756943,0,0,0.7,4,42.6,1,Medium,14,0.0,1.0,0.0,0.0
68625471,2026-04-10 08:56:14,Open,Street Condition,Pothole,MANHATTAN,nan,40.77548084144416,-73.98021063082217,,nan,16591.571428571428,6876.0,12,0,15.499351936053241,0,0,0.7,4,42.6,1,Medium,14,0.0,1.0,0.0,0.0
68526651,2026-04-01 18:23:59,Open,Street Condition,Pothole,MANHATTAN,nan,40.860526929559065,-73.9193783740178,,nan,16591.571428571428,6876.0,17,1,24.105081102719907,0,0,0.7,4,42.6,1,Medium,14,0.0,0.999,0.001,0.0
68583204,2026-04-06 11:37:48,Closed,Street Condition,Pothole,MANHATTAN,nan,40.80297085227577,-73.96386162910126,2026-04-06 11:37:48,nan,16591.571428571428,6876.0,16,0,19.387152861979168,0,0,0.7,4,42.6,1,Medium,14,0.0,1.0,0.0,0.0
68609162,2026-04-09 18:17:22,Closed,Street Condition,Pothole,MANHATTAN,nan,40.7779047511921,-73.98208745958574,2026-04-09 18:17:22,nan,16591.571428571428,6876.0,20,0,16.109676010127316,0,0,0.7,4,42.6,1,Medium,14,0.0,1.0,0.0,0.0
68541996,2026-04-02 15:27:27,Closed,Street Condition,Pothole,MANHATTAN,nan,40.77234382522236,-73.9526861016243,2026-04-17 13:25:00,nan,16591.571428571428,6876.0,13,0,23.2276736953125,0,0,0.7,4,42.5,1,Medium,14,0.0,0.999,0.001,0.0
68578033,2026-04-06 18:27:27,Closed,Street Condition,Pothole,QUEENS,ROOSEVELT AVENUE,40.748850955084215,-73.87237147193571,2026-04-15 23:15:00,nan,11892.285714285714,15935.0,18,0,19.1026736953125,2,0,0.7,4,42.5,1,Medium,14,0.0,1.0,0.0,0.0
68650956,2026-04-13 17:44:12,Closed,Street Condition,Pothole,MANHATTAN,nan,40.72900831955276,-73.99374729799094,2026-04-13 17:44:12,nan,16591.571428571428,6876.0,17,1,12.132708417534722,0,0,0.7,4,42.5,1,Medium,14,0.0,1.0,0.0,0.0
68541993,2026-04-02 17:52:59,Open,Street Condition,Pothole,MANHATTAN,nan,40.74127489746624,-73.97534184683835,,nan,16591.571428571428,6876.0,15,1,23.126608880497685,0,0,0.7,4,42.5,1,Medium,14,0.0,0.999,0.001,0.0
68647246,2026-04-12 11:13:48,Open,Street Condition,Pothole,MANHATTAN,nan,40.799285633381594,-73.94536021697608,,nan,16591.571428571428,6876.0,28,1,13.403819528645833,0,0,0.7,4,42.5,1,Medium,14,0.0,1.0,0.0,0.0
68588907,2026-04-07 08:53:06,Closed,Street Condition,Pothole,MANHATTAN,nan,40.72931039303492,-73.99788568956492,2026-04-07 08:53:06,nan,16591.571428571428,6876.0,12,1,18.501527861979167,0,0,0.7,4,42.5,1,Medium,14,0.0,1.0,0.0,0.0
68524583,2026-03-31 14:37:39,Closed,Street Condition,Pothole,MANHATTAN,nan,40.77178075517688,-73.9791936146363,2026-03-31 14:37:39,nan,16591.571428571428,6876.0,22,0,25.262257028645834,0,0,0.7,3,42.5,1,Medium,14,0.0,0.999,0.001,0.0
68528103,2026-04-02 00:24:32,Open,Street Condition,Pothole,STATEN ISLAND,nan,40.63456702071798,-74.11719928427827,,nan,23788.714285714286,2762.0,11,0,23.854699158275462,4,0,0.7,4,42.5,1,Medium,14,0.0,1.0,0.0,0.0
68534816,2026-04-01 12:56:59,Closed,Street Condition,Pothole,MANHATTAN,nan,40.768646934861145,-73.96982620375891,2026-04-01 12:56:59,nan,16591.571428571428,6876.0,9,0,24.332164436053244,0,0,0.7,4,42.4,1,Medium,14,0.0,0.999,0.001,0.0
68649941,2026-04-13 13:06:36,Open,Street Condition,Pothole,MANHATTAN,nan,40.71997252866537,-73.99289676796991,,nan,16591.571428571428,6876.0,42,1,12.3254861953125,0,0,0.7,4,42.4,1,Medium,14,0.0,1.0,0.0,0.0
68607853,2026-04-04 12:22:01,Closed,Street Condition,Pothole,MANHATTAN,nan,40.7779047511921,-73.98208745958574,2026-04-04 12:22:01,nan,16591.571428571428,6876.0,20,0,21.35644684346065,0,0,0.7,4,42.4,1,Medium,14,0.0,1.0,0.0,0.0
68616282,2026-04-04 11:15:38,Open,Street Condition,Pothole,MANHATTAN,nan,40.743030922348815,-73.9891556121082,,nan,16591.571428571428,6876.0,18,0,21.402546380497686,0,0,0.7,4,42.4,1,Medium,14,0.0,1.0,0.0,0.0
68579403,2026-04-06 22:45:14,Closed,Street Condition,Pothole,STATEN ISLAND,nan,40.60745374924009,-74.07879979359916,2026-04-08 07:51:00,nan,23788.714285714286,2762.0,9,1,18.923657491608797,4,0,0.7,4,42.4,1,Medium,14,0.0,1.0,0.0,0.0
68649470,2026-04-13 13:33:05,Closed,Street Condition,Pothole,MANHATTAN,nan,40.78152514006051,-73.96041405700397,2026-04-13 13:33:05,nan,16591.571428571428,6876.0,10,1,12.307094991608796,0,0,0.7,4,42.4,1,Medium,14,0.0,1.0,0.0,0.0
68588000,2026-04-07 14:50:08,Open,Street Condition,Pothole,MANHATTAN,LUDLOW STREET,40.7209410126459,-73.9879073743966,,nan,16591.571428571428,4784.0,38,1,18.253588047164353,0,0,0.7,4,42.4,1,Medium,14,0.0,1.0,0.0,0.0
68520397,2026-03-31 13:32:48,Open,Street Condition,Pothole,MANHATTAN,nan,40.797003663113074,-73.93777389148413,,nan,16591.571428571428,6876.0,23,0,25.307291750868057,0,0,0.7,3,42.4,1,Medium,14,0.0,1.0,0.0,0.0
68551883,2026-04-03 13:26:07,Closed,Street Condition,Pothole,MANHATTAN,nan,40.72931039303492,-73.99788568956492,2026-04-03 13:26:07,nan,16591.571428571428,6876.0,12,1,22.31193295457176,0,0,0.7,4,42.4,1,Medium,14,0.0,0.999,0.001,0.0
68583746,2026-04-06 11:03:45,Closed,Street Condition,Pothole,MANHATTAN,nan,40.781316237488134,-73.94612963168689,2026-04-17 12:35:00,nan,16591.571428571428,6876.0,15,1,19.4107986953125,0,0,0.7,4,42.4,1,Medium,14,0.0,1.0,0.0,0.0
68616274,2026-04-09 14:16:19,Open,Street Condition,Pothole,MANHATTAN,EAST   60 STREET,40.76270938851345,-73.96736697746385,,nan,16591.571428571428,6876.0,35,0,16.277071843460647,0,0,0.7,4,42.4,1,Medium,14,0.0,1.0,0.0,0.0
68617090,2026-04-09 13:00:03,Closed,Street Condition,Pothole,MANHATTAN,nan,40.744099058348795,-73.99564413111167,2026-04-09 13:00:03,nan,16591.571428571428,6876.0,16,0,16.330034806423612,0,0,0.7,4,42.4,1,Medium,14,0.0,1.0,0.0,0.0
68530465,2026-04-01 18:24:34,Closed,Street Condition,Pothole,MANHATTAN,nan,40.76911692372326,-73.9885592924773,2026-04-01 18:24:34,nan,16591.571428571428,6876.0,20,1,24.104676010127314,0,0,0.7,4,42.4,1,Medium,14,0.0,0.998,0.002,0.0
68621520,2026-04-10 08:48:27,Open,Street Condition,Pothole,MANHATTAN,nan,40.74785373937869,-73.99290823133913,,nan,16591.571428571428,6876.0,31,1,15.504757028645834,0,0,0.7,4,42.4,1,Medium,14,0.0,0.999,0.001,0.0
68625008,2026-04-10 08:48:30,Closed,Street Condition,Pothole,MANHATTAN,nan,40.77102399632221,-73.95364737877979,2026-04-10 08:48:30,nan,16591.571428571428,6876.0,14,0,15.504722306423611,0,0,0.7,4,42.4,1,Medium,14,0.0,1.0,0.0,0.0
68618433,2026-04-10 07:46:48,Closed,Street Condition,Pothole,MANHATTAN,nan,40.76889103158107,-73.98209349413949,2026-04-10 07:46:48,nan,16591.571428571428,6876.0,31,0,15.547569528645834,0,0,0.7,4,42.4,1,Medium,14,0.0,1.0,0.0,0.0
68557708,2026-04-03 07:56:53,Open,Street Condition,Pothole,MANHATTAN,nan,40.75390886966659,-73.99961379734235,,nan,16591.571428571428,6876.0,25,1,22.540567213831018,0,0,0.7,4,42.3,1,Medium,14,0.0,0.999,0.001,0.0
68609161,2026-04-09 20:21:57,Closed,Street Condition,Pothole,MANHATTAN,nan,40.86620047158243,-73.9280594622068,2026-04-09 20:21:57,nan,16591.571428571428,6876.0,18,1,16.02315980642361,0,0,0.7,4,42.3,1,Medium,14,0.0,1.0,0.0,0.0
68597181,2026-04-08 23:59:03,Closed,Street Condition,Pothole,MANHATTAN,nan,40.743030922348815,-73.9891556121082,2026-04-08 23:59:03,nan,16591.571428571428,6876.0,18,0,16.87239591753472,0,0,0.7,4,42.3,1,Medium,14,0.0,1.0,0.0,0.0
68679422,2026-04-15 08:13:01,Open,Street Condition,Pothole,MANHATTAN,nan,40.772021264888394,-73.95601507606814,,nan,16591.571428571428,6876.0,10,0,10.529363510127315,0,0,0.7,4,42.3,1,Medium,14,0.0,1.0,0.0,0.0
68542763,2026-04-02 22:02:49,Closed,Street Condition,Pothole,MANHATTAN,nan,40.76030127182523,-73.99498249332404,2026-04-02 22:02:49,nan,16591.571428571428,6876.0,35,1,22.953113510127313,0,0,0.7,4,42.3,1,Medium,14,0.0,0.94,0.06,0.0
68537636,2026-04-02 17:42:10,Closed,Street Condition,Pothole,MANHATTAN,nan,40.75272309509201,-73.99678771731794,2026-04-02 17:42:10,nan,16591.571428571428,6876.0,33,0,23.134120454571757,0,0,0.7,4,42.3,1,Medium,14,0.0,0.998,0.002,0.0
68613668,2026-04-09 14:15:08,Open,Street Condition,Pothole,MANHATTAN,BEACH STREET,40.72043366987542,-74.00674252540428,,nan,16591.571428571428,6876.0,18,1,16.277893602719907,0,0,0.7,4,42.3,1,Medium,14,0.0,1.0,0.0,0.0
68554524,2026-04-03 13:04:13,Closed,Street Condition,Pothole,MANHATTAN,nan,40.83427258116686,-73.94536400745557,2026-04-03 13:04:13,nan,16591.571428571428,6876.0,26,1,22.327141287905093,0,0,0.7,4,42.3,1,Medium,14,0.0,0.999,0.001,0.0
68768098,2026-04-23 01:18:57,Closed,Street Condition,Pothole,MANHATTAN,nan,40.70315194054949,-74.01443009679454,2026-04-24 00:25:00,nan,16591.571428571428,6876.0,13,1,2.8169098064236113,0,0,0.7,4,42.3,1,Medium,14,0.0,1.0,0.0,0.0
68639801,2026-04-12 15:56:29,Closed,Street Condition,Pothole,MANHATTAN,nan,40.79084201128931,-73.97456510009495,2026-04-12 15:56:29,nan,16591.571428571428,6876.0,15,1,13.207511658275463,0,0,0.7,4,42.3,1,Medium,14,0.0,1.0,0.0,0.0
68667079,2026-04-14 16:22:40,Open,Street Condition,Pothole,STATEN ISLAND,nan,40.59070847642687,-74.16578740066916,,nan,23788.714285714286,2762.0,11,1,11.189328787905092,4,0,0.7,4,42.3,1,Medium,14,0.0,1.0,0.0,0.0
68543245,2026-04-02 14:37:55,Closed,Street Condition,Pothole,STATEN ISLAND,nan,40.62666393496657,-74.07564507774518,2026-04-11 07:50:00,nan,23788.714285714286,2762.0,11,0,23.26207184346065,4,0,0.7,4,42.2,1,Medium,14,0.0,1.0,0.0,0.0
68595859,2026-04-07 06:32:21,Closed,Street Condition,Pothole,MANHATTAN,nan,40.76123442230889,-73.9638842741059,2026-04-07 06:32:21,nan,16591.571428571428,6876.0,49,1,18.59927091753472,0,0,0.7,4,42.2,1,Medium,14,0.0,1.0,0.0,0.0
68763818,2026-04-22 01:16:58,Closed,Street Condition,Pothole,MANHATTAN,nan,40.7017826655159,-74.01116587402828,2026-04-23 22:25:00,nan,16591.571428571428,6876.0,10,0,3.8182871212384257,0,0,0.7,4,42.2,1,Medium,14,0.0,1.0,0.0,0.0
68671897,2026-04-14 15:13:02,Closed,Street Condition,Pothole,MANHATTAN,JOE DIMAGGIO HIGHWAY,40.71169914313016,-74.01436341253036,2026-04-18 10:50:00,nan,16591.571428571428,6876.0,10,0,11.237685269386574,0,0,0.7,4,42.2,1,Medium,14,0.0,1.0,0.0,0.0
68613106,2026-04-09 11:50:00,Closed,Street Condition,Pothole,MANHATTAN,nan,40.80297085227577,-73.96386162910126,2026-04-09 11:50:00,nan,16591.571428571428,6876.0,16,0,16.378680639756944,0,0,0.7,4,42.2,1,Medium,14,0.0,1.0,0.0,0.0
68599913,2026-04-08 23:34:35,Closed,Street Condition,Pothole,MANHATTAN,nan,40.80297085227577,-73.96386162910126,2026-04-08 23:34:35,nan,16591.571428571428,6876.0,16,0,16.889386658275463,0,0,0.7,4,42.2,1,Medium,14,0.0,1.0,0.0,0.0
68520395,2026-03-31 16:53:29,Open,Street Condition,Pothole,MANHATTAN,nan,40.75405701064431,-73.99581673013245,,nan,16591.571428571428,6876.0,41,0,25.16792832494213,0,0,0.7,3,42.2,1,Medium,14,0.0,0.999,0.001,0.0
68673445,2026-04-15 09:43:31,Open,Street Condition,Pothole,MANHATTAN,nan,40.73032038707009,-74.00468691277086,,nan,16591.571428571428,6876.0,22,0,10.466516287905092,0,0,0.7,4,42.2,1,Medium,14,0.0,1.0,0.0,0.0
68617094,2026-04-09 08:20:09,Closed,Street Condition,Pothole,MANHATTAN,nan,40.80297085227577,-73.96386162910126,2026-04-09 08:20:09,nan,16591.571428571428,6876.0,16,0,16.52440980642361,0,0,0.7,4,42.2,1,Medium,14,0.0,1.0,0.0,0.0
68682409,2026-04-15 09:49:45,Closed,Street Condition,Pothole,MANHATTAN,nan,40.7242353361815,-73.99778483319649,2026-04-18 21:24:00,nan,16591.571428571428,6876.0,40,1,10.462187584201388,0,0,0.7,4,42.2,1,Medium,14,0.0,1.0,0.0,0.0
68539461,2026-04-02 15:28:31,Open,Street Condition,Pothole,MANHATTAN,nan,40.77465546404273,-73.95409255249892,,nan,16591.571428571428,6876.0,12,0,23.226932954571758,0,0,0.7,4,42.1,1,Medium,14,0.0,0.998,0.002,0.0
68608393,2026-04-09 20:42:59,Open,Street Condition,Pothole,MANHATTAN,nan,40.80949657894705,-73.93580791066717,,nan,16591.571428571428,6876.0,22,1,16.00855332494213,0,0,0.7,4,42.1,1,Medium,14,0.0,1.0,0.0,0.0
68599914,2026-04-08 14:50:42,Closed,Street Condition,Pothole,MANHATTAN,nan,40.84735682050765,-73.93517137747149,2026-04-08 14:50:42,nan,16591.571428571428,6876.0,26,1,17.25319452864583,0,0,0.7,4,42.1,1,Medium,14,0.0,1.0,0.0,0.0
68528084,2026-04-01 07:38:02,Open,Street Condition,Pothole,MANHATTAN,nan,40.85372345639162,-73.92869108629856,,nan,16591.571428571428,6876.0,14,1,24.5536574916088,0,0,0.7,4,42.1,1,Medium,14,0.0,0.998,0.002,0.0
68676399,2026-04-15 12:27:00,Open,Street Condition,Pothole,MANHATTAN,nan,40.72172652636259,-74.00530682036884,,nan,16591.571428571428,6876.0,35,1,10.3529861953125,0,0,0.7,4,42.1,1,Medium,14,0.0,1.0,0.0,0.0
68581743,2026-04-06 19:42:10,Closed,Street Condition,Pothole,MANHATTAN,nan,40.84604758805665,-73.9402400014605,2026-04-06 19:42:10,nan,16591.571428571428,6876.0,29,1,19.050787121238425,0,0,0.7,4,42.1,1,Medium,14,0.0,1.0,0.0,0.0
68622382,2026-04-10 19:25:34,Closed,Street Condition,Pothole,MANHATTAN,nan,40.822836414306245,-73.94191565088148,2026-04-10 19:25:34,nan,16591.571428571428,6876.0,31,1,15.062314899016204,0,0,0.7,4,42.1,1,Medium,14,0.0,1.0,0.0,0.0
68613670,2026-04-04 20:52:45,Closed,Street Condition,Pothole,MANHATTAN,nan,40.76273989720193,-73.95969603230795,2026-04-17 08:20:00,nan,16591.571428571428,6876.0,26,1,21.00177091753472,0,0,0.7,4,42.1,1,Medium,14,0.0,1.0,0.0,0.0
68693707,2026-04-15 14:54:42,Closed,Street Condition,Pothole,QUEENS,QUEENS BOULEVARD,40.742623236589445,-73.91392386083788,2026-04-16 12:38:00,nan,4959.1547619047615,123690.0,11,0,10.250416750868055,2,0,0.7,4,42.1,1,Medium,14,0.0,1.0,0.0,0.0
68529040,2026-04-01 09:08:23,Closed,Street Condition,Pothole,MANHATTAN,nan,40.81631913707867,-73.95783191673232,2026-04-01 09:08:23,nan,16591.571428571428,6876.0,15,0,24.49091443605324,0,0,0.7,4,42.1,1,Medium,14,0.0,1.0,0.0,0.0
68526657,2026-04-01 09:06:23,Open,Street Condition,Pothole,MANHATTAN,nan,40.81631913707867,-73.95783191673232,,nan,16591.571428571428,6876.0,15,0,24.49230332494213,0,0,0.7,4,42.1,1,Medium,14,0.0,1.0,0.0,0.0
68524578,2026-03-31 17:30:26,Closed,Street Condition,Pothole,MANHATTAN,nan,40.768646934861145,-73.96982620375891,2026-03-31 17:30:26,nan,16591.571428571428,6876.0,9,0,25.14226860271991,0,0,0.7,3,42.1,1,Medium,14,0.0,0.999,0.001,0.0
68593630,2026-04-07 10:18:04,Closed,Street Condition,Pothole,MANHATTAN,nan,40.71123050257566,-74.00647827911699,2026-04-18 10:35:00,nan,16591.571428571428,6876.0,25,0,18.442523232349536,0,0,0.7,4,42.1,1,Medium,14,0.0,1.0,0.0,0.0
68578848,2026-04-06 09:10:18,Closed,Street Condition,Pothole,MANHATTAN,nan,40.76468444245788,-73.99178735329583,2026-04-06 09:10:18,nan,16591.571428571428,6876.0,16,1,19.48958341753472,0,0,0.7,4,42.1,1,Medium,14,0.0,1.0,0.0,0.0
68538155,2026-04-02 20:33:52,Open,Street Condition,Pothole,MANHATTAN,nan,40.802598371723896,-73.94505047671012,,nan,16591.571428571428,6876.0,12,1,23.014884343460647,0,0,0.7,4,42.1,1,Medium,14,0.0,0.998,0.002,0.0
68543976,2026-04-02 09:08:29,Closed,Street Condition,Pothole,MANHATTAN,nan,40.80297085227577,-73.96386162910126,2026-04-02 09:08:29,nan,16591.571428571428,6876.0,16,0,23.490844991608796,0,0,0.7,4,42.0,1,Medium,14,0.0,1.0,0.0,0.0
68665512,2026-04-14 15:10:58,Open,Street Condition,Pothole,MANHATTAN,nan,40.7291122954418,-74.0106725455461,,nan,16591.571428571428,6876.0,14,0,11.23912045457176,0,0,0.7,4,42.0,1,Medium,14,0.0,1.0,0.0,0.0
68610474,2026-04-08 01:33:11,Closed,Street Condition,Pothole,MANHATTAN,nan,40.74400767555111,-73.98569458106098,2026-04-09 23:25:00,nan,16591.571428571428,6876.0,23,1,17.80702554716435,0,0,0.7,4,42.0,1,Medium,14,0.0,1.0,0.0,0.0
68747375,2026-04-21 14:48:22,Closed,Street Condition,Pothole,MANHATTAN,nan,40.7207459377075,-73.98615773607546,2026-04-21 14:48:22,nan,16591.571428571428,6876.0,33,1,4.254814899016203,0,0,0.7,4,42.0,1,Medium,14,0.0,1.0,0.0,0.0
68650955,2026-04-13 18:56:40,Closed,Street Condition,Pothole,MANHATTAN,nan,40.85176565957254,-73.94190484692963,2026-04-13 18:56:40,nan,16591.571428571428,6876.0,11,1,12.082384343460648,0,0,0.7,4,42.0,1,Medium,14,0.0,1.0,0.0,0.0
68649468,2026-04-13 19:42:07,Closed,Street Condition,Pothole,MANHATTAN,nan,40.84107667637581,-73.93976740555671,2026-04-13 19:42:07,nan,16591.571428571428,6876.0,15,1,12.050821843460648,0,0,0.7,4,42.0,1,Medium,14,0.0,1.0,0.0,0.0
68617087,2026-04-09 21:39:53,Closed,Street Condition,Pothole,MANHATTAN,nan,40.740879120068314,-73.99006895453684,2026-04-09 21:39:53,nan,16591.571428571428,6876.0,21,0,15.96903943605324,0,0,0.7,4,42.0,1,Medium,14,0.0,1.0,0.0,0.0
68668733,2026-04-14 15:10:02,Open,Street Condition,Pothole,MANHATTAN,nan,40.7291122954418,-74.0106725455461,,nan,16591.571428571428,6876.0,14,0,11.239768602719908,0,0,0.7,4,42.0,1,Medium,14,0.0,1.0,0.0,0.0
68678877,2026-04-14 01:23:44,Closed,Street Condition,Pothole,MANHATTAN,nan,40.77759147143326,-73.9590912852142,2026-04-15 22:45:00,nan,16591.571428571428,6876.0,11,1,11.813588047164352,0,0,0.7,4,41.9,1,Medium,14,0.0,1.0,0.0,0.0
68628003,2026-04-10 08:54:58,Open,Street Condition,Pothole,MANHATTAN,nan,40.7534814808969,-73.97878425533553,,nan,16591.571428571428,6876.0,34,1,15.50023156568287,0,0,0.7,4,41.9,1,Medium,14,0.0,1.0,0.0,0.0
68624210,2026-04-10 16:41:44,Closed,Street Condition,Pothole,STATEN ISLAND,nan,40.57794507789668,-74.10231528539454,2026-04-12 03:43:00,nan,23788.714285714286,2762.0,24,0,15.176088047164352,4,0,0.7,4,41.9,1,Medium,14,0.0,1.0,0.0,0.0
68677372,2026-04-15 09:08:57,Closed,Street Condition,Pothole,MANHATTAN,nan,40.865957306587084,-73.92986745192913,2026-04-15 09:08:57,nan,16591.571428571428,6876.0,13,1,10.490520917534722,0,0,0.7,4,41.9,1,Medium,14,0.0,1.0,0.0,0.0
68518280,2026-03-31 15:08:26,Closed,Street Condition,Pothole,MANHATTAN,nan,40.7779047511921,-73.98208745958574,2026-03-31 15:08:26,nan,16591.571428571428,6876.0,20,0,25.24087971383102,0,0,0.7,3,41.9,1,Medium,14,0.0,1.0,0.0,0.0
68524582,2026-03-31 14:42:21,Closed,Street Condition,Pothole,MANHATTAN,nan,40.7779047511921,-73.98208745958574,2026-03-31 14:42:21,nan,16591.571428571428,6876.0,20,0,25.258993139756946,0,0,0.7,3,41.9,1,Medium,14,0.0,1.0,0.0,0.0
68600488,2026-04-08 11:13:01,Closed,Street Condition,Pothole,MANHATTAN,nan,40.83535967870378,-73.9402170775343,2026-04-18 23:55:00,nan,16591.571428571428,6876.0,13,0,17.404363510127315,0,0,0.7,4,41.9,1,Medium,14,0.0,1.0,0.0,0.0
68529042,2026-04-01 06:52:31,Closed,Street Condition,Pothole,MANHATTAN,nan,40.83406100800248,-73.94487994277772,2026-04-01 06:52:31,nan,16591.571428571428,6876.0,26,1,24.585266287905096,0,0,0.7,4,41.9,1,Medium,14,0.0,0.998,0.002,0.0
68588880,2026-04-07 13:21:00,Closed,Street Condition,Pothole,STATEN ISLAND,nan,40.64552202452313,-74.07767000848172,2026-04-07 13:21:00,nan,23788.714285714286,2762.0,14,1,18.3154861953125,4,0,0.7,4,41.9,1,Medium,14,0.0,1.0,0.0,0.0
68579376,2026-04-06 21:22:33,Open,Street Condition,Pothole,MANHATTAN,nan,40.75928411341196,-73.95926496390386,,nan,16591.571428571428,6876.0,23,1,18.981076473090276,0,0,0.7,4,41.9,1,Medium,14,0.0,1.0,0.0,0.0
68613110,2026-04-04 14:38:53,Closed,Street Condition,Pothole,MANHATTAN,nan,40.758949399914954,-73.96848058993135,2026-04-04 14:38:53,nan,16591.571428571428,6876.0,16,0,21.261400547164353,0,0,0.7,4,41.9,1,Medium,14,0.0,1.0,0.0,0.0
68574629,2026-04-05 19:00:49,Closed,Street Condition,Pothole,QUEENS,ASTORIA BOULEVARD,40.766103355503255,-73.88994816080626,2026-04-05 19:00:49,nan,11347.333333333334,29394.0,26,0,20.079502399016203,2,0,0.7,4,41.9,1,Medium,14,0.0,1.0,0.0,0.0
68527616,2026-04-01 09:12:19,Closed,Street Condition,Pothole,MANHATTAN,nan,40.8141445210828,-73.9557054508932,2026-04-01 09:12:19,nan,16591.571428571428,6876.0,39,0,24.488182954571762,0,0,0.7,4,41.9,1,Medium,14,0.0,0.998,0.002,0.0
68538160,2026-04-02 14:41:05,Open,Street Condition,Pothole,MANHATTAN,nan,40.81973165231191,-73.96016371431405,,nan,16591.571428571428,6876.0,24,0,23.259872769386575,0,0,0.7,4,41.9,1,Medium,14,0.0,1.0,0.0,0.0
68618431,2026-04-10 10:27:22,Closed,Street Condition,Pothole,MANHATTAN,nan,40.80297085227577,-73.96386162910126,2026-04-10 10:27:22,nan,16591.571428571428,6876.0,16,0,15.436064899016204,0,0,0.7,4,41.9,1,Medium,14,0.0,1.0,0.0,0.0
68647245,2026-04-13 02:16:27,Open,Street Condition,Pothole,MANHATTAN,nan,40.799577189828355,-73.93589693679573,,nan,16591.571428571428,6876.0,15,1,12.776979250868056,0,0,0.7,4,41.8,1,Medium,14,0.0,1.0,0.0,0.0
68608408,2026-04-04 14:06:57,Open,Street Condition,Pothole,STATEN ISLAND,nan,40.603625387178006,-74.0693023870406,,nan,23788.714285714286,2762.0,19,1,21.283576473090278,4,0,0.7,4,41.8,1,Medium,14,0.0,1.0,0.0,0.0
68529037,2026-04-01 14:00:33,Closed,Street Condition,Pothole,MANHATTAN,nan,40.85716777320929,-73.92823190648733,2026-04-01 14:00:33,nan,16591.571428571428,6876.0,13,1,24.288020917534723,0,0,0.7,4,41.8,1,Medium,14,0.0,0.999,0.001,0.0
68578002,2026-04-05 11:12:35,Pending,Street Condition,Pothole,QUEENS,ASTORIA BOULEVARD,40.766103355503255,-73.88994816080626,,nan,11347.333333333334,29394.0,26,0,20.404664436053242,2,0,0.7,4,41.8,1,Medium,14,0.0,1.0,0.0,0.0
68640960,2026-04-12 19:51:33,Closed,Street Condition,Pothole,MANHATTAN,nan,40.82264393376656,-73.95321759407697,2026-04-12 19:51:33,nan,16591.571428571428,6876.0,16,1,13.044270917534723,0,0,0.7,4,41.8,1,Medium,14,0.0,1.0,0.0,0.0
68614948,2026-04-09 22:07:39,Open,Street Condition,Pothole,MANHATTAN,nan,40.76473551289493,-73.9822173499321,,nan,16591.571428571428,6876.0,29,0,15.949757028645832,0,0,0.7,4,41.8,1,Medium,14,0.0,1.0,0.0,0.0
68593624,2026-04-07 19:44:11,Open,Street Condition,Pothole,MANHATTAN,nan,40.85110891922496,-73.93060242247068,,nan,16591.571428571428,6876.0,16,1,18.049386658275463,0,0,0.7,4,41.8,1,Medium,14,0.0,1.0,0.0,0.0
68668734,2026-04-14 06:11:27,Open,Street Condition,Pothole,MANHATTAN,nan,40.86510132036433,-73.92188192082645,,nan,16591.571428571428,6876.0,14,1,11.613784806423611,0,0,0.7,4,41.8,1,Medium,14,0.0,1.0,0.0,0.0
68677370,2026-04-15 15:20:19,Closed,Street Condition,Pothole,MANHATTAN,nan,40.76123442230889,-73.9638842741059,2026-04-15 15:20:19,nan,16591.571428571428,6876.0,49,1,10.232627399016204,0,0,0.7,4,41.8,1,Medium,14,0.0,1.0,0.0,0.0
68728130,2026-04-19 07:00:00,Closed,Street Condition,Pothole,STATEN ISLAND,nan,40.63673593846303,-74.134281487274,2026-04-20 09:00:00,nan,23788.714285714286,2762.0,12,0,6.580069528645833,4,0,0.7,4,41.8,1,Medium,14,0.0,1.0,0.0,0.0
68621089,2026-04-10 13:40:04,Closed,Street Condition,Pothole,STATEN ISLAND,nan,40.576502824266896,-74.10368819441264,2026-04-10 13:40:04,nan,23788.714285714286,2762.0,24,0,15.302245454571759,4,0,0.7,4,41.8,1,Medium,14,0.0,1.0,0.0,0.0
68582303,2026-04-06 18:02:35,Closed,Street Condition,Pothole,MANHATTAN,nan,40.706459295819975,-74.01510167781731,2026-04-18 14:17:00,nan,16591.571428571428,6876.0,24,1,19.119942213831017,0,0,0.7,4,41.8,1,Medium,14,0.0,1.0,0.0,0.0
68677900,2026-04-15 07:59:29,Closed,Street Condition,Pothole,MANHATTAN,nan,40.7298565508983,-74.00395444237157,2026-04-19 01:10:00,nan,16591.571428571428,6876.0,27,0,10.538761658275464,0,0,0.7,4,41.8,1,Medium,14,0.0,1.0,0.0,0.0
68594438,2026-04-08 00:18:25,Closed,Street Condition,Pothole,MANHATTAN,nan,40.769750280094,-73.96060156755252,2026-04-08 00:18:25,nan,16591.571428571428,6876.0,21,1,17.858946843460647,0,0,0.7,4,41.8,1,Medium,14,0.0,1.0,0.0,0.0
68580282,2026-04-06 15:15:55,Closed,Street Condition,Pothole,MANHATTAN,nan,40.732848329178424,-73.99591548380599,2026-04-06 15:15:55,nan,16591.571428571428,6876.0,8,0,19.235682954571757,0,0,0.7,4,41.8,1,Medium,14,0.0,1.0,0.0,0.0
68625483,2026-04-10 16:39:21,Closed,Street Condition,Pothole,STATEN ISLAND,nan,40.58138936254942,-74.10877545103523,2026-04-18 08:30:00,nan,23788.714285714286,2762.0,9,1,15.177743139756945,4,0,0.7,4,41.7,1,Medium,14,0.0,1.0,0.0,0.0
68613665,2026-04-09 17:09:01,Open,Street Condition,Pothole,MANHATTAN,nan,40.78461605788552,-73.95395929858083,,nan,16591.571428571428,6876.0,9,0,16.15714128790509,0,0,0.7,4,41.7,1,Medium,14,0.0,1.0,0.0,0.0
68644532,2026-04-12 20:36:33,Closed,Street Condition,Pothole,MANHATTAN,nan,40.768023997074046,-73.97028136310426,2026-04-12 20:36:33,nan,16591.571428571428,6876.0,10,0,13.013020917534723,0,0,0.7,4,41.7,1,Medium,14,0.0,1.0,0.0,0.0
68607068,2026-04-08 16:40:16,Closed,Street Condition,Pothole,MANHATTAN,nan,40.72142197640664,-73.99903316019109,2026-04-18 02:10:00,nan,16591.571428571428,6876.0,32,1,17.17710656568287,0,0,0.7,4,41.7,1,Medium,14,0.0,1.0,0.0,0.0
68665514,2026-04-14 10:37:45,Open,Street Condition,Pothole,MANHATTAN,nan,40.78654777999216,-73.95255322912092,,nan,16591.571428571428,6876.0,19,1,11.428854250868055,0,0,0.7,4,41.7,1,Medium,14,0.0,1.0,0.0,0.0
68624200,2026-04-10 19:19:40,Open,Street Condition,Pothole,MANHATTAN,nan,40.801352652225354,-73.96787537678244,,nan,16591.571428571428,6876.0,13,1,15.066412121238425,0,0,0.7,4,41.7,1,Medium,14,0.0,0.999,0.0,0.0
68695187,2026-04-16 11:23:10,Closed,Street Condition,Pothole,STATEN ISLAND,nan,40.543335225468695,-74.16427024861207,2026-04-16 11:23:10,nan,23788.714285714286,2762.0,12,1,9.397314899016203,4,0,0.7,4,41.7,1,Medium,14,0.0,1.0,0.0,0.0
68515714,2026-03-31 16:25:49,Closed,Street Condition,Pothole,STATEN ISLAND,nan,40.576502824266896,-74.10368819441264,2026-04-12 01:22:00,nan,23788.714285714286,2762.0,24,0,25.187141287905096,4,0,0.7,3,41.7,1,Medium,14,0.0,1.0,0.0,0.0
68523036,2026-03-31 14:13:38,Closed,Street Condition,Pothole,MANHATTAN,nan,40.76671457146749,-73.98287746335355,2026-03-31 14:13:38,nan,16591.571428571428,6876.0,36,0,25.278935269386576,0,0,0.7,3,41.7,1,Medium,14,0.0,0.997,0.003,0.0
68628000,2026-04-10 12:04:02,Open,Street Condition,Pothole,MANHATTAN,nan,40.76552015180097,-73.98003670045067,,nan,16591.571428571428,6876.0,27,0,15.368935269386574,0,0,0.7,4,41.7,1,Medium,14,0.0,1.0,0.0,0.0
68582331,2026-04-05 14:00:25,Closed,Street Condition,Pothole,STATEN ISLAND,nan,40.63778221701535,-74.07694038166075,2026-04-19 02:40:00,nan,23788.714285714286,2762.0,17,1,20.288113510127314,4,0,0.7,4,41.7,1,Medium,14,0.0,1.0,0.0,0.0
68543955,2026-04-02 14:43:35,Closed,Street Condition,Pothole,STATEN ISLAND,nan,40.614078368849896,-74.0724576201872,2026-04-02 14:43:35,nan,23788.714285714286,2762.0,9,0,23.25813665827546,4,0,0.7,4,41.7,1,Medium,14,0.0,1.0,0.0,0.0
68674401,2026-04-15 13:20:30,Closed,Street Condition,Pothole,MANHATTAN,nan,40.76123442230889,-73.9638842741059,2026-04-15 13:20:30,nan,16591.571428571428,6876.0,49,1,10.315833417534723,0,0,0.7,4,41.7,1,Medium,14,0.0,1.0,0.0,0.0
68640961,2026-04-12 18:20:15,Closed,Street Condition,Pothole,MANHATTAN,nan,40.77102399632221,-73.95364737877979,2026-04-12 18:20:15,nan,16591.571428571428,6876.0,14,0,13.1076736953125,0,0,0.7,4,41.6,1,Medium,14,0.0,1.0,0.0,0.0
68634261,2026-04-11 15:40:31,Open,Street Condition,Pothole,MANHATTAN,nan,40.80096047946833,-73.96905666457744,,nan,16591.571428571428,6876.0,16,1,14.218599621238425,0,0,0.7,4,41.6,1,Medium,14,0.0,0.999,0.0,0.0
68586635,2026-04-07 07:33:31,Open,Street Condition,Pothole,MANHATTAN,nan,40.745421755862786,-73.99096689618635,,nan,16591.571428571428,6876.0,31,1,18.55679406568287,0,0,0.7,4,41.6,1,Medium,14,0.0,1.0,0.0,0.0
68600487,2026-04-08 14:56:28,Closed,Street Condition,Pothole,MANHATTAN,nan,40.84691111350343,-73.93823322379754,2026-04-13 22:00:00,nan,16591.571428571428,6876.0,31,1,17.249189899016205,0,0,0.7,4,41.6,1,Medium,14,0.0,1.0,0.0,0.0
68637492,2026-04-11 10:33:54,Closed,Street Condition,Pothole,MANHATTAN,nan,40.7779047511921,-73.98208745958574,2026-04-11 10:33:54,nan,16591.571428571428,6876.0,20,0,14.431527861979166,0,0,0.7,4,41.6,1,Medium,14,0.0,1.0,0.0,0.0
68745851,2026-04-21 11:38:20,Closed,Street Condition,Pothole,MANHATTAN,nan,40.74406555204563,-73.98774799711626,2026-04-21 11:38:20,nan,16591.571428571428,6876.0,24,1,4.3867824916087965,0,0,0.7,4,41.6,1,Medium,14,0.0,1.0,0.0,0.0
68576025,2026-04-05 14:59:42,Closed,Street Condition,Pothole,BROOKLYN,FLATLANDS AVENUE,40.64912367385375,-73.89228892626795,2026-04-06 09:08:00,nan,8120.555555555556,24705.0,14,1,20.246944528645834,1,0,0.7,4,41.6,1,Medium,14,0.0,1.0,0.0,0.0
68623725,2026-04-10 22:01:06,Closed,Street Condition,Pothole,MANHATTAN,nan,40.77039307378342,-73.94807356936934,2026-04-10 22:01:06,nan,16591.571428571428,6876.0,13,0,14.954305639756944,0,0,0.7,4,41.6,1,Medium,14,0.0,1.0,0.0,0.0
68516688,2026-03-31 15:07:40,Closed,Street Condition,Pothole,MANHATTAN,nan,40.77709505617554,-73.98210211990181,2026-03-31 15:07:40,nan,16591.571428571428,6876.0,15,0,25.24141212123843,0,0,0.7,3,41.5,1,Medium,14,0.0,1.0,0.0,0.0
68584648,2026-04-04 12:38:28,Closed,Street Condition,Pothole,QUEENS,ROOSEVELT AVENUE,40.750868340756114,-73.85828085961863,2026-04-05 11:05:00,nan,11892.285714285714,15935.0,20,0,21.345023232349536,2,0,0.7,4,41.5,1,Medium,14,0.0,1.0,0.0,0.0
68575182,2026-04-06 11:32:52,Open,Street Condition,Pothole,MANHATTAN,nan,40.85176565957254,-73.94190484692963,,nan,16591.571428571428,6876.0,11,1,19.390578787905092,0,0,0.7,4,41.5,1,Medium,14,0.0,1.0,0.0,0.0
68583748,2026-04-06 09:56:51,Open,Street Condition,Pothole,MANHATTAN,nan,40.75897825494627,-73.99393579583666,,nan,16591.571428571428,6876.0,44,1,19.457257028645834,0,0,0.7,4,41.5,1,Medium,14,0.0,0.999,0.001,0.0
68579379,2026-04-06 12:12:06,Open,Street Condition,Pothole,MANHATTAN,nan,40.76123442230889,-73.9638842741059,,nan,16591.571428571428,6876.0,49,1,19.363333417534722,0,0,0.7,4,41.5,1,Medium,14,0.0,1.0,0.0,0.0
68639109,2026-04-12 17:40:28,Open,Street Condition,Pothole,MANHATTAN,nan,40.775640458711536,-73.96051142948765,,nan,16591.571428571428,6876.0,18,1,13.135301010127314,0,0,0.7,4,41.5,1,Medium,14,0.0,1.0,0.0,0.0
68679421,2026-04-15 08:13:19,Open,Street Condition,Pothole,MANHATTAN,nan,40.77138740575629,-73.95647761547139,,nan,16591.571428571428,6876.0,13,0,10.529155176793981,0,0,0.7,4,41.5,1,Medium,14,0.0,1.0,0.0,0.0
68646807,2026-04-12 17:41:32,Closed,Street Condition,Pothole,MANHATTAN,nan,40.775640458711536,-73.96051142948765,2026-04-12 17:41:32,nan,16591.571428571428,6876.0,18,1,13.134560269386574,0,0,0.7,4,41.5,1,Medium,14,0.0,1.0,0.0,0.0
68691305,2026-04-16 14:42:33,Open,Street Condition,Pothole,MANHATTAN,nan,40.76527314307152,-73.9521279666576,,nan,16591.571428571428,6876.0,10,0,9.258854250868055,0,0,0.7,4,41.5,1,Medium,14,0.0,1.0,0.0,0.0
68626282,2026-04-10 12:14:09,Closed,Street Condition,Pothole,MANHATTAN,nan,40.73736073291079,-73.99683897658859,2026-04-10 12:14:09,nan,16591.571428571428,6876.0,14,0,15.361909806423611,0,0,0.7,4,41.5,1,Medium,14,0.0,1.0,0.0,0.0
68622848,2026-04-11 01:14:06,Open,Street Condition,Pothole,MANHATTAN,nan,40.731706579763554,-74.00095616452742,,nan,16591.571428571428,6876.0,20,0,14.820277861979166,0,0,0.7,4,41.5,1,Medium,14,0.0,1.0,0.0,0.0
68641464,2026-04-12 09:07:42,Closed,Street Condition,Pothole,MANHATTAN,nan,40.7082242712472,-74.01438069826862,2026-04-18 14:10:00,nan,16591.571428571428,6876.0,16,1,13.491388973090277,0,0,0.7,4,41.5,1,Medium,14,0.0,1.0,0.0,0.0
68691298,2026-04-16 15:50:13,Open,Street Condition,Pothole,STATEN ISLAND,nan,40.60843514912259,-74.15543745945998,,nan,23788.714285714286,2762.0,9,1,9.211863510127314,4,0,0.7,4,41.5,1,Medium,14,0.001,0.999,0.0,0.0
68700143,2026-04-17 18:44:15,Open,Street Condition,Pothole,MANHATTAN,nan,40.80118493145114,-73.9397457112116,,nan,16591.571428571428,6876.0,27,1,8.091007028645834,0,0,0.7,4,41.5,1,Medium,14,0.0,1.0,0.0,0.0
68623723,2026-04-11 00:00:53,Closed,Street Condition,Pothole,MANHATTAN,nan,40.77879404063979,-73.98205472388632,2026-04-11 00:00:53,nan,16591.571428571428,6876.0,24,0,14.871122769386574,0,0,0.7,4,41.5,1,Medium,14,0.0,1.0,0.0,0.0
68577464,2026-04-05 14:37:58,Closed,Street Condition,Pothole,MANHATTAN,nan,40.861592751649304,-73.92474206293129,2026-04-05 14:37:58,nan,16591.571428571428,6876.0,18,0,20.262037121238425,0,0,0.7,4,41.5,1,Medium,14,0.0,1.0,0.0,0.0
68635007,2026-04-11 14:28:03,Closed,Street Condition,Pothole,MANHATTAN,nan,40.7609899645913,-73.97330947588812,2026-04-11 14:28:03,nan,16591.571428571428,6876.0,21,0,14.2689236953125,0,0,0.7,4,41.5,1,Medium,14,0.0,1.0,0.0,0.0
68622389,2026-04-10 08:37:45,Closed,Street Condition,Pothole,MANHATTAN,nan,40.71173825384143,-74.00698692775009,2026-04-10 08:37:45,nan,16591.571428571428,6876.0,23,0,15.512187584201389,0,0,0.7,4,41.5,1,Medium,14,0.0,1.0,0.0,0.0
68528079,2026-04-01 18:34:20,Closed,Street Condition,Pothole,MANHATTAN,nan,40.80293681676738,-73.96956142995137,2026-04-11 20:30:00,nan,16591.571428571428,6876.0,6,1,24.097893602719907,0,0,0.7,4,41.4,1,Medium,14,0.0,0.997,0.003,0.0
68521410,2026-03-31 22:42:31,Closed,Street Condition,Pothole,MANHATTAN,nan,40.77914450955612,-73.9447737506954,2026-03-31 22:42:31,nan,16591.571428571428,6876.0,21,1,24.925544065682875,0,0,0.7,3,41.4,1,Medium,14,0.0,0.999,0.001,0.0
68545361,2026-04-02 14:38:37,Closed,Street Condition,Pothole,MANHATTAN,nan,40.71945659674111,-73.99439754497551,2026-04-02 14:38:37,nan,16591.571428571428,6876.0,56,1,23.261585732349538,0,0,0.7,4,41.4,1,Medium,14,0.0,0.998,0.002,0.0
68513575,2026-03-31 19:18:22,Closed,Street Condition,Pothole,STATEN ISLAND,nan,40.60364497691573,-74.07731878633992,2026-03-31 19:18:22,nan,23788.714285714286,2762.0,12,1,25.067314899016207,4,0,0.7,3,41.4,1,Medium,14,0.0,1.0,0.0,0.0
68636289,2026-04-11 09:08:21,Closed,Street Condition,Pothole,MANHATTAN,nan,40.80297085227577,-73.96386162910126,2026-04-11 09:08:21,nan,16591.571428571428,6876.0,16,0,14.490937584201388,0,0,0.7,4,41.4,1,Medium,14,0.0,1.0,0.0,0.0
68679411,2026-04-15 15:29:44,Open,Street Condition,Pothole,MANHATTAN,nan,40.763114133956435,-73.96251511418777,,nan,16591.571428571428,6876.0,27,1,10.226088047164351,0,0,0.7,4,41.4,1,Medium,14,0.0,1.0,0.0,0.0
68588879,2026-04-07 17:41:09,Closed,Street Condition,Pothole,STATEN ISLAND,nan,40.603625387178006,-74.0693023870406,2026-04-07 17:41:09,nan,23788.714285714286,2762.0,19,1,18.13482647309028,4,0,0.7,4,41.4,1,Medium,14,0.0,1.0,0.0,0.0
68655895,2026-04-13 09:29:21,Open,Street Condition,Pothole,MANHATTAN,nan,40.805838015118006,-73.94690085427227,,nan,16591.571428571428,6876.0,21,1,12.476354250868056,0,0,0.7,4,41.4,1,Medium,14,0.0,1.0,0.0,0.0
68588891,2026-04-07 12:39:39,Closed,Street Condition,Pothole,UNSPECIFIED,nan,40.69953105419444,-73.91103665226316,2026-04-07 12:39:39,nan,3000.0,1095000.0,28,1,18.344201473090276,5,0,0.7,4,41.3,1,Medium,14,0.0,1.0,0.0,0.0
68537637,2026-04-02 11:24:06,Closed,Street Condition,Pothole,MANHATTAN,nan,40.80297085227577,-73.96386162910126,2026-04-02 11:24:06,nan,16591.571428571428,6876.0,16,0,23.396666750868054,0,0,0.7,4,41.3,1,Medium,14,0.0,1.0,0.0,0.0
68593627,2026-04-07 14:49:04,Open,Street Condition,Pothole,MANHATTAN,LUDLOW STREET,40.72199219824923,-73.98737686026914,,nan,16591.571428571428,4784.0,44,1,18.25432878790509,0,0,0.7,4,41.3,1,Medium,14,0.0,1.0,0.0,0.0
68543974,2026-04-02 11:22:58,Closed,Street Condition,Pothole,MANHATTAN,nan,40.80297085227577,-73.96386162910126,2026-04-02 11:22:58,nan,16591.571428571428,6876.0,16,0,23.397453787905093,0,0,0.7,4,41.3,1,Medium,14,0.0,1.0,0.0,0.0
68682404,2026-04-16 00:05:44,Open,Street Condition,Pothole,MANHATTAN,nan,40.74960328344151,-73.97950370878019,,nan,16591.571428571428,6876.0,32,0,9.867754713831019,0,0,0.7,4,41.3,1,Medium,14,0.0,1.0,0.0,0.0
68607071,2026-04-08 12:57:52,Open,Street Condition,Pothole,MANHATTAN,AVENUE A,40.72242298861693,-73.98618624907375,,nan,16591.571428571428,12784.0,36,0,17.331551010127313,0,0,0.7,4,41.3,1,Medium,14,0.0,1.0,0.0,0.0
68688369,2026-04-16 15:45:57,Open,Street Condition,Pothole,STATEN ISLAND,nan,40.60813693173501,-74.14847867701626,,nan,23788.714285714286,2762.0,22,1,9.214826473090277,4,0,0.7,4,41.3,1,Medium,14,0.0,1.0,0.0,0.0
68592213,2026-04-07 08:45:14,Closed,Street Condition,Pothole,MANHATTAN,nan,40.73641382010195,-74.00194854838347,2026-04-18 10:11:00,nan,16591.571428571428,6876.0,15,0,18.50699082494213,0,0,0.7,4,41.3,1,Medium,14,0.0,1.0,0.0,0.0
68520394,2026-03-31 18:27:42,Open,Street Condition,Pothole,MANHATTAN,nan,40.74154879564148,-73.98957446267119,,nan,16591.571428571428,6876.0,22,0,25.10250008420139,0,0,0.7,3,41.3,1,Medium,14,0.0,1.0,0.0,0.0
68520396,2026-03-31 13:54:22,Open,Street Condition,Pothole,MANHATTAN,nan,40.758949399914954,-73.96848058993135,,nan,16591.571428571428,6876.0,16,0,25.292314899016205,0,0,0.7,3,41.2,1,Medium,14,0.0,0.999,0.001,0.0
68741360,2026-04-20 00:48:39,Closed,Street Condition,Pothole,MANHATTAN,nan,40.77822534046325,-73.95862872759595,2026-04-21 16:30:00,nan,16591.571428571428,6876.0,12,1,5.8379514730902775,0,0,0.7,4,41.2,1,Medium,14,0.0,1.0,0.0,0.0
68671898,2026-04-14 08:09:32,Open,Street Condition,Pothole,MANHATTAN,nan,40.718273618564794,-74.00532458264176,,nan,16591.571428571428,6876.0,22,1,11.531782491608796,0,0,0.7,4,41.2,1,Medium,14,0.0,1.0,0.0,0.0
68580280,2026-04-06 20:43:17,Closed,Street Condition,Pothole,MANHATTAN,nan,40.76468444245788,-73.99178735329583,2026-04-06 20:43:17,nan,16591.571428571428,6876.0,16,1,19.008344991608794,0,0,0.7,4,41.2,1,Medium,14,0.0,1.0,0.0,0.0
68628004,2026-04-10 08:49:42,Open,Street Condition,Pothole,MANHATTAN,nan,40.7398611376435,-73.995016510095,,nan,16591.571428571428,6876.0,12,0,15.503888973090277,0,0,0.7,4,41.2,1,Medium,14,0.0,1.0,0.0,0.0
68625470,2026-04-10 12:06:16,Open,Street Condition,Pothole,MANHATTAN,WEST  106 STREET,40.80226448576906,-73.97004574443737,,nan,16591.571428571428,6876.0,7,1,15.367384343460648,0,0,0.7,4,41.2,1,Medium,14,0.001,0.999,0.0,0.0
68706886,2026-04-16 22:52:53,Closed,Street Condition,Pothole,MANHATTAN,nan,40.74647771285205,-73.9838967845674,2026-04-17 17:10:00,nan,16591.571428571428,6876.0,23,1,8.918344991608796,0,0,0.7,4,41.2,1,Medium,14,0.0,1.0,0.0,0.0
68633772,2026-04-11 10:29:25,Closed,Street Condition,Pothole,MANHATTAN,nan,40.77299166968827,-73.98207794989732,2026-04-11 10:29:25,nan,16591.571428571428,6876.0,20,0,14.434641287905093,0,0,0.7,4,41.2,1,Medium,14,0.0,1.0,0.0,0.0
68621518,2026-04-10 10:34:56,Closed,Street Condition,Pothole,MANHATTAN,nan,40.70849587847563,-74.01534380229157,2026-04-18 14:25:00,nan,16591.571428571428,6876.0,17,1,15.430810269386575,0,0,0.7,4,41.1,1,Medium,14,0.0,1.0,0.0,0.0
68647962,2026-04-13 15:50:06,Closed,Street Condition,Pothole,MANHATTAN,nan,40.7779047511921,-73.98208745958574,2026-04-13 15:50:06,nan,16591.571428571428,6876.0,20,0,12.211944528645834,0,0,0.7,4,41.1,1,Medium,14,0.0,1.0,0.0,0.0
68673440,2026-04-15 17:56:33,Closed,Street Condition,Pothole,MANHATTAN,nan,40.73813472080256,-74.00417505316446,2026-04-19 02:16:00,nan,16591.571428571428,6876.0,11,0,10.124132028645834,0,0,0.7,4,41.1,1,Medium,14,0.0,1.0,0.0,0.0
68523035,2026-03-31 14:26:45,Closed,Street Condition,Pothole,MANHATTAN,nan,40.74776486500815,-73.98295812360449,2026-03-31 14:26:45,nan,16591.571428571428,6876.0,41,1,25.26982647309028,0,0,0.7,3,41.1,1,Medium,14,0.0,0.996,0.004,0.0
68670260,2026-04-14 18:35:55,Open,Street Condition,Pothole,MANHATTAN,nan,40.71153733500604,-73.98674399475725,,nan,16591.571428571428,6876.0,18,1,11.09679406568287,0,0,0.7,4,41.1,1,Medium,14,0.0,1.0,0.0,0.0
68583192,2026-04-06 14:15:52,Closed,Street Condition,Pothole,STATEN ISLAND,HAMILTON AVENUE,40.644911304552586,-74.07968364057206,2026-04-19 02:30:00,nan,23788.714285714286,2182.0,15,1,19.277384343460646,4,0,0.7,4,41.1,1,Medium,14,0.0,1.0,0.0,0.0
68595855,2026-04-07 11:45:44,Closed,Street Condition,Pothole,MANHATTAN,nan,40.76468444245788,-73.99178735329583,2026-04-07 11:45:44,nan,16591.571428571428,6876.0,16,1,18.381643602719908,0,0,0.7,4,41.1,1,Medium,14,0.0,1.0,0.0,0.0
68527615,2026-04-01 12:09:35,Closed,Street Condition,Pothole,MANHATTAN,nan,40.761550882570425,-73.96658422171976,2026-04-01 12:09:35,nan,16591.571428571428,6876.0,34,0,24.36508110271991,0,0,0.7,4,41.1,1,Medium,14,0.0,0.995,0.005,0.0
68623724,2026-04-10 22:58:39,Closed,Street Condition,Pothole,MANHATTAN,nan,40.80297085227577,-73.96386162910126,2026-04-10 22:58:39,nan,16591.571428571428,6876.0,16,0,14.914340361979166,0,0,0.7,4,41.1,1,Medium,14,0.0,1.0,0.0,0.0
68695667,2026-04-16 20:19:29,Open,Street Condition,Pothole,MANHATTAN,nan,40.768485842587054,-73.95550115799429,,nan,16591.571428571428,6876.0,10,0,9.024872769386574,0,0,0.7,4,41.1,1,Medium,14,0.0,1.0,0.0,0.0
68614429,2026-04-09 11:39:37,Closed,Street Condition,Pothole,MANHATTAN,nan,40.76123442230889,-73.9638842741059,2026-04-09 11:39:37,nan,16591.571428571428,6876.0,49,1,16.385891287905093,0,0,0.7,4,41.1,1,Medium,14,0.0,1.0,0.0,0.0
68575206,2026-04-06 18:41:25,Open,Street Condition,Pothole,STATEN ISLAND,nan,40.60856402350287,-74.14719748662404,,nan,23788.714285714286,2762.0,7,1,19.092974621238426,4,0,0.7,4,41.1,1,Medium,14,0.0,1.0,0.0,0.0
68545867,2026-04-02 08:48:52,Open,Street Condition,Pothole,MANHATTAN,nan,40.81084332481149,-73.95067910536685,,nan,16591.571428571428,6876.0,41,0,23.504467676793983,0,0,0.7,4,41.1,1,Medium,14,0.0,0.999,0.001,0.0
68610475,2026-04-08 01:32:25,Closed,Street Condition,Pothole,MANHATTAN,nan,40.76422204840166,-73.9809792811693,2026-04-09 22:55:00,nan,16591.571428571428,6876.0,26,0,17.80755795457176,0,0,0.7,4,41.1,1,Medium,14,0.0,1.0,0.0,0.0
68649945,2026-04-13 08:32:23,Closed,Street Condition,Pothole,MANHATTAN,nan,40.71325594707911,-74.00925599630611,2026-04-18 09:22:00,nan,16591.571428571428,6876.0,23,0,12.51591443605324,0,0,0.7,4,41.1,1,Medium,14,0.0,1.0,0.0,0.0
68693723,2026-04-15 23:23:29,Closed,Street Condition,Pothole,MANHATTAN,nan,40.7883145239069,-73.97649807691329,2026-04-16 17:22:00,nan,16591.571428571428,6876.0,18,0,9.897094991608796,0,0,0.7,4,41.1,1,Medium,14,0.0,1.0,0.0,0.0
68651453,2026-04-13 08:00:50,Open,Street Condition,Pothole,MANHATTAN,nan,40.70694257111171,-74.01351838995673,,nan,16591.571428571428,6876.0,12,1,12.537824158275463,0,0,0.7,4,41.1,1,Medium,14,0.0,1.0,0.0,0.0
68656953,2026-04-12 00:49:30,Closed,Street Condition,Pothole,MANHATTAN,nan,40.74776486500815,-73.98295812360449,2026-04-13 19:00:00,nan,16591.571428571428,6876.0,41,1,13.8373611953125,0,0,0.7,4,41.1,1,Medium,14,0.0,1.0,0.0,0.0
68641465,2026-04-12 07:53:27,Open,Street Condition,Pothole,MANHATTAN,nan,40.80297085227577,-73.96386162910126,,nan,16591.571428571428,6876.0,16,0,13.542951473090277,0,0,0.7,4,41.1,1,Medium,14,0.0,1.0,0.0,0.0
68623726,2026-04-10 17:39:35,Closed,Street Condition,Pothole,MANHATTAN,nan,40.79236257545369,-73.9641743612929,2026-04-10 17:39:35,nan,16591.571428571428,6876.0,13,0,15.135914436053241,0,0,0.7,4,41.0,1,Medium,14,0.0,1.0,0.0,0.0
68684884,2026-04-15 23:10:55,Closed,Street Condition,Pothole,MANHATTAN,nan,40.743205353505104,-73.97996038469351,2026-04-16 22:10:00,nan,16591.571428571428,6876.0,26,1,9.905821843460648,0,0,0.7,4,41.0,1,Medium,14,0.0,1.0,0.0,0.0
68701096,2026-04-17 17:49:58,Closed,Street Condition,Pothole,MANHATTAN,nan,40.795927573353715,-73.97271760441463,2026-04-17 17:49:58,nan,16591.571428571428,6876.0,37,1,8.128703787905092,0,0,0.7,4,41.0,1,Medium,14,0.0,1.0,0.0,0.0
68764276,2026-04-23 14:38:13,Open,Street Condition,Pothole,MANHATTAN,nan,40.71523725933016,-74.01337938849542,,nan,16591.571428571428,6876.0,16,0,2.261863510127315,0,0,0.7,4,41.0,1,Medium,14,0.0,1.0,0.0,0.0
68705443,2026-04-16 22:58:13,Closed,Street Condition,Pothole,MANHATTAN,nan,40.74345077438843,-73.9881919930764,2026-04-17 21:45:00,nan,16591.571428571428,6876.0,16,1,8.914641287905093,0,0,0.7,4,41.0,1,Medium,14,0.0,1.0,0.0,0.0
68693711,2026-04-16 10:25:39,Closed,Street Condition,Pothole,QUEENS,QUEENS BOULEVARD,40.73935954716658,-73.89102439000105,2026-04-16 21:44:00,nan,4959.1547619047615,123690.0,13,1,9.437257028645833,2,0,0.7,4,41.0,1,Medium,14,0.001,0.999,0.0,0.0
68663898,2026-04-14 06:10:00,Open,Street Condition,Pothole,MANHATTAN,nan,40.79465104923777,-73.97178272840256,,nan,16591.571428571428,6876.0,50,1,11.614791750868056,0,0,0.7,4,41.0,1,Medium,14,0.0,0.999,0.001,0.0
68640286,2026-04-12 21:13:45,Open,Street Condition,Pothole,MANHATTAN,nan,40.76561398604396,-73.96069065452585,,nan,16591.571428571428,6876.0,24,1,12.987187584201388,0,0,0.7,4,41.0,1,Medium,14,0.0,1.0,0.0,0.0
68618429,2026-04-10 17:37:42,Closed,Street Condition,Pothole,MANHATTAN,nan,40.79236257545369,-73.9641743612929,2026-04-10 17:37:42,nan,16591.571428571428,6876.0,13,0,15.137222306423611,0,0,0.7,4,41.0,1,Medium,14,0.0,1.0,0.0,0.0
68693700,2026-04-16 16:04:26,Closed,Street Condition,Pothole,STATEN ISLAND,nan,40.542673015701205,-74.16476514032898,2026-04-16 16:04:26,nan,23788.714285714286,2762.0,10,1,9.20199082494213,4,0,0.7,4,41.0,1,Medium,14,0.0,1.0,0.0,0.0
68680929,2026-04-15 19:11:38,Open,Street Condition,Pothole,MANHATTAN,nan,40.73167071136886,-74.0066245929398,,nan,16591.571428571428,6876.0,12,0,10.07199082494213,0,0,0.7,4,41.0,1,Medium,14,0.0,1.0,0.0,0.0
68549292,2026-04-03 08:00:53,Closed,Street Condition,Pothole,MANHATTAN,nan,40.70623706771039,-74.01433698810037,2026-04-03 08:00:53,nan,16591.571428571428,6876.0,24,1,22.53778943605324,0,0,0.7,4,41.0,1,Medium,14,0.0,1.0,0.0,0.0
68640288,2026-04-12 13:14:32,Open,Street Condition,Pothole,MANHATTAN,nan,40.762963091945046,-73.97186835046374,,nan,16591.571428571428,6876.0,40,0,13.31997693605324,0,0,0.7,4,41.0,1,Medium,14,0.0,1.0,0.0,0.0
68692279,2026-04-15 23:14:12,Closed,Street Condition,Pothole,MANHATTAN,nan,40.743205353505104,-73.97996038469351,2026-04-16 22:11:00,nan,16591.571428571428,6876.0,26,1,9.903541750868055,0,0,0.7,4,41.0,1,Medium,14,0.0,1.0,0.0,0.0
68679413,2026-04-15 14:49:46,Open,Street Condition,Pothole,MANHATTAN,nan,40.786425119593346,-73.9423807520361,,nan,16591.571428571428,6876.0,22,1,10.253842676793981,0,0,0.7,4,41.0,1,Medium,14,0.0,1.0,0.0,0.0
68695668,2026-04-16 16:32:50,Open,Street Condition,Pothole,MANHATTAN,nan,40.83169432868735,-73.94925434849979,,nan,16591.571428571428,6876.0,16,1,9.182268602719907,0,0,0.7,4,40.9,1,Medium,14,0.0,1.0,0.0,0.0
68671228,2026-04-14 06:12:07,Closed,Street Condition,Pothole,MANHATTAN,nan,40.7779047511921,-73.98208745958574,2026-04-14 06:12:07,nan,16591.571428571428,6876.0,20,0,11.613321843460648,0,0,0.7,4,40.9,1,Medium,14,0.0,1.0,0.0,0.0
68679416,2026-04-15 13:18:13,Open,Street Condition,Pothole,MANHATTAN,nan,40.76428917713265,-73.95561586982379,,nan,16591.571428571428,6876.0,16,1,10.31741906568287,0,0,0.7,4,40.9,1,Medium,14,0.0,1.0,0.0,0.0
68516679,2026-04-01 00:39:54,Closed,Street Condition,Pothole,MANHATTAN,nan,40.85716777320929,-73.92823190648733,2026-04-01 00:39:54,nan,16591.571428571428,6876.0,13,1,24.844027861979168,0,0,0.7,4,40.9,1,Medium,14,0.0,0.998,0.002,0.0
68770025,2026-04-23 18:58:33,Open,Street Condition,Pothole,MANHATTAN,nan,40.86868693392675,-73.9234324174487,,nan,16591.571428571428,6876.0,11,1,2.081076473090278,0,0,0.7,4,40.9,1,Medium,14,0.0,0.999,0.0,0.0
68651448,2026-04-13 23:31:26,Open,Street Condition,Pothole,MANHATTAN,nan,40.7779047511921,-73.98208745958574,,nan,16591.571428571428,6876.0,20,0,11.891574158275462,0,0,0.7,4,40.9,1,Medium,14,0.0,1.0,0.0,0.0
68530471,2026-04-01 04:30:04,Closed,Street Condition,Pothole,MANHATTAN,nan,40.85716777320929,-73.92823190648733,2026-04-01 04:30:04,nan,16591.571428571428,6876.0,13,1,24.684189899016207,0,0,0.7,4,40.9,1,Medium,14,0.0,0.998,0.002,0.0
68645005,2026-04-12 22:20:45,Open,Street Condition,Pothole,MANHATTAN,WEST   35 STREET,40.75580000013446,-73.99996029579586,,nan,16591.571428571428,6876.0,37,1,12.94065980642361,0,0,0.7,4,40.9,1,Medium,14,0.0,0.999,0.001,0.0
68704515,2026-04-17 13:16:36,Open,Street Condition,Pothole,MANHATTAN,nan,40.78326157248976,-73.95073925678315,,nan,16591.571428571428,6876.0,17,0,8.318541750868055,0,0,0.7,4,40.9,1,Medium,14,0.0,1.0,0.0,0.0
68673442,2026-04-15 14:38:44,Closed,Street Condition,Pothole,MANHATTAN,nan,40.76461681260692,-73.95832311500644,2026-04-17 08:45:00,nan,16591.571428571428,6876.0,21,1,10.261504713831018,0,0,0.7,4,40.8,1,Medium,14,0.0,1.0,0.0,0.0
68607844,2026-04-08 01:29:08,Closed,Street Condition,Pothole,MANHATTAN,nan,40.75927051662176,-73.98088684394885,2026-04-09 22:00:00,nan,16591.571428571428,6876.0,28,1,17.80983804716435,0,0,0.7,4,40.8,1,Medium,14,0.0,1.0,0.0,0.0
68612284,2026-04-04 23:09:56,Closed,Street Condition,Pothole,UNSPECIFIED,nan,40.69953105419444,-73.91103665226316,2026-04-11 00:20:00,nan,3000.0,1095000.0,28,1,20.90650471383102,5,0,0.7,4,40.8,1,Medium,14,0.0,1.0,0.0,0.0
68661663,2026-04-14 18:28:11,Closed,Street Condition,Pothole,MANHATTAN,nan,40.7779047511921,-73.98208745958574,2026-04-14 18:28:11,nan,16591.571428571428,6876.0,20,0,11.10216443605324,0,0,0.7,4,40.8,1,Medium,14,0.0,1.0,0.0,0.0
68625010,2026-04-10 04:23:06,Closed,Street Condition,Pothole,MANHATTAN,nan,40.861592751649304,-73.92474206293129,2026-04-10 04:23:06,nan,16591.571428571428,6876.0,18,0,15.689027861979167,0,0,0.7,4,40.8,1,Medium,14,0.0,1.0,0.0,0.0
68721375,2026-04-19 17:12:36,Closed,Street Condition,Pothole,MANHATTAN,nan,40.7207459377075,-73.98615773607546,2026-04-19 17:12:36,nan,16591.571428571428,6876.0,33,1,6.154652861979167,0,0,0.7,4,40.8,1,Medium,14,0.0,0.999,0.0,0.0
68663282,2026-04-14 17:24:08,Closed,Street Condition,Pothole,MANHATTAN,nan,40.8060810703871,-73.96530843266166,2026-04-14 17:24:08,nan,16591.571428571428,6876.0,17,1,11.146643602719907,0,0,0.7,4,40.8,1,Medium,14,0.0,1.0,0.0,0.0
68668085,2026-04-14 12:43:34,Closed,Street Condition,Pothole,MANHATTAN,nan,40.7779047511921,-73.98208745958574,2026-04-14 12:43:34,nan,16591.571428571428,6876.0,20,0,11.34148156568287,0,0,0.7,4,40.7,1,Medium,14,0.0,1.0,0.0,0.0
68704513,2026-04-17 15:43:12,Closed,Street Condition,Pothole,MANHATTAN,nan,40.7120838609368,-74.01012153894817,2026-04-18 09:09:00,nan,16591.571428571428,6876.0,18,0,8.2167361953125,0,0,0.7,4,40.7,1,Medium,14,0.0,1.0,0.0,0.0
68685361,2026-04-16 11:45:32,Open,Street Condition,Pothole,MANHATTAN,nan,40.7460781227927,-73.97493586703608,,nan,16591.571428571428,6876.0,37,1,9.381782491608796,0,0,0.7,4,40.7,1,Medium,14,0.0,1.0,0.0,0.0
68516686,2026-03-31 16:09:00,Closed,Street Condition,Pothole,MANHATTAN,nan,40.7517012912456,-73.9864003420982,2026-03-31 16:09:00,nan,16591.571428571428,6876.0,33,1,25.198819528645835,0,0,0.7,3,40.7,1,Medium,14,0.0,0.986,0.014,0.0
68706887,2026-04-17 13:38:05,Closed,Street Condition,Pothole,MANHATTAN,nan,40.818235714146496,-73.95272211830316,2026-04-17 13:38:05,nan,16591.571428571428,6876.0,13,0,8.303622769386575,0,0,0.7,4,40.7,1,Medium,14,0.0,1.0,0.0,0.0
68530917,2026-04-01 15:51:37,Closed,Street Condition,Pothole,MANHATTAN,nan,40.75973017419921,-73.99168328325673,2026-04-04 04:40:00,nan,16591.571428571428,6876.0,35,1,24.210891287905092,0,0,0.7,4,40.7,1,Medium,14,0.0,0.94,0.06,0.0
68703024,2026-04-17 16:56:27,Open,Street Condition,Pothole,MANHATTAN,nan,40.76428124938066,-73.99858129643454,,nan,16591.571428571428,6876.0,19,0,8.165868139756943,0,0,0.7,4,40.7,1,Medium,14,0.0,1.0,0.0,0.0
68676401,2026-04-15 08:12:38,Open,Street Condition,Pothole,MANHATTAN,nan,40.77265512210335,-73.95555252785981,,nan,16591.571428571428,6876.0,9,0,10.529629713831019,0,0,0.7,4,40.7,1,Medium,14,0.0,1.0,0.0,0.0
68649946,2026-04-13 08:11:39,Open,Street Condition,Pothole,MANHATTAN,nan,40.77303218808042,-73.97828340102534,,nan,16591.571428571428,6876.0,17,0,12.530312584201388,0,0,0.7,4,40.7,1,Medium,14,0.0,1.0,0.0,0.0
68538937,2026-04-02 10:35:40,Closed,Street Condition,Pothole,STATEN ISLAND,nan,40.58856164580301,-74.14583563639147,2026-04-02 10:35:40,nan,23788.714285714286,2762.0,6,0,23.430301010127316,4,0,0.7,4,40.6,1,Medium,14,0.0,1.0,0.0,0.0
68609685,2026-04-09 22:29:14,Closed,Street Condition,Pothole,MANHATTAN,nan,40.70790387479141,-74.00601988210686,2026-04-18 13:15:00,nan,16591.571428571428,6876.0,32,0,15.934768602719908,0,0,0.7,4,40.6,1,Medium,14,0.0,1.0,0.0,0.0
68610484,2026-04-09 10:57:39,Closed,Street Condition,Pothole,MANHATTAN,nan,40.83780345280487,-73.9421411024755,2026-04-09 10:57:39,nan,16591.571428571428,6876.0,26,0,16.41503480642361,0,0,0.7,4,40.6,1,Medium,14,0.0,1.0,0.0,0.0
68724539,2026-04-19 10:35:01,Closed,Street Condition,Pothole,MANHATTAN,nan,40.768023997074046,-73.97028136310426,2026-04-19 10:35:01,nan,16591.571428571428,6876.0,10,0,6.430752399016203,0,0,0.7,4,40.6,1,Medium,14,0.0,1.0,0.0,0.0
68688384,2026-04-16 15:01:56,Open,Street Condition,Pothole,MANHATTAN,EAST  106 STREET,40.79419114982603,-73.950864796937,,nan,16591.571428571428,6876.0,12,1,9.245393602719908,0,0,0.7,4,40.6,1,Medium,14,0.0,1.0,0.0,0.0
68748842,2026-04-20 00:27:35,Closed,Street Condition,Pothole,MANHATTAN,WEST   25 STREET,40.743245057392976,-73.98963915550804,2026-04-21 17:40:00,nan,16591.571428571428,6876.0,17,0,5.852581102719907,0,0,0.7,4,40.6,1,Medium,14,0.0,1.0,0.0,0.0
68682408,2026-04-15 12:19:00,Closed,Street Condition,Pothole,MANHATTAN,nan,40.7225499038568,-74.00629899581318,2026-04-18 09:15:00,nan,16591.571428571428,6876.0,46,0,10.358541750868055,0,0,0.7,4,40.6,1,Medium,14,0.0,1.0,0.0,0.0
68701547,2026-04-17 18:41:19,Open,Street Condition,Pothole,MANHATTAN,nan,40.81009501690841,-73.95307830553993,,nan,16591.571428571428,6876.0,49,0,8.09304406568287,0,0,0.7,4,40.6,1,Medium,14,0.0,1.0,0.0,0.0
68766698,2026-04-23 16:33:00,Closed,Street Condition,Pothole,MANHATTAN,nan,40.7779047511921,-73.98208745958574,2026-04-23 16:33:00,nan,16591.571428571428,6876.0,20,0,2.1821528619791666,0,0,0.7,4,40.6,1,Medium,14,0.0,1.0,0.0,0.0
68546663,2026-04-02 15:30:26,Closed,Street Condition,Pothole,STATEN ISLAND,HYLAN BOULEVARD,40.535553440657885,-74.15249781480766,2026-04-11 22:25:00,nan,23788.714285714286,38438.0,4,0,23.22560193605324,4,0,0.7,4,40.6,1,Medium,14,0.0,0.999,0.0,0.0
68697199,2026-04-17 13:16:34,Open,Street Condition,Pothole,MANHATTAN,nan,40.73952289028916,-73.98685029320727,,nan,16591.571428571428,6876.0,27,0,8.318564899016204,0,0,0.7,4,40.6,1,Medium,14,0.0,1.0,0.0,0.0
68664884,2026-04-14 16:01:56,Closed,Street Condition,Pothole,MANHATTAN,nan,40.77402161430348,-73.95455873895823,2026-04-14 16:01:56,nan,16591.571428571428,6876.0,12,0,11.20372693605324,0,0,0.7,4,40.6,1,Medium,14,0.0,1.0,0.0,0.0
68623728,2026-04-10 14:39:20,Closed,Street Condition,Pothole,MANHATTAN,nan,40.80297085227577,-73.96386162910126,2026-04-10 14:39:20,nan,16591.571428571428,6876.0,16,0,15.261088047164352,0,0,0.7,4,40.6,1,Medium,14,0.0,1.0,0.0,0.0
68621073,2026-04-10 14:48:42,Closed,Street Condition,Pothole,MANHATTAN,nan,40.77165784559385,-73.95318842529461,2026-04-10 14:48:42,nan,16591.571428571428,6876.0,16,0,15.254583417534722,0,0,0.7,4,40.6,1,Medium,14,0.0,1.0,0.0,0.0
68542764,2026-04-02 16:10:39,Closed,Street Condition,Pothole,MANHATTAN,nan,40.87567459203709,-73.91145546988172,2026-04-02 16:10:39,nan,16591.571428571428,6876.0,18,0,23.1976736953125,0,0,0.7,4,40.6,1,Medium,14,0.0,0.999,0.001,0.0
68673446,2026-04-15 08:13:39,Open,Street Condition,Pothole,MANHATTAN,nan,40.77011968174121,-73.95740266786355,,nan,16591.571428571428,6876.0,9,0,10.5289236953125,0,0,0.7,4,40.5,1,Medium,14,0.0,1.0,0.0,0.0
68685362,2026-04-16 11:30:02,Open,Street Condition,Pothole,MANHATTAN,nan,40.76155557612661,-73.99406912322635,,nan,16591.571428571428,6876.0,19,1,9.392546380497684,0,0,0.7,4,40.5,1,Medium,14,0.0,1.0,0.0,0.0
68693726,2026-04-16 15:33:55,Closed,Street Condition,Pothole,MANHATTAN,nan,40.80113992130737,-73.93768695042657,2026-04-16 15:33:55,nan,16591.571428571428,6876.0,25,1,9.22318295457176,0,0,0.7,4,40.5,1,Medium,14,0.0,1.0,0.0,0.0
68739908,2026-04-20 00:26:36,Closed,Street Condition,Pothole,MANHATTAN,5 AVENUE,40.743826775575855,-73.98790682930341,2026-04-21 16:45:00,nan,16591.571428571428,6876.0,21,1,5.853263973090278,0,0,0.7,4,40.5,1,Medium,14,0.0,1.0,0.0,0.0
68715825,2026-04-18 23:50:21,Closed,Street Condition,Pothole,MANHATTAN,nan,40.84783950740333,-73.9395227268926,2026-04-18 23:50:21,nan,16591.571428571428,6876.0,23,1,6.8784375842013885,0,0,0.7,4,40.5,1,Medium,14,0.0,0.999,0.0,0.0
68691304,2026-04-16 15:02:34,Open,Street Condition,Pothole,MANHATTAN,EAST   87 STREET,40.778724923594744,-73.95168139915737,,nan,16591.571428571428,6876.0,14,0,9.244953787905093,0,0,0.7,4,40.5,1,Medium,14,0.0,1.0,0.0,0.0
68674919,2026-04-15 19:12:40,Open,Street Condition,Pothole,MANHATTAN,nan,40.731835474021494,-74.00510556763821,,nan,16591.571428571428,6876.0,20,0,10.071273232349537,0,0,0.7,4,40.5,1,Medium,14,0.0,1.0,0.0,0.0
68706885,2026-04-16 22:55:35,Closed,Street Condition,Pothole,MANHATTAN,nan,40.75034221521698,-73.98317401491664,2026-04-17 19:20:00,nan,16591.571428571428,6876.0,39,0,8.916469991608796,0,0,0.7,4,40.5,1,Medium,14,0.0,1.0,0.0,0.0
68698188,2026-04-16 22:54:49,Closed,Street Condition,Pothole,MANHATTAN,nan,40.75034221521698,-73.98317401491664,2026-04-17 18:50:00,nan,16591.571428571428,6876.0,39,0,8.917002399016203,0,0,0.7,4,40.5,1,Medium,14,0.0,1.0,0.0,0.0
68668732,2026-04-14 17:17:18,Open,Street Condition,Pothole,MANHATTAN,nan,40.79601867019603,-73.97501457897238,,nan,16591.571428571428,6876.0,36,1,11.151388973090278,0,0,0.7,4,40.5,1,Medium,14,0.0,0.999,0.001,0.0
68698662,2026-04-17 11:23:36,Open,Street Condition,Pothole,MANHATTAN,nan,40.76228800498854,-73.97236318160728,,nan,16591.571428571428,6876.0,33,0,8.397013973090278,0,0,0.7,4,40.5,1,Medium,14,0.001,0.999,0.001,0.0
68668722,2026-04-14 05:41:15,Closed,Street Condition,Pothole,STATEN ISLAND,nan,40.63367281444026,-74.12944026998728,2026-04-18 21:15:00,nan,23788.714285714286,2762.0,8,0,11.634757028645833,4,0,0.7,4,40.5,1,Medium,14,0.0,1.0,0.0,0.0
68645684,2026-04-12 13:43:47,Closed,Street Condition,Pothole,MANHATTAN,nan,40.74702220490454,-74.00465199781137,2026-04-12 13:43:47,nan,16591.571428571428,6876.0,12,0,13.29966443605324,0,0,0.7,4,40.5,1,Medium,14,0.0,1.0,0.0,0.0
68678882,2026-04-15 15:21:25,Closed,Street Condition,Pothole,MANHATTAN,nan,40.754876209548584,-73.96852222092697,2026-04-15 15:21:25,nan,16591.571428571428,6876.0,20,1,10.231863510127315,0,0,0.7,4,40.4,1,Medium,14,0.001,0.999,0.0,0.0
68710789,2026-04-18 09:51:07,Closed,Street Condition,Pothole,MANHATTAN,nan,40.77265512210335,-73.95555252785981,2026-04-18 09:51:07,nan,16591.571428571428,6876.0,9,0,7.461238510127314,0,0,0.7,4,40.4,1,Medium,14,0.0,1.0,0.0,0.0
68523037,2026-03-31 12:56:00,Closed,Street Condition,Pothole,MANHATTAN,nan,40.7774128851202,-73.97879829456296,2026-03-31 12:56:00,nan,16591.571428571428,6876.0,8,0,25.332847306423613,0,0,0.7,3,40.4,1,Medium,14,0.0,0.999,0.001,0.0
68665511,2026-04-14 15:13:23,Open,Street Condition,Pothole,MANHATTAN,CHAMBERS STREET,40.717054376726,-74.01261859716696,,nan,16591.571428571428,11761.0,10,0,11.237442213831018,0,0,0.7,4,40.4,1,Medium,14,0.0,1.0,0.0,0.0
68555834,2026-04-03 08:23:30,Closed,Street Condition,Pothole,STATEN ISLAND,nan,40.61307793694791,-74.12255699238123,2026-04-03 08:23:30,nan,23788.714285714286,2762.0,14,1,22.522083417534724,4,0,0.7,4,40.4,1,Medium,14,0.0,1.0,0.0,0.0
68678879,2026-04-15 22:57:32,Closed,Street Condition,Pothole,MANHATTAN,nan,40.7779047511921,-73.98208745958574,2026-04-15 22:57:32,nan,16591.571428571428,6876.0,20,0,9.915115824942129,0,0,0.7,4,40.4,1,Medium,14,0.0,1.0,0.0,0.0
68618428,2026-04-10 19:04:37,Closed,Street Condition,Pothole,MANHATTAN,nan,40.80297085227577,-73.96386162910126,2026-04-10 19:04:37,nan,16591.571428571428,6876.0,16,0,15.076863510127314,0,0,0.7,4,40.4,1,Medium,14,0.0,1.0,0.0,0.0
68663895,2026-04-14 15:11:24,Closed,Street Condition,Pothole,MANHATTAN,JOE DIMAGGIO HIGHWAY,40.7222228496197,-74.01175734631052,2026-04-18 21:20:00,nan,16591.571428571428,6876.0,10,0,11.238819528645832,0,0,0.7,4,40.3,1,Medium,14,0.0,1.0,0.0,0.0
68670261,2026-04-14 15:12:20,Closed,Street Condition,Pothole,MANHATTAN,nan,40.7216382023764,-74.01189072521957,2026-04-18 21:40:00,nan,16591.571428571428,6876.0,10,0,11.238171380497684,0,0,0.7,4,40.3,1,Medium,14,0.0,1.0,0.0,0.0
68663888,2026-04-14 10:50:10,Closed,Street Condition,Pothole,STATEN ISLAND,nan,40.56877901310027,-74.10660609258669,2026-04-18 08:15:00,nan,23788.714285714286,2762.0,7,0,11.42023156568287,4,0,0.7,4,40.3,1,Medium,14,0.001,0.999,0.0,0.0
68608404,2026-04-09 07:47:02,Closed,Street Condition,Pothole,STATEN ISLAND,nan,40.64407271312796,-74.07776561403846,2026-04-11 08:30:00,nan,23788.714285714286,2762.0,22,1,16.547407491608794,4,0,0.7,4,40.3,1,Medium,14,0.0,1.0,0.0,0.0
68769538,2026-04-23 15:45:40,Closed,Street Condition,Pothole,MANHATTAN,nan,40.76552015180097,-73.98003670045067,2026-04-23 15:45:40,nan,16591.571428571428,6876.0,27,0,2.2150232323495374,0,0,0.7,4,40.3,1,Medium,14,0.0,1.0,0.0,0.0
68651452,2026-04-13 08:19:31,Open,Street Condition,Pothole,MANHATTAN,nan,40.76859696922497,-73.96775760076508,,nan,16591.571428571428,6876.0,13,0,12.524849621238426,0,0,0.7,4,40.3,1,Medium,14,0.0,1.0,0.0,0.0
68688382,2026-04-16 22:00:07,Open,Street Condition,Pothole,MANHATTAN,nan,40.760155903408695,-73.99879796685204,,nan,16591.571428571428,6876.0,22,1,8.954988510127315,0,0,0.7,4,40.3,1,Medium,14,0.0,0.999,0.0,0.0
68541983,2026-04-02 15:57:27,Closed,Street Condition,Pothole,QUEENS,QUEENS BOULEVARD,40.741280237793646,-73.90256544457489,2026-04-16 08:36:00,nan,4959.1547619047615,123690.0,15,1,23.206840361979168,2,0,0.7,4,40.3,1,Medium,14,0.0,0.999,0.0,0.0
68708275,2026-04-18 15:39:38,Closed,Street Condition,Pothole,MANHATTAN,nan,40.78858546268302,-73.95528188275227,2026-04-18 15:39:38,nan,16591.571428571428,6876.0,16,1,7.219213047164351,0,0,0.7,4,40.3,1,Medium,14,0.0,1.0,0.0,0.0
68614949,2026-04-09 17:21:59,Open,Street Condition,Pothole,MANHATTAN,nan,40.76160086638034,-73.96864177563774,,nan,16591.571428571428,6876.0,35,0,16.14813665827546,0,0,0.7,4,40.2,1,Medium,14,0.0,1.0,0.0,0.0
68513553,2026-03-31 16:18:21,Closed,Street Condition,Pothole,MANHATTAN,nan,40.76889103158107,-73.98209349413949,2026-03-31 16:18:21,nan,16591.571428571428,6876.0,31,0,25.19232647309028,0,0,0.7,3,40.2,1,Medium,14,0.0,0.997,0.003,0.0
68710788,2026-04-18 09:52:35,Closed,Street Condition,Pothole,MANHATTAN,nan,40.77011968174121,-73.95740266786355,2026-04-18 09:52:35,nan,16591.571428571428,6876.0,9,0,7.460219991608796,0,0,0.7,4,40.2,1,Medium,14,0.0,1.0,0.0,0.0
68606462,2026-04-08 11:37:37,Open,Street Condition,Pothole,STATEN ISLAND,nan,40.59570440537119,-74.08491092358251,,nan,23788.714285714286,2762.0,9,0,17.387280176793983,4,0,0.7,4,40.2,1,Medium,14,0.0,1.0,0.0,0.0
68613681,2026-04-04 08:19:30,Open,Street Condition,Pothole,STATEN ISLAND,nan,40.59673525186234,-74.07044031421718,,nan,23788.714285714286,2762.0,7,1,21.5248611953125,4,0,0.7,4,40.2,1,Medium,14,0.0,1.0,0.0,0.0
68663284,2026-04-14 09:59:31,Closed,Street Condition,Pothole,MANHATTAN,nan,40.71123050257566,-74.00647827911699,2026-04-14 09:59:31,nan,16591.571428571428,6876.0,25,0,11.455405176793981,0,0,0.7,4,40.2,1,Medium,14,0.0,1.0,0.0,0.0
68712473,2026-04-18 18:59:07,Open,Street Condition,Pothole,MANHATTAN,nan,40.76280987359789,-73.9931665482862,,nan,16591.571428571428,6876.0,15,1,7.080682954571759,0,0,0.7,4,40.2,1,Medium,14,0.0,1.0,0.0,0.0
68599911,2026-04-08 10:54:41,Closed,Street Condition,Pothole,UNSPECIFIED,nan,40.69953105419444,-73.91103665226316,2026-04-08 10:54:41,nan,3000.0,1095000.0,28,1,17.417094991608796,5,0,0.7,4,40.2,1,Medium,14,0.0,1.0,0.0,0.0
68701094,2026-04-16 22:56:35,Closed,Street Condition,Pothole,MANHATTAN,nan,40.74972471150874,-73.98362170473887,2026-04-17 20:50:00,nan,16591.571428571428,6876.0,44,1,8.915775547164351,0,0,0.7,4,40.2,1,Medium,14,0.0,1.0,0.0,0.0
68720723,2026-04-19 07:19:51,Open,Street Condition,Pothole,MANHATTAN,nan,40.75656811838794,-73.99027596730664,,nan,16591.571428571428,6876.0,49,1,6.566284806423611,0,0,0.7,4,40.1,1,Medium,14,0.001,0.998,0.001,0.0
68672919,2026-04-15 19:09:42,Closed,Street Condition,Pothole,MANHATTAN,nan,40.7779047511921,-73.98208745958574,2026-04-15 19:09:42,nan,16591.571428571428,6876.0,20,0,10.073333417534721,0,0,0.7,4,40.1,1,Medium,14,0.0,1.0,0.0,0.0
68622386,2026-04-10 10:46:59,Closed,Street Condition,Pothole,MANHATTAN,nan,40.70740354686613,-74.0146979242422,2026-04-10 10:46:59,nan,16591.571428571428,6876.0,28,1,15.422442213831019,0,0,0.7,4,40.1,1,Medium,14,0.0,1.0,0.0,0.0
68686841,2026-04-16 09:03:43,Open,Street Condition,Pothole,MANHATTAN,nan,40.71802667305119,-74.00304466876497,,nan,16591.571428571428,6876.0,31,1,9.494155176793981,0,0,0.7,4,40.1,1,Medium,14,0.0,1.0,0.0,0.0
68538954,2026-04-02 11:06:03,Closed,Street Condition,Pothole,MANHATTAN,nan,40.76468444245788,-73.99178735329583,2026-04-02 11:06:03,nan,16591.571428571428,6876.0,16,1,23.409201473090278,0,0,0.7,4,40.1,1,Medium,14,0.0,0.996,0.004,0.0
68750837,2026-04-22 20:54:31,Open,Street Condition,Pothole,MANHATTAN,nan,40.758007317565976,-73.9662394784917,,nan,16591.571428571428,6876.0,22,0,3.0005440656828704,0,0,0.7,4,40.1,1,Medium,14,0.0,1.0,0.0,0.0
68583223,2026-04-06 18:39:51,Closed,Street Condition,Pothole,STATEN ISLAND,nan,40.60962597583542,-74.14954445343776,2026-04-06 18:39:51,nan,23788.714285714286,2762.0,26,1,19.09406258420139,4,0,0.7,4,40.1,1,Medium,14,0.0,1.0,0.0,0.0
68770994,2026-04-23 01:40:40,Closed,Street Condition,Pothole,MANHATTAN,nan,40.77500178839719,-73.96308610486504,2026-04-24 00:35:00,nan,16591.571428571428,6876.0,21,1,2.8018287879050927,0,0,0.7,4,40.1,1,Medium,14,0.0,1.0,0.0,0.0
68621071,2026-04-11 02:46:42,Closed,Street Condition,Pothole,MANHATTAN,nan,40.76738695563547,-73.98236465612317,2026-04-11 02:46:42,nan,16591.571428571428,6876.0,41,0,14.755972306423612,0,0,0.7,4,40.1,1,Medium,14,0.0,1.0,0.0,0.0
68602537,2026-04-08 11:54:18,Closed,Street Condition,Pothole,MANHATTAN,nan,40.706459295819975,-74.01510167781731,2026-04-08 11:54:18,nan,16591.571428571428,6876.0,24,1,17.375694528645834,0,0,0.7,4,40.1,1,Medium,14,0.0,1.0,0.0,0.0
68720721,2026-04-19 21:55:33,Open,Street Condition,Pothole,MANHATTAN,nan,40.759619895228845,-73.96196479954183,,nan,16591.571428571428,6876.0,25,1,5.958159806423611,0,0,0.7,4,40.1,1,Medium,14,0.001,0.999,0.0,0.0
68754413,2026-04-22 15:00:09,Closed,Street Condition,Pothole,MANHATTAN,nan,40.7779047511921,-73.98208745958574,2026-04-22 15:00:09,nan,16591.571428571428,6876.0,20,0,3.2466320286458332,0,0,0.7,4,40.1,1,Medium,14,0.0,1.0,0.0,0.0
68758780,2026-04-22 23:37:01,Open,Street Condition,Pothole,MANHATTAN,nan,40.758373663645195,-73.97099315286859,,nan,16591.571428571428,6876.0,19,0,2.8876968434606485,0,0,0.7,4,40.1,1,Medium,14,0.0,1.0,0.0,0.0
68661664,2026-04-14 17:33:15,Closed,Street Condition,Pothole,MANHATTAN,nan,40.84604758805665,-73.9402400014605,2026-04-14 17:33:15,nan,16591.571428571428,6876.0,29,1,11.14031258420139,0,0,0.7,4,40.1,1,Medium,14,0.0,1.0,0.0,0.0
68704512,2026-04-17 21:36:07,Open,Street Condition,Pothole,MANHATTAN,nan,40.74768457445487,-73.97878610142489,,nan,16591.571428571428,6876.0,37,1,7.971655176793981,0,0,0.7,4,40.1,1,Medium,14,0.0,1.0,0.0,0.0
68713282,2026-04-18 16:35:03,Closed,Street Condition,Pothole,MANHATTAN,nan,40.78200761898531,-73.95166096253715,2026-04-18 16:35:03,nan,16591.571428571428,6876.0,11,0,7.180729250868056,0,0,0.7,4,40.0,1,Medium,14,0.0,1.0,0.0,0.0
68611787,2026-04-04 17:13:05,Closed,Street Condition,Pothole,STATEN ISLAND,nan,40.535457209817274,-74.15261991289623,2026-04-04 17:13:05,nan,23788.714285714286,2762.0,4,0,21.154317213831018,4,0,0.7,4,40.0,1,Medium,14,0.0,1.0,0.0,0.0
68667096,2026-04-14 13:06:40,Open,Street Condition,Pothole,MANHATTAN,nan,40.8667415916192,-73.9287277435673,,nan,16591.571428571428,6876.0,16,1,11.325439899016203,0,0,0.7,4,40.0,1,Medium,14,0.0,1.0,0.0,0.0
68702540,2026-04-17 10:07:30,Closed,Street Condition,Pothole,MANHATTAN,nan,40.768023997074046,-73.97028136310426,2026-04-17 10:07:30,nan,16591.571428571428,6876.0,10,0,8.449861195312499,0,0,0.7,4,40.0,1,Medium,14,0.0,1.0,0.0,0.0
68540746,2026-04-02 14:57:44,Closed,Street Condition,Pothole,MANHATTAN,nan,40.76285625036937,-73.98941229378725,2026-04-04 05:00:00,nan,16591.571428571428,6876.0,27,1,23.248310269386575,0,0,0.7,4,40.0,1,Medium,14,0.0,0.996,0.004,0.0
68533329,2026-04-01 11:12:53,Closed,Street Condition,Pothole,MANHATTAN,nan,40.76468444245788,-73.99178735329583,2026-04-01 11:12:53,nan,16591.571428571428,6876.0,16,1,24.40445610271991,0,0,0.7,4,40.0,1,Medium,14,0.0,0.993,0.007,0.0
68585170,2026-04-05 08:57:34,Open,Street Condition,Pothole,MANHATTAN,nan,40.85371678294032,-73.92680055932782,,nan,16591.571428571428,6876.0,8,1,20.498426010127314,0,0,0.7,4,40.0,1,Medium,14,0.0,1.0,0.0,0.0
68725580,2026-04-19 15:28:41,Closed,Street Condition,Pothole,MANHATTAN,nan,40.76155557612661,-73.99406912322635,2026-04-19 15:28:41,nan,16591.571428571428,6876.0,19,1,6.226817213831018,0,0,0.7,4,40.0,1,Medium,14,0.001,0.999,0.001,0.0
68654422,2026-04-13 23:48:48,Closed,Street Condition,Pothole,STATEN ISLAND,nan,40.576502824266896,-74.10368819441264,2026-04-18 12:30:00,nan,23788.714285714286,2762.0,24,0,11.879513973090278,4,0,0.7,4,40.0,1,Medium,14,0.0,1.0,0.0,0.0
68686346,2026-04-16 16:19:09,Closed,Street Condition,Pothole,STATEN ISLAND,nan,40.56152224988719,-74.1718512388755,2026-04-16 16:19:09,nan,23788.714285714286,2762.0,15,1,9.191770917534722,4,0,0.7,4,39.9,1,Medium,14,0.0,1.0,0.0,0.0
68734514,2026-04-20 07:00:20,Open,Street Condition,Pothole,MANHATTAN,nan,40.73817104492732,-73.9776019279238,,nan,16591.571428571428,6876.0,26,1,5.579838047164352,0,0,0.7,4,39.9,1,Medium,14,0.0,1.0,0.0,0.0
68736949,2026-04-20 09:58:45,Closed,Street Condition,Pothole,MANHATTAN,nan,40.84735682050765,-73.93517137747149,2026-04-20 09:58:45,nan,16591.571428571428,6876.0,26,1,5.455937584201389,0,0,0.7,4,39.9,1,Medium,14,0.0,1.0,0.0,0.0
68620184,2026-04-10 10:50:24,Closed,Street Condition,Pothole,MANHATTAN,nan,40.707757496828094,-74.01564300268711,2026-04-18 14:02:00,nan,16591.571428571428,6876.0,30,1,15.420069528645833,0,0,0.7,4,39.9,1,Medium,14,0.0,1.0,0.0,0.0
68625466,2026-04-10 20:19:57,Open,Street Condition,Pothole,MANHATTAN,nan,40.75529211028051,-73.99492151006154,,nan,16591.571428571428,6876.0,35,1,15.0245486953125,0,0,0.7,4,39.9,1,Medium,14,0.0,0.998,0.002,0.0
68667082,2026-04-14 07:23:50,Open,Street Condition,Pothole,STATEN ISLAND,nan,40.56152224988719,-74.1718512388755,,nan,23788.714285714286,2762.0,15,1,11.563518602719908,4,0,0.7,4,39.9,1,Medium,14,0.0,1.0,0.0,0.0
68735432,2026-04-20 06:53:11,Closed,Street Condition,Pothole,MANHATTAN,nan,40.84735682050765,-73.93517137747149,2026-04-20 06:53:11,nan,16591.571428571428,6876.0,26,1,5.584803324942129,0,0,0.7,4,39.9,1,Medium,14,0.0,1.0,0.0,0.0
68676400,2026-04-15 10:54:39,Open,Street Condition,Pothole,MANHATTAN,nan,40.79269756028083,-73.97507360897227,,nan,16591.571428571428,6876.0,13,1,10.417118139756944,0,0,0.7,4,39.9,1,Medium,14,0.0,1.0,0.0,0.0
68595858,2026-04-07 06:55:04,Closed,Street Condition,Pothole,MANHATTAN,nan,40.732848329178424,-73.99591548380599,2026-04-07 06:55:04,nan,16591.571428571428,6876.0,8,0,18.58349545457176,0,0,0.7,4,39.9,1,Medium,14,0.0,1.0,0.0,0.0
68748843,2026-04-21 17:43:04,Closed,Street Condition,Pothole,MANHATTAN,nan,40.775640458711536,-73.96051142948765,2026-04-21 17:43:04,nan,16591.571428571428,6876.0,18,1,4.133495454571759,0,0,0.7,4,39.8,1,Medium,14,0.0,1.0,0.0,0.0
68761432,2026-04-23 09:26:46,Open,Street Condition,Pothole,MANHATTAN,nan,40.71032726235273,-74.00954415049303,,nan,16591.571428571428,6876.0,17,0,2.478148232349537,0,0,0.7,4,39.8,1,Medium,14,0.0,1.0,0.0,0.0
68737493,2026-04-20 08:20:41,Open,Street Condition,Pothole,MANHATTAN,nan,40.76185733430286,-73.96342549152862,,nan,16591.571428571428,6876.0,42,1,5.524039436053241,0,0,0.7,4,39.8,1,Medium,14,0.0,0.999,0.0,0.0
68695670,2026-04-16 15:01:16,Open,Street Condition,Pothole,MANHATTAN,EAST  106 STREET,40.79399332823193,-73.95039544216368,,nan,16591.571428571428,6876.0,13,1,9.24585656568287,0,0,0.7,4,39.8,1,Medium,14,0.0,1.0,0.0,0.0
68616283,2026-04-09 17:20:33,Closed,Street Condition,Pothole,STATEN ISLAND,nan,40.580575571725625,-74.10726932314459,2026-04-18 08:38:00,nan,23788.714285714286,2762.0,8,0,16.149132028645834,4,0,0.7,4,39.8,1,Medium,14,0.0,1.0,0.0,0.0
68532363,2026-04-01 11:19:21,Closed,Street Condition,Pothole,STATEN ISLAND,nan,40.637810517810465,-74.08727768680836,2026-04-19 02:50:00,nan,23788.714285714286,2762.0,7,1,24.39996536197917,4,0,0.7,4,39.8,1,Medium,14,0.0,1.0,0.0,0.0
68698187,2026-04-16 22:59:34,Closed,Street Condition,Pothole,MANHATTAN,nan,40.74277264647343,-73.98659703808624,2026-04-17 22:10:00,nan,16591.571428571428,6876.0,23,1,8.913703787905092,0,0,0.7,4,39.8,1,Medium,14,0.0,1.0,0.0,0.0
68676398,2026-04-15 13:19:15,Open,Street Condition,Pothole,MANHATTAN,nan,40.762179295833846,-73.96612906924031,,nan,16591.571428571428,6876.0,36,0,10.316701473090278,0,0,0.7,4,39.7,1,Medium,14,0.0,1.0,0.0,0.0
68674923,2026-04-15 12:15:08,Open,Street Condition,Pothole,MANHATTAN,nan,40.74237765355967,-73.9889644549032,,nan,16591.571428571428,6876.0,18,0,10.36122693605324,0,0,0.7,4,39.7,1,Medium,14,0.0,1.0,0.0,0.0
68605150,2026-04-07 15:14:38,Closed,Street Condition,Pothole,BROOKLYN,ATLANTIC AVENUE,40.67720521898768,-73.92681403908888,2026-04-08 11:28:00,nan,8798.333333333334,51291.0,19,1,18.236574158275463,1,0,0.7,4,39.7,1,Medium,14,0.0,1.0,0.0,0.0
68708277,2026-04-18 09:54:23,Closed,Street Condition,Pothole,MANHATTAN,nan,40.77138740575629,-73.95647761547139,2026-04-18 09:54:23,nan,16591.571428571428,6876.0,13,0,7.458969991608796,0,0,0.7,4,39.7,1,Medium,14,0.0,1.0,0.0,0.0
68557153,2026-04-03 20:08:45,Closed,Street Condition,Pothole,STATEN ISLAND,nan,40.62693141835579,-74.07790054905978,2026-04-03 20:08:45,nan,23788.714285714286,2762.0,6,1,22.03232647309028,4,0,0.7,4,39.7,1,Medium,14,0.0,1.0,0.0,0.0
68760070,2026-04-22 17:58:36,Open,Street Condition,Pothole,MANHATTAN,nan,40.81894912641132,-73.95220135404699,,nan,16591.571428571428,6876.0,12,1,3.122708417534722,0,0,0.7,4,39.7,1,Medium,14,0.0,1.0,0.0,0.0
68742865,2026-04-20 00:29:30,Closed,Street Condition,Pothole,MANHATTAN,nan,40.739866263757584,-73.98958194316526,2026-04-21 22:50:00,nan,16591.571428571428,6876.0,25,0,5.851250084201388,0,0,0.7,4,39.7,1,Medium,14,0.0,1.0,0.0,0.0
68557152,2026-04-03 20:09:44,Closed,Street Condition,Pothole,STATEN ISLAND,nan,40.62693141835579,-74.07790054905978,2026-04-03 20:09:44,nan,23788.714285714286,2762.0,6,1,22.031643602719907,4,0,0.7,4,39.7,1,Medium,14,0.0,1.0,0.0,0.0
68695666,2026-04-16 21:54:32,Open,Street Condition,Pothole,MANHATTAN,nan,40.74649255468646,-74.00132449156148,,nan,16591.571428571428,6876.0,14,0,8.95886582494213,0,0,0.7,4,39.7,1,Medium,14,0.0,1.0,0.0,0.0
68726637,2026-04-20 20:40:29,Closed,Street Condition,Pothole,MANHATTAN,nan,40.84107667637581,-73.93976740555671,2026-04-20 20:40:29,nan,16591.571428571428,6876.0,15,1,5.010289436053241,0,0,0.7,4,39.7,1,Medium,14,0.0,1.0,0.0,0.0
68714566,2026-04-18 11:30:45,Closed,Street Condition,Pothole,MANHATTAN,nan,40.86510132036433,-73.92188192082645,2026-04-18 11:30:45,nan,16591.571428571428,6876.0,14,1,7.3920486953125,0,0,0.7,4,39.7,1,Medium,14,0.0,1.0,0.0,0.0
68725962,2026-04-19 09:48:09,Open,Street Condition,Pothole,MANHATTAN,nan,40.78247453036437,-73.98081157575456,,nan,16591.571428571428,6876.0,19,0,6.4632986953125,0,0,0.7,4,39.7,1,Medium,14,0.0,1.0,0.0,0.0
68684888,2026-04-16 08:28:03,Closed,Street Condition,Pothole,MANHATTAN,nan,40.84672578941482,-73.93562017903595,2026-04-16 08:28:03,nan,16591.571428571428,6876.0,25,1,9.5189236953125,0,0,0.7,4,39.7,1,Medium,14,0.0,1.0,0.0,0.0
68543980,2026-04-02 08:28:46,Closed,Street Condition,Pothole,MANHATTAN,nan,40.85716777320929,-73.92823190648733,2026-04-02 08:28:46,nan,16591.571428571428,6876.0,13,1,23.518426010127314,0,0,0.7,4,39.6,1,Medium,14,0.0,0.999,0.001,0.0
68692771,2026-04-16 23:28:44,Open,Street Condition,Pothole,MANHATTAN,nan,40.79532613037451,-73.97128765081636,,nan,16591.571428571428,6876.0,50,1,8.893449158275462,0,0,0.7,4,39.6,1,Medium,14,0.0,1.0,0.0,0.0
68594988,2026-04-07 18:21:01,Closed,Street Condition,Pothole,QUEENS,69 STREET,40.7315057327433,-73.89580000501644,2026-04-15 15:00:00,nan,11760.272727272728,562.0,11,1,18.107141287905094,2,0,0.7,4,39.6,1,Medium,14,0.0,1.0,0.0,0.0
68627998,2026-04-10 17:04:23,Closed,Street Condition,Pothole,MANHATTAN,nan,40.720628627339245,-74.00520932860381,2026-04-19 00:40:00,nan,16591.571428571428,6876.0,36,1,15.160358880497684,0,0,0.7,4,39.6,1,Medium,14,0.0,1.0,0.0,0.0
68705448,2026-04-17 11:16:27,Closed,Street Condition,Pothole,MANHATTAN,nan,40.73396496976481,-73.98877821707838,2026-04-17 11:16:27,nan,16591.571428571428,6876.0,27,0,8.401979250868056,0,0,0.7,4,39.6,1,Medium,14,0.001,0.999,0.0,0.0
68609177,2026-04-04 11:46:15,Closed,Street Condition,Pothole,STATEN ISLAND,nan,40.52966244116046,-74.23025734537448,2026-04-04 11:46:15,nan,23788.714285714286,2762.0,7,1,21.38128480642361,4,0,0.7,4,39.6,1,Medium,14,0.0,1.0,0.0,0.0
68621076,2026-04-10 03:36:28,Closed,Street Condition,Pothole,MANHATTAN,nan,40.75029392324656,-73.99484248924927,2026-04-10 03:36:28,nan,16591.571428571428,6876.0,37,0,15.721412121238426,0,0,0.7,4,39.6,1,Medium,14,0.0,1.0,0.0,0.0
68679425,2026-04-15 10:03:21,Open,Street Condition,Pothole,STATEN ISLAND,nan,40.61201340646981,-74.12213363887855,,nan,23788.714285714286,2762.0,12,1,10.452743139756944,4,0,0.7,4,39.6,1,Medium,14,0.001,0.999,0.0,0.0
68752200,2026-04-22 13:33:14,Open,Street Condition,Pothole,MANHATTAN,nan,40.749539767683046,-73.97743569452753,,nan,16591.571428571428,6876.0,29,0,3.3069908249421296,0,0,0.7,4,39.6,1,Medium,14,0.0,0.999,0.0,0.0
68766706,2026-04-23 07:46:50,Closed,Street Condition,Pothole,MANHATTAN,nan,40.84672578941482,-73.93562017903595,2026-04-23 07:46:50,nan,16591.571428571428,6876.0,25,1,2.5475463804976854,0,0,0.7,4,39.6,1,Medium,14,0.0,1.0,0.0,0.0
68721807,2026-04-19 16:28:37,Open,Street Condition,Pothole,MANHATTAN,nan,40.79745003830404,-73.94670167623278,,nan,16591.571428571428,6876.0,25,1,6.185196843460648,0,0,0.7,4,39.6,1,Medium,14,0.0,0.999,0.0,0.0
68608417,2026-04-04 11:44:38,Closed,Street Condition,Pothole,STATEN ISLAND,nan,40.52966244116046,-74.23025734537448,2026-04-10 08:08:00,nan,23788.714285714286,2762.0,7,1,21.382407491608795,4,0,0.7,4,39.6,1,Medium,14,0.0,1.0,0.0,0.0
68687888,2026-04-16 08:26:58,Closed,Street Condition,Pothole,MANHATTAN,nan,40.74154879564148,-73.98957446267119,2026-04-16 08:26:58,nan,16591.571428571428,6876.0,22,0,9.519676010127315,0,0,0.7,4,39.6,1,Medium,14,0.0,1.0,0.0,0.0
68717455,2026-04-18 14:16:16,Open,Street Condition,Pothole,MANHATTAN,nan,40.771785031556,-73.96332617034822,,nan,16591.571428571428,6876.0,13,1,7.27710656568287,0,0,0.7,4,39.5,1,Medium,14,0.0,1.0,0.0,0.0
68576543,2026-04-06 14:39:52,Open,Street Condition,Pothole,MANHATTAN,nan,40.86987642136505,-73.92089646547889,,nan,16591.571428571428,6876.0,6,1,19.26071767679398,0,0,0.7,4,39.5,1,Medium,14,0.001,0.999,0.0,0.0
68739907,2026-04-20 00:28:20,Closed,Street Condition,Pothole,MANHATTAN,WEST   26 STREET,40.744554405578384,-73.99084792127934,2026-04-21 18:20:00,nan,16591.571428571428,6876.0,26,1,5.852060269386574,0,0,0.7,4,39.5,1,Medium,14,0.0,1.0,0.0,0.0
68679419,2026-04-15 09:29:33,Open,Street Condition,Pothole,MANHATTAN,nan,40.76671457146749,-73.98287746335355,,nan,16591.571428571428,6876.0,36,0,10.476215361979166,0,0,0.7,4,39.5,1,Medium,14,0.0,1.0,0.0,0.0
68686840,2026-04-16 16:57:39,Open,Street Condition,Pothole,MANHATTAN,nan,40.798470997616064,-73.96900364497259,,nan,16591.571428571428,6876.0,10,1,9.165034806423611,0,0,0.7,4,39.5,1,Medium,14,0.0,0.999,0.0,0.0
68762383,2026-04-23 14:24:13,Closed,Street Condition,Pothole,STATEN ISLAND,nan,40.60792099431477,-74.0892050192879,2026-04-23 14:24:13,nan,23788.714285714286,2762.0,17,1,2.271585732349537,4,0,0.7,4,39.5,1,Medium,14,0.001,0.999,0.0,0.0
68620197,2026-04-10 12:20:41,Closed,Street Condition,Pothole,STATEN ISLAND,nan,40.62604682697418,-74.15667809539852,2026-04-11 13:55:00,nan,23788.714285714286,2762.0,13,0,15.357372769386574,4,0,0.7,4,39.5,1,Medium,14,0.0,1.0,0.0,0.0
68687884,2026-04-16 23:24:59,Closed,Street Condition,Pothole,MANHATTAN,nan,40.801352652225354,-73.96787537678244,2026-04-16 23:24:59,nan,16591.571428571428,6876.0,13,1,8.89605332494213,0,0,0.7,4,39.5,1,Medium,14,0.0,0.999,0.0,0.0
68741348,2026-04-21 18:28:48,Closed,Street Condition,Pothole,QUEENS,ASTORIA BOULEVARD,40.766103355503255,-73.88994816080626,2026-04-21 18:28:48,nan,11347.333333333334,29394.0,26,0,4.1017361953125,2,0,0.7,4,39.4,1,Medium,14,0.0,1.0,0.0,0.0
68746419,2026-04-21 18:18:43,Closed,Street Condition,Pothole,QUEENS,ASTORIA BOULEVARD,40.766103355503255,-73.88994816080626,2026-04-21 23:30:00,nan,11347.333333333334,29394.0,26,0,4.108738510127314,2,0,0.7,4,39.4,1,Medium,14,0.0,1.0,0.0,0.0
68739897,2026-04-21 18:27:01,Closed,Street Condition,Pothole,QUEENS,ASTORIA BOULEVARD,40.766103355503255,-73.88994816080626,2026-04-21 18:27:01,nan,11347.333333333334,29394.0,26,0,4.102974621238426,2,0,0.7,4,39.4,1,Medium,14,0.0,1.0,0.0,0.0
68521971,2026-03-31 15:08:56,Closed,Street Condition,Pothole,STATEN ISLAND,nan,40.60878407236816,-74.15721022467582,2026-04-01 07:36:00,nan,23788.714285714286,2762.0,8,1,25.2405324916088,4,0,0.7,3,39.4,1,Medium,14,0.0,1.0,0.0,0.0
68741349,2026-04-21 18:24:56,Closed,Street Condition,Pothole,QUEENS,ASTORIA BOULEVARD,40.766103355503255,-73.88994816080626,2026-04-21 18:24:56,nan,11347.333333333334,29394.0,26,0,4.104421380497685,2,0,0.7,4,39.4,1,Medium,14,0.0,1.0,0.0,0.0
68742853,2026-04-21 18:23:20,Closed,Street Condition,Pothole,QUEENS,ASTORIA BOULEVARD,40.766103355503255,-73.88994816080626,2026-04-21 18:23:20,nan,11347.333333333334,29394.0,26,0,4.1055324916087965,2,0,0.7,4,39.4,1,Medium,14,0.0,1.0,0.0,0.0
68698189,2026-04-17 21:53:47,Closed,Street Condition,Pothole,MANHATTAN,nan,40.7622904820507,-73.98610578413911,2026-04-17 21:53:47,nan,16591.571428571428,6876.0,32,0,7.959386658275463,0,0,0.7,4,39.4,1,Medium,14,0.0,0.999,0.0,0.0
68660658,2026-04-14 14:22:33,Closed,Street Condition,Pothole,MANHATTAN,nan,40.73392137502841,-73.99279424893993,2026-04-18 23:14:00,nan,16591.571428571428,6876.0,26,0,11.272743139756944,0,0,0.7,4,39.4,1,Medium,14,0.0,1.0,0.0,0.0
68684869,2026-04-16 15:48:58,Closed,Street Condition,Pothole,STATEN ISLAND,nan,40.60962597583542,-74.14954445343776,2026-04-16 15:48:58,nan,23788.714285714286,2762.0,26,1,9.212731565682871,4,0,0.7,4,39.4,1,Medium,14,0.0,1.0,0.0,0.0
68634270,2026-04-11 18:31:18,Open,Street Condition,Pothole,STATEN ISLAND,nan,40.60872585877758,-74.08837774444845,,nan,23788.714285714286,2762.0,19,1,14.100000084201389,4,0,0.7,4,39.4,1,Medium,14,0.0,1.0,0.0,0.0
68630530,2026-04-11 17:25:52,Closed,Street Condition,Pothole,MANHATTAN,nan,40.72032117794149,-73.99404032468442,2026-04-18 20:43:00,nan,16591.571428571428,6876.0,46,1,14.145439899016203,0,0,0.7,4,39.4,1,Medium,14,0.0,1.0,0.0,0.0
68530915,2026-04-01 16:44:36,Open,Street Condition,Pothole,MANHATTAN,nan,40.81957198778608,-73.95174567715866,,nan,16591.571428571428,6876.0,6,1,24.17409730642361,0,0,0.7,4,39.4,1,Medium,14,0.0,0.997,0.003,0.0
68551882,2026-04-03 18:36:09,Closed,Street Condition,Pothole,MANHATTAN,nan,40.771669331370816,-73.98669592202734,2026-04-03 18:36:09,nan,16591.571428571428,6876.0,6,0,22.096632028645832,0,0,0.7,4,39.4,1,Medium,14,0.0,0.998,0.002,0.0
68513578,2026-03-31 13:04:06,Closed,Street Condition,Pothole,STATEN ISLAND,nan,40.62485313279033,-74.16044700328256,2026-03-31 13:04:06,nan,23788.714285714286,2762.0,5,0,25.327222306423614,4,0,0.7,3,39.4,1,Medium,14,0.0,1.0,0.0,0.0
68628892,2026-04-11 18:35:45,Closed,Street Condition,Pothole,STATEN ISLAND,nan,40.60872585877758,-74.08837774444845,2026-04-11 18:35:45,nan,23788.714285714286,2762.0,19,1,14.09690980642361,4,0,0.7,4,39.4,1,Medium,14,0.0,1.0,0.0,0.0
68674917,2026-04-16 01:56:31,Open,Street Condition,Pothole,MANHATTAN,nan,40.731288980124575,-73.99039150873776,,nan,16591.571428571428,6876.0,25,0,9.790821843460648,0,0,0.7,4,39.3,1,Medium,14,0.0,1.0,0.0,0.0
68769535,2026-04-22 01:38:31,Closed,Street Condition,Pothole,MANHATTAN,EAST   77 STREET,40.774823251384134,-73.96268543782942,2026-04-23 23:20:00,nan,16591.571428571428,6876.0,21,1,3.803321843460648,0,0,0.7,4,39.3,1,Medium,14,0.0,1.0,0.0,0.0
68661662,2026-04-14 18:42:20,Closed,Street Condition,Pothole,MANHATTAN,nan,40.75897825494627,-73.99393579583666,2026-04-14 18:42:20,nan,16591.571428571428,6876.0,44,1,11.092338047164352,0,0,0.7,4,39.3,1,Medium,14,0.0,0.999,0.001,0.0
68538952,2026-04-02 16:23:29,Closed,Street Condition,Pothole,MANHATTAN,nan,40.758949399914954,-73.96848058993135,2026-04-02 16:23:29,nan,16591.571428571428,6876.0,16,0,23.188761658275464,0,0,0.7,4,39.3,1,Medium,14,0.0,0.997,0.003,0.0
68762881,2026-04-23 15:20:22,Open,Street Condition,Pothole,MANHATTAN,nan,40.76461681260692,-73.95832311500644,,nan,16591.571428571428,6876.0,21,1,2.2325926767939817,0,0,0.7,4,39.3,1,Medium,14,0.0,1.0,0.0,0.0
68721377,2026-04-19 08:02:09,Closed,Street Condition,Pothole,MANHATTAN,nan,40.7779047511921,-73.98208745958574,2026-04-19 08:02:09,nan,16591.571428571428,6876.0,20,0,6.536909806423611,0,0,0.7,4,39.3,1,Medium,14,0.0,1.0,0.0,0.0
68726645,2026-04-20 16:11:13,Closed,Street Condition,Pothole,STATEN ISLAND,nan,40.60439685886977,-74.06899707829305,2026-04-20 16:11:13,nan,23788.714285714286,2762.0,14,1,5.197280176793981,4,0,0.7,4,39.3,1,Medium,14,0.0,1.0,0.0,0.0
68594982,2026-04-07 17:45:02,Closed,Street Condition,Pothole,STATEN ISLAND,nan,40.61225224930244,-74.15611266502198,2026-04-11 08:00:00,nan,23788.714285714286,2762.0,6,1,18.13212971383102,4,0,0.7,4,39.3,1,Medium,14,0.0,1.0,0.0,0.0
68644521,2026-04-12 11:18:32,Closed,Street Condition,Pothole,STATEN ISLAND,nan,40.58993700346024,-74.14566941588764,2026-04-12 11:18:32,nan,23788.714285714286,2762.0,6,0,13.400532491608796,4,0,0.7,4,39.3,1,Medium,14,0.0,0.999,0.0,0.0
68744349,2026-04-21 14:55:39,Closed,Street Condition,Pothole,MANHATTAN,nan,40.80113992130737,-73.93768695042657,2026-04-21 14:55:39,nan,16591.571428571428,6876.0,25,1,4.249757028645833,0,0,0.7,4,39.3,1,Medium,14,0.0,1.0,0.0,0.0
68747373,2026-04-20 00:30:25,Closed,Street Condition,Pothole,MANHATTAN,nan,40.73917734757161,-73.98976608808873,2026-04-21 23:20:00,nan,16591.571428571428,6876.0,21,0,5.850613510127315,0,0,0.7,4,39.3,1,Medium,14,0.0,1.0,0.0,0.0
68529493,2026-04-01 17:37:57,Closed,Street Condition,Pothole,STATEN ISLAND,nan,40.52641105443428,-74.21982894951586,2026-04-11 08:35:00,nan,23788.714285714286,2762.0,2,1,24.1370486953125,4,0,0.7,4,39.3,1,Medium,14,0.0,1.0,0.0,0.0
68620183,2026-04-10 14:17:25,Open,Street Condition,Pothole,MANHATTAN,nan,40.84019455451638,-73.94306422041075,,nan,16591.571428571428,6876.0,25,1,15.27630795457176,0,0,0.7,4,39.3,1,Medium,14,0.0,1.0,0.0,0.0
68687886,2026-04-16 16:34:44,Closed,Street Condition,Pothole,MANHATTAN,nan,40.74702220490454,-74.00465199781137,2026-04-16 16:34:44,nan,16591.571428571428,6876.0,12,0,9.180949158275462,0,0,0.7,4,39.2,1,Medium,14,0.0,1.0,0.0,0.0
68533839,2026-04-01 11:24:38,Open,Street Condition,Pothole,MANHATTAN,nan,40.85891274757023,-73.92295925070961,,nan,16591.571428571428,6876.0,7,0,24.396296380497688,0,0,0.7,4,39.2,1,Medium,14,0.0,0.997,0.003,0.0
68759636,2026-04-22 14:32:20,Closed,Street Condition,Pothole,MANHATTAN,nan,40.77039307378342,-73.94807356936934,2026-04-22 14:32:20,nan,16591.571428571428,6876.0,13,0,3.265949158275463,0,0,0.7,4,39.2,1,Medium,14,0.0,1.0,0.0,0.0
68585167,2026-04-05 19:45:45,Closed,Street Condition,Pothole,MANHATTAN,nan,40.776876725758946,-73.94937555652666,2026-04-17 10:40:00,nan,16591.571428571428,6876.0,5,0,20.0482986953125,0,0,0.7,4,39.2,1,Medium,14,0.001,0.999,0.0,0.0
68697188,2026-04-17 12:55:18,Closed,Street Condition,Pothole,STATEN ISLAND,nan,40.55076828707054,-74.1501611921093,2026-04-18 21:20:00,nan,23788.714285714286,2762.0,9,1,8.333333417534723,4,0,0.7,4,39.2,1,Medium,14,0.0,1.0,0.0,0.0
68730153,2026-04-20 08:17:27,Open,Street Condition,Pothole,MANHATTAN,nan,40.75431708865135,-73.98686541972873,,nan,16591.571428571428,6876.0,64,1,5.526284806423611,0,0,0.7,4,39.2,1,Medium,14,0.0,1.0,0.0,0.0
68694228,2026-04-16 21:55:30,Open,Street Condition,Pothole,MANHATTAN,nan,40.748891258441795,-74.00702330623152,,nan,16591.571428571428,6876.0,15,0,8.958194528645834,0,0,0.7,4,39.2,1,Medium,14,0.0,1.0,0.0,0.0
68592192,2026-04-07 16:51:22,Closed,Street Condition,Pothole,STATEN ISLAND,nan,40.635738093577814,-74.08373324622873,2026-04-11 09:40:00,nan,23788.714285714286,2762.0,7,1,18.169398232349536,4,0,0.7,4,39.2,1,Medium,14,0.0,1.0,0.0,0.0
68739910,2026-04-21 09:11:01,Closed,Street Condition,Pothole,MANHATTAN,nan,40.77178075517688,-73.9791936146363,2026-04-21 09:11:01,nan,16591.571428571428,6876.0,22,0,4.489085732349537,0,0,0.7,4,39.2,1,Medium,14,0.0,1.0,0.0,0.0
68720722,2026-04-19 17:21:02,Open,Street Condition,Pothole,MANHATTAN,COMMERCE STREET,40.73159938902629,-74.00586326361812,,nan,16591.571428571428,6876.0,13,0,6.148796380497685,0,0,0.7,4,39.1,1,Medium,14,0.0,1.0,0.0,0.0
68717033,2026-04-18 12:26:53,Closed,Street Condition,Pothole,MANHATTAN,nan,40.7779047511921,-73.98208745958574,2026-04-18 12:26:53,nan,16591.571428571428,6876.0,20,0,7.353067213831018,0,0,0.7,4,39.1,1,Medium,14,0.0,1.0,0.0,0.0
68725579,2026-04-19 18:34:16,Closed,Street Condition,Pothole,MANHATTAN,nan,40.76843037983207,-73.9615482097735,2026-04-19 18:34:16,nan,16591.571428571428,6876.0,18,0,6.097939899016204,0,0,0.7,4,39.1,1,Medium,14,0.0,1.0,0.0,0.0
68619743,2026-04-09 13:25:06,Closed,Street Condition,Pothole,BROOKLYN,FLATLANDS AVENUE,40.63367663038071,-73.91609279973166,2026-04-10 08:30:00,nan,8120.555555555556,24705.0,13,0,16.312638973090277,1,0,0.7,4,39.1,1,Medium,14,0.0,1.0,0.0,0.0
68608407,2026-04-04 15:08:06,Closed,Street Condition,Pothole,STATEN ISLAND,nan,40.60659691152032,-74.07539545191374,2026-04-18 12:40:00,nan,23788.714285714286,2762.0,25,1,21.2411111953125,4,0,0.7,4,39.0,1,Medium,14,0.0,1.0,0.0,0.0
68715829,2026-04-18 09:49:32,Closed,Street Condition,Pothole,MANHATTAN,nan,40.76436543790258,-73.96160831559075,2026-04-18 09:49:32,nan,16591.571428571428,6876.0,26,1,7.4623380471643515,0,0,0.7,4,39.0,1,Medium,14,0.0,1.0,0.0,0.0
68631740,2026-04-11 14:59:48,Open,Street Condition,Pothole,MANHATTAN,nan,40.77107903617003,-73.94758203345549,,nan,16591.571428571428,6876.0,6,0,14.246875084201388,0,0,0.7,4,39.0,1,Medium,14,0.002,0.997,0.0,0.0
68748845,2026-04-21 16:37:17,Closed,Street Condition,Pothole,MANHATTAN,nan,40.73396496976481,-73.98877821707838,2026-04-21 16:37:17,nan,16591.571428571428,6876.0,27,0,4.1791783249421295,0,0,0.7,4,39.0,1,Medium,14,0.001,0.999,0.0,0.0
68652431,2026-04-13 19:50:46,Closed,Street Condition,Pothole,MANHATTAN,nan,40.861592751649304,-73.92474206293129,2026-04-13 19:50:46,nan,16591.571428571428,6876.0,18,0,12.044814899016204,0,0,0.7,4,39.0,1,Medium,14,0.0,1.0,0.0,0.0
68626283,2026-04-10 09:43:11,Closed,Street Condition,Pothole,MANHATTAN,AVENUE A,40.72242298861693,-73.98618624907375,2026-04-10 09:43:11,nan,16591.571428571428,12784.0,36,0,15.466747769386574,0,0,0.7,4,39.0,1,Medium,14,0.0,1.0,0.0,0.0
68707384,2026-04-17 10:08:32,Open,Street Condition,Pothole,MANHATTAN,nan,40.77700565044055,-73.96372768490096,,nan,16591.571428571428,6876.0,11,1,8.449143602719907,0,0,0.7,4,39.0,1,Medium,14,0.0,1.0,0.0,0.0
68710787,2026-04-18 15:32:14,Closed,Street Condition,Pothole,MANHATTAN,nan,40.7779047511921,-73.98208745958574,2026-04-18 15:32:14,nan,16591.571428571428,6876.0,20,0,7.224351936053241,0,0,0.7,4,39.0,1,Medium,14,0.0,1.0,0.0,0.0
68622384,2026-04-10 11:59:46,Closed,Street Condition,Pothole,MANHATTAN,AVENUE A,40.72242298861693,-73.98618624907375,2026-04-10 11:59:46,nan,16591.571428571428,12784.0,36,0,15.371898232349537,0,0,0.7,4,39.0,1,Medium,14,0.0,1.0,0.0,0.0
68743413,2026-04-21 14:56:38,Open,Street Condition,Pothole,MANHATTAN,nan,40.76285625036937,-73.98941229378725,,nan,16591.571428571428,6876.0,27,1,4.249074158275462,0,0,0.7,4,39.0,1,Medium,14,0.0,1.0,0.0,0.0
68760071,2026-04-22 11:27:24,Open,Street Condition,Pothole,MANHATTAN,nan,40.761668277085114,-73.97491556118797,,nan,16591.571428571428,6876.0,32,0,3.3943750842013887,0,0,0.7,4,39.0,1,Medium,14,0.0,0.999,0.0,0.0
68767191,2026-04-23 07:47:50,Open,Street Condition,Pothole,MANHATTAN,nan,40.81133133112894,-73.96401965133558,,nan,16591.571428571428,6876.0,11,1,2.546851936053241,0,0,0.7,4,38.9,1,Medium,14,0.0,1.0,0.0,0.0
68703026,2026-04-17 09:23:59,Open,Street Condition,Pothole,MANHATTAN,nan,40.74291043907456,-73.99280410305454,,nan,16591.571428571428,6876.0,35,0,8.480081102719907,0,0,0.7,4,38.9,1,Medium,14,0.0,1.0,0.0,0.0
68764272,2026-04-23 18:00:14,Open,Street Condition,Pothole,MANHATTAN,nan,40.79236257545369,-73.9641743612929,,nan,16591.571428571428,6876.0,13,0,2.1215741582754633,0,0,0.7,4,38.9,1,Medium,14,0.0,1.0,0.0,0.0
68603832,2026-04-08 11:40:18,Open,Street Condition,Pothole,STATEN ISLAND,PIERCE STREET,40.60726705852464,-74.08276836460269,,nan,23788.714285714286,2762.0,6,1,17.385416750868057,4,0,0.7,4,38.9,1,Medium,14,0.001,0.999,0.0,0.0
68768619,2026-04-23 07:47:08,Open,Street Condition,Pothole,STATEN ISLAND,nan,40.62496149059419,-74.14499655817828,,nan,23788.714285714286,2762.0,20,1,2.547338047164352,4,0,0.7,4,38.9,1,Medium,14,0.001,0.999,0.0,0.0
68685359,2026-04-16 14:04:13,Closed,Street Condition,Pothole,MANHATTAN,nan,40.71379669852593,-74.00883042197182,2026-04-18 09:45:00,nan,16591.571428571428,6876.0,26,1,9.285474621238425,0,0,0.7,4,38.9,1,Medium,14,0.0,1.0,0.0,0.0
68603131,2026-04-08 15:25:06,Closed,Street Condition,Pothole,MANHATTAN,AMSTERDAM AVENUE,40.850674337368105,-73.92909196363985,2026-04-18 23:35:00,nan,17214.5,22662.0,7,1,17.229305639756944,0,0,0.7,4,38.9,1,Medium,14,0.0,1.0,0.0,0.0
68704511,2026-04-17 23:04:04,Open,Street Condition,Pothole,MANHATTAN,nan,40.73619121175618,-74.00831017026138,,nan,16591.571428571428,6876.0,8,0,7.910578787905092,0,0,0.7,4,38.9,1,Medium,14,0.0,1.0,0.0,0.0
68615775,2026-04-04 18:03:17,Closed,Street Condition,Pothole,MANHATTAN,nan,40.87231606246278,-73.91273631947904,2026-04-04 18:03:17,nan,16591.571428571428,6876.0,5,1,21.11945610271991,0,0,0.7,4,38.8,1,Medium,14,0.0,0.999,0.0,0.0
68543964,2026-04-02 10:21:43,Closed,Street Condition,Pothole,QUEENS,nan,40.667522405001336,-73.78062518365624,2026-04-02 10:21:43,nan,4959.1547619047615,4660.0,36,1,23.439988510127314,2,0,0.7,4,38.8,1,Medium,14,0.0,1.0,0.0,0.0
68721812,2026-04-19 08:20:08,Open,Street Condition,Pothole,STATEN ISLAND,nan,40.60439685886977,-74.06899707829305,,nan,23788.714285714286,2762.0,14,1,6.524421380497685,4,0,0.7,4,38.8,1,Medium,14,0.0,1.0,0.0,0.0
68730154,2026-04-20 05:48:32,Open,Street Condition,Pothole,MANHATTAN,nan,40.80505736609213,-73.93903422529588,,nan,16591.571428571428,6876.0,43,1,5.6296991582754625,0,0,0.7,4,38.8,1,Medium,14,0.0,1.0,0.0,0.0
68677898,2026-04-15 09:47:45,Open,Street Condition,Pothole,MANHATTAN,nan,40.761550882570425,-73.96658422171976,,nan,16591.571428571428,6876.0,34,0,10.463576473090278,0,0,0.7,4,38.8,1,Medium,14,0.0,1.0,0.0,0.0
68761430,2026-04-23 14:17:13,Open,Street Condition,Pothole,MANHATTAN,nan,40.76030127182523,-73.99498249332404,,nan,16591.571428571428,6876.0,35,1,2.2764468434606484,0,0,0.7,4,38.8,1,Medium,14,0.0,0.999,0.001,0.0
68732585,2026-04-20 09:21:36,Closed,Street Condition,Pothole,MANHATTAN,nan,40.7779047511921,-73.98208745958574,2026-04-20 09:21:36,nan,16591.571428571428,6876.0,20,0,5.4817361953125,0,0,0.7,4,38.8,1,Medium,14,0.0,1.0,0.0,0.0
68760930,2026-04-23 01:31:57,Closed,Street Condition,Pothole,MANHATTAN,nan,40.81401074056482,-73.94464727726863,2026-04-23 17:14:00,nan,16591.571428571428,6876.0,33,0,2.8078820286458335,0,0,0.7,4,38.8,1,Medium,14,0.0,1.0,0.0,0.0
68616276,2026-04-09 14:14:06,Closed,Street Condition,Pothole,MANHATTAN,AMSTERDAM AVENUE,40.85073467414933,-73.9290159921747,2026-04-18 22:55:00,nan,17214.5,22662.0,7,1,16.2786111953125,0,0,0.7,4,38.8,1,Medium,14,0.0,0.999,0.0,0.0
68748844,2026-04-21 16:50:57,Closed,Street Condition,Pothole,MANHATTAN,nan,40.813389933961254,-73.95625868043503,2026-04-21 16:50:57,nan,16591.571428571428,6876.0,30,0,4.169687584201388,0,0,0.7,4,38.7,1,Medium,14,0.0,0.999,0.0,0.0
68684885,2026-04-16 22:08:40,Closed,Street Condition,Pothole,MANHATTAN,nan,40.76671457146749,-73.98287746335355,2026-04-16 22:08:40,nan,16591.571428571428,6876.0,36,0,8.949051010127315,0,0,0.7,4,38.7,1,Medium,14,0.0,1.0,0.0,0.0
68708758,2026-04-18 11:20:56,Open,Street Condition,Pothole,MANHATTAN,nan,40.76623962965743,-73.96023181027161,,nan,16591.571428571428,6876.0,20,1,7.3988658249421295,0,0,0.7,4,38.7,1,Medium,14,0.0,1.0,0.0,0.0
68547163,2026-04-02 13:31:07,Open,Street Condition,Pothole,STATEN ISLAND,RICHMOND AVENUE,40.59337407001909,-74.16360119268263,,nan,23788.714285714286,75120.0,3,1,23.308460732349538,4,0,0.7,4,38.7,1,Medium,14,0.0,1.0,0.0,0.0
68700145,2026-04-17 11:32:31,Open,Street Condition,Pothole,MANHATTAN,nan,40.732848329178424,-73.99591548380599,,nan,16591.571428571428,6876.0,8,0,8.390821843460648,0,0,0.7,4,38.6,1,Medium,14,0.001,0.999,0.0,0.0
68704516,2026-04-17 12:54:32,Open,Street Condition,Pothole,MANHATTAN,nan,40.76718457129881,-73.96246950211095,,nan,16591.571428571428,6876.0,16,0,8.33386582494213,0,0,0.7,4,38.6,1,Medium,14,0.0,1.0,0.0,0.0
68695669,2026-04-16 15:14:34,Open,Street Condition,Pothole,MANHATTAN,nan,40.76468444245788,-73.99178735329583,,nan,16591.571428571428,6876.0,16,1,9.236620454571758,0,0,0.7,4,38.6,1,Medium,14,0.0,1.0,0.0,0.0
68715018,2026-04-18 10:26:15,Open,Street Condition,Pothole,STATEN ISLAND,nan,40.61402602204895,-74.08478295252358,,nan,23788.714285714286,2762.0,10,0,7.436840361979167,4,0,0.7,4,38.6,1,Medium,14,0.0,1.0,0.0,0.0
68516659,2026-03-31 14:09:24,Closed,Street Condition,Pothole,QUEENS,QUEENS BOULEVARD,40.741280237793646,-73.90256544457489,2026-03-31 14:09:24,nan,4959.1547619047615,123690.0,15,1,25.281875084201392,2,0,0.7,3,38.6,1,Medium,14,0.0,1.0,0.0,0.0
68680930,2026-04-15 14:50:17,Open,Street Condition,Pothole,MANHATTAN,nan,40.7774128851202,-73.97879829456296,,nan,16591.571428571428,6876.0,8,0,10.253483880497685,0,0,0.7,4,38.5,1,Medium,14,0.0,1.0,0.0,0.0
68763816,2026-04-22 01:36:41,Closed,Street Condition,Pothole,MANHATTAN,WEST   97 STREET,40.79569962701632,-73.97215789415525,2026-04-23 22:06:00,nan,16591.571428571428,6876.0,42,1,3.804594991608796,0,0,0.7,4,38.5,1,Medium,14,0.0,1.0,0.0,0.0
68733076,2026-04-20 13:41:52,Open,Street Condition,Pothole,STATEN ISLAND,nan,40.61307793694791,-74.12255699238123,,nan,23788.714285714286,2762.0,14,1,5.300995454571759,4,0,0.7,4,38.5,1,Medium,14,0.0,1.0,0.0,0.0
68619748,2026-04-10 15:32:37,Closed,Street Condition,Pothole,STATEN ISLAND,nan,40.535457209817274,-74.15261991289623,2026-04-10 15:32:37,nan,23788.714285714286,2762.0,4,0,15.224085732349536,4,0,0.7,4,38.4,1,Medium,14,0.001,0.999,0.0,0.0
68770026,2026-04-23 12:31:32,Open,Street Condition,Pothole,MANHATTAN,nan,40.757858717848386,-73.97559198819106,,nan,16591.571428571428,6876.0,24,1,2.349838047164352,0,0,0.7,4,38.4,1,Medium,14,0.0,1.0,0.0,0.0
68655404,2026-04-13 16:02:49,Closed,Street Condition,Pothole,MANHATTAN,nan,40.732848329178424,-73.99591548380599,2026-04-13 16:02:49,nan,16591.571428571428,6876.0,8,0,12.203113510127315,0,0,0.7,4,38.4,1,Medium,14,0.0,1.0,0.0,0.0
68714569,2026-04-18 07:40:56,Closed,Street Condition,Pothole,MANHATTAN,nan,40.73736073291079,-73.99683897658859,2026-04-18 07:40:56,nan,16591.571428571428,6876.0,14,0,7.551643602719907,0,0,0.7,4,38.4,1,Medium,14,0.0,1.0,0.0,0.0
68654415,2026-04-13 08:23:15,Open,Street Condition,Pothole,MANHATTAN,nan,40.76628623437032,-73.9818487116524,,nan,16591.571428571428,6876.0,40,0,12.522257028645834,0,0,0.7,4,38.4,1,Medium,14,0.0,1.0,0.0,0.0
68741362,2026-04-21 22:56:04,Closed,Street Condition,Pothole,MANHATTAN,nan,40.80191964361971,-73.94343648432925,2026-04-21 22:56:04,nan,16591.571428571428,6876.0,24,0,3.916134343460648,0,0,0.7,4,38.4,1,Medium,14,0.0,1.0,0.0,0.0
68686360,2026-04-16 18:21:27,Closed,Street Condition,Pothole,MANHATTAN,nan,40.76399117644479,-73.95878196601016,2026-04-16 18:21:27,nan,16591.571428571428,6876.0,20,1,9.106840361979167,0,0,0.7,4,38.4,1,Medium,14,0.0,1.0,0.0,0.0
68557709,2026-04-03 07:13:48,Closed,Street Condition,Pothole,MANHATTAN,nan,40.70479849480593,-74.01668464800518,2026-04-18 13:30:00,nan,16591.571428571428,6876.0,7,1,22.5704861953125,0,0,0.7,4,38.3,1,Medium,14,0.0,1.0,0.0,0.0
68739009,2026-04-21 17:50:03,Open,Street Condition,Pothole,STATEN ISLAND,nan,40.635738093577814,-74.08373324622873,,nan,23788.714285714286,2762.0,7,1,4.128645917534722,4,0,0.7,4,38.3,1,Medium,14,0.0,1.0,0.0,0.0
68749430,2026-04-21 09:25:12,Open,Street Condition,Pothole,MANHATTAN,nan,40.7533182327584,-73.97258707266118,,nan,16591.571428571428,6876.0,24,1,4.4792361953125,0,0,0.7,4,38.3,1,Medium,14,0.0,0.999,0.0,0.0
68521970,2026-03-31 16:44:56,Closed,Street Condition,Pothole,STATEN ISLAND,nan,40.595890334480096,-74.08587618262669,2026-04-03 10:37:00,nan,23788.714285714286,2762.0,8,0,25.173865824942133,4,0,0.7,3,38.3,1,Medium,14,0.0,1.0,0.0,0.0
68717453,2026-04-18 18:09:20,Open,Street Condition,Pothole,MANHATTAN,nan,40.816501097955914,-73.94654552085589,,nan,16591.571428571428,6876.0,25,0,7.1152547138310185,0,0,0.7,4,38.3,1,Medium,14,0.0,1.0,0.0,0.0
68715827,2026-04-18 18:10:02,Closed,Street Condition,Pothole,MANHATTAN,nan,40.816501097955914,-73.94654552085589,2026-04-18 18:10:02,nan,16591.571428571428,6876.0,25,0,7.1147686027199075,0,0,0.7,4,38.3,1,Medium,14,0.0,1.0,0.0,0.0
68736950,2026-04-20 09:36:46,Closed,Street Condition,Pothole,MANHATTAN,nan,40.71802667305119,-74.00304466876497,2026-04-20 09:36:46,nan,16591.571428571428,6876.0,31,1,5.471203787905092,0,0,0.7,4,38.3,1,Medium,14,0.001,0.999,0.0,0.0
68601799,2026-04-08 15:24:43,Closed,Street Condition,Pothole,MANHATTAN,AMSTERDAM AVENUE,40.85129158780176,-73.92859248307049,2026-04-18 23:40:00,nan,17214.5,22662.0,4,1,17.229571843460647,0,0,0.7,4,38.3,1,Medium,14,0.0,1.0,0.0,0.0
68604420,2026-04-08 15:25:24,Closed,Street Condition,Pothole,MANHATTAN,AMSTERDAM AVENUE,40.85129158780176,-73.92859248307049,2026-04-18 23:25:00,nan,17214.5,22662.0,4,1,17.22909730642361,0,0,0.7,4,38.3,1,Medium,14,0.0,1.0,0.0,0.0
68609174,2026-04-08 15:44:53,Closed,Street Condition,Pothole,BROOKLYN,OCEAN PARKWAY,40.64055793945045,-73.97356303274984,2026-04-09 14:20:00,nan,1410.142857142857,42188.0,17,1,17.21556721383102,1,0,0.7,4,38.3,1,Medium,14,0.001,0.999,0.0,0.0
68762883,2026-04-23 14:13:21,Open,Street Condition,Pothole,MANHATTAN,nan,40.76366629921709,-73.95608196198826,,nan,16591.571428571428,6876.0,19,1,2.2791320286458334,0,0,0.7,4,38.3,1,Medium,14,0.0,1.0,0.0,0.0
68765223,2026-04-23 14:15:22,Closed,Street Condition,Pothole,MANHATTAN,nan,40.75790746711998,-73.98929757361397,2026-04-23 14:15:22,nan,16591.571428571428,6876.0,58,1,2.2777315656828705,0,0,0.7,4,38.3,1,Medium,14,0.0,1.0,0.0,0.0
68693724,2026-04-16 21:54:33,Closed,Street Condition,Pothole,MANHATTAN,nan,40.75958880689541,-73.96805073559709,2026-04-16 21:54:33,nan,16591.571428571428,6876.0,21,0,8.958854250868056,0,0,0.7,4,38.3,1,Medium,14,0.0,1.0,0.0,0.0
68693725,2026-04-16 18:17:41,Closed,Street Condition,Pothole,MANHATTAN,nan,40.762179295833846,-73.96612906924031,2026-04-16 18:17:41,nan,16591.571428571428,6876.0,36,0,9.109456102719907,0,0,0.7,4,38.2,1,Medium,14,0.0,1.0,0.0,0.0
68588002,2026-04-07 10:34:30,Closed,Street Condition,Pothole,MANHATTAN,nan,40.7775544572193,-73.94888038183456,2026-04-17 11:00:00,nan,16591.571428571428,6876.0,5,0,18.4311111953125,0,0,0.7,4,38.2,1,Medium,14,0.002,0.998,0.0,0.0
68586118,2026-04-07 10:17:51,Closed,Street Condition,Pothole,MANHATTAN,nan,40.78905142646646,-73.970300867221,2026-04-07 10:17:51,nan,16591.571428571428,6876.0,6,0,18.4426736953125,0,0,0.7,4,38.2,1,Medium,14,0.0,1.0,0.0,0.0
68725578,2026-04-20 00:50:00,Closed,Street Condition,Pothole,MANHATTAN,nan,40.7622904820507,-73.98610578413911,2026-04-20 00:50:00,nan,16591.571428571428,6876.0,32,0,5.8370139730902775,0,0,0.7,4,38.2,1,Medium,14,0.001,0.999,0.0,0.0
68756118,2026-04-22 19:45:23,Open,Street Condition,Pothole,STATEN ISLAND,nan,40.60792099431477,-74.0892050192879,,nan,23788.714285714286,2762.0,17,1,3.0485533249421293,4,0,0.7,4,38.2,1,Medium,14,0.001,0.999,0.0,0.0
68681919,2026-04-15 12:26:34,Closed,Street Condition,Pothole,MANHATTAN,nan,40.80949059299736,-73.95166267659963,2026-04-15 12:26:34,nan,16591.571428571428,6876.0,45,0,10.353287121238425,0,0,0.7,4,38.2,1,Medium,14,0.0,1.0,0.0,0.0
68741924,2026-04-21 10:22:40,Open,Street Condition,Pothole,MANHATTAN,nan,40.757747976454525,-73.9714518418555,,nan,16591.571428571428,6876.0,22,0,4.439328787905092,0,0,0.7,4,38.2,1,Medium,14,0.0,1.0,0.0,0.0
68578859,2026-04-05 14:59:14,Closed,Street Condition,Pothole,BROOKLYN,FLATLANDS AVENUE,40.63328459208975,-73.91673459963656,2026-04-06 08:35:00,nan,8120.555555555556,24705.0,11,0,20.247268602719906,1,0,0.7,4,38.2,1,Medium,14,0.0,1.0,0.0,0.0
68708757,2026-04-18 13:44:03,Open,Street Condition,Pothole,MANHATTAN,nan,40.76979207954942,-73.98806457477922,,nan,16591.571428571428,6876.0,19,0,7.299479250868055,0,0,0.7,4,38.2,1,Medium,14,0.0,1.0,0.0,0.0
68748846,2026-04-21 15:51:44,Closed,Street Condition,Pothole,MANHATTAN,nan,40.86825094492336,-73.91613668233114,2026-04-21 15:51:44,nan,16591.571428571428,6876.0,11,0,4.210810269386574,0,0,0.7,4,38.2,1,Medium,14,0.0,1.0,0.0,0.0
68649471,2026-04-13 11:52:23,Closed,Street Condition,Pothole,MANHATTAN,AVENUE A,40.72242298861693,-73.98618624907375,2026-04-13 11:52:23,nan,16591.571428571428,12784.0,36,0,12.37702554716435,0,0,0.7,4,38.2,1,Medium,14,0.0,1.0,0.0,0.0
68758290,2026-04-21 22:38:39,Closed,Street Condition,Pothole,STATEN ISLAND,nan,40.59570440537119,-74.08491092358251,2026-04-22 20:20:00,nan,23788.714285714286,2762.0,9,0,3.928229250868055,4,0,0.7,4,38.2,1,Medium,14,0.0,1.0,0.0,0.0
68739909,2026-04-21 09:19:20,Closed,Street Condition,Pothole,MANHATTAN,nan,40.73167071136886,-74.0066245929398,2026-04-21 09:19:20,nan,16591.571428571428,6876.0,12,0,4.483310269386574,0,0,0.7,4,38.2,1,Medium,14,0.0,1.0,0.0,0.0
68532361,2026-04-01 15:04:50,Open,Street Condition,Pothole,BRONX,nan,40.84000345494566,-73.87738636916855,,nan,6677.6,6655.5,21,1,24.24337971383102,3,0,0.7,4,38.2,1,Medium,14,0.0,1.0,0.0,0.0
68741925,2026-04-21 08:57:11,Open,Street Condition,Pothole,MANHATTAN,nan,40.727819890310215,-73.9947504217104,,nan,16591.571428571428,6876.0,18,1,4.498692213831018,0,0,0.7,4,38.1,1,Medium,14,0.0,0.999,0.0,0.0
68710794,2026-04-18 18:57:19,Closed,Street Condition,Pothole,STATEN ISLAND,nan,40.56152224988719,-74.1718512388755,2026-04-18 18:57:19,nan,23788.714285714286,2762.0,15,1,7.081932954571759,4,0,0.7,4,38.1,1,Medium,14,0.0,1.0,0.0,0.0
68580288,2026-04-05 15:03:23,Closed,Street Condition,Pothole,MANHATTAN,nan,40.794236798023775,-73.96282263022327,2026-04-05 15:03:23,nan,16591.571428571428,6876.0,4,0,20.244386658275463,0,0,0.7,4,38.1,1,Medium,14,0.0,1.0,0.0,0.0
68578026,2026-04-05 08:15:58,Closed,Street Condition,Pothole,BROOKLYN,nan,40.70173528172298,-73.96056963250147,2026-04-13 13:37:00,nan,5664.555555555556,6673.0,55,1,20.527314899016204,1,0,0.7,4,38.1,1,Medium,14,0.0,1.0,0.0,0.0
68709510,2026-04-18 18:52:30,Closed,Street Condition,Pothole,STATEN ISLAND,nan,40.56152224988719,-74.1718512388755,2026-04-18 18:52:30,nan,23788.714285714286,2762.0,15,1,7.085277861979167,4,0,0.7,4,38.1,1,Medium,14,0.0,1.0,0.0,0.0
68754414,2026-04-22 11:46:15,Closed,Street Condition,Pothole,MANHATTAN,nan,40.74154879564148,-73.98957446267119,2026-04-22 11:46:15,nan,16591.571428571428,6876.0,22,0,3.381284806423611,0,0,0.7,4,38.1,1,Medium,14,0.0,1.0,0.0,0.0
68696712,2026-04-17 10:13:43,Closed,Street Condition,Pothole,MANHATTAN,nan,40.762179295833846,-73.96612906924031,2026-04-17 10:13:43,nan,16591.571428571428,6876.0,36,0,8.44554406568287,0,0,0.7,4,38.0,1,Medium,14,0.001,0.999,0.001,0.0
68670251,2026-04-14 16:37:54,Closed,Street Condition,Pothole,STATEN ISLAND,nan,40.580729011287275,-74.10755757072388,2026-04-18 08:33:00,nan,23788.714285714286,2762.0,8,0,11.178750084201388,4,0,0.7,4,38.0,1,Medium,14,0.0,1.0,0.0,0.0
68597184,2026-04-08 09:30:06,Closed,Street Condition,Pothole,MANHATTAN,nan,40.7775544572193,-73.94888038183456,2026-04-08 09:30:06,nan,16591.571428571428,6876.0,5,0,17.475833417534723,0,0,0.7,4,38.0,1,Medium,14,0.001,0.999,0.0,0.0
68576015,2026-04-06 14:07:45,Closed,Street Condition,Pothole,MANHATTAN,nan,40.87231606246278,-73.91273631947904,2026-04-06 14:07:45,nan,16591.571428571428,6876.0,5,1,19.28302091753472,0,0,0.7,4,38.0,1,Medium,14,0.0,1.0,0.0,0.0
68671207,2026-04-14 16:38:28,Closed,Street Condition,Pothole,STATEN ISLAND,nan,40.580575571725625,-74.10726932314459,2026-04-14 16:38:28,nan,23788.714285714286,2762.0,8,0,11.17835656568287,4,0,0.7,4,38.0,1,Medium,14,0.0,1.0,0.0,0.0
68706867,2026-04-17 20:31:52,Closed,Street Condition,Pothole,STATEN ISLAND,nan,40.62471522001418,-74.14218976224429,2026-04-17 20:31:52,nan,23788.714285714286,2762.0,17,0,8.016273232349537,4,0,0.7,4,38.0,1,Medium,14,0.0,1.0,0.0,0.0
68525125,2026-03-31 20:30:54,Open,Street Condition,Pothole,MANHATTAN,nan,40.77689895647993,-73.97545863757868,,nan,16591.571428571428,6876.0,6,0,25.016944528645837,0,0,0.7,3,37.9,1,Medium,14,0.0,0.998,0.002,0.0
68641455,2026-04-12 10:22:48,Open,Street Condition,Pothole,STATEN ISLAND,AMBOY ROAD,40.54681209051057,-74.15900025062514,,nan,23788.714285714286,17542.0,6,1,13.4392361953125,4,0,0.7,4,37.9,1,Medium,14,0.001,0.999,0.0,0.0
68658503,2026-04-12 15:24:19,Closed,Street Condition,Pothole,BROOKLYN,LINDEN BOULEVARD,40.65233298505888,-73.95550655400287,2026-04-13 11:22:00,nan,5880.8,43214.0,16,1,13.229849621238426,1,0,0.7,4,37.9,1,Medium,14,0.0,1.0,0.0,0.0
68671209,2026-04-14 07:29:31,Closed,Street Condition,Pothole,STATEN ISLAND,nan,40.56047555908232,-74.1668892252524,2026-04-14 07:29:31,nan,23788.714285714286,2762.0,13,1,11.559571843460647,4,0,0.7,4,37.9,1,Medium,14,0.0,1.0,0.0,0.0
68526674,2026-04-01 10:48:40,Closed,Street Condition,Pothole,STATEN ISLAND,nan,40.58078848337109,-74.09620681243584,2026-04-18 12:30:00,nan,23788.714285714286,2762.0,5,0,24.421273232349538,4,0,0.7,4,37.9,1,Medium,14,0.0,1.0,0.0,0.0
68770028,2026-04-23 09:13:22,Open,Street Condition,Pothole,MANHATTAN,nan,40.814299929751385,-73.95307534093075,,nan,16591.571428571428,6876.0,19,0,2.4874537879050926,0,0,0.7,4,37.9,1,Medium,14,0.0,1.0,0.0,0.0
68553191,2026-04-03 07:30:18,Closed,Street Condition,Pothole,BRONX,nan,40.83659213171209,-73.90056472168197,2026-04-03 07:30:18,nan,6677.6,6655.5,12,1,22.559027861979168,3,0,0.7,4,37.9,1,Medium,14,0.0,1.0,0.0,0.0
68706869,2026-04-17 09:37:08,Closed,Street Condition,Pothole,STATEN ISLAND,nan,40.61307793694791,-74.12255699238123,2026-04-17 09:37:08,nan,23788.714285714286,2762.0,14,1,8.470949158275463,4,0,0.7,4,37.9,1,Medium,14,0.001,0.999,0.0,0.0
68580312,2026-04-05 11:46:57,Closed,Street Condition,Pothole,STATEN ISLAND,BRICKTOWN WAY,40.52766701124552,-74.23022888842462,2026-04-05 11:46:57,nan,23788.714285714286,2762.0,5,1,20.3807986953125,4,0,0.7,4,37.7,1,Medium,14,0.0,1.0,0.0,0.0
68755680,2026-04-22 14:05:29,Closed,Street Condition,Pothole,STATEN ISLAND,nan,40.60872585877758,-74.08837774444845,2026-04-22 14:05:29,nan,23788.714285714286,2762.0,19,1,3.284594991608796,4,0,0.7,4,37.7,1,Medium,14,0.001,0.999,0.0,0.0
68580313,2026-04-05 11:45:35,Closed,Street Condition,Pothole,STATEN ISLAND,BRICKTOWN WAY,40.52766701124552,-74.23022888842462,2026-04-06 07:24:00,nan,23788.714285714286,2762.0,5,1,20.381747769386575,4,0,0.7,4,37.7,1,Medium,14,0.0,1.0,0.0,0.0
68766697,2026-04-22 01:13:02,Closed,Street Condition,Pothole,MANHATTAN,nan,40.745421755862786,-73.99096689618635,2026-04-23 18:55:00,nan,16591.571428571428,6876.0,31,1,3.8210186027199073,0,0,0.7,4,37.7,1,Medium,14,0.0,0.999,0.0,0.0
68515732,2026-03-31 13:55:32,Pending,Street Condition,Pothole,QUEENS,nan,40.71387464291957,-73.77273875865954,,nan,4959.1547619047615,4660.0,13,1,25.29150471383102,2,0,0.7,3,37.7,1,Medium,14,0.0,1.0,0.0,0.0
68753524,2026-04-22 20:47:12,Open,Street Condition,Pothole,MANHATTAN,nan,40.75575619139446,-73.96478600260775,,nan,16591.571428571428,6876.0,13,1,3.005625084201389,0,0,0.7,4,37.6,1,Medium,14,0.0,1.0,0.0,0.0
68666505,2026-04-14 06:10:29,Closed,Street Condition,Pothole,MANHATTAN,nan,40.76222654302536,-73.96818664354069,2026-04-14 06:10:29,nan,16591.571428571428,6876.0,36,0,11.614456102719908,0,0,0.7,4,37.6,1,Medium,14,0.0,0.999,0.0,0.0
68555054,2026-04-03 08:42:15,Closed,Street Condition,Pothole,BRONX,nan,40.87289121476628,-73.88069206421189,2026-04-15 13:40:00,nan,6677.6,6655.5,13,1,22.509062584201388,3,0,0.7,4,37.6,1,Medium,14,0.0,1.0,0.0,0.0
68595857,2026-04-07 08:44:36,Closed,Street Condition,Pothole,MANHATTAN,nan,40.87231606246278,-73.91273631947904,2026-04-07 08:44:36,nan,16591.571428571428,6876.0,5,1,18.507430639756944,0,0,0.7,4,37.6,1,Medium,14,0.0,0.999,0.0,0.0
68525165,2026-03-31 14:38:49,Open,Street Condition,Pothole,STATEN ISLAND,nan,40.5750447575104,-74.08425831111676,,nan,23788.714285714286,2762.0,5,0,25.26144684346065,4,0,0.7,3,37.5,1,Medium,14,0.0,1.0,0.0,0.0
68760064,2026-04-22 21:13:04,Open,Street Condition,Pothole,STATEN ISLAND,nan,40.63778221701535,-74.07694038166075,,nan,23788.714285714286,2762.0,17,1,2.9876621212384262,4,0,0.7,4,37.5,1,Medium,14,0.0,1.0,0.0,0.0
68530487,2026-04-02 00:16:50,Closed,Street Condition,Pothole,STATEN ISLAND,nan,40.567966534350866,-74.12309331207807,2026-04-02 00:16:50,nan,23788.714285714286,2762.0,5,1,23.860046380497685,4,0,0.7,4,37.5,1,Medium,14,0.0,1.0,0.0,0.0
68755696,2026-04-22 10:01:00,Closed,Street Condition,Pothole,MANHATTAN,nan,40.758949399914954,-73.96848058993135,2026-04-22 10:01:00,nan,16591.571428571428,6876.0,16,0,3.4543750842013887,0,0,0.7,4,37.5,1,Medium,14,0.0,1.0,0.0,0.0
68533848,2026-04-01 18:22:03,Open,Street Condition,Pothole,BROOKLYN,nan,40.676448835455936,-73.86453897126174,,nan,5664.555555555556,6673.0,13,0,24.1064236953125,1,0,0.7,4,37.5,1,Medium,14,0.0,1.0,0.0,0.0
68728131,2026-04-20 09:34:30,Closed,Street Condition,Pothole,STATEN ISLAND,nan,40.56047555908232,-74.1668892252524,2026-04-20 09:34:30,nan,23788.714285714286,2762.0,13,1,5.472777861979166,4,0,0.7,4,37.5,1,Medium,14,0.0,1.0,0.0,0.0
68532344,2026-04-01 10:08:05,Open,Street Condition,Pothole,MANHATTAN,nan,40.86795092389553,-73.92700182445367,,nan,16591.571428571428,6876.0,7,1,24.44945610271991,0,0,0.7,4,37.5,1,Medium,14,0.0,0.995,0.005,0.0
68760920,2026-04-23 08:31:41,Closed,Street Condition,Pothole,QUEENS,ROCKAWAY BOULEVARD,40.674610933208335,-73.80427648819571,2026-04-23 20:03:00,nan,4959.1547619047615,66278.0,22,0,2.516400547164352,2,0,0.7,4,37.4,1,Medium,14,0.002,0.998,0.0,0.0
68744916,2026-04-21 15:48:50,Open,Street Condition,Pothole,MANHATTAN,nan,40.864462523532055,-73.91894337347615,,nan,16591.571428571428,6876.0,53,0,4.212824158275462,0,0,0.7,4,37.4,1,Medium,14,0.0,1.0,0.0,0.0
68770995,2026-04-22 01:33:20,Closed,Street Condition,Pothole,MANHATTAN,nan,40.815305790064706,-73.94369967242862,2026-04-23 17:55:00,nan,16591.571428571428,6876.0,32,0,3.806921380497685,0,0,0.7,4,37.4,1,Medium,14,0.0,0.999,0.0,0.0
68688368,2026-04-16 15:47:35,Open,Street Condition,Pothole,STATEN ISLAND,nan,40.60772398818237,-74.14729647569187,,nan,23788.714285714286,2762.0,8,1,9.213692213831019,4,0,0.7,4,37.4,1,Medium,14,0.001,0.999,0.0,0.0
68553722,2026-04-03 13:58:51,Closed,Street Condition,Pothole,STATEN ISLAND,nan,40.62485313279033,-74.16044700328256,2026-04-11 14:00:00,nan,23788.714285714286,2762.0,5,0,22.289201473090277,4,0,0.7,4,37.3,1,Medium,14,0.0,1.0,0.0,0.0
68754894,2026-04-22 14:09:54,Open,Street Condition,Pothole,MANHATTAN,nan,40.71305305648862,-73.99411672486126,,nan,16591.571428571428,6876.0,27,1,3.2815278619791663,0,0,0.7,4,37.3,1,Medium,14,0.001,0.999,0.0,0.0
68736004,2026-04-20 08:52:39,Open,Street Condition,Pothole,MANHATTAN,nan,40.71123050257566,-74.00647827911699,,nan,16591.571428571428,6876.0,25,0,5.501840361979166,0,0,0.7,4,37.3,1,Medium,14,0.0,1.0,0.0,0.0
68530922,2026-04-01 16:28:19,Closed,Street Condition,Pothole,BROOKLYN,nan,40.6999378733718,-73.91180788979796,2026-04-20 12:45:00,nan,5664.555555555556,6673.0,28,1,24.18540517679398,1,0,0.7,4,37.3,1,Medium,14,0.0,1.0,0.0,0.0
68529049,2026-04-01 18:21:42,Closed,Street Condition,Pothole,BRONX,nan,40.8422043016679,-73.83908661007817,2026-04-01 18:21:42,nan,6677.6,6655.5,20,0,24.106666750868055,3,0,0.7,4,37.3,1,Medium,14,0.0,1.0,0.0,0.0
68576006,2026-04-04 12:37:49,Closed,Street Condition,Pothole,QUEENS,ROOSEVELT AVENUE,40.75164175900853,-73.85558671178792,2026-04-05 10:30:00,nan,11892.285714285714,15935.0,17,1,21.345474621238427,2,0,0.7,4,37.3,1,Medium,14,0.0,1.0,0.0,0.0
68530458,2026-04-01 09:13:12,Closed,Street Condition,Pothole,QUEENS,GRAND CENTRL PARKWAY,40.72804011816385,-73.83170615873696,2026-04-01 21:45:00,nan,4959.1547619047615,4660.0,28,1,24.487569528645835,2,0,0.7,4,37.3,1,Medium,14,0.0,1.0,0.0,0.0
68652445,2026-04-13 14:22:39,Closed,Street Condition,Pothole,STATEN ISLAND,nan,40.56047555908232,-74.1668892252524,2026-04-13 14:22:39,nan,23788.714285714286,2762.0,13,1,12.2726736953125,4,0,0.7,4,37.3,1,Medium,14,0.0,1.0,0.0,0.0
68700132,2026-04-17 09:44:16,Open,Street Condition,Pothole,STATEN ISLAND,nan,40.61025644946452,-74.13231216922925,,nan,23788.714285714286,2762.0,10,1,8.46599545457176,4,0,0.7,4,37.2,1,Medium,14,0.001,0.999,0.0,0.0
68536742,2026-04-01 19:28:45,Pending,Street Condition,Pothole,MANHATTAN,nan,40.72686582646435,-73.97990757169026,,nan,16591.571428571428,6876.0,4,0,24.060104250868054,0,0,0.7,4,37.2,1,Medium,14,0.0,0.999,0.0,0.0
68553719,2026-04-03 08:43:44,Open,Street Condition,Pothole,BRONX,nan,40.87882749543584,-73.88289088271023,,nan,6677.6,6655.5,14,1,22.508032491608795,3,0,0.7,4,37.2,1,Medium,14,0.0,1.0,0.0,0.0
68604418,2026-04-08 16:44:41,Closed,Street Condition,Pothole,MANHATTAN,nan,40.72031794440261,-74.01216827113397,2026-04-18 22:00:00,nan,16591.571428571428,6876.0,6,0,17.174039436053242,0,0,0.7,4,37.2,1,Medium,14,0.0,1.0,0.0,0.0
68765216,2026-04-23 19:09:28,Closed,Street Condition,Pothole,STATEN ISLAND,nan,40.635738093577814,-74.08373324622873,2026-04-23 19:09:28,nan,23788.714285714286,2762.0,7,1,2.073495454571759,4,0,0.7,4,37.2,1,Medium,14,0.0,1.0,0.0,0.0
68767190,2026-04-23 10:17:42,Open,Street Condition,Pothole,MANHATTAN,nan,40.75099082290243,-73.99062326583427,,nan,16591.571428571428,6876.0,31,1,2.4427778619791667,0,0,0.7,4,37.2,1,Medium,14,0.0,0.999,0.0,0.0
68771003,2026-04-23 10:45:40,Closed,Street Condition,Pothole,MANHATTAN,nan,40.75099082290243,-73.99062326583427,2026-04-23 10:45:40,nan,16591.571428571428,6876.0,31,1,2.4233565656828704,0,0,0.7,4,37.2,1,Medium,14,0.0,0.999,0.0,0.0
68557151,2026-04-03 07:20:55,Closed,Street Condition,Pothole,BRONX,nan,40.876475974251946,-73.90448632037707,2026-04-03 07:20:55,nan,6677.6,6655.5,59,1,22.56554406568287,3,0,0.7,4,37.1,1,Medium,14,0.0,1.0,0.0,0.0
68515120,2026-03-31 12:42:09,Closed,Street Condition,Pothole,BRONX,nan,40.9017821532778,-73.90469231949538,2026-03-31 12:42:09,nan,6677.6,6655.5,13,1,25.34246536197917,3,0,0.7,3,37.1,1,Medium,14,0.0,1.0,0.0,0.0
68521427,2026-03-31 15:38:42,Closed,Street Condition,Pothole,BRONX,nan,40.9017821532778,-73.90469231949538,2026-03-31 15:38:42,nan,6677.6,6655.5,13,1,25.219861195312504,3,0,0.7,3,37.1,1,Medium,14,0.0,1.0,0.0,0.0
68742868,2026-04-21 10:58:47,Closed,Street Condition,Pothole,MANHATTAN,nan,40.863113291725696,-73.92061167083497,2026-04-21 10:58:47,nan,16591.571428571428,6876.0,16,0,4.414247769386574,0,0,0.7,4,37.1,1,Medium,14,0.0,1.0,0.0,0.0
68745852,2026-04-21 06:06:16,Closed,Street Condition,Pothole,MANHATTAN,nan,40.763114133956435,-73.96251511418777,2026-04-21 06:06:16,nan,16591.571428571428,6876.0,27,1,4.617384343460648,0,0,0.7,4,37.1,1,Medium,14,0.0,0.999,0.0,0.0
68663885,2026-04-14 16:39:54,Closed,Street Condition,Pothole,STATEN ISLAND,nan,40.57980288006784,-74.10582089649856,2026-04-18 08:45:00,nan,23788.714285714286,2762.0,5,0,11.1773611953125,4,0,0.7,4,37.0,1,Medium,14,0.001,0.999,0.0,0.0
68527628,2026-04-01 14:12:12,Closed,Street Condition,Pothole,QUEENS,nan,40.728370959098946,-73.87113346680071,2026-04-01 15:54:00,nan,4959.1547619047615,4660.0,10,0,24.279930639756948,2,0,0.7,4,37.0,1,Medium,14,0.0,1.0,0.0,0.0
68616275,2026-04-09 14:14:25,Closed,Street Condition,Pothole,MANHATTAN,AMSTERDAM AVENUE,40.8513299800638,-73.92853822198025,2026-04-18 22:45:00,nan,17214.5,22662.0,4,1,16.27839128790509,0,0,0.7,4,37.0,1,Medium,14,0.0,0.999,0.0,0.0
68754893,2026-04-22 18:56:43,Open,Street Condition,Pothole,MANHATTAN,nan,40.8398674785978,-73.93691341258723,,nan,16591.571428571428,6876.0,17,0,3.082349621238426,0,0,0.7,4,37.0,1,Medium,14,0.0,1.0,0.0,0.0
68714570,2026-04-18 04:11:25,Closed,Street Condition,Pothole,MANHATTAN,nan,40.75897825494627,-73.99393579583666,2026-04-18 04:11:25,nan,16591.571428571428,6876.0,44,1,7.697141287905092,0,0,0.7,4,37.0,1,Medium,14,0.0,0.999,0.001,0.0
68533335,2026-03-31 15:50:55,Closed,Street Condition,Pothole,BROOKLYN,AVENUE J,40.63588022928407,-73.9082931617697,2026-04-01 15:31:00,nan,5664.555555555556,14024.0,10,1,25.211377399016207,1,0,0.7,3,37.0,1,Medium,14,0.0,1.0,0.0,0.0
68541974,2026-04-02 20:59:17,Closed,Street Condition,Pothole,STATEN ISLAND,BRICKTOWN WAY,40.52766701124552,-74.23022888842462,2026-04-03 13:00:00,nan,23788.714285714286,2762.0,5,1,22.997233880497685,4,0,0.7,4,36.9,1,Medium,14,0.0,1.0,0.0,0.0
68551894,2026-04-02 07:00:00,Closed,Street Condition,Pothole,STATEN ISLAND,CASTLETON AVENUE,40.63470654130929,-74.1063835445332,2026-04-03 13:05:00,nan,23788.714285714286,10187.0,5,1,23.580069528645833,4,0,0.7,4,36.9,1,Medium,14,0.0,1.0,0.0,0.0
68663897,2026-04-14 06:24:30,Open,Street Condition,Pothole,MANHATTAN,nan,40.720044107703515,-73.99906204047267,,nan,16591.571428571428,6876.0,19,1,11.60472230642361,0,0,0.7,4,36.9,1,Medium,14,0.0,1.0,0.0,0.0
68581750,2026-04-05 15:03:37,Closed,Street Condition,Pothole,BROOKLYN,BROADWAY,40.70997019266342,-73.96241514804954,2026-04-06 14:03:00,nan,5664.555555555556,13110.0,19,1,20.244224621238427,1,0,0.7,4,36.9,1,Medium,14,0.0,1.0,0.0,0.0
68668721,2026-04-14 07:30:01,Open,Street Condition,Pothole,STATEN ISLAND,nan,40.56029031513674,-74.16592065392997,,nan,23788.714285714286,2762.0,8,1,11.559224621238426,4,0,0.7,4,36.8,1,Medium,14,0.001,0.999,0.0,0.0
68711227,2026-04-18 21:14:57,Open,Street Condition,Pothole,STATEN ISLAND,nan,40.63778221701535,-74.07694038166075,,nan,23788.714285714286,2762.0,17,1,6.986354250868056,4,0,0.7,4,36.8,1,Medium,14,0.0,1.0,0.0,0.0
68584649,2026-04-04 12:36:12,Closed,Street Condition,Pothole,QUEENS,BROADWAY,40.74800056495855,-73.89455073627157,2026-04-05 07:35:00,nan,4959.1547619047615,20372.0,42,1,21.34659730642361,2,0,0.7,4,36.8,1,Medium,14,0.0,1.0,0.0,0.0
68535285,2026-04-01 15:01:57,Open,Street Condition,Pothole,BRONX,nan,40.84247032507974,-73.8533366832023,,nan,6677.6,6655.5,12,0,24.24538202864583,3,0,0.7,4,36.8,1,Medium,14,0.0,1.0,0.0,0.0
68579382,2026-04-06 21:55:40,Open,Street Condition,Pothole,BROOKLYN,PARKSIDE AVENUE,40.654882431881674,-73.9618803533782,,nan,5664.555555555556,16554.0,27,1,18.95807878790509,1,0,0.7,4,36.8,1,Medium,14,0.0,1.0,0.0,0.0
68547164,2026-04-02 11:34:53,Closed,Street Condition,Pothole,STATEN ISLAND,nan,40.62949524223407,-74.15798674688926,2026-04-19 01:30:00,nan,23788.714285714286,2762.0,3,0,23.38917832494213,4,0,0.7,4,36.7,1,Medium,14,0.0,1.0,0.0,0.0
68542766,2026-04-02 08:49:56,Closed,Street Condition,Pothole,MANHATTAN,nan,40.78273645680392,-73.95533636403404,2026-04-02 08:49:56,nan,16591.571428571428,6876.0,5,0,23.50372693605324,0,0,0.7,4,36.7,1,Medium,14,0.0,0.998,0.001,0.0
68539438,2026-04-02 14:36:37,Closed,Street Condition,Pothole,STATEN ISLAND,nan,40.62460267254728,-74.07959815412,2026-04-18 09:40:00,nan,23788.714285714286,2762.0,5,1,23.262974621238424,4,0,0.7,4,36.7,1,Medium,14,0.0,1.0,0.0,0.0
68536768,2026-04-01 17:38:49,Closed,Street Condition,Pothole,STATEN ISLAND,nan,40.57592710793052,-74.09659578324302,2026-04-11 22:53:00,nan,23788.714285714286,2762.0,4,0,24.136446843460647,4,0,0.7,4,36.7,1,Medium,14,0.0,1.0,0.0,0.0
68540223,2026-04-02 09:56:50,Closed,Street Condition,Pothole,QUEENS,nan,40.70576240751889,-73.80165667775871,2026-04-02 09:56:50,nan,4959.1547619047615,4660.0,14,1,23.457268602719907,2,0,0.7,4,36.7,1,Medium,14,0.0,1.0,0.0,0.0
68543991,2026-04-02 19:49:21,Closed,Street Condition,Pothole,BRONX,nan,40.88270955300674,-73.88124583052429,2026-04-02 19:49:21,nan,6677.6,6655.5,22,0,23.0457986953125,3,0,0.7,4,36.7,1,Medium,14,0.0,1.0,0.0,0.0
68534827,2026-04-01 15:07:39,Closed,Street Condition,Pothole,BRONX,nan,40.9017821532778,-73.90469231949538,2026-04-01 15:07:39,nan,6677.6,6655.5,13,1,24.2414236953125,3,0,0.7,4,36.7,1,Medium,14,0.0,1.0,0.0,0.0
68621535,2026-04-10 16:51:05,Open,Street Condition,Pothole,STATEN ISLAND,nan,40.59612702995344,-74.11078712558009,,nan,23788.714285714286,2762.0,6,1,15.169594991608797,4,0,0.7,4,36.7,1,Medium,14,0.0,1.0,0.0,0.0
68529059,2026-04-01 18:04:36,Closed,Street Condition,Pothole,QUEENS,nan,40.761265587233325,-73.87499725675143,2026-04-01 18:04:36,nan,4959.1547619047615,4660.0,13,0,24.118541750868054,2,0,0.7,4,36.6,1,Medium,14,0.0,1.0,0.0,0.0
68679424,2026-04-15 12:46:30,Open,Street Condition,Pothole,STATEN ISLAND,nan,40.62485313279033,-74.16044700328256,,nan,23788.714285714286,2762.0,5,0,10.339444528645833,4,0,0.7,4,36.6,1,Medium,14,0.0,1.0,0.0,0.0
68534825,2026-04-01 17:00:37,Closed,Street Condition,Pothole,BRONX,nan,40.832647012551575,-73.85120821712813,2026-04-01 17:00:37,nan,6677.6,6655.5,18,1,24.162974621238426,3,0,0.7,4,36.6,1,Medium,14,0.0,1.0,0.0,0.0
68554530,2026-04-03 12:35:50,Closed,Street Condition,Pothole,BRONX,nan,40.82815941288273,-73.91296044670815,2026-04-03 12:35:50,nan,6677.6,6655.5,13,1,22.34685193605324,3,0,0.7,4,36.6,1,Medium,14,0.0,1.0,0.0,0.0
68599917,2026-04-07 15:15:09,Closed,Street Condition,Pothole,BROOKLYN,ROGERS AVENUE,40.67056015502055,-73.95320891313631,2026-04-08 12:38:00,nan,5664.555555555556,15168.0,24,1,18.236215361979166,1,0,0.7,4,36.6,1,Medium,14,0.0,1.0,0.0,0.0
68539473,2026-04-02 09:07:23,Open,Street Condition,Pothole,BRONX,nan,40.839622394816125,-73.87027467089929,,nan,6677.6,6655.5,15,1,23.491608880497687,3,0,0.7,4,36.6,1,Medium,14,0.0,1.0,0.0,0.0
68538162,2026-04-02 09:32:49,Closed,Street Condition,Pothole,MANHATTAN,PAYSON AVENUE,40.86795092389553,-73.92700182445367,2026-04-03 22:30:00,nan,16591.571428571428,6876.0,7,1,23.47394684346065,0,0,0.7,4,36.6,1,Medium,14,0.0,0.997,0.003,0.0
68513576,2026-03-31 16:09:06,Closed,Street Condition,Pothole,STATEN ISLAND,BRICKTOWN WAY,40.52766701124552,-74.23022888842462,2026-03-31 16:09:06,nan,23788.714285714286,2762.0,5,1,25.198750084201393,4,0,0.7,3,36.6,1,Medium,14,0.001,0.999,0.0,0.0
68528100,2026-04-01 16:08:28,Open,Street Condition,Pothole,BRONX,nan,40.87144095159528,-73.86715728320962,,nan,6677.6,6655.5,10,0,24.199189899016204,3,0,0.7,4,36.6,1,Medium,14,0.0,1.0,0.0,0.0
68533358,2026-04-01 14:25:53,Closed,Street Condition,Pothole,QUEENS,nan,40.761265587233325,-73.87499725675143,2026-04-01 14:25:53,nan,4959.1547619047615,4660.0,13,0,24.27042832494213,2,0,0.7,4,36.5,1,Medium,14,0.0,1.0,0.0,0.0
68622852,2026-04-10 10:36:29,Open,Street Condition,Pothole,MANHATTAN,nan,40.78842025637503,-73.97076338771852,,nan,16591.571428571428,6876.0,5,0,15.429733880497684,0,0,0.7,4,36.5,1,Medium,14,0.001,0.999,0.0,0.0
68529055,2026-04-01 17:39:12,Closed,Street Condition,Pothole,STATEN ISLAND,nan,40.61118164592453,-74.10559691094086,2026-04-01 17:39:12,nan,23788.714285714286,2762.0,2,0,24.136180639756944,4,0,0.7,4,36.5,1,Medium,14,0.0,1.0,0.0,0.0
68636295,2026-04-11 21:18:05,Closed,Street Condition,Pothole,STATEN ISLAND,nan,40.62693141835579,-74.07790054905978,2026-04-11 21:18:05,nan,23788.714285714286,2762.0,6,1,13.98417832494213,4,0,0.7,4,36.5,1,Medium,14,0.001,0.999,0.0,0.0
68633770,2026-04-11 23:39:48,Closed,Street Condition,Pothole,MANHATTAN,nan,40.86795092389553,-73.92700182445367,2026-04-11 23:39:48,nan,16591.571428571428,6876.0,7,1,13.885763973090278,0,0,0.7,4,36.5,1,Medium,14,0.001,0.998,0.0,0.0
68632477,2026-04-11 23:39:48,Closed,Street Condition,Pothole,MANHATTAN,nan,40.86795092389553,-73.92700182445367,2026-04-11 23:39:48,nan,16591.571428571428,6876.0,7,1,13.885763973090278,0,0,0.7,4,36.5,1,Medium,14,0.001,0.998,0.0,0.0
68660644,2026-04-14 11:38:14,Closed,Street Condition,Pothole,STATEN ISLAND,nan,40.62693141835579,-74.07790054905978,2026-04-18 09:55:00,nan,23788.714285714286,2762.0,6,1,11.38685193605324,4,0,0.7,4,36.4,1,Medium,14,0.002,0.998,0.0,0.0
68578010,2026-04-06 17:11:41,Open,Street Condition,Pothole,MANHATTAN,nan,40.7713904523201,-73.95043032980328,,nan,16591.571428571428,6876.0,4,0,19.15528943605324,0,0,0.7,4,36.4,1,Medium,14,0.002,0.997,0.0,0.0
68545346,2026-04-02 13:05:02,Closed,Street Condition,Pothole,STATEN ISLAND,nan,40.556534396904766,-74.12811764331059,2026-04-02 13:05:02,nan,23788.714285714286,2762.0,3,0,23.326574158275463,4,0,0.7,4,36.4,1,Medium,14,0.0,1.0,0.0,0.0
68601233,2026-04-08 08:44:25,Closed,Street Condition,Pothole,MANHATTAN,nan,40.78273645680392,-73.95533636403404,2026-04-08 08:44:25,nan,16591.571428571428,6876.0,5,0,17.50755795457176,0,0,0.7,4,36.4,1,Medium,14,0.001,0.999,0.0,0.0
68540230,2026-04-02 07:49:31,Closed,Street Condition,Pothole,MANHATTAN,nan,40.706767020397514,-74.01250844527229,2026-04-02 07:49:31,nan,16591.571428571428,6876.0,5,1,23.54568295457176,0,0,0.7,4,36.4,1,Medium,14,0.0,1.0,0.0,0.0
68758304,2026-04-21 14:35:45,Closed,Street Condition,Pothole,BROOKLYN,MARCUS GARVEY BOULEVARD,40.68493856656047,-73.93844455265979,2026-04-22 06:00:00,nan,9288.142857142857,6673.0,12,1,4.263576473090278,1,0,0.7,4,36.4,1,Medium,14,0.0,1.0,0.0,0.0
68741361,2026-04-20 00:31:09,Closed,Street Condition,Pothole,MANHATTAN,UNION SQUARE WEST,40.73628996597361,-73.99093565842742,2026-04-22 00:05:00,nan,16591.571428571428,6876.0,23,0,5.850104250868055,0,0,0.7,4,36.4,1,Medium,14,0.0,1.0,0.0,0.0
68606490,2026-04-07 15:13:30,Closed,Street Condition,Pothole,BROOKLYN,UTICA AVENUE,40.667260889816994,-73.93125871041096,2026-04-08 08:45:00,nan,5664.555555555556,18962.0,33,1,18.2373611953125,1,0,0.7,4,36.4,1,Medium,14,0.0,1.0,0.0,0.0
68637483,2026-04-10 15:57:47,Closed,Street Condition,Pothole,QUEENS,LINDEN BOULEVARD,40.68464347707175,-73.79970755235794,2026-04-11 14:15:00,nan,4959.1547619047615,29111.0,12,0,15.206608880497685,2,0,0.7,4,36.4,1,Medium,14,0.0,1.0,0.0,0.0
68526664,2026-04-01 09:12:29,Closed,Street Condition,Pothole,BROOKLYN,nan,40.7140618829546,-73.9529114410158,2026-04-03 10:55:00,nan,5664.555555555556,6673.0,66,1,24.48806721383102,1,0,0.7,4,36.3,1,Medium,14,0.0,1.0,0.0,0.0
68553720,2026-04-03 03:16:13,Open,Street Condition,Pothole,BRONX,nan,40.83884600838569,-73.87816189461297,,nan,6677.6,6655.5,22,0,22.735474621238424,3,0,0.7,4,36.3,1,Medium,14,0.0,1.0,0.0,0.0
68654425,2026-04-13 10:56:40,Open,Street Condition,Pothole,STATEN ISLAND,nan,40.60940340129527,-74.11656085044788,,nan,23788.714285714286,2762.0,8,1,12.415717676793982,4,0,0.7,4,36.3,1,Medium,14,0.001,0.999,0.0,0.0
68595860,2026-04-06 15:40:42,Closed,Street Condition,Pothole,BROOKLYN,REMSEN AVENUE,40.65393130589978,-73.92124622027247,2026-04-07 15:32:00,nan,5664.555555555556,20418.0,30,1,19.21847230642361,1,0,0.7,4,36.3,1,Medium,14,0.0,1.0,0.0,0.0
68536754,2026-04-01 14:53:48,Closed,Street Condition,Pothole,BROOKLYN,nan,40.6664404059053,-73.95360831331813,2026-04-23 08:30:00,nan,5664.555555555556,6673.0,13,0,24.251041750868055,1,0,0.7,4,36.3,1,Medium,14,0.0,1.0,0.0,0.0
68708764,2026-04-18 16:22:09,Open,Street Condition,Pothole,STATEN ISLAND,nan,40.62510489030365,-74.14876859310395,,nan,23788.714285714286,2762.0,20,1,7.189687584201389,4,0,0.7,4,36.3,1,Medium,14,0.001,0.999,0.0,0.0
68549832,2026-04-03 09:54:33,Open,Street Condition,Pothole,BRONX,nan,40.826909061172856,-73.93102151496065,,nan,6677.6,6655.5,15,1,22.458854250868054,3,0,0.7,4,36.3,1,Medium,14,0.0,1.0,0.0,0.0
68590811,2026-04-07 17:42:05,Open,Street Condition,Pothole,STATEN ISLAND,nan,40.608913163915126,-74.15307956575049,,nan,23788.714285714286,2762.0,5,1,18.13417832494213,4,0,0.7,4,36.2,1,Medium,14,0.0,1.0,0.0,0.0
68590834,2026-04-07 20:32:44,Closed,Street Condition,Pothole,BROOKLYN,nan,40.675793256227486,-73.94437624487631,2026-04-11 18:10:00,nan,5664.555555555556,6673.0,10,1,18.015671380497686,1,0,0.7,4,36.2,1,Medium,14,0.001,0.999,0.0,0.0
68547192,2026-04-02 12:59:01,Closed,Street Condition,Pothole,BROOKLYN,nan,40.680244707537085,-73.87660209843374,2026-04-20 09:30:00,nan,5664.555555555556,6673.0,26,1,23.330752399016202,1,0,0.7,4,36.2,1,Medium,14,0.0,1.0,0.0,0.0
68523566,2026-03-31 14:04:06,Closed,Street Condition,Pothole,BROOKLYN,nan,40.67465371383835,-73.90915553741944,2026-04-04 01:34:00,nan,5664.555555555556,6673.0,51,1,25.285555639756947,1,0,0.7,3,36.2,1,Medium,14,0.0,1.0,0.0,0.0
68673444,2026-04-15 12:51:38,Open,Street Condition,Pothole,MANHATTAN,nan,40.77007338983615,-73.95139885639155,,nan,16591.571428571428,6876.0,6,0,10.335879713831018,0,0,0.7,4,36.2,1,Medium,14,0.001,0.998,0.001,0.0
68533334,2026-04-01 17:22:41,Closed,Street Condition,Pothole,BROOKLYN,nan,40.69889360848882,-73.91752179908735,2026-04-01 17:22:41,nan,5664.555555555556,6673.0,28,0,24.14765054716435,1,0,0.7,4,36.2,1,Medium,14,0.0,1.0,0.0,0.0
68531867,2026-04-01 17:19:31,Closed,Street Condition,Pothole,BROOKLYN,nan,40.69889360848882,-73.91752179908735,2026-04-01 17:19:31,nan,5664.555555555556,6673.0,28,0,24.149849621238427,1,0,0.7,4,36.2,1,Medium,14,0.0,1.0,0.0,0.0
68526203,2026-04-01 14:09:09,Closed,Street Condition,Pothole,QUEENS,nan,40.73380012604392,-73.81480121129775,2026-04-01 14:09:09,nan,4959.1547619047615,4660.0,10,0,24.282048695312504,2,0,0.7,4,36.2,1,Medium,14,0.001,0.999,0.0,0.0
68534830,2026-04-01 09:07:25,Closed,Street Condition,Pothole,BRONX,nan,40.835100024685,-73.91945616514167,2026-04-01 09:07:25,nan,6677.6,6655.5,15,1,24.491585732349538,3,0,0.7,4,36.1,1,Medium,14,0.0,1.0,0.0,0.0
68623727,2026-04-10 15:48:50,Closed,Street Condition,Pothole,MANHATTAN,nan,40.86795092389553,-73.92700182445367,2026-04-10 15:48:50,nan,16591.571428571428,6876.0,7,1,15.212824158275463,0,0,0.7,4,36.1,1,Medium,14,0.001,0.998,0.0,0.0
68705446,2026-04-17 15:10:42,Closed,Street Condition,Pothole,MANHATTAN,nan,40.78905142646646,-73.970300867221,2026-04-17 15:10:42,nan,16591.571428571428,6876.0,6,0,8.239305639756944,0,0,0.7,4,36.1,1,Medium,14,0.001,0.999,0.0,0.0
68553718,2026-04-03 09:05:03,Closed,Street Condition,Pothole,BRONX,nan,40.826793948639086,-73.89191099307715,2026-04-11 12:45:00,nan,6677.6,6655.5,17,1,22.493229250868055,3,0,0.7,4,36.1,1,Medium,14,0.0,1.0,0.0,0.0
68619739,2026-04-10 13:50:00,Closed,Street Condition,Pothole,MANHATTAN,nan,40.86795092389553,-73.92700182445367,2026-04-10 13:50:00,nan,16591.571428571428,6876.0,7,1,15.295347306423611,0,0,0.7,4,36.1,1,Medium,14,0.002,0.998,0.001,0.0
68691303,2026-04-16 19:38:33,Closed,Street Condition,Pothole,MANHATTAN,nan,40.70579324370505,-74.00387005930732,2026-04-18 13:38:00,nan,16591.571428571428,6876.0,8,1,9.053298695312499,0,0,0.7,4,36.1,1,Medium,14,0.0,0.999,0.0,0.0
68754896,2026-04-22 09:32:14,Open,Street Condition,Pothole,MANHATTAN,nan,40.76531021023602,-73.99133241757852,,nan,16591.571428571428,6876.0,18,1,3.4743519360532407,0,0,0.7,4,36.0,1,Medium,14,0.0,1.0,0.0,0.0
68533857,2026-04-01 17:03:02,Closed,Street Condition,Pothole,STATEN ISLAND,nan,40.600832119046785,-74.13116995014245,2026-04-11 11:53:00,nan,23788.714285714286,2762.0,2,0,24.161296380497685,4,0,0.7,4,36.0,1,Medium,14,0.0,1.0,0.0,0.0
68755697,2026-04-22 08:05:30,Closed,Street Condition,Pothole,MANHATTAN,nan,40.706767020397514,-74.01250844527229,2026-04-22 08:05:30,nan,16591.571428571428,6876.0,5,1,3.534583417534722,0,0,0.7,4,36.0,1,Medium,14,0.003,0.997,0.0,0.0
68602538,2026-04-08 08:07:12,Closed,Street Condition,Pothole,MANHATTAN,nan,40.706767020397514,-74.01250844527229,2026-04-08 08:07:12,nan,16591.571428571428,6876.0,5,1,17.533402861979166,0,0,0.7,4,36.0,1,Medium,14,0.0,1.0,0.0,0.0
68574642,2026-04-06 20:48:26,Closed,Street Condition,Pothole,BROOKLYN,nan,40.69942773009148,-73.91230985742006,2026-04-06 20:48:26,nan,5664.555555555556,6673.0,26,1,19.004768602719906,1,0,0.7,4,36.0,1,Medium,14,0.0,1.0,0.0,0.0
68642164,2026-04-12 10:25:37,Closed,Street Condition,Pothole,MANHATTAN,nan,40.86795092389553,-73.92700182445367,2026-04-12 10:25:37,nan,16591.571428571428,6876.0,7,1,13.437280176793982,0,0,0.7,4,35.9,1,Medium,14,0.001,0.999,0.0,0.0
68646808,2026-04-12 10:27:17,Closed,Street Condition,Pothole,MANHATTAN,nan,40.86795092389553,-73.92700182445367,2026-04-12 10:27:17,nan,16591.571428571428,6876.0,7,1,13.436122769386573,0,0,0.7,4,35.9,1,Medium,14,0.001,0.999,0.0,0.0
68545363,2026-04-01 15:57:31,Closed,Street Condition,Pothole,BROOKLYN,BROADWAY,40.68504656079129,-73.91420370459052,2026-04-02 10:15:00,nan,5664.555555555556,13110.0,13,1,24.20679406568287,1,0,0.7,4,35.9,1,Medium,14,0.0,1.0,0.0,0.0
68649482,2026-04-09 08:16:44,Closed,Street Condition,Pothole,BRONX,nan,40.835100024685,-73.91945616514167,2026-04-11 13:20:00,nan,6677.6,6655.5,15,1,16.526782491608795,3,0,0.7,4,35.9,1,Medium,14,0.0,1.0,0.0,0.0
68530930,2026-04-01 17:14:45,Closed,Street Condition,Pothole,STATEN ISLAND,nan,40.55348900307573,-74.13177872396743,2026-04-03 08:00:00,nan,23788.714285714286,2762.0,2,0,24.15315980642361,4,0,0.7,4,35.9,1,Medium,14,0.0,1.0,0.0,0.0
68549300,2026-04-03 11:36:28,Closed,Street Condition,Pothole,BRONX,nan,40.88025935218736,-73.87678054259923,2026-04-03 11:36:28,nan,6677.6,6655.5,22,0,22.38807878790509,3,0,0.7,4,35.9,1,Medium,14,0.0,1.0,0.0,0.0
68533336,2026-03-31 15:50:30,Closed,Street Condition,Pothole,BROOKLYN,AVENUE J,40.636332556417734,-73.9075899525908,2026-04-01 15:26:00,nan,5664.555555555556,14024.0,12,1,25.21166675086806,1,0,0.7,3,35.9,1,Medium,14,0.0,1.0,0.0,0.0
68665502,2026-04-14 14:21:11,Open,Street Condition,Pothole,STATEN ISLAND,nan,40.53648809935369,-74.15142425499839,,nan,23788.714285714286,2762.0,2,0,11.27369221383102,4,0,0.7,4,35.9,1,Medium,14,0.003,0.997,0.0,0.0
68583762,2026-04-06 20:41:57,Open,Street Condition,Pothole,BRONX,nan,40.8296282538684,-73.92117557813627,,nan,6677.6,6655.5,10,1,19.00927091753472,3,0,0.7,4,35.9,1,Medium,14,0.0,1.0,0.0,0.0
68589441,2026-04-07 14:56:54,Closed,Street Condition,Pothole,BROOKLYN,BROADWAY,40.69511525130405,-73.93192959250285,2026-04-13 13:46:00,nan,5664.555555555556,13110.0,19,1,18.248888973090278,1,0,0.7,4,35.9,1,Medium,14,0.0,1.0,0.0,0.0
68530931,2026-04-01 11:47:31,Open,Street Condition,Pothole,STATEN ISLAND,nan,40.57490686294663,-74.12172741675938,,nan,23788.714285714286,2762.0,4,1,24.380405176793985,4,0,0.7,4,35.9,1,Medium,14,0.0,1.0,0.0,0.0
68588904,2026-04-07 11:26:50,Closed,Street Condition,Pothole,MANHATTAN,nan,40.816122838598154,-73.96161458531367,2026-04-07 11:26:50,nan,16591.571428571428,6876.0,4,0,18.394768602719907,0,0,0.7,4,35.8,1,Medium,14,0.001,0.999,0.0,0.0
68765217,2026-04-23 19:00:03,Closed,Street Condition,Pothole,STATEN ISLAND,nan,40.60018338355403,-74.06463904082321,2026-04-23 19:00:03,nan,23788.714285714286,2762.0,7,1,2.0800348064236114,4,0,0.7,4,35.8,1,Medium,14,0.0,1.0,0.0,0.0
68537640,2026-04-02 20:03:05,Closed,Street Condition,Pothole,BROOKLYN,nan,40.635518453251755,-73.96334701353732,2026-04-02 20:03:05,nan,5664.555555555556,6673.0,13,1,23.036261658275464,1,0,0.7,4,35.8,1,Medium,14,0.0,1.0,0.0,0.0
68544533,2026-04-02 15:37:45,Open,Street Condition,Pothole,BRONX,nan,40.83451416412613,-73.91770420805199,,nan,6677.6,6655.5,12,1,23.22052091753472,3,0,0.7,4,35.8,1,Medium,14,0.0,1.0,0.0,0.0
68766696,2026-04-22 01:35:14,Closed,Street Condition,Pothole,MANHATTAN,nan,40.79485146729844,-73.96236000334117,2026-04-23 19:20:00,nan,16591.571428571428,6876.0,5,0,3.8056019360532405,0,0,0.7,4,35.8,1,Medium,14,0.002,0.998,0.0,0.0
68540729,2026-04-02 13:12:25,Closed,Street Condition,Pothole,QUEENS,nan,40.7343762769571,-73.87341674191903,2026-04-11 20:15:00,nan,4959.1547619047615,4660.0,23,0,23.32144684346065,2,0,0.7,4,35.8,1,Medium,14,0.0,1.0,0.0,0.0
68725970,2026-04-19 08:19:15,Open,Street Condition,Pothole,STATEN ISLAND,nan,40.61408767126255,-74.06613284904914,,nan,23788.714285714286,2762.0,7,0,6.525034806423611,4,0,0.7,4,35.8,1,Medium,14,0.0,1.0,0.0,0.0
68649957,2026-04-13 19:34:30,Closed,Street Condition,Pothole,STATEN ISLAND,nan,40.61252800916059,-74.15918198573071,2026-04-20 10:11:00,nan,23788.714285714286,2762.0,6,1,12.0561111953125,4,0,0.7,4,35.8,1,Medium,14,0.002,0.998,0.0,0.0
68599925,2026-04-08 14:46:43,Closed,Street Condition,Pothole,STATEN ISLAND,nan,40.57089068381459,-74.147902755856,2026-04-08 14:46:43,nan,23788.714285714286,2762.0,4,1,17.255960732349536,4,0,0.7,4,35.8,1,Medium,14,0.0,1.0,0.0,0.0
68530483,2026-04-01 15:10:18,Closed,Street Condition,Pothole,BRONX,nan,40.84196931610033,-73.90415637837842,2026-04-01 15:10:18,nan,6677.6,6655.5,15,1,24.23958341753472,3,0,0.7,4,35.8,1,Medium,14,0.0,1.0,0.0,0.0
68544529,2026-04-02 09:32:33,Closed,Street Condition,Pothole,BROOKLYN,nan,40.69145669611528,-73.98734658135137,2026-04-15 12:30:00,nan,5664.555555555556,6673.0,36,1,23.474132028645833,1,0,0.7,4,35.7,1,Medium,14,0.0,1.0,0.0,0.0
68578861,2026-04-06 20:45:17,Closed,Street Condition,Pothole,BRONX,EAST  164 STREET,40.82806566462953,-73.916086155981,2026-04-06 20:45:17,nan,6677.6,6655.5,11,1,19.006956102719908,3,0,0.7,4,35.7,1,Medium,14,0.0,1.0,0.0,0.0
68551885,2026-04-04 02:01:53,Closed,Street Condition,Pothole,BROOKLYN,nan,40.6999378733718,-73.91180788979796,2026-04-04 02:01:53,nan,5664.555555555556,6673.0,28,1,21.787094991608797,1,0,0.7,4,35.7,1,Medium,14,0.0,1.0,0.0,0.0
68532360,2026-04-01 16:56:12,Open,Street Condition,Pothole,BRONX,nan,40.85755082521661,-73.85637256311139,,nan,6677.6,6655.5,24,1,24.166041750868054,3,0,0.7,4,35.7,1,Medium,14,0.0,1.0,0.0,0.0
68524599,2026-03-31 17:43:34,Closed,Street Condition,Pothole,BRONX,nan,40.87781523504454,-73.86811727861867,2026-03-31 17:43:34,nan,6677.6,6655.5,31,1,25.13314823234954,3,0,0.7,3,35.7,1,Medium,14,0.0,1.0,0.0,0.0
68666484,2026-04-14 18:45:59,Closed,Street Condition,Pothole,STATEN ISLAND,nan,40.615186301699424,-74.10256686753505,2026-04-14 18:45:59,nan,23788.714285714286,2762.0,6,1,11.08980332494213,4,0,0.7,4,35.7,1,Medium,14,0.003,0.997,0.0,0.0
68660645,2026-04-14 11:35:41,Open,Street Condition,Pothole,STATEN ISLAND,nan,40.607427447247595,-74.09203150051069,,nan,23788.714285714286,2762.0,6,1,11.388622769386574,4,0,0.7,4,35.7,1,Medium,14,0.003,0.996,0.0,0.0
68513563,2026-03-31 18:08:09,Closed,Street Condition,Pothole,BRONX,WILLIAMSBRIDGE ROAD,40.84599021893382,-73.84788567809335,2026-03-31 18:08:09,nan,6677.6,14876.0,12,1,25.11607647309028,3,0,0.7,3,35.7,1,Medium,14,0.0,1.0,0.0,0.0
68747370,2026-04-20 01:01:56,Closed,Street Condition,Pothole,MANHATTAN,nan,40.770515732143366,-73.96844262328052,2026-04-22 00:02:00,nan,16591.571428571428,6876.0,7,0,5.828726936053241,0,0,0.7,4,35.7,1,Medium,14,0.001,0.999,0.0,0.0
68609693,2026-04-09 11:33:14,Open,Street Condition,Pothole,STATEN ISLAND,nan,40.58275847020916,-74.13040002725637,,nan,23788.714285714286,2762.0,4,0,16.39032415827546,4,0,0.7,4,35.6,1,Medium,14,0.0,1.0,0.0,0.0
68525176,2026-03-31 18:12:44,Closed,Street Condition,Pothole,QUEENS,nan,40.7050859720684,-73.77417895547643,2026-04-05 21:11:00,nan,4959.1547619047615,4660.0,11,0,25.11289360271991,2,0,0.7,3,35.6,1,Medium,14,0.0,1.0,0.0,0.0
68557165,2026-04-03 11:46:43,Closed,Street Condition,Pothole,QUEENS,nan,40.67297537964296,-73.73222447990973,2026-04-03 11:46:43,nan,4959.1547619047615,4660.0,12,1,22.380960732349536,2,0,0.7,4,35.6,1,Medium,14,0.004,0.996,0.0,0.0
68532353,2026-04-01 14:55:28,Pending,Street Condition,Pothole,BROOKLYN,nan,40.68578040283673,-73.95439171425565,,nan,5664.555555555556,6673.0,10,0,24.249884343460646,1,0,0.7,4,35.6,1,Medium,14,0.0,1.0,0.0,0.0
68526194,2026-04-01 08:59:04,Closed,Street Condition,Pothole,BRONX,nan,40.86874961696823,-73.8949630643024,2026-04-01 08:59:04,nan,6677.6,6655.5,19,1,24.497384343460652,3,0,0.7,4,35.6,1,Medium,14,0.0,1.0,0.0,0.0
68546678,2026-04-02 17:07:20,Closed,Street Condition,Pothole,BROOKLYN,nan,40.69942773009148,-73.91230985742006,2026-04-02 17:07:20,nan,5664.555555555556,6673.0,26,1,23.158310269386575,1,0,0.7,4,35.6,1,Medium,14,0.0,1.0,0.0,0.0
68520407,2026-03-31 16:18:21,Open,Street Condition,Pothole,BRONX,nan,40.86558298377901,-73.89887273501289,,nan,6677.6,6655.5,12,1,25.19232647309028,3,0,0.7,3,35.6,1,Medium,14,0.0,1.0,0.0,0.0
68631240,2026-04-11 09:02:47,Closed,Street Condition,Pothole,BRONX,nan,40.85161961551013,-73.82649197743508,2026-04-11 09:02:47,nan,6677.6,6655.5,20,1,14.49480332494213,3,0,0.7,4,35.6,1,Medium,14,0.0,1.0,0.0,0.0
68626718,2026-04-10 10:47:12,Closed,Street Condition,Pothole,STATEN ISLAND,nan,40.61250184843605,-74.06496071709117,2026-04-18 08:35:00,nan,23788.714285714286,2762.0,6,0,15.422291750868055,4,0,0.7,4,35.6,1,Medium,14,0.001,0.999,0.0,0.0
68609707,2026-04-04 07:32:48,Open,Street Condition,Pothole,BROOKLYN,nan,40.64238401042566,-73.92538206925892,,nan,5664.555555555556,6673.0,13,0,21.557291750868057,1,0,0.7,4,35.6,1,Medium,14,0.0,1.0,0.0,0.0
68517246,2026-03-31 14:49:59,Open,Street Condition,Pothole,BROOKLYN,nan,40.68250666581666,-73.9437432869102,,nan,5664.555555555556,6673.0,10,0,25.25369221383102,1,0,0.7,3,35.6,1,Medium,14,0.0,1.0,0.0,0.0
68529497,2026-04-01 23:21:57,Closed,Street Condition,Pothole,QUEENS,nan,40.72013323771417,-73.79037278029215,2026-04-11 21:45:00,nan,4959.1547619047615,4660.0,31,0,23.89815980642361,2,0,0.7,4,35.5,1,Medium,14,0.0,1.0,0.0,0.0
68627997,2026-04-10 17:50:28,Open,Street Condition,Pothole,MANHATTAN,nan,40.79736776946652,-73.96052382309323,,nan,16591.571428571428,6876.0,6,1,15.12835656568287,0,0,0.7,4,35.5,1,Medium,14,0.0,0.999,0.0,0.0
68551116,2026-04-03 09:23:53,Closed,Street Condition,Pothole,QUEENS,nan,40.66630822047629,-73.78592799981898,2026-04-17 20:21:00,nan,4959.1547619047615,4660.0,13,1,22.480150547164353,2,0,0.7,4,35.5,1,Medium,14,0.0,0.999,0.0,0.0
68618438,2026-04-09 13:27:31,Closed,Street Condition,Pothole,BROOKLYN,nan,40.67120461052529,-73.90050848223551,2026-04-10 12:30:00,nan,5664.555555555556,6673.0,28,1,16.310960732349535,1,0,0.7,4,35.5,1,Medium,14,0.001,0.999,0.0,0.0
68632480,2026-04-11 22:40:12,Closed,Street Condition,Pothole,BRONX,nan,40.854069350554,-73.89931678814408,2026-04-11 22:40:12,nan,6677.6,6655.5,15,1,13.927152861979167,3,0,0.7,4,35.5,1,Medium,14,0.0,1.0,0.0,0.0
68529027,2026-04-01 09:25:11,Closed,Street Condition,Pothole,QUEENS,nan,40.7141887129056,-73.77194048955309,2026-04-01 21:45:00,nan,4959.1547619047615,4660.0,12,1,24.479247769386575,2,0,0.7,4,35.5,1,Medium,14,0.001,0.999,0.0,0.0
68515720,2026-03-31 22:00:19,Closed,Street Condition,Pothole,QUEENS,nan,40.76935266656995,-73.83257651909997,2026-04-14 09:20:00,nan,4959.1547619047615,4660.0,12,1,24.954849621238427,2,0,0.7,3,35.5,1,Medium,14,0.0,1.0,0.0,0.0
68518292,2026-03-31 15:39:49,Closed,Street Condition,Pothole,BRONX,nan,40.88660778710542,-73.86450495583237,2026-03-31 15:39:49,nan,6677.6,6655.5,13,1,25.21908573234954,3,0,0.7,3,35.5,1,Medium,14,0.0,1.0,0.0,0.0
68520392,2026-03-31 15:13:22,Closed,Street Condition,Pothole,QUEENS,nan,40.70523868495376,-73.77507291150168,2026-04-11 07:55:00,nan,4959.1547619047615,4660.0,12,0,25.237453787905096,2,0,0.7,3,35.5,1,Medium,14,0.0,1.0,0.0,0.0
68639103,2026-04-13 01:57:10,Pending,Street Condition,Pothole,QUEENS,ROCKAWAY BOULEVARD,40.67681569654339,-73.82337040132575,,nan,4959.1547619047615,66278.0,12,0,12.79037045457176,2,0,0.7,4,35.4,1,Medium,14,0.0,1.0,0.0,0.0
68527598,2026-04-01 13:22:12,Closed,Street Condition,Pothole,QUEENS,nan,40.73380012604392,-73.81480121129775,2026-04-01 15:12:00,nan,4959.1547619047615,4660.0,10,0,24.31465286197917,2,0,0.7,4,35.4,1,Medium,14,0.001,0.999,0.0,0.0
68613115,2026-04-08 15:42:56,Closed,Street Condition,Pothole,BROOKLYN,GLENWOOD ROAD,40.63376528793096,-73.95068027500328,2026-04-09 08:30:00,nan,5664.555555555556,11426.0,13,1,17.216921380497684,1,0,0.7,4,35.4,1,Medium,14,0.001,0.999,0.0,0.0
68555829,2026-04-03 08:44:12,Closed,Street Condition,Pothole,BRONX,nan,40.830136980901635,-73.89187665421247,2026-04-03 08:44:12,nan,6677.6,6655.5,9,0,22.507708417534722,3,0,0.7,4,35.4,1,Medium,14,0.0,1.0,0.0,0.0
68599920,2026-04-08 18:08:30,Closed,Street Condition,Pothole,BRONX,nan,40.8596195038866,-73.91328439983843,2026-04-08 18:08:30,nan,6677.6,6655.5,10,1,17.115833417534724,3,0,0.7,4,35.4,1,Medium,14,0.0,1.0,0.0,0.0
68536752,2026-04-01 19:36:21,Open,Street Condition,Pothole,BROOKLYN,nan,40.59829118256744,-74.00003600958394,,nan,5664.555555555556,6673.0,23,1,24.054826473090277,1,0,0.7,4,35.4,1,Medium,14,0.0,1.0,0.0,0.0
68539453,2026-04-02 13:01:50,Closed,Street Condition,Pothole,QUEENS,nan,40.67237934648254,-73.78574628974769,2026-04-14 08:45:00,nan,4959.1547619047615,4660.0,11,0,23.328796380497685,2,0,0.7,4,35.4,1,Medium,14,0.001,0.999,0.0,0.0
68513562,2026-03-31 20:59:32,Closed,Street Condition,Pothole,BRONX,nan,40.85487375097522,-73.91678976333644,2026-03-31 20:59:32,nan,6677.6,6655.5,22,1,24.997060269386576,3,0,0.7,3,35.4,1,Medium,14,0.0,1.0,0.0,0.0
68580882,2026-04-06 17:33:28,Closed,Street Condition,Pothole,STATEN ISLAND,nan,40.5558232319879,-74.1610297561506,2026-04-18 13:45:00,nan,23788.714285714286,2762.0,4,0,19.140162121238426,4,0,0.7,4,35.4,1,Medium,14,0.0,1.0,0.0,0.0
68583765,2026-04-06 16:29:14,Open,Street Condition,Pothole,BRONX,nan,40.84042677415491,-73.92238795172126,,nan,6677.6,6655.5,14,0,19.184768602719906,3,0,0.7,4,35.4,1,Medium,14,0.0,1.0,0.0,0.0
68541999,2026-04-03 03:01:49,Closed,Street Condition,Pothole,BROOKLYN,nan,40.69034714370051,-73.96029149850244,2026-04-11 17:54:00,nan,5664.555555555556,6673.0,16,1,22.745474621238426,1,0,0.7,4,35.4,1,Medium,14,0.0,1.0,0.0,0.0
68546679,2026-04-02 15:27:53,Closed,Street Condition,Pothole,BROOKLYN,nan,40.69942773009148,-73.91230985742006,2026-04-02 15:27:53,nan,5664.555555555556,6673.0,26,1,23.227372769386573,1,0,0.7,4,35.4,1,Medium,14,0.0,1.0,0.0,0.0
68586120,2026-04-07 09:12:13,Closed,Street Condition,Pothole,MANHATTAN,nan,40.816122838598154,-73.96161458531367,2026-04-07 09:12:13,nan,16591.571428571428,6876.0,4,0,18.488252399016204,0,0,0.7,4,35.3,1,Medium,14,0.001,0.999,0.0,0.0
68528087,2026-04-01 18:22:09,Closed,Street Condition,Pothole,BROOKLYN,nan,40.64094470127474,-73.94851301204868,2026-04-07 15:01:00,nan,5664.555555555556,6673.0,25,0,24.106354250868055,1,0,0.7,4,35.3,1,Medium,14,0.0,1.0,0.0,0.0
68582329,2026-04-06 12:17:10,Closed,Street Condition,Pothole,STATEN ISLAND,nan,40.57089068381459,-74.147902755856,2026-04-12 01:40:00,nan,23788.714285714286,2762.0,4,1,19.359814899016204,4,0,0.7,4,35.3,1,Medium,14,0.0,1.0,0.0,0.0
68556354,2026-04-03 21:21:09,Closed,Street Condition,Pothole,BROOKLYN,nan,40.68176925926219,-73.96753277726584,2026-04-15 22:50:00,nan,5664.555555555556,6673.0,33,1,21.9820486953125,1,0,0.7,4,35.3,1,Medium,14,0.0,1.0,0.0,0.0
68655907,2026-04-13 18:52:02,Open,Street Condition,Pothole,BRONX,nan,40.85395971199113,-73.90943117047416,,nan,6677.6,6655.5,18,1,12.08560193605324,3,0,0.7,4,35.3,1,Medium,14,0.0,1.0,0.0,0.0
68546680,2026-04-02 08:17:34,Closed,Street Condition,Pothole,BROOKLYN,nan,40.67712231074169,-73.90046360184252,2026-04-02 08:17:34,nan,5664.555555555556,6673.0,19,1,23.526203787905093,1,0,0.7,4,35.3,1,Medium,14,0.0,1.0,0.0,0.0
68690800,2026-04-16 16:08:15,Closed,Street Condition,Pothole,STATEN ISLAND,nan,40.56029031513674,-74.16592065392997,2026-04-16 16:08:15,nan,23788.714285714286,2762.0,8,1,9.199340361979166,4,0,0.7,4,35.3,1,Medium,14,0.0,1.0,0.0,0.0
68584665,2026-04-06 20:52:05,Closed,Street Condition,Pothole,BRONX,nan,40.82698121180921,-73.83079106058138,2026-04-06 20:52:05,nan,6677.6,6655.5,9,1,19.002233880497684,3,0,0.7,4,35.3,1,Medium,14,0.0,1.0,0.0,0.0
68744930,2026-04-21 18:09:38,Open,Street Condition,Pothole,STATEN ISLAND,nan,40.529373733559744,-74.16135093979543,,nan,23788.714285714286,2762.0,6,0,4.115046380497685,4,0,0.7,4,35.3,1,Medium,14,0.001,0.999,0.0,0.0
68593638,2026-04-07 08:37:47,Open,Street Condition,Pothole,BROOKLYN,nan,40.63751373151894,-73.96278023478102,,nan,5664.555555555556,6673.0,10,1,18.51216443605324,1,0,0.7,4,35.3,1,Medium,14,0.001,0.999,0.0,0.0
68555825,2026-04-03 17:19:37,Closed,Street Condition,Pothole,BRONX,nan,40.88919344270751,-73.83129818365059,2026-04-03 17:19:37,nan,6677.6,6655.5,10,1,22.149780176793982,3,0,0.7,4,35.3,1,Medium,14,0.0,1.0,0.0,0.0
68530480,2026-04-01 06:53:19,Closed,Street Condition,Pothole,BROOKLYN,nan,40.70376434663383,-73.94261449770798,2026-04-01 06:53:19,nan,5664.555555555556,6673.0,17,1,24.58471073234954,1,0,0.7,4,35.2,1,Medium,14,0.0,1.0,0.0,0.0
68655910,2026-04-13 14:49:28,Open,Street Condition,Pothole,STATEN ISLAND,nan,40.615186301699424,-74.10256686753505,,nan,23788.714285714286,2762.0,6,1,12.254051010127315,4,0,0.7,4,35.2,1,Medium,14,0.004,0.996,0.0,0.0
68540218,2026-04-02 22:02:21,Closed,Street Condition,Pothole,QUEENS,nan,40.67297537964296,-73.73222447990973,2026-04-02 22:02:21,nan,4959.1547619047615,4660.0,12,1,22.95343758420139,2,0,0.7,4,35.2,1,Medium,14,0.002,0.998,0.0,0.0
68532358,2026-04-01 06:48:08,Closed,Street Condition,Pothole,BROOKLYN,nan,40.70376434663383,-73.94261449770798,2026-04-03 09:10:00,nan,5664.555555555556,6673.0,17,1,24.588310269386575,1,0,0.7,4,35.2,1,Medium,14,0.0,1.0,0.0,0.0
68528121,2026-04-01 11:06:07,Pending,Street Condition,Pothole,QUEENS,nan,40.70427812275048,-73.74985452229484,,nan,4959.1547619047615,4660.0,12,0,24.409155176793984,2,0,0.7,4,35.2,1,Medium,14,0.001,0.999,0.0,0.0
68767183,2026-04-23 08:14:42,Open,Street Condition,Pothole,STATEN ISLAND,nan,40.63249473349948,-74.15639420020095,,nan,23788.714285714286,2762.0,7,0,2.5281945286458334,4,0,0.7,4,35.2,1,Medium,14,0.0,1.0,0.0,0.0
68524597,2026-03-31 22:14:44,Closed,Street Condition,Pothole,BRONX,nan,40.88107633375972,-73.87848591158738,2026-03-31 22:14:44,nan,6677.6,6655.5,23,0,24.944838047164353,3,0,0.7,3,35.2,1,Medium,14,0.0,1.0,0.0,0.0
68533341,2026-04-01 08:34:15,Closed,Street Condition,Pothole,BROOKLYN,nan,40.67307983173321,-73.91123055517018,2026-04-01 08:34:15,nan,5664.555555555556,6673.0,30,1,24.514618139756948,1,0,0.7,4,35.2,1,Medium,14,0.0,1.0,0.0,0.0
68643799,2026-04-12 17:48:37,Open,Street Condition,Pothole,BRONX,nan,40.83589717261666,-73.85585916698197,,nan,6677.6,6655.5,10,0,13.129641287905093,3,0,0.7,4,35.2,1,Medium,14,0.0,1.0,0.0,0.0
68521992,2026-03-31 16:54:54,Closed,Street Condition,Pothole,QUEENS,nan,40.75903640272996,-73.88789511644337,2026-04-11 14:22:00,nan,4959.1547619047615,4660.0,13,0,25.166944528645836,2,0,0.7,3,35.2,1,Medium,14,0.0,1.0,0.0,0.0
68640947,2026-04-12 22:36:53,Closed,Street Condition,Pothole,BRONX,nan,40.854582378348454,-73.91619006517614,2026-04-12 22:36:53,nan,6677.6,6655.5,21,1,12.929456102719907,3,0,0.7,4,35.2,1,Medium,14,0.0,1.0,0.0,0.0
68606494,2026-04-08 15:16:28,Closed,Street Condition,Pothole,BRONX,nan,40.83737086525621,-73.8877667333652,2026-04-08 15:16:28,nan,6677.6,6655.5,20,0,17.235301010127316,3,0,0.7,4,35.2,1,Medium,14,0.0,1.0,0.0,0.0
68585176,2026-04-06 21:03:34,Open,Street Condition,Pothole,BRONX,nan,40.861346323973066,-73.8674847396658,,nan,6677.6,6655.5,15,1,18.994259343460648,3,0,0.7,4,35.2,1,Medium,14,0.0,1.0,0.0,0.0
68547170,2026-04-02 16:38:18,Closed,Street Condition,Pothole,QUEENS,nan,40.6762509901006,-73.73625634470716,2026-04-16 09:45:00,nan,4959.1547619047615,4660.0,11,1,23.17847230642361,2,0,0.7,4,35.1,1,Medium,14,0.001,0.999,0.0,0.0
68521952,2026-03-31 15:25:59,Pending,Street Condition,Pothole,QUEENS,nan,40.713293038929514,-73.72968897868212,,nan,4959.1547619047615,4660.0,16,0,25.22869221383102,2,0,0.7,3,35.1,1,Medium,14,0.0,1.0,0.0,0.0
68590813,2026-04-07 16:44:44,Open,Street Condition,Pothole,STATEN ISLAND,nan,40.52590721364412,-74.20276998946336,,nan,23788.714285714286,2762.0,3,1,18.174004713831017,4,0,0.7,4,35.1,1,Medium,14,0.0,1.0,0.0,0.0
68595830,2026-04-07 10:29:58,Closed,Street Condition,Pothole,BRONX,nan,40.86275511138113,-73.90107874094647,2026-04-07 10:29:58,nan,6677.6,6655.5,36,1,18.43425934346065,3,0,0.7,4,35.1,1,Medium,14,0.0,1.0,0.0,0.0
68536772,2026-04-01 22:10:30,Closed,Street Condition,Pothole,QUEENS,nan,40.68167049405539,-73.83779743982831,2026-04-11 08:20:00,nan,4959.1547619047615,4660.0,11,1,23.947777861979166,2,0,0.7,4,35.1,1,Medium,14,0.0,1.0,0.0,0.0
68542773,2026-04-02 17:02:08,Closed,Street Condition,Pothole,BRONX,nan,40.85591977049978,-73.91718970947426,2026-04-02 17:02:08,nan,6677.6,6655.5,22,1,23.161921380497684,3,0,0.7,4,35.1,1,Medium,14,0.0,1.0,0.0,0.0
68543246,2026-04-02 13:07:52,Pending,Street Condition,Pothole,STATEN ISLAND,nan,40.55125424601603,-74.13455949950571,,nan,23788.714285714286,2762.0,3,1,23.32460656568287,4,0,0.7,4,35.1,1,Medium,14,0.0,1.0,0.0,0.0
68625007,2026-04-10 09:45:24,Closed,Street Condition,Pothole,MANHATTAN,nan,40.7713904523201,-73.95043032980328,2026-04-10 09:45:24,nan,16591.571428571428,6876.0,4,0,15.465208417534722,0,0,0.7,4,35.1,1,Medium,14,0.006,0.994,0.001,0.0
68519884,2026-03-31 12:49:19,Closed,Street Condition,Pothole,STATEN ISLAND,nan,40.627878553450955,-74.1052414577564,2026-03-31 12:49:19,nan,23788.714285714286,2762.0,1,1,25.33748851012732,4,0,0.7,3,35.1,1,Medium,14,0.003,0.997,0.0,0.0
68751689,2026-04-21 14:35:06,Closed,Street Condition,Pothole,BROOKLYN,MARCUS GARVEY BOULEVARD,40.68671187490605,-73.93879267188085,2026-04-22 06:00:00,nan,9288.142857142857,6673.0,16,1,4.264027861979167,1,0,0.7,4,35.1,1,Medium,14,0.0,1.0,0.0,0.0
68685360,2026-04-16 12:17:26,Open,Street Condition,Pothole,MANHATTAN,nan,40.79730586816635,-73.96428727613109,,nan,16591.571428571428,6876.0,5,1,9.35962971383102,0,0,0.7,4,35.1,1,Medium,14,0.001,0.998,0.001,0.0
68536277,2026-04-01 14:47:05,Closed,Street Condition,Pothole,BROOKLYN,nan,40.68397251799151,-73.94403770831607,2026-04-01 14:47:05,nan,5664.555555555556,6673.0,14,1,24.255706102719905,1,0,0.7,4,35.0,1,Medium,14,0.0,1.0,0.0,0.0
68547183,2026-04-02 06:38:11,Closed,Street Condition,Pothole,QUEENS,nan,40.74208841882405,-73.85431549191652,2026-04-11 21:14:00,nan,4959.1547619047615,4660.0,10,1,23.595219991608797,2,0,0.7,4,35.0,1,Medium,14,0.0,1.0,0.0,0.0
68585160,2026-04-05 11:31:50,Closed,Street Condition,Pothole,QUEENS,nan,40.72467860892961,-73.764815264584,2026-04-18 13:45:00,nan,4959.1547619047615,4660.0,14,1,20.391296380497685,2,0,0.7,4,35.0,1,Medium,14,0.0,1.0,0.0,0.0
68597197,2026-04-08 19:36:44,Closed,Street Condition,Pothole,STATEN ISLAND,nan,40.63172392547253,-74.09591996391923,2026-04-08 19:36:44,nan,23788.714285714286,2762.0,3,0,17.054560269386574,4,0,0.7,4,35.0,1,Medium,14,0.003,0.997,0.0,0.0
68533870,2026-04-01 16:16:28,Closed,Street Condition,Pothole,QUEENS,nan,40.790800870744555,-73.82390583476082,2026-04-04 20:44:00,nan,4959.1547619047615,4660.0,11,1,24.193634343460648,2,0,0.7,4,35.0,1,Medium,14,0.0,0.999,0.0,0.0
68519890,2026-03-31 19:19:49,Closed,Street Condition,Pothole,QUEENS,nan,40.761265587233325,-73.87499725675143,2026-03-31 19:19:49,nan,4959.1547619047615,4660.0,13,0,25.066307954571762,2,0,0.7,3,35.0,1,Medium,14,0.0,1.0,0.0,0.0
68540235,2026-04-02 14:34:54,Closed,Street Condition,Pothole,BRONX,nan,40.822945869054735,-73.8681790542746,2026-04-02 14:34:54,nan,6677.6,6655.5,15,1,23.264166750868057,3,0,0.7,4,35.0,1,Medium,14,0.0,1.0,0.0,0.0
68518293,2026-03-31 14:46:29,Closed,Street Condition,Pothole,BRONX,nan,40.839798998960944,-73.87359562413603,2026-03-31 14:46:29,nan,6677.6,6655.5,12,1,25.256122769386575,3,0,0.7,3,35.0,1,Medium,14,0.0,1.0,0.0,0.0
68543958,2026-04-02 20:38:32,Closed,Street Condition,Pothole,QUEENS,nan,40.725476145414376,-73.76557731286611,2026-04-02 20:38:32,nan,4959.1547619047615,4660.0,31,1,23.011643602719907,2,0,0.7,4,35.0,1,Medium,14,0.0,1.0,0.0,0.0
68602540,2026-04-07 15:13:51,Closed,Street Condition,Pothole,BROOKLYN,UTICA AVENUE,40.66799370202615,-73.93118586072052,2026-04-08 08:52:00,nan,5664.555555555556,18962.0,43,1,18.237118139756944,1,0,0.7,4,35.0,1,Medium,14,0.0,1.0,0.0,0.0
68580310,2026-04-06 13:07:32,Closed,Street Condition,Pothole,STATEN ISLAND,nan,40.57089068381459,-74.147902755856,2026-04-06 13:07:32,nan,23788.714285714286,2762.0,4,1,19.324838047164352,4,0,0.7,4,35.0,1,Medium,14,0.0,1.0,0.0,0.0
68520409,2026-03-31 15:01:06,Open,Street Condition,Pothole,BRONX,nan,40.82815020067192,-73.91167408848696,,nan,6677.6,6655.5,12,1,25.245972306423614,3,0,0.7,3,35.0,1,Medium,14,0.0,1.0,0.0,0.0
68705445,2026-04-17 21:59:25,Closed,Street Condition,Pothole,MANHATTAN,nan,40.86795092389553,-73.92700182445367,2026-04-17 21:59:25,nan,16591.571428571428,6876.0,7,1,7.955474621238426,0,0,0.7,4,35.0,1,Medium,14,0.001,0.998,0.0,0.0
68580291,2026-04-05 15:03:00,Closed,Street Condition,Pothole,BROOKLYN,nan,40.7104784300833,-73.96383963408627,2026-04-06 13:39:00,nan,5664.555555555556,6673.0,15,1,20.244652861979166,1,0,0.7,4,34.9,1,Medium,14,0.0,1.0,0.0,0.0
68534829,2026-04-01 10:56:55,Closed,Street Condition,Pothole,BRONX,nan,40.832695346779545,-73.86366435873164,2026-04-01 10:56:55,nan,6677.6,6655.5,42,1,24.415544065682873,3,0,0.7,4,34.9,1,Medium,14,0.0,1.0,0.0,0.0
68555069,2026-04-03 09:23:27,Closed,Street Condition,Pothole,QUEENS,nan,40.74851408985059,-73.87555532770014,2026-04-10 14:51:00,nan,4959.1547619047615,4660.0,21,0,22.480451473090277,2,0,0.7,4,34.9,1,Medium,14,0.0,1.0,0.0,0.0
68580298,2026-04-06 17:33:19,Closed,Street Condition,Pothole,BRONX,nan,40.8422043016679,-73.83908661007817,2026-04-06 17:33:19,nan,6677.6,6655.5,20,0,19.140266287905092,3,0,0.7,4,34.9,1,Medium,14,0.0,1.0,0.0,0.0
68578022,2026-04-06 08:01:08,Closed,Street Condition,Pothole,BROOKLYN,nan,40.71121388040269,-73.9633775315541,2026-04-11 10:25:00,nan,5664.555555555556,6673.0,17,1,19.53761582494213,1,0,0.7,4,34.9,1,Medium,14,0.0,1.0,0.0,0.0
68545871,2026-04-02 07:38:16,Open,Street Condition,Pothole,BROOKLYN,nan,40.67890536841816,-73.9163928196439,,nan,5664.555555555556,6673.0,11,1,23.55349545457176,1,0,0.7,4,34.9,1,Medium,14,0.0,1.0,0.0,0.0
68616279,2026-04-04 09:16:34,Open,Street Condition,Pothole,BRONX,nan,40.82665763217701,-73.87389520093623,,nan,6677.6,6655.5,17,1,21.48523156568287,3,0,0.7,4,34.9,1,Medium,14,0.0,1.0,0.0,0.0
68533845,2026-04-01 22:43:36,Closed,Street Condition,Pothole,BROOKLYN,nan,40.690400027548165,-73.92364436398681,2026-04-03 15:05:00,nan,5664.555555555556,6673.0,32,1,23.924791750868057,1,0,0.7,4,34.9,1,Medium,14,0.0,1.0,0.0,0.0
68621080,2026-04-09 14:18:42,Closed,Street Condition,Pothole,BROOKLYN,nan,40.715305346740664,-73.96043534986752,2026-04-10 09:15:00,nan,5664.555555555556,6673.0,22,1,16.275416750868054,1,0,0.7,4,34.9,1,Medium,14,0.001,0.999,0.0,0.0
68517270,2026-03-31 19:18:56,Closed,Street Condition,Pothole,QUEENS,nan,40.76144509539819,-73.87601487856993,2026-04-11 21:45:00,nan,4959.1547619047615,4660.0,13,0,25.06692138049769,2,0,0.7,3,34.8,1,Medium,14,0.0,1.0,0.0,0.0
68586640,2026-04-07 13:41:47,Open,Street Condition,Pothole,BROOKLYN,nan,40.65563381526855,-73.95986165382739,,nan,5664.555555555556,6673.0,27,1,18.301053324942128,1,0,0.7,4,34.8,1,Medium,14,0.0,1.0,0.0,0.0
68523560,2026-03-31 13:51:53,Open,Street Condition,Pothole,BRONX,nan,40.827052454528015,-73.8710362991137,,nan,6677.6,6655.5,10,1,25.294039436053243,3,0,0.7,3,34.8,1,Medium,14,0.0,1.0,0.0,0.0
68611028,2026-04-04 15:44:37,Open,Street Condition,Pothole,BRONX,WILLIAMSBRIDGE ROAD,40.84599021893382,-73.84788567809335,,nan,6677.6,14876.0,12,1,21.215752399016203,3,0,0.7,4,34.8,1,Medium,14,0.0,1.0,0.0,0.0
68547969,2026-04-03 18:03:10,Closed,Street Condition,Pothole,BRONX,nan,40.833965234391094,-73.86289203458179,2026-04-03 18:03:10,nan,6677.6,6655.5,55,1,22.119537121238427,3,0,0.7,4,34.8,1,Medium,14,0.0,1.0,0.0,0.0
68538150,2026-04-02 09:41:46,Closed,Street Condition,Pothole,QUEENS,nan,40.7136433699604,-73.80692859466807,2026-04-16 09:05:00,nan,4959.1547619047615,4660.0,16,1,23.46773156568287,2,0,0.7,4,34.8,1,Medium,14,0.0,1.0,0.0,0.0
68531846,2026-04-01 11:34:09,Closed,Street Condition,Pothole,QUEENS,nan,40.66385969679448,-73.82296135414143,2026-04-01 11:34:09,nan,4959.1547619047615,4660.0,30,1,24.38968758420139,2,0,0.7,4,34.8,1,Medium,14,0.0,1.0,0.0,0.0
68533343,2026-04-01 16:58:06,Closed,Street Condition,Pothole,BRONX,nan,40.84317496421008,-73.91194689088798,2026-04-01 16:58:06,nan,6677.6,6655.5,12,1,24.16472230642361,3,0,0.7,4,34.8,1,Medium,14,0.0,1.0,0.0,0.0
68609173,2026-04-09 12:31:14,Closed,Street Condition,Pothole,STATEN ISLAND,nan,40.549671713305585,-74.18667113354685,2026-04-09 12:31:14,nan,23788.714285714286,2762.0,3,0,16.350046380497684,4,0,0.7,4,34.8,1,Medium,14,0.001,0.999,0.0,0.0
68747369,2026-04-21 03:41:27,Closed,Street Condition,Pothole,QUEENS,ROCKAWAY BOULEVARD,40.674610933208335,-73.80427648819571,2026-04-21 21:15:00,nan,4959.1547619047615,66278.0,22,0,4.717951473090277,2,0,0.7,4,34.8,1,Medium,14,0.002,0.998,0.0,0.0
68549835,2026-04-04 02:25:42,Closed,Street Condition,Pothole,QUEENS,nan,40.68424002310187,-73.84609489919268,2026-04-11 13:32:00,nan,4959.1547619047615,4660.0,14,0,21.770555639756946,2,0,0.7,4,34.8,1,Medium,14,0.0,1.0,0.0,0.0
68543264,2026-04-03 03:04:27,Closed,Street Condition,Pothole,BROOKLYN,nan,40.69223346061907,-73.98729955552464,2026-04-11 17:32:00,nan,5664.555555555556,6673.0,33,1,22.74364591753472,1,0,0.7,4,34.8,1,Medium,14,0.0,1.0,0.0,0.0
68578880,2026-04-06 00:04:58,Closed,Street Condition,Pothole,QUEENS,nan,40.66832793744469,-73.79626354458001,2026-04-06 00:04:58,nan,4959.1547619047615,4660.0,11,0,19.868287121238424,2,0,0.7,4,34.8,1,Medium,14,0.001,0.999,0.0,0.0
68545868,2026-04-03 02:47:56,Closed,Street Condition,Pothole,BROOKLYN,nan,40.6898703200461,-73.98829884109378,2026-04-11 18:59:00,nan,5664.555555555556,6673.0,41,1,22.75511582494213,1,0,0.7,4,34.8,1,Medium,14,0.0,1.0,0.0,0.0
68614962,2026-04-09 12:21:36,Open,Street Condition,Pothole,BROOKLYN,nan,40.67111378892755,-73.97806063883692,,nan,5664.555555555556,6673.0,10,1,16.3567361953125,1,0,0.7,4,34.8,1,Medium,14,0.009,0.991,0.0,0.0
68590837,2026-04-07 14:59:46,Open,Street Condition,Pothole,BROOKLYN,nan,40.69698633989122,-73.93522383122014,,nan,5664.555555555556,6673.0,50,1,18.246898232349537,1,0,0.7,4,34.8,1,Medium,14,0.0,1.0,0.0,0.0
68617618,2026-04-04 09:13:25,Open,Street Condition,Pothole,BROOKLYN,nan,40.68578040283673,-73.95439171425565,,nan,5664.555555555556,6673.0,10,0,21.48741906568287,1,0,0.7,4,34.8,1,Medium,14,0.0,1.0,0.0,0.0
68521991,2026-03-31 17:01:54,Closed,Street Condition,Pothole,QUEENS,nan,40.70614246718544,-73.83176504853816,2026-04-11 08:30:00,nan,4959.1547619047615,4660.0,10,1,25.162083417534724,2,0,0.7,3,34.8,1,Medium,14,0.0,1.0,0.0,0.0
68526669,2026-04-01 23:07:01,Open,Street Condition,Pothole,BRONX,nan,40.854208022401494,-73.86105735636079,,nan,6677.6,6655.5,11,1,23.90853017679398,3,0,0.7,4,34.8,1,Medium,14,0.0,1.0,0.0,0.0
68614421,2026-04-09 17:51:59,Closed,Street Condition,Pothole,BRONX,nan,40.85487375097522,-73.91678976333644,2026-04-09 17:51:59,nan,6677.6,6655.5,22,1,16.12730332494213,3,0,0.7,4,34.8,1,Medium,14,0.0,1.0,0.0,0.0
68544528,2026-04-02 14:04:42,Closed,Street Condition,Pothole,BROOKLYN,nan,40.6829484277952,-74.00633852144266,2026-04-03 20:30:00,nan,5664.555555555556,6673.0,11,0,23.285138973090277,1,0,0.7,4,34.8,1,Medium,14,0.0,1.0,0.0,0.0
68610464,2026-04-04 09:21:36,Closed,Street Condition,Pothole,QUEENS,nan,40.761265587233325,-73.87499725675143,2026-04-04 09:21:36,nan,4959.1547619047615,4660.0,13,0,21.4817361953125,2,0,0.7,4,34.7,1,Medium,14,0.0,1.0,0.0,0.0
68524596,2026-03-31 22:22:00,Closed,Street Condition,Pothole,BRONX,nan,40.88025935218736,-73.87678054259923,2026-03-31 22:22:00,nan,6677.6,6655.5,22,0,24.939791750868057,3,0,0.7,3,34.7,1,Medium,14,0.0,1.0,0.0,0.0
68518286,2026-04-01 01:26:37,Closed,Street Condition,Pothole,BRONX,nan,40.88025935218736,-73.87678054259923,2026-04-01 01:26:37,nan,6677.6,6655.5,22,0,24.81158573234954,3,0,0.7,4,34.7,1,Medium,14,0.0,1.0,0.0,0.0
68544524,2026-04-03 03:03:51,Closed,Street Condition,Pothole,BROOKLYN,nan,40.69380071558663,-73.98722713465035,2026-04-11 15:26:00,nan,5664.555555555556,6673.0,29,1,22.744062584201387,1,0,0.7,4,34.7,1,Medium,14,0.0,1.0,0.0,0.0
68625478,2026-04-10 16:09:45,Open,Street Condition,Pothole,BRONX,nan,40.82435222767272,-73.82021107342064,,nan,6677.6,6655.5,11,1,15.1982986953125,3,0,0.7,4,34.7,1,Medium,14,0.001,0.999,0.0,0.0
68770997,2026-04-23 18:57:46,Closed,Street Condition,Pothole,MANHATTAN,nan,40.86795092389553,-73.92700182445367,2026-04-23 18:57:46,nan,16591.571428571428,6876.0,7,1,2.0816204545717594,0,0,0.7,4,34.7,1,Medium,14,0.003,0.997,0.001,0.0
68541518,2026-04-02 11:22:05,Closed,Street Condition,Pothole,BROOKLYN,nan,40.704112957771954,-73.91586709054877,2026-04-02 11:22:05,nan,5664.555555555556,6673.0,25,0,23.39806721383102,1,0,0.7,4,34.7,1,Medium,14,0.0,1.0,0.0,0.0
68538168,2026-04-02 10:58:32,Open,Street Condition,Pothole,BROOKLYN,nan,40.704112957771954,-73.91586709054877,,nan,5664.555555555556,6673.0,25,0,23.414421380497686,1,0,0.7,4,34.7,1,Medium,14,0.0,1.0,0.0,0.0
68516717,2026-03-31 16:32:42,Closed,Street Condition,Pothole,STATEN ISLAND,nan,40.5953072066809,-74.18308988238485,2026-03-31 16:32:42,nan,23788.714285714286,2762.0,2,0,25.182361195312502,4,0,0.7,3,34.7,1,Medium,14,0.001,0.999,0.0,0.0
68644516,2026-04-12 19:03:34,Closed,Street Condition,Pothole,BRONX,RIVERDALE AVENUE,40.88660870773108,-73.90703591556115,2026-04-12 19:03:34,nan,6677.6,11569.0,15,1,13.077592676793982,3,0,0.7,4,34.7,1,Medium,14,0.0,1.0,0.0,0.0
68612292,2026-04-09 21:20:29,Open,Street Condition,Pothole,BRONX,nan,40.832715493568145,-73.92874612490239,,nan,6677.6,6655.5,19,0,15.982511658275463,3,0,0.7,4,34.7,1,Medium,14,0.0,1.0,0.0,0.0
68611040,2026-04-04 18:04:18,Closed,Street Condition,Pothole,STATEN ISLAND,nan,40.57306317921079,-74.08769702915943,2026-04-18 10:17:00,nan,23788.714285714286,2762.0,3,0,21.118750084201388,4,0,0.7,4,34.6,1,Medium,14,0.001,0.999,0.0,0.0
68613662,2026-04-09 21:23:48,Open,Street Condition,Pothole,BRONX,nan,40.83742542598309,-73.9203640534567,,nan,6677.6,6655.5,26,0,15.980208417534723,3,0,0.7,4,34.6,1,Medium,14,0.0,1.0,0.0,0.0
68551108,2026-04-03 16:50:58,Closed,Street Condition,Pothole,QUEENS,nan,40.74861464350142,-73.8746312134739,2026-04-10 21:15:00,nan,4959.1547619047615,4660.0,21,0,22.169676010127315,2,0,0.7,4,34.6,1,Medium,14,0.0,1.0,0.0,0.0
68518869,2026-03-31 17:58:48,Closed,Street Condition,Pothole,QUEENS,nan,40.711464773780904,-73.83570497381895,2026-04-01 14:59:00,nan,4959.1547619047615,4660.0,15,1,25.122569528645837,2,0,0.7,3,34.6,1,Medium,14,0.0,1.0,0.0,0.0
68547194,2026-04-02 09:19:19,Closed,Street Condition,Pothole,BROOKLYN,nan,40.67459924260785,-73.9388939151562,2026-04-11 14:10:00,nan,5664.555555555556,6673.0,14,0,23.483321843460647,1,0,0.7,4,34.6,1,Medium,14,0.0,1.0,0.0,0.0
68525168,2026-03-31 23:57:30,Closed,Street Condition,Pothole,QUEENS,nan,40.72580447685925,-73.90485740925405,2026-04-11 09:30:00,nan,4959.1547619047615,4660.0,14,0,24.873472306423615,2,0,0.7,3,34.6,1,Medium,14,0.0,1.0,0.0,0.0
68546673,2026-04-02 13:28:43,Closed,Street Condition,Pothole,QUEENS,nan,40.70273875167371,-73.80228601065063,2026-04-02 13:28:43,nan,4959.1547619047615,4660.0,19,1,23.310127399016203,2,0,0.7,4,34.6,1,Medium,14,0.0,1.0,0.0,0.0
68547177,2026-04-02 10:49:25,Open,Street Condition,Pothole,QUEENS,nan,40.7489827238065,-73.939681044523,,nan,4959.1547619047615,4660.0,31,0,23.420752399016205,2,0,0.7,4,34.6,1,Medium,14,0.0,1.0,0.0,0.0
68531868,2026-04-01 16:37:14,Closed,Street Condition,Pothole,BROOKLYN,nan,40.61855818991716,-73.95503558617763,2026-04-01 16:37:14,nan,5664.555555555556,6673.0,11,1,24.179213047164353,1,0,0.7,4,34.6,1,Medium,14,0.0,1.0,0.0,0.0
68517266,2026-03-31 23:33:35,Closed,Street Condition,Pothole,QUEENS,nan,40.75438938417203,-73.89652218284081,2026-04-11 11:35:00,nan,4959.1547619047615,4660.0,17,0,24.89008110271991,2,0,0.7,3,34.6,1,Medium,14,0.0,1.0,0.0,0.0
68514080,2026-03-31 20:59:43,Pending,Street Condition,Pothole,QUEENS,nan,40.755461177238395,-73.88629853417046,,nan,4959.1547619047615,4660.0,12,0,24.99693295457176,2,0,0.7,3,34.6,1,Medium,14,0.0,1.0,0.0,0.0
68607867,2026-04-04 15:20:04,Closed,Street Condition,Pothole,BROOKLYN,nan,40.60194983071301,-73.99380961331761,2026-04-09 09:50:00,nan,5664.555555555556,6673.0,29,0,21.232801010127314,1,0,0.7,4,34.5,1,Medium,14,0.0,1.0,0.0,0.0
68574646,2026-04-05 15:04:33,Closed,Street Condition,Pothole,BROOKLYN,BROADWAY,40.70863213200237,-73.95845550499334,2026-04-06 14:18:00,nan,5664.555555555556,13110.0,37,1,20.24357647309028,1,0,0.7,4,34.5,1,Medium,14,0.0,1.0,0.0,0.0
68699654,2026-04-15 05:51:49,Closed,Street Condition,Pothole,BROOKLYN,nan,40.635520338103106,-74.01669615060825,2026-04-16 20:55:00,nan,5664.555555555556,6673.0,26,1,10.62741906568287,1,0,0.7,4,34.5,1,Medium,14,0.006,0.994,0.0,0.0
68557163,2026-04-03 15:51:35,Closed,Street Condition,Pothole,QUEENS,nan,40.71888937644035,-73.84158850919346,2026-04-03 15:51:35,nan,4959.1547619047615,4660.0,13,0,22.21091443605324,2,0,0.7,4,34.5,1,Medium,14,0.0,1.0,0.0,0.0
68741922,2026-04-21 16:53:39,Open,Street Condition,Pothole,MANHATTAN,nan,40.76677892733964,-73.99676176889756,,nan,16591.571428571428,6876.0,8,1,4.167812584201389,0,0,0.7,4,34.5,1,Medium,14,0.001,0.999,0.001,0.0
68595847,2026-04-07 13:07:24,Closed,Street Condition,Pothole,QUEENS,nan,40.72013323771417,-73.79037278029215,2026-04-07 13:07:24,nan,4959.1547619047615,4660.0,31,0,18.324930639756943,2,0,0.7,4,34.5,1,Medium,14,0.0,1.0,0.0,0.0
68612314,2026-04-09 11:27:32,Open,Street Condition,Pothole,BROOKLYN,nan,40.670118104058744,-73.92246717181506,,nan,5664.555555555556,6673.0,21,0,16.394282491608795,1,0,0.7,4,34.5,1,Medium,14,0.0,1.0,0.0,0.0
68617079,2026-04-09 23:44:35,Closed,Street Condition,Pothole,BRONX,nan,40.83737086525621,-73.8877667333652,2026-04-09 23:44:36,nan,6677.6,6655.5,20,0,15.882442213831018,3,0,0.7,4,34.5,1,Medium,14,0.0,1.0,0.0,0.0
68521951,2026-03-31 15:50:27,Closed,Street Condition,Pothole,QUEENS,nan,40.6950905500885,-73.74573104254247,2026-04-11 11:05:00,nan,4959.1547619047615,4660.0,11,0,25.21170147309028,2,0,0.7,3,34.5,1,Medium,14,0.0,1.0,0.0,0.0
68624223,2026-04-10 08:31:54,Closed,Street Condition,Pothole,QUEENS,UTOPIA PARKWAY,40.72013323771417,-73.79037278029215,2026-04-18 09:30:00,nan,4959.1547619047615,20848.0,31,0,15.516250084201388,2,0,0.7,4,34.5,1,Medium,14,0.0,1.0,0.0,0.0
68538944,2026-04-02 16:30:48,Closed,Street Condition,Pothole,QUEENS,nan,40.72013323771417,-73.79037278029215,2026-04-02 16:30:48,nan,4959.1547619047615,4660.0,31,0,23.183680639756943,2,0,0.7,4,34.5,1,Medium,14,0.0,1.0,0.0,0.0
68523017,2026-03-31 15:10:10,Closed,Street Condition,Pothole,QUEENS,nan,40.68114719620369,-73.79228723698482,2026-03-31 18:54:00,nan,4959.1547619047615,4660.0,11,0,25.23967601012732,2,0,0.7,3,34.5,1,Medium,14,0.0,1.0,0.0,0.0
68585212,2026-04-06 05:13:49,Closed,Street Condition,Pothole,QUEENS,nan,40.711464773780904,-73.83570497381895,2026-04-07 23:53:00,nan,4959.1547619047615,4660.0,15,1,19.65380795457176,2,0,0.7,4,34.5,1,Medium,14,0.0,1.0,0.0,0.0
68515700,2026-03-31 17:29:09,Open,Street Condition,Pothole,BROOKLYN,nan,40.61910563757932,-73.95830950968423,,nan,5664.555555555556,6673.0,10,1,25.143159806423615,1,0,0.7,3,34.5,1,Medium,14,0.001,0.999,0.0,0.0
68515688,2026-03-31 13:17:31,Closed,Street Condition,Pothole,QUEENS,nan,40.66548875606656,-73.7523465845812,2026-04-14 09:30:00,nan,4959.1547619047615,4660.0,13,1,25.317905176793985,2,0,0.7,3,34.5,1,Medium,14,0.0,1.0,0.0,0.0
68611048,2026-04-04 12:46:16,Closed,Street Condition,Pothole,BROOKLYN,nan,40.69711739826405,-73.93400838176785,2026-04-22 10:27:00,nan,5664.555555555556,6673.0,59,1,21.33960656568287,1,0,0.7,4,34.4,1,Medium,14,0.0,1.0,0.0,0.0
68608386,2026-04-04 10:39:21,Closed,Street Condition,Pothole,QUEENS,nan,40.702133093624795,-73.80444093305614,2026-04-11 21:54:00,nan,4959.1547619047615,4660.0,23,1,21.427743139756945,2,0,0.7,4,34.4,1,Medium,14,0.0,1.0,0.0,0.0
68528096,2026-04-01 06:52:30,Closed,Street Condition,Pothole,BROOKLYN,nan,40.70305339322082,-73.94249609130996,2026-04-03 09:35:00,nan,5664.555555555556,6673.0,24,1,24.58527786197917,1,0,0.7,4,34.4,1,Medium,14,0.0,1.0,0.0,0.0
68545852,2026-04-03 02:02:02,Closed,Street Condition,Pothole,QUEENS,nan,40.66832793744469,-73.79626354458001,2026-04-14 08:20:00,nan,4959.1547619047615,4660.0,11,0,22.78699082494213,2,0,0.7,4,34.4,1,Medium,14,0.001,0.999,0.0,0.0
68753032,2026-04-22 16:56:25,Closed,Street Condition,Pothole,BRONX,nan,40.872113412889206,-73.88785272403739,2026-04-22 16:56:25,nan,6677.6,6655.5,18,1,3.1658912879050924,3,0,0.7,4,34.4,1,Medium,14,0.0,1.0,0.0,0.0
68521436,2026-03-31 13:03:02,Closed,Street Condition,Pothole,BRONX,nan,40.827903554590385,-73.91216944981274,2026-03-31 13:03:02,nan,6677.6,6655.5,11,1,25.327963047164353,3,0,0.7,3,34.4,1,Medium,14,0.0,1.0,0.0,0.0
68682418,2026-04-15 10:32:09,Closed,Street Condition,Pothole,BROOKLYN,nan,40.57724405166864,-74.000032398413,2026-04-18 19:00:00,nan,5664.555555555556,6673.0,12,1,10.432743139756944,1,0,0.7,4,34.4,1,Medium,14,0.016,0.984,0.0,0.0
68554535,2026-04-03 18:15:25,Closed,Street Condition,Pothole,QUEENS,nan,40.71888937644035,-73.84158850919346,2026-04-03 18:15:25,nan,4959.1547619047615,4660.0,13,0,22.11103017679398,2,0,0.7,4,34.4,1,Medium,14,0.0,1.0,0.0,0.0
68651461,2026-04-13 14:48:54,Open,Street Condition,Pothole,STATEN ISLAND,nan,40.60018338355403,-74.06463904082321,,nan,23788.714285714286,2762.0,7,1,12.254444528645832,4,0,0.7,4,34.4,1,Medium,14,0.002,0.998,0.0,0.0
68580878,2026-04-05 15:05:36,Closed,Street Condition,Pothole,BROOKLYN,nan,40.586524571977066,-73.92952365157892,2026-04-18 13:35:00,nan,5664.555555555556,6673.0,20,1,20.24284730642361,1,0,0.7,4,34.4,1,Medium,14,0.0,1.0,0.0,0.0
68536758,2026-04-01 10:20:16,Closed,Street Condition,Pothole,BROOKLYN,nan,40.69479144909162,-73.95430621440917,2026-04-03 10:50:00,nan,5664.555555555556,6673.0,18,1,24.440995454571762,1,0,0.7,4,34.4,1,Medium,14,0.0,1.0,0.0,0.0
68515112,2026-03-31 15:36:13,Closed,Street Condition,Pothole,BRONX,nan,40.83285431800918,-73.88624216191087,2026-03-31 15:36:13,nan,6677.6,6655.5,15,0,25.22158573234954,3,0,0.7,3,34.4,1,Medium,14,0.0,1.0,0.0,0.0
68592191,2026-04-07 17:25:58,Open,Street Condition,Pothole,STATEN ISLAND,FOREST HILL ROAD,40.57680714742981,-74.15917604926962,,nan,23788.714285714286,22991.0,1,1,18.145370454571758,4,0,0.7,4,34.4,1,Medium,14,0.0,1.0,0.0,0.0
68539455,2026-04-02 10:52:28,Pending,Street Condition,Pothole,QUEENS,nan,40.749422328142515,-73.94053600991373,,nan,4959.1547619047615,4660.0,22,0,23.41863434346065,2,0,0.7,4,34.4,1,Medium,14,0.0,1.0,0.0,0.0
68533853,2026-04-01 10:30:18,Closed,Street Condition,Pothole,BROOKLYN,nan,40.65956994018121,-73.92250105717746,2026-04-21 09:35:00,nan,5664.555555555556,6673.0,15,0,24.434027861979168,1,0,0.7,4,34.4,1,Medium,14,0.0,1.0,0.0,0.0
68531879,2026-04-01 07:18:01,Closed,Street Condition,Pothole,STATEN ISLAND,nan,40.5953072066809,-74.18308988238485,2026-04-01 07:18:01,nan,23788.714285714286,2762.0,2,0,24.56755795457176,4,0,0.7,4,34.3,1,Medium,14,0.0,1.0,0.0,0.0
68526170,2026-04-01 09:54:18,Closed,Street Condition,Pothole,QUEENS,nan,40.75621176149007,-73.92895429393165,2026-04-01 09:54:18,nan,4959.1547619047615,4660.0,10,0,24.45902786197917,2,0,0.7,4,34.3,1,Medium,14,0.0,1.0,0.0,0.0
68529046,2026-04-01 14:58:05,Closed,Street Condition,Pothole,BROOKLYN,nan,40.688212581902675,-73.91981028072719,2026-04-01 14:58:05,nan,5664.555555555556,6673.0,21,1,24.248067213831018,1,0,0.7,4,34.3,1,Medium,14,0.0,1.0,0.0,0.0
68517249,2026-03-31 13:20:29,Closed,Street Condition,Pothole,BROOKLYN,nan,40.633111001293685,-73.97216087625087,2026-04-16 21:55:00,nan,5664.555555555556,6673.0,18,0,25.3158449916088,1,0,0.7,3,34.3,1,Medium,14,0.0,1.0,0.0,0.0
68518872,2026-03-31 16:27:27,Closed,Street Condition,Pothole,QUEENS,nan,40.66736980527769,-73.78265513104037,2026-04-05 20:45:00,nan,4959.1547619047615,4660.0,29,1,25.186007028645836,2,0,0.7,3,34.3,1,Medium,14,0.0,1.0,0.0,0.0
68534810,2026-04-01 09:54:17,Closed,Street Condition,Pothole,QUEENS,nan,40.75621176149007,-73.92895429393165,2026-04-01 09:54:17,nan,4959.1547619047615,4660.0,10,0,24.459039436053242,2,0,0.7,4,34.3,1,Medium,14,0.0,1.0,0.0,0.0
68535283,2026-04-02 01:50:49,Closed,Street Condition,Pothole,BRONX,nan,40.83737086525621,-73.8877667333652,2026-04-15 22:10:00,nan,6677.6,6655.5,20,0,23.79478017679398,3,0,0.7,4,34.3,1,Medium,14,0.0,1.0,0.0,0.0
68676392,2026-04-15 11:11:09,Open,Street Condition,Pothole,BRONX,nan,40.872113412889206,-73.88785272403739,,nan,6677.6,6655.5,18,1,10.40565980642361,3,0,0.7,4,34.3,1,Medium,14,0.0,1.0,0.0,0.0
68549830,2026-04-03 12:07:58,Open,Street Condition,Pothole,BRONX,nan,40.83945020852951,-73.883834791502,,nan,6677.6,6655.5,28,1,22.366203787905093,3,0,0.7,4,34.3,1,Medium,14,0.0,1.0,0.0,0.0
68576570,2026-04-06 19:26:34,Pending,Street Condition,Pothole,QUEENS,nan,40.67166236420599,-73.73297236840622,,nan,4959.1547619047615,4660.0,11,1,19.06162045457176,2,0,0.7,4,34.3,1,Medium,14,0.001,0.999,0.0,0.0
68533319,2026-04-01 09:54:18,Closed,Street Condition,Pothole,QUEENS,nan,40.75621176149007,-73.92895429393165,2026-04-01 09:54:18,nan,4959.1547619047615,4660.0,10,0,24.45902786197917,2,0,0.7,4,34.3,1,Medium,14,0.0,1.0,0.0,0.0
68540236,2026-04-02 13:32:57,Closed,Street Condition,Pothole,BRONX,nan,40.81230865494338,-73.89635988025356,2026-04-02 13:32:57,nan,6677.6,6655.5,38,1,23.30718758420139,3,0,0.7,4,34.3,1,Medium,14,0.0,1.0,0.0,0.0
68552422,2026-04-03 10:56:45,Closed,Street Condition,Pothole,BRONX,nan,40.84541059639791,-73.89112534644192,2026-04-06 12:44:00,nan,6677.6,6655.5,27,1,22.415659806423612,3,0,0.7,4,34.3,1,Medium,14,0.0,1.0,0.0,0.0
68730160,2026-04-20 11:28:18,Open,Street Condition,Pothole,BROOKLYN,nan,40.59726736508086,-73.99865686311435,,nan,5664.555555555556,6673.0,42,1,5.393750084201389,1,0,0.7,4,34.3,1,Medium,14,0.004,0.996,0.0,0.0
68594979,2026-04-07 13:08:50,Closed,Street Condition,Pothole,BRONX,nan,40.81307333160631,-73.89820471873531,2026-04-11 09:05:00,nan,6677.6,6655.5,47,1,18.323935269386574,3,0,0.7,4,34.3,1,Medium,14,0.0,1.0,0.0,0.0
68520436,2026-04-01 00:15:12,Pending,Street Condition,Pothole,QUEENS,nan,40.75621176149007,-73.92895429393165,,nan,4959.1547619047615,4660.0,10,0,24.861180639756945,2,0,0.7,4,34.3,1,Medium,14,0.0,1.0,0.0,0.0
68575195,2026-04-06 15:57:18,Closed,Street Condition,Pothole,BRONX,nan,40.8758744189505,-73.84988565999234,2026-04-10 08:00:00,nan,6677.6,6655.5,13,1,19.206944528645835,3,0,0.7,4,34.3,1,Medium,14,0.0,1.0,0.0,0.0
68542000,2026-04-02 18:50:46,Closed,Street Condition,Pothole,BROOKLYN,nan,40.661122143373326,-74.00060192646814,2026-04-11 10:05:00,nan,5664.555555555556,6673.0,19,0,23.08648156568287,1,0,0.7,4,34.3,1,Medium,14,0.0,1.0,0.0,0.0
68525138,2026-04-01 00:30:30,Open,Street Condition,Pothole,BRONX,EAST  164 STREET,40.82806566462953,-73.916086155981,,nan,6677.6,6655.5,11,1,24.850555639756948,3,0,0.7,4,34.3,1,Medium,14,0.0,1.0,0.0,0.0
68545851,2026-04-02 08:02:30,Open,Street Condition,Pothole,STATEN ISLAND,nan,40.614190451613666,-74.06397186064373,,nan,23788.714285714286,2762.0,3,0,23.536666750868054,4,0,0.7,4,34.2,1,Medium,14,0.0,1.0,0.0,0.0
68694218,2026-04-16 10:36:33,Open,Street Condition,Pothole,STATEN ISLAND,nan,40.621019379123695,-74.13180398269165,,nan,23788.714285714286,2762.0,8,1,9.429687584201389,4,0,0.7,4,34.2,1,Medium,14,0.001,0.999,0.0,0.0
68519876,2026-03-31 13:40:54,Closed,Street Condition,Pothole,BRONX,nan,40.832922043105725,-73.8627243422393,2026-03-31 13:40:54,nan,6677.6,6655.5,47,1,25.30166675086806,3,0,0.7,3,34.2,1,Medium,14,0.0,1.0,0.0,0.0
68740479,2026-04-21 16:42:52,Open,Street Condition,Pothole,STATEN ISLAND,nan,40.60213687798422,-74.11487001978769,,nan,23788.714285714286,2762.0,6,1,4.175301010127314,4,0,0.7,4,34.2,1,Medium,14,0.0,1.0,0.0,0.0
68593608,2026-04-07 13:23:19,Closed,Street Condition,Pothole,STATEN ISLAND,nan,40.521359442801405,-74.22883677363343,2026-04-08 07:53:00,nan,23788.714285714286,2762.0,1,1,18.313877399016203,4,0,0.7,4,34.2,1,Medium,14,0.002,0.998,0.0,0.0
68517238,2026-03-31 16:49:16,Open,Street Condition,Pothole,BRONX,nan,40.8764513009913,-73.84816674419147,,nan,6677.6,6655.5,14,1,25.17085656568287,3,0,0.7,3,34.2,1,Medium,14,0.0,1.0,0.0,0.0
68526169,2026-04-01 09:58:54,Closed,Street Condition,Pothole,QUEENS,nan,40.75695930698931,-73.93055252153695,2026-04-01 09:58:54,nan,4959.1547619047615,4660.0,11,0,24.455833417534723,2,0,0.7,4,34.2,1,Medium,14,0.0,1.0,0.0,0.0
68583757,2026-04-06 22:02:29,Closed,Street Condition,Pothole,BRONX,nan,40.84317496421008,-73.91194689088798,2026-04-08 03:00:00,nan,6677.6,6655.5,12,1,18.953344991608795,3,0,0.7,4,34.2,1,Medium,14,0.0,1.0,0.0,0.0
68566539,2026-04-04 04:06:58,Open,Street Condition,Pothole,BROOKLYN,nan,40.66059386152177,-73.9313268541998,,nan,5664.555555555556,6673.0,16,1,21.70023156568287,1,0,0.7,4,34.2,1,Medium,14,0.0,1.0,0.0,0.0
68595835,2026-04-07 07:01:27,Closed,Street Condition,Pothole,BRONX,nan,40.83884600838569,-73.87816189461297,2026-04-07 07:01:27,nan,6677.6,6655.5,22,0,18.579062584201388,3,0,0.7,4,34.2,1,Medium,14,0.0,1.0,0.0,0.0
68745862,2026-04-21 16:51:21,Closed,Street Condition,Pothole,STATEN ISLAND,nan,40.59612702995344,-74.11078712558009,2026-04-21 16:51:21,nan,23788.714285714286,2762.0,6,1,4.1694098064236105,4,0,0.7,4,34.2,1,Medium,14,0.0,1.0,0.0,0.0
68533855,2026-04-01 06:50:46,Open,Street Condition,Pothole,BROOKLYN,nan,40.70447255509546,-73.94273290898947,,nan,5664.555555555556,6673.0,16,1,24.586481565682874,1,0,0.7,4,34.2,1,Medium,14,0.0,1.0,0.0,0.0
68552417,2026-04-03 08:37:37,Closed,Street Condition,Pothole,BROOKLYN,nan,40.64810386903355,-73.95025886006692,2026-04-11 14:15:00,nan,5664.555555555556,6673.0,40,1,22.512280176793983,1,0,0.7,4,34.2,1,Medium,14,0.0,1.0,0.0,0.0
68624203,2026-04-10 16:53:50,Open,Street Condition,Pothole,BRONX,nan,40.821069345346714,-73.89893315538531,,nan,6677.6,6655.5,20,1,15.167685269386574,3,0,0.7,4,34.2,1,Medium,14,0.0,1.0,0.0,0.0
68554529,2026-04-03 06:34:46,Closed,Street Condition,Pothole,BROOKLYN,nan,40.666469358702265,-73.8825067547414,2026-04-03 06:34:46,nan,5664.555555555556,6673.0,12,1,22.59759267679398,1,0,0.7,4,34.2,1,Medium,14,0.0,1.0,0.0,0.0
68556372,2026-04-03 07:35:46,Pending,Street Condition,Pothole,QUEENS,nan,40.692971283312886,-73.78023854020637,,nan,4959.1547619047615,4660.0,11,1,22.55523156568287,2,0,0.7,4,34.2,1,Medium,14,0.0,1.0,0.0,0.0
68536761,2026-04-01 08:29:11,Open,Street Condition,Pothole,BROOKLYN,nan,40.69620766485902,-73.9615862570746,,nan,5664.555555555556,6673.0,20,1,24.518136658275466,1,0,0.7,4,34.2,1,Medium,14,0.0,1.0,0.0,0.0
68592193,2026-04-07 14:09:50,Closed,Street Condition,Pothole,STATEN ISLAND,nan,40.56992873156125,-74.09106918065525,2026-04-11 23:44:00,nan,23788.714285714286,2762.0,3,0,18.28157415827546,4,0,0.7,4,34.2,1,Medium,14,0.001,0.999,0.0,0.0
68579420,2026-04-06 08:18:52,Closed,Street Condition,Pothole,QUEENS,nan,40.7080488734209,-73.79542437019957,2026-04-18 09:10:00,nan,4959.1547619047615,4660.0,14,1,19.525301010127315,2,0,0.7,4,34.2,1,Medium,14,0.0,1.0,0.0,0.0
68543994,2026-04-02 09:11:42,Closed,Street Condition,Pothole,BRONX,nan,40.901725609283254,-73.90602722115646,2026-04-02 09:11:42,nan,6677.6,6655.5,15,1,23.4886111953125,3,0,0.7,4,34.2,1,Medium,14,0.0,1.0,0.0,0.0
68515109,2026-03-31 17:57:20,Closed,Street Condition,Pothole,BRONX,nan,40.832922043105725,-73.8627243422393,2026-03-31 17:57:20,nan,6677.6,6655.5,47,1,25.123588047164354,3,0,0.7,3,34.2,1,Medium,14,0.0,1.0,0.0,0.0
68556369,2026-04-03 11:01:49,Closed,Street Condition,Pothole,QUEENS,nan,40.71888937644035,-73.84158850919346,2026-04-13 13:35:00,nan,4959.1547619047615,4660.0,13,0,22.412141287905094,2,0,0.7,4,34.1,1,Medium,14,0.0,1.0,0.0,0.0
68526168,2026-04-01 11:00:45,Closed,Street Condition,Pothole,QUEENS,nan,40.707305811073425,-73.7512137682723,2026-04-01 11:00:45,nan,4959.1547619047615,4660.0,13,0,24.412882028645836,2,0,0.7,4,34.1,1,Medium,14,0.0,1.0,0.0,0.0
68530462,2026-04-01 07:33:44,Closed,Street Condition,Pothole,QUEENS,nan,40.66401843544537,-73.76859040649654,2026-04-01 20:45:00,nan,4959.1547619047615,4660.0,10,0,24.55664360271991,2,0,0.7,4,34.1,1,Medium,14,0.0,1.0,0.0,0.0
68515699,2026-03-31 17:29:59,Closed,Street Condition,Pothole,BROOKLYN,nan,40.63622017640736,-73.90778467059708,2026-04-03 21:22:00,nan,5664.555555555556,6673.0,12,1,25.14258110271991,1,0,0.7,3,34.1,1,Medium,14,0.001,0.999,0.0,0.0
68631743,2026-04-11 16:18:59,Closed,Street Condition,Pothole,BRONX,nan,40.84710443087095,-73.88306962303422,2026-04-14 10:12:00,nan,6677.6,6655.5,10,1,14.191886658275463,3,0,0.7,4,34.1,1,Medium,14,0.0,1.0,0.0,0.0
68580872,2026-04-06 18:00:08,Open,Street Condition,Pothole,BRONX,nan,40.84541059639791,-73.89112534644192,,nan,6677.6,6655.5,27,1,19.121643602719907,3,0,0.7,4,34.1,1,Medium,14,0.0,1.0,0.0,0.0
68615781,2026-04-08 15:43:42,Closed,Street Condition,Pothole,BROOKLYN,AVENUE J,40.626685122696514,-73.94761978719754,2026-04-09 10:02:00,nan,5664.555555555556,14024.0,12,0,17.21638897309028,1,0,0.7,4,34.1,1,Medium,14,0.0,1.0,0.0,0.0
68614965,2026-04-09 23:30:30,Closed,Street Condition,Pothole,QUEENS,nan,40.71229505210686,-73.73728243570287,2026-04-18 14:09:00,nan,4959.1547619047615,4660.0,14,1,15.89222230642361,2,0,0.7,4,34.1,1,Medium,14,0.001,0.999,0.0,0.0
68597756,2026-04-08 09:08:22,Closed,Street Condition,Pothole,STATEN ISLAND,nan,40.526090163796766,-74.1803103933247,2026-04-11 12:40:00,nan,23788.714285714286,2762.0,1,0,17.490926010127314,4,0,0.7,4,34.1,1,Medium,14,0.001,0.999,0.0,0.0
68535282,2026-04-01 04:49:18,Closed,Street Condition,Pothole,BROOKLYN,nan,40.64430573764678,-73.95178594756857,2026-04-11 10:33:00,nan,5664.555555555556,6673.0,14,0,24.670833417534723,1,0,0.7,4,34.1,1,Medium,14,0.0,1.0,0.0,0.0
68602547,2026-04-08 09:36:13,Closed,Street Condition,Pothole,BRONX,nan,40.83737086525621,-73.8877667333652,2026-04-08 09:36:13,nan,6677.6,6655.5,20,0,17.47158573234954,3,0,0.7,4,34.1,1,Medium,14,0.0,1.0,0.0,0.0
68547190,2026-04-02 18:10:08,Closed,Street Condition,Pothole,BROOKLYN,nan,40.65080718173045,-73.94957212385663,2026-04-11 09:26:00,nan,5664.555555555556,6673.0,30,1,23.114699158275464,1,0,0.7,4,34.1,1,Medium,14,0.0,1.0,0.0,0.0
68613659,2026-04-04 10:58:27,Closed,Street Condition,Pothole,QUEENS,nan,40.68029656884562,-73.84464021093402,2026-04-14 15:20:00,nan,4959.1547619047615,4660.0,13,0,21.414479250868055,2,0,0.7,4,34.1,1,Medium,14,0.0,1.0,0.0,0.0
68639803,2026-04-11 14:08:23,Closed,Street Condition,Pothole,BROOKLYN,BROADWAY,40.70132165477387,-73.9429159418591,2026-04-12 09:15:00,nan,5664.555555555556,13110.0,49,1,14.282581102719908,1,0,0.7,4,34.1,1,Medium,14,0.001,0.999,0.0,0.0
68625018,2026-04-10 09:12:54,Closed,Street Condition,Pothole,BRONX,nan,40.829687544652735,-73.82529528942801,2026-04-10 09:12:54,nan,6677.6,6655.5,14,0,15.487777861979167,3,0,0.7,4,34.1,1,Medium,14,0.0,1.0,0.0,0.0
68658986,2026-04-13 13:42:29,Open,Street Condition,Pothole,BRONX,nan,40.88040026285712,-73.90050281894527,,nan,6677.6,6655.5,15,0,12.300567213831018,3,0,0.7,4,34.1,1,Medium,14,0.0,1.0,0.0,0.0
68583788,2026-04-06 10:47:04,Open,Street Condition,Pothole,QUEENS,nan,40.7107097820174,-73.79303916334497,,nan,4959.1547619047615,4660.0,19,0,19.42238434346065,2,0,0.7,4,34.1,1,Medium,14,0.0,1.0,0.0,0.0
68597755,2026-04-08 11:05:34,Closed,Street Condition,Pothole,STATEN ISLAND,nan,40.57750419523913,-74.0979840024505,2026-04-11 22:26:00,nan,23788.714285714286,2762.0,1,0,17.409537121238426,4,0,0.7,4,34.1,1,Medium,14,0.002,0.998,0.0,0.0
68579388,2026-04-06 12:47:49,Closed,Street Condition,Pothole,BROOKLYN,nan,40.71482444431563,-73.95881237079597,2026-04-11 09:55:00,nan,5664.555555555556,6673.0,23,1,19.33853017679398,1,0,0.7,4,34.1,1,Medium,14,0.0,1.0,0.0,0.0
68591667,2026-04-06 22:27:08,Closed,Street Condition,Pothole,BRONX,nan,40.820988891994254,-73.89490476978031,2026-04-07 21:30:00,nan,6677.6,6655.5,26,1,18.93622693605324,3,0,0.7,4,34.1,1,Medium,14,0.0,1.0,0.0,0.0
68546670,2026-04-02 17:35:23,Closed,Street Condition,Pothole,QUEENS,nan,40.70273875167371,-73.80228601065063,2026-04-02 17:35:23,nan,4959.1547619047615,4660.0,19,1,23.13883110271991,2,0,0.7,4,34.1,1,Medium,14,0.0,1.0,0.0,0.0
68621082,2026-04-09 13:25:36,Closed,Street Condition,Pothole,BROOKLYN,FULTON STREET,40.67723735752213,-73.89707812529129,2026-04-10 10:45:00,nan,5927.0,13181.0,75,1,16.312291750868056,1,0,0.7,4,34.1,1,Medium,14,0.0,1.0,0.0,0.0
68583213,2026-04-04 23:08:49,Closed,Street Condition,Pothole,BROOKLYN,nan,40.652490662411616,-73.92178489976621,2026-04-05 17:30:00,nan,5664.555555555556,6673.0,24,1,20.907280176793982,1,0,0.7,4,34.1,1,Medium,14,0.0,1.0,0.0,0.0
68553721,2026-04-03 17:07:31,Closed,Street Condition,Pothole,STATEN ISLAND,nan,40.611341423170394,-74.12423578235362,2026-04-08 07:52:00,nan,23788.714285714286,2762.0,3,1,22.15818295457176,4,0,0.7,4,34.1,1,Medium,14,0.0,1.0,0.0,0.0
68555068,2026-04-03 13:52:22,Closed,Street Condition,Pothole,QUEENS,nan,40.76542545663209,-73.89000343092295,2026-04-11 10:40:00,nan,4959.1547619047615,4660.0,21,0,22.29370378790509,2,0,0.7,4,34.0,1,Medium,14,0.0,1.0,0.0,0.0
68584675,2026-04-06 08:55:58,Closed,Street Condition,Pothole,BRONX,nan,40.85175836693802,-73.88471696660307,2026-04-06 08:55:58,nan,6677.6,6655.5,10,1,19.499537121238426,3,0,0.7,4,34.0,1,Medium,14,0.0,1.0,0.0,0.0
68540722,2026-04-02 17:04:02,Closed,Street Condition,Pothole,QUEENS,nan,40.72576276408367,-73.90420444825385,2026-04-04 20:45:00,nan,4959.1547619047615,4660.0,14,0,23.16060193605324,2,0,0.7,4,34.0,1,Medium,14,0.0,1.0,0.0,0.0
68583791,2026-04-06 05:29:20,Closed,Street Condition,Pothole,QUEENS,nan,40.75846786892614,-73.77647418297774,2026-04-18 07:55:00,nan,4959.1547619047615,4660.0,31,0,19.643032491608796,2,0,0.7,4,34.0,1,Medium,14,0.001,0.998,0.0,0.0
68611029,2026-04-04 14:56:01,Open,Street Condition,Pothole,BRONX,nan,40.86590332712599,-73.9043894268283,,nan,6677.6,6655.5,8,1,21.249502399016205,3,0,0.7,4,34.0,1,Medium,14,0.001,0.999,0.0,0.0
68529483,2026-04-01 19:04:13,Closed,Street Condition,Pothole,BROOKLYN,nan,40.632885637657495,-73.94769778544028,2026-04-09 09:45:00,nan,5664.555555555556,6673.0,25,1,24.077141287905093,1,0,0.7,4,34.0,1,Medium,14,0.0,1.0,0.0,0.0
68698647,2026-04-17 11:55:36,Closed,Street Condition,Pothole,STATEN ISLAND,nan,40.62854357179462,-74.07646859917085,2026-04-18 08:00:00,nan,23788.714285714286,2762.0,6,0,8.374791750868056,4,0,0.7,4,34.0,1,Medium,14,0.001,0.999,0.0,0.0
68518295,2026-03-31 13:59:58,Closed,Street Condition,Pothole,BRONX,nan,40.824208303005555,-73.85878949052582,2026-03-31 13:59:58,nan,6677.6,6655.5,19,1,25.288426010127317,3,0,0.7,3,34.0,1,Medium,14,0.0,1.0,0.0,0.0
68746421,2026-04-21 20:46:47,Open,Street Condition,Pothole,MANHATTAN,nan,40.73530725785184,-74.01010341644141,,nan,16591.571428571428,6876.0,5,0,4.00591443605324,0,0,0.7,4,34.0,1,Medium,14,0.002,0.997,0.0,0.0
68529043,2026-03-31 15:51:29,Closed,Street Condition,Pothole,BROOKLYN,EAST NEW YORK AVENUE,40.66799245611305,-73.92072135212959,2026-04-01 14:31:00,nan,5664.555555555556,6673.0,36,0,25.210983880497686,1,0,0.7,3,34.0,1,Medium,14,0.0,1.0,0.0,0.0
68610457,2026-04-09 03:05:54,Closed,Street Condition,Pothole,QUEENS,nan,40.72013323771417,-73.79037278029215,2026-04-09 03:05:54,nan,4959.1547619047615,4660.0,31,0,16.742638973090276,2,0,0.7,4,34.0,1,Medium,14,0.0,1.0,0.0,0.0
68530934,2026-04-01 20:04:03,Pending,Street Condition,Pothole,QUEENS,nan,40.73931158535382,-73.91946731173388,,nan,4959.1547619047615,4660.0,10,1,24.035590361979168,2,0,0.7,4,34.0,1,Medium,14,0.0,1.0,0.0,0.0
68551101,2026-04-03 08:56:15,Closed,Street Condition,Pothole,BROOKLYN,nan,40.69212384785964,-73.98903046889686,2026-04-15 13:45:00,nan,5664.555555555556,6673.0,37,1,22.499340361979165,1,0,0.7,4,34.0,1,Medium,14,0.0,1.0,0.0,0.0
68582344,2026-04-06 09:24:41,Closed,Street Condition,Pothole,QUEENS,nan,40.71249461345563,-73.78446306035745,2026-04-18 09:40:00,nan,4959.1547619047615,4660.0,26,1,19.479594991608796,2,0,0.7,4,34.0,1,Medium,14,0.0,1.0,0.0,0.0
68517275,2026-03-31 16:48:56,Pending,Street Condition,Pothole,QUEENS,nan,40.67375987529319,-73.79472562303661,,nan,4959.1547619047615,4660.0,9,1,25.171088047164353,2,0,0.7,3,34.0,1,Medium,14,0.0,1.0,0.0,0.0
68615753,2026-04-09 03:05:54,Closed,Street Condition,Pothole,QUEENS,nan,40.72013323771417,-73.79037278029215,2026-04-09 22:22:00,nan,4959.1547619047615,4660.0,31,0,16.742638973090276,2,0,0.7,4,34.0,1,Medium,14,0.0,1.0,0.0,0.0
68621525,2026-04-10 15:58:24,Open,Street Condition,Pothole,BRONX,nan,40.8318203473289,-73.85732428064753,,nan,6677.6,6655.5,15,1,15.206180639756944,3,0,0.7,4,34.0,1,Medium,14,0.0,1.0,0.0,0.0
68599172,2026-04-08 16:40:34,Open,Street Condition,Pothole,STATEN ISLAND,nan,40.61763918111876,-74.09406990612455,,nan,23788.714285714286,2762.0,2,0,17.176898232349536,4,0,0.7,4,34.0,1,Medium,14,0.001,0.999,0.0,0.0
68594434,2026-04-07 10:51:14,Closed,Street Condition,Pothole,QUEENS,nan,40.69165179668416,-73.77919714574149,2026-04-07 10:51:14,nan,4959.1547619047615,4660.0,11,1,18.41949082494213,2,0,0.7,4,34.0,1,Medium,14,0.0,1.0,0.0,0.0
68535277,2026-04-01 12:55:18,Closed,Street Condition,Pothole,BROOKLYN,nan,40.65807036850394,-73.86979876095916,2026-04-21 10:55:00,nan,5664.555555555556,6673.0,8,0,24.333333417534725,1,0,0.7,4,34.0,1,Medium,14,0.0,1.0,0.0,0.0
68669698,2026-04-13 15:39:32,Closed,Street Condition,Pothole,BROOKLYN,BEDFORD AVENUE,40.66237673447606,-73.95707498552609,2026-04-14 11:30:00,nan,5664.555555555556,20193.0,10,1,12.219282491608796,1,0,0.7,4,34.0,1,Medium,14,0.002,0.998,0.0,0.0
68543987,2026-04-01 01:35:52,Closed,Street Condition,Pothole,BRONX,nan,40.82827087713564,-73.92726577481723,2026-04-02 00:30:00,nan,6677.6,6655.5,21,1,24.80516212123843,3,0,0.7,4,33.9,1,Medium,14,0.0,1.0,0.0,0.0
68525154,2026-03-31 13:22:41,Closed,Street Condition,Pothole,BROOKLYN,nan,40.701278744440934,-73.93951142183369,2026-04-20 12:30:00,nan,5664.555555555556,6673.0,29,1,25.31431721383102,1,0,0.7,3,33.9,1,Medium,14,0.0,1.0,0.0,0.0
68544515,2026-04-02 10:56:24,Pending,Street Condition,Pothole,QUEENS,nan,40.74982069975371,-73.94128274836015,,nan,4959.1547619047615,4660.0,22,1,23.415902861979166,2,0,0.7,4,33.9,1,Medium,14,0.0,1.0,0.0,0.0
68549833,2026-04-03 11:40:29,Closed,Street Condition,Pothole,STATEN ISLAND,nan,40.524475438483584,-74.20528354036172,2026-04-11 07:30:00,nan,23788.714285714286,2762.0,3,1,22.38528943605324,4,0,0.7,4,33.9,1,Medium,14,0.0,1.0,0.0,0.0
68518267,2026-03-31 13:30:12,Closed,Street Condition,Pothole,QUEENS,nan,40.75621176149007,-73.92895429393165,2026-03-31 17:02:00,nan,4959.1547619047615,4660.0,10,0,25.309097306423613,2,0,0.7,3,33.9,1,Medium,14,0.0,1.0,0.0,0.0
68520429,2026-03-31 15:34:13,Open,Street Condition,Pothole,STATEN ISLAND,nan,40.59606891461464,-74.08925760138578,,nan,23788.714285714286,2762.0,1,0,25.22297462123843,4,0,0.7,3,33.9,1,Medium,14,0.002,0.998,0.0,0.0
68624207,2026-04-10 16:12:16,Open,Street Condition,Pothole,BRONX,nan,40.82200263686677,-73.82014154701345,,nan,6677.6,6655.5,9,1,15.196551010127315,3,0,0.7,4,33.9,1,Medium,14,0.003,0.997,0.0,0.0
68617073,2026-04-07 09:02:44,Closed,Street Condition,Pothole,QUEENS,nan,40.71506812128565,-73.91325963583594,2026-04-08 10:09:00,nan,4959.1547619047615,4660.0,10,0,18.49483804716435,2,0,0.7,4,33.9,1,Medium,14,0.0,1.0,0.0,0.0
68543988,2026-04-01 01:33:30,Closed,Street Condition,Pothole,BRONX,nan,40.82827087713564,-73.92726577481723,2026-04-02 22:15:00,nan,6677.6,6655.5,21,1,24.80680563975695,3,0,0.7,4,33.9,1,Medium,14,0.0,1.0,0.0,0.0
68518850,2026-03-31 23:33:13,Closed,Street Condition,Pothole,BRONX,nan,40.816535060010715,-73.92821792098728,2026-04-11 14:10:00,nan,6677.6,6655.5,16,1,24.890335732349538,3,0,0.7,3,33.9,1,Medium,14,0.0,1.0,0.0,0.0
68523574,2026-03-31 14:42:17,Closed,Street Condition,Pothole,STATEN ISLAND,nan,40.576999593022606,-74.08352641548532,2026-04-18 13:38:00,nan,23788.714285714286,2762.0,1,0,25.259039436053243,4,0,0.7,3,33.9,1,Medium,14,0.003,0.997,0.0,0.0
68685372,2026-04-17 00:09:39,Open,Street Condition,Pothole,STATEN ISLAND,nan,40.60478726978076,-74.08446871017495,,nan,23788.714285714286,2762.0,5,1,8.86503480642361,4,0,0.7,4,33.9,1,Medium,14,0.002,0.998,0.0,0.0
68513567,2026-03-31 14:48:10,Closed,Street Condition,Pothole,BRONX,nan,40.839476851126896,-73.87774512737668,2026-03-31 14:48:10,nan,6677.6,6655.5,23,0,25.254953787905094,3,0,0.7,3,33.9,1,Medium,14,0.0,1.0,0.0,0.0
68531869,2026-03-31 15:48:55,Closed,Street Condition,Pothole,BROOKLYN,nan,40.63719692168917,-73.89758305781575,2026-04-01 15:09:00,nan,5664.555555555556,6673.0,14,1,25.212766287905094,1,0,0.7,3,33.9,1,Medium,14,0.0,1.0,0.0,0.0
68611050,2026-04-09 23:26:26,Closed,Street Condition,Pothole,QUEENS,nan,40.71616552649031,-73.74475602253723,2026-04-18 13:40:00,nan,4959.1547619047615,4660.0,19,0,15.895046380497686,2,0,0.7,4,33.9,1,Medium,14,0.0,1.0,0.0,0.0
68526663,2026-04-01 09:54:18,Open,Street Condition,Pothole,BROOKLYN,nan,40.60753027269459,-73.96481736824006,,nan,5664.555555555556,6673.0,11,0,24.45902786197917,1,0,0.7,4,33.9,1,Medium,14,0.0,1.0,0.0,0.0
68534824,2026-04-01 09:54:18,Closed,Street Condition,Pothole,BROOKLYN,nan,40.60753027269459,-73.96481736824006,2026-04-01 09:54:18,nan,5664.555555555556,6673.0,11,0,24.45902786197917,1,0,0.7,4,33.9,1,Medium,14,0.0,1.0,0.0,0.0
68599170,2026-04-08 16:15:42,Closed,Street Condition,Pothole,BRONX,nan,40.809408390457705,-73.88029651562117,2026-04-11 13:45:00,nan,6677.6,6655.5,9,1,17.194166750868057,3,0,0.7,4,33.9,1,Medium,14,0.0,1.0,0.0,0.0
68619741,2026-04-10 20:39:53,Closed,Street Condition,Pothole,BRONX,nan,40.86874961696823,-73.8949630643024,2026-04-10 20:39:53,nan,6677.6,6655.5,19,1,15.010706102719908,3,0,0.7,4,33.9,1,Medium,14,0.0,1.0,0.0,0.0
68583212,2026-04-04 23:11:32,Closed,Street Condition,Pothole,BROOKLYN,nan,40.65414185992792,-73.88731094161888,2026-04-05 19:20:00,nan,5664.555555555556,6673.0,20,1,20.905393602719908,1,0,0.7,4,33.9,1,Medium,14,0.0,1.0,0.0,0.0
68694235,2026-04-16 10:49:31,Open,Street Condition,Pothole,BRONX,nan,40.83018151341915,-73.83264388198651,,nan,6677.6,6655.5,12,1,9.42068295457176,3,0,0.7,4,33.9,1,Medium,14,0.0,1.0,0.0,0.0
68530476,2026-04-01 09:54:18,Closed,Street Condition,Pothole,BROOKLYN,nan,40.60753027269459,-73.96481736824006,2026-04-01 09:54:18,nan,5664.555555555556,6673.0,11,0,24.45902786197917,1,0,0.7,4,33.9,1,Medium,14,0.0,1.0,0.0,0.0
68533340,2026-04-01 09:54:18,Closed,Street Condition,Pothole,BROOKLYN,nan,40.60753027269459,-73.96481736824006,2026-04-01 09:54:18,nan,5664.555555555556,6673.0,11,0,24.45902786197917,1,0,0.7,4,33.9,1,Medium,14,0.0,1.0,0.0,0.0
68589442,2026-04-06 12:28:54,Closed,Street Condition,Pothole,BROOKLYN,nan,40.71504601178742,-73.96480029621546,2026-04-11 14:25:00,nan,5664.555555555556,6673.0,13,1,19.351666750868056,1,0,0.7,4,33.9,1,Medium,14,0.0,1.0,0.0,0.0
68633778,2026-04-11 13:21:18,Closed,Street Condition,Pothole,BROOKLYN,nan,40.68176925926219,-73.96753277726584,2026-04-11 13:21:18,nan,5664.555555555556,6673.0,33,1,14.315277861979167,1,0,0.7,4,33.9,1,Medium,14,0.007,0.992,0.0,0.0
68534821,2026-04-01 09:54:20,Closed,Street Condition,Pothole,BROOKLYN,nan,40.60753027269459,-73.96481736824006,2026-04-01 09:54:20,nan,5664.555555555556,6673.0,11,0,24.45900471383102,1,0,0.7,4,33.9,1,Medium,14,0.0,1.0,0.0,0.0
68533331,2026-04-01 07:23:18,Closed,Street Condition,Pothole,MANHATTAN,nan,40.76976518306967,-73.97454426794684,2026-04-01 07:23:18,nan,16591.571428571428,6876.0,2,0,24.56388897309028,0,0,0.7,4,33.9,1,Medium,14,0.001,0.996,0.004,0.0
68598589,2026-04-08 16:18:57,Closed,Street Condition,Pothole,BRONX,nan,40.809408390457705,-73.88029651562117,2026-04-08 16:18:57,nan,6677.6,6655.5,9,1,17.19190980642361,3,0,0.7,4,33.9,1,Medium,14,0.0,1.0,0.0,0.0
68613685,2026-04-04 16:49:55,Closed,Street Condition,Pothole,BROOKLYN,nan,40.65948468602193,-73.91829498115712,2026-04-18 15:08:00,nan,5664.555555555556,6673.0,15,0,21.17040517679398,1,0,0.7,4,33.8,1,Medium,14,0.0,1.0,0.0,0.0
68623730,2026-04-09 22:54:23,Closed,Street Condition,Pothole,BROOKLYN,nan,40.680956847187346,-73.96767738969301,2026-04-10 18:00:00,nan,5664.555555555556,6673.0,32,1,15.917303324942129,1,0,0.7,4,33.8,1,Medium,14,0.003,0.996,0.0,0.0
68526662,2026-04-01 11:02:29,Closed,Street Condition,Pothole,BROOKLYN,nan,40.630599054917255,-73.97030292995319,2026-04-16 22:10:00,nan,5664.555555555556,6673.0,15,0,24.411678324942134,1,0,0.7,4,33.8,1,Medium,14,0.0,1.0,0.0,0.0
68595826,2026-04-07 19:10:30,Closed,Street Condition,Pothole,BRONX,nan,40.88270955300674,-73.88124583052429,2026-04-07 19:10:30,nan,6677.6,6655.5,22,0,18.072777861979166,3,0,0.7,4,33.8,1,Medium,14,0.0,1.0,0.0,0.0
68561077,2026-04-04 03:48:44,Closed,Street Condition,Pothole,BROOKLYN,nan,40.67178977198568,-73.95310350760485,2026-04-11 14:55:00,nan,5664.555555555556,6673.0,18,1,21.71289360271991,1,0,0.7,4,33.8,1,Medium,14,0.0,1.0,0.0,0.0
68608396,2026-04-04 11:53:27,Open,Street Condition,Pothole,BRONX,nan,40.82950193743216,-73.87460889175321,,nan,6677.6,6655.5,25,1,21.376284806423612,3,0,0.7,4,33.8,1,Medium,14,0.0,1.0,0.0,0.0
68632992,2026-04-11 13:29:12,Open,Street Condition,Pothole,BRONX,nan,40.8248480272072,-73.91130992324541,,nan,6677.6,6655.5,25,1,14.309791750868055,3,0,0.7,4,33.8,1,Medium,14,0.0,1.0,0.0,0.0
68585211,2026-04-06 05:25:03,Closed,Street Condition,Pothole,QUEENS,nan,40.728370959098946,-73.87113346680071,2026-04-15 13:20:00,nan,4959.1547619047615,4660.0,10,0,19.646007028645833,2,0,0.7,4,33.8,1,Medium,14,0.0,1.0,0.0,0.0
68586122,2026-04-07 15:02:19,Closed,Street Condition,Pothole,BROOKLYN,nan,40.646884701479976,-73.94915346941922,2026-04-07 15:02:19,nan,5664.555555555556,6673.0,17,1,18.245127399016205,1,0,0.7,4,33.8,1,Medium,14,0.0,1.0,0.0,0.0
68547967,2026-04-02 11:40:07,Closed,Street Condition,Pothole,BROOKLYN,nan,40.69673632583382,-73.93479853350624,2026-04-03 08:50:00,nan,5664.555555555556,6673.0,43,1,23.385544065682872,1,0,0.7,4,33.8,1,Medium,14,0.0,1.0,0.0,0.0
68635505,2026-04-11 10:24:54,Closed,Street Condition,Pothole,QUEENS,nan,40.71328525018715,-73.73579237172676,2026-04-18 09:16:00,nan,4959.1547619047615,4660.0,21,1,14.437777861979166,2,0,0.7,4,33.8,1,Medium,14,0.0,1.0,0.0,0.0
68643309,2026-04-12 15:36:11,Closed,Street Condition,Pothole,MANHATTAN,nan,40.7713904523201,-73.95043032980328,2026-04-12 15:36:11,nan,16591.571428571428,6876.0,4,0,13.221608880497685,0,0,0.7,4,33.8,1,Medium,14,0.006,0.993,0.001,0.0
68528078,2026-04-01 08:04:59,Closed,Street Condition,Pothole,QUEENS,nan,40.73911404167521,-73.88974013991411,2026-04-03 23:53:00,nan,4959.1547619047615,4660.0,12,1,24.53494221383102,2,0,0.7,4,33.8,1,Medium,14,0.001,0.999,0.0,0.0
68581754,2026-04-06 11:46:02,Closed,Street Condition,Pothole,BRONX,nan,40.87144095159528,-73.86715728320962,2026-04-06 11:46:02,nan,6677.6,6655.5,10,0,19.381435269386575,3,0,0.7,4,33.8,1,Medium,14,0.0,1.0,0.0,0.0
68609680,2026-04-09 12:39:42,Open,Street Condition,Pothole,BRONX,nan,40.85004543105136,-73.88447775783781,,nan,6677.6,6655.5,10,1,16.344166750868055,3,0,0.7,4,33.8,1,Medium,14,0.0,1.0,0.0,0.0
68614945,2026-04-09 19:48:06,Open,Street Condition,Pothole,BRONX,nan,40.81422520421426,-73.88832598691063,,nan,6677.6,6655.5,13,0,16.046666750868056,3,0,0.7,4,33.8,1,Medium,14,0.0,1.0,0.0,0.0
68535289,2026-04-01 13:11:19,Closed,Street Condition,Pothole,STATEN ISLAND,nan,40.51809706927706,-74.20494744874773,2026-04-11 09:30:00,nan,23788.714285714286,2762.0,3,1,24.32221073234954,4,0,0.7,4,33.8,1,Medium,14,0.0,1.0,0.0,0.0
68612307,2026-04-09 20:00:59,Open,Street Condition,Pothole,BROOKLYN,nan,40.61910563757932,-73.95830950968423,,nan,5664.555555555556,6673.0,10,1,16.037719991608796,1,0,0.7,4,33.8,1,Medium,14,0.003,0.997,0.0,0.0
68609706,2026-04-04 07:47:55,Closed,Street Condition,Pothole,BROOKLYN,nan,40.61738380267253,-73.94347039067173,2026-04-11 09:30:00,nan,5664.555555555556,6673.0,17,1,21.54679406568287,1,0,0.7,4,33.8,1,Medium,14,0.0,1.0,0.0,0.0
68536749,2026-04-02 02:45:12,Closed,Street Condition,Pothole,BROOKLYN,nan,40.66430074971383,-73.92916753310641,2026-04-17 22:30:00,nan,5664.555555555556,6673.0,14,1,23.757013973090277,1,0,0.7,4,33.8,1,Medium,14,0.0,1.0,0.0,0.0
68578036,2026-04-06 17:18:20,Closed,Street Condition,Pothole,QUEENS,nan,40.70992176681852,-73.72823099146271,2026-04-18 13:37:00,nan,4959.1547619047615,4660.0,48,0,19.150671380497684,2,0,0.7,4,33.8,1,Medium,14,0.0,1.0,0.0,0.0
68608397,2026-04-04 11:34:19,Open,Street Condition,Pothole,BRONX,nan,40.83758686876374,-73.86638645414115,,nan,6677.6,6655.5,9,1,21.389571843460647,3,0,0.7,4,33.8,1,Medium,14,0.0,1.0,0.0,0.0
68602546,2026-04-08 10:09:31,Closed,Street Condition,Pothole,BRONX,nan,40.84317496421008,-73.91194689088798,2026-04-08 10:09:31,nan,6677.6,6655.5,12,1,17.448460732349538,3,0,0.7,4,33.8,1,Medium,14,0.0,1.0,0.0,0.0
68615757,2026-04-04 09:23:11,Closed,Street Condition,Pothole,QUEENS,nan,40.76300885313022,-73.87532248292224,2026-04-04 09:23:11,nan,4959.1547619047615,4660.0,12,0,21.48063665827546,2,0,0.7,4,33.8,1,Medium,14,0.0,1.0,0.0,0.0
68628012,2026-04-10 10:54:37,Open,Street Condition,Pothole,BRONX,nan,40.83647621626278,-73.88510844674221,,nan,6677.6,6655.5,13,0,15.417141287905093,3,0,0.7,4,33.7,1,Medium,14,0.0,1.0,0.0,0.0
68718594,2026-04-19 08:31:46,Open,Street Condition,Pothole,STATEN ISLAND,nan,40.61898464627045,-74.10608833151257,,nan,23788.714285714286,2762.0,4,1,6.516342676793982,4,0,0.7,4,33.7,1,Medium,14,0.0,1.0,0.0,0.0
68553181,2026-04-02 16:17:41,Closed,Street Condition,Pothole,BROOKLYN,nan,40.71406587065603,-73.94937276161744,2026-04-03 14:25:00,nan,5664.555555555556,6673.0,19,1,23.19278943605324,1,0,0.7,4,33.7,1,Medium,14,0.0,1.0,0.0,0.0
68521990,2026-03-31 17:17:21,Pending,Street Condition,Pothole,QUEENS,nan,40.6789705621564,-73.75983886670711,,nan,4959.1547619047615,4660.0,15,0,25.151354250868057,2,0,0.7,3,33.7,1,Medium,14,0.0,1.0,0.0,0.0
68622862,2026-04-10 15:19:03,Open,Street Condition,Pothole,BRONX,nan,40.88649475603563,-73.90869608102625,,nan,6677.6,6655.5,14,1,15.233507028645834,3,0,0.7,4,33.7,1,Medium,14,0.004,0.995,0.0,0.0
68578024,2026-04-06 04:39:17,Closed,Street Condition,Pothole,BROOKLYN,nan,40.640767549311825,-73.95140655947002,2026-04-11 13:42:00,nan,5664.555555555556,6673.0,18,1,19.677789436053242,1,0,0.7,4,33.7,1,Medium,14,0.0,1.0,0.0,0.0
68647966,2026-04-09 11:58:52,Closed,Street Condition,Pothole,BRONX,CROSS BRONX EXPRESSWAY,40.83172025911338,-73.85629462026054,2026-04-11 11:55:00,nan,6677.6,6655.5,14,1,16.372523232349536,3,0,0.7,4,33.7,1,Medium,14,0.0,1.0,0.0,0.0
68585181,2026-04-06 04:39:05,Closed,Street Condition,Pothole,BROOKLYN,nan,40.63980683172786,-73.95130636951028,2026-04-11 13:51:00,nan,5664.555555555556,6673.0,18,1,19.67792832494213,1,0,0.7,4,33.7,1,Medium,14,0.0,1.0,0.0,0.0
68612295,2026-04-09 10:56:55,Open,Street Condition,Pothole,BRONX,nan,40.83570577270673,-73.88874527128299,,nan,6677.6,6655.5,16,0,16.41554406568287,3,0,0.7,4,33.7,1,Medium,14,0.0,1.0,0.0,0.0
68584666,2026-04-05 15:04:04,Closed,Street Condition,Pothole,BROOKLYN,nan,40.68072590245689,-73.87485618799677,2026-04-06 11:00:00,nan,5664.555555555556,6673.0,14,1,20.243912121238427,1,0,0.7,4,33.7,1,Medium,14,0.0,1.0,0.0,0.0
68595005,2026-04-07 10:50:23,Closed,Street Condition,Pothole,QUEENS,nan,40.695995345656485,-73.78277097622183,2026-04-18 12:10:00,nan,4959.1547619047615,4660.0,10,1,18.42008110271991,2,0,0.7,4,33.7,1,Medium,14,0.0,1.0,0.0,0.0
68545865,2026-04-02 09:53:30,Closed,Street Condition,Pothole,QUEENS,nan,40.74929881758225,-73.89757673580544,2026-04-11 21:21:00,nan,4959.1547619047615,4660.0,47,0,23.459583417534724,2,0,0.7,4,33.7,1,Medium,14,0.0,1.0,0.0,0.0
68575201,2026-04-05 10:06:01,Closed,Street Condition,Pothole,BROOKLYN,nan,40.66591782925285,-73.9254638809171,2026-04-11 14:30:00,nan,5664.555555555556,6673.0,12,0,20.450891287905094,1,0,0.7,4,33.7,1,Medium,14,0.0,1.0,0.0,0.0
68535299,2026-04-01 10:02:06,Pending,Street Condition,Pothole,QUEENS,nan,40.74774532645824,-73.9406132965785,,nan,4959.1547619047615,4660.0,13,1,24.4536111953125,2,0,0.7,4,33.7,1,Medium,14,0.0,1.0,0.0,0.0
68605694,2026-04-08 12:51:26,Open,Street Condition,Pothole,BROOKLYN,nan,40.690993229453106,-73.99174234048598,,nan,5664.555555555556,6673.0,26,1,17.336018602719907,1,0,0.7,4,33.7,1,Medium,14,0.007,0.993,0.0,0.0
68523567,2026-03-31 13:39:30,Open,Street Condition,Pothole,BROOKLYN,nan,40.65700303752495,-73.91402712747067,,nan,5664.555555555556,6673.0,21,0,25.30263897309028,1,0,0.7,3,33.7,1,Medium,14,0.0,1.0,0.0,0.0
68582328,2026-04-06 14:53:40,Closed,Street Condition,Pothole,STATEN ISLAND,nan,40.55528146533067,-74.1340637999194,2026-04-18 23:05:00,nan,23788.714285714286,2762.0,2,1,19.25113434346065,4,0,0.7,4,33.7,1,Medium,14,0.001,0.999,0.0,0.0
68600492,2026-04-08 16:47:51,Open,Street Condition,Pothole,BROOKLYN,nan,40.66591782925285,-73.9254638809171,,nan,5664.555555555556,6673.0,12,0,17.171840361979168,1,0,0.7,4,33.7,1,Medium,14,0.001,0.999,0.0,0.0
68656957,2026-04-12 16:25:05,Closed,Street Condition,Pothole,BROOKLYN,nan,40.690561632815246,-73.98510385556358,2026-04-13 14:30:00,nan,5664.555555555556,6673.0,22,1,13.18765054716435,1,0,0.7,4,33.7,1,Medium,14,0.002,0.998,0.0,0.0
68548512,2026-04-03 09:05:47,Closed,Street Condition,Pothole,QUEENS,nan,40.76374599277646,-73.83506340133465,2026-04-14 13:06:00,nan,4959.1547619047615,4660.0,18,1,22.492719991608794,2,0,0.7,4,33.7,1,Medium,14,0.0,1.0,0.0,0.0
68584686,2026-04-06 14:25:33,Closed,Street Condition,Pothole,QUEENS,CORNAGA AVENUE,40.60229487782472,-73.75217045333122,2026-04-06 14:25:33,nan,4959.1547619047615,5485.0,20,0,19.270659806423613,2,0,0.7,4,33.7,1,Medium,14,0.0,1.0,0.0,0.0
68576553,2026-04-06 14:21:29,Closed,Street Condition,Pothole,BROOKLYN,nan,40.67634313622726,-73.91092698207576,2026-04-18 14:10:00,nan,5664.555555555556,6673.0,31,1,19.273483880497686,1,0,0.7,4,33.7,1,Medium,14,0.001,0.999,0.0,0.0
68672922,2026-04-15 10:37:07,Closed,Street Condition,Pothole,MANHATTAN,nan,40.816122838598154,-73.96161458531367,2026-04-15 10:37:07,nan,16591.571428571428,6876.0,4,0,10.42929406568287,0,0,0.7,4,33.7,1,Medium,14,0.001,0.999,0.0,0.0
68651454,2026-04-13 18:17:25,Open,Street Condition,Pothole,BROOKLYN,nan,40.68350470490595,-73.91151233376623,,nan,5664.555555555556,6673.0,17,1,12.109641287905092,1,0,0.7,4,33.7,1,Medium,14,0.0,1.0,0.0,0.0
68538153,2026-04-02 06:36:41,Closed,Street Condition,Pothole,QUEENS,nan,40.74110515916286,-73.85381242642514,2026-04-11 02:15:00,nan,4959.1547619047615,4660.0,9,1,23.596261658275463,2,0,0.7,4,33.7,1,Medium,14,0.0,1.0,0.0,0.0
68549827,2026-04-03 09:11:37,Closed,Street Condition,Pothole,BROOKLYN,nan,40.68350470490595,-73.91151233376623,2026-04-22 08:30:00,nan,5664.555555555556,6673.0,17,1,22.48866906568287,1,0,0.7,4,33.7,1,Medium,14,0.0,1.0,0.0,0.0
68747382,2026-04-20 07:00:00,Closed,Street Condition,Pothole,STATEN ISLAND,SAND LANE,40.59619196917312,-74.07013366915095,2026-04-21 12:55:00,nan,23788.714285714286,2762.0,5,1,5.580069528645833,4,0,0.7,4,33.7,1,Medium,14,0.0,1.0,0.0,0.0
68679418,2026-04-15 10:35:44,Closed,Street Condition,Pothole,MANHATTAN,nan,40.816122838598154,-73.96161458531367,2026-04-18 20:10:00,nan,16591.571428571428,6876.0,4,0,10.430254713831019,0,0,0.7,4,33.7,1,Medium,14,0.001,0.999,0.0,0.0
68538131,2026-04-03 01:57:24,Closed,Street Condition,Pothole,QUEENS,nan,40.68111153156775,-73.76117598695636,2026-04-14 09:50:00,nan,4959.1547619047615,4660.0,16,0,22.79020841753472,2,0,0.7,4,33.7,1,Medium,14,0.0,1.0,0.0,0.0
68622860,2026-04-10 12:50:39,Closed,Street Condition,Pothole,BROOKLYN,nan,40.69014428921757,-73.98406905004947,2026-04-18 09:30:00,nan,5664.555555555556,6673.0,25,1,15.336562584201388,1,0,0.7,4,33.7,1,Medium,14,0.002,0.998,0.0,0.0
68656956,2026-04-13 07:58:03,Closed,Street Condition,Pothole,MANHATTAN,nan,40.706767020397514,-74.01250844527229,2026-04-13 07:58:03,nan,16591.571428571428,6876.0,5,1,12.539757028645834,0,0,0.7,4,33.6,1,Medium,14,0.001,0.999,0.0,0.0
68582316,2026-04-06 09:44:52,Closed,Street Condition,Pothole,BROOKLYN,nan,40.70376434663383,-73.94261449770798,2026-04-13 10:25:00,nan,5664.555555555556,6673.0,17,1,19.46557878790509,1,0,0.7,4,33.6,1,Medium,14,0.0,1.0,0.0,0.0
68588019,2026-04-07 07:37:31,Closed,Street Condition,Pothole,BROOKLYN,nan,40.69845465738383,-73.92175622042791,2026-04-11 07:50:00,nan,5664.555555555556,6673.0,22,1,18.554016287905092,1,0,0.7,4,33.6,1,Medium,14,0.0,1.0,0.0,0.0
68611049,2026-04-04 11:24:50,Closed,Street Condition,Pothole,BROOKLYN,nan,40.65927624298767,-73.888996267319,2026-04-13 09:40:00,nan,5664.555555555556,6673.0,23,1,21.396157491608797,1,0,0.7,4,33.6,1,Medium,14,0.0,1.0,0.0,0.0
68651456,2026-04-13 08:41:03,Open,Street Condition,Pothole,BROOKLYN,nan,40.67295249747627,-73.92516040996338,,nan,5664.555555555556,6673.0,10,0,12.509895917534722,1,0,0.7,4,33.6,1,Medium,14,0.001,0.999,0.0,0.0
68658508,2026-04-09 11:55:42,Closed,Street Condition,Pothole,BRONX,CROES AVENUE,40.83530962117293,-73.87198878930538,2026-04-11 11:30:00,nan,6677.6,91.0,66,1,16.37472230642361,3,0,0.7,4,33.6,1,Medium,14,0.0,1.0,0.0,0.0
68526173,2026-04-01 08:07:18,Closed,Street Condition,Pothole,QUEENS,nan,40.741863453510625,-73.90750492962665,2026-04-01 15:15:00,nan,4959.1547619047615,4660.0,12,0,24.533333417534724,2,0,0.7,4,33.6,1,Medium,14,0.0,1.0,0.0,0.0
68599174,2026-04-08 14:46:17,Open,Street Condition,Pothole,STATEN ISLAND,nan,40.56299494328656,-74.14048560640323,,nan,23788.714285714286,2762.0,1,1,17.256261658275463,4,0,0.7,4,33.6,1,Medium,14,0.001,0.999,0.0,0.0
68555823,2026-04-03 16:08:16,Closed,Street Condition,Pothole,BROOKLYN,nan,40.67941992696954,-73.96822614618212,2026-04-03 16:08:16,nan,5664.555555555556,6673.0,18,1,22.199328787905092,1,0,0.7,4,33.6,1,Medium,14,0.0,1.0,0.0,0.0
68520418,2026-03-31 13:48:41,Closed,Street Condition,Pothole,BRONX,nan,40.83553003552484,-73.86315623123548,2026-04-01 09:08:00,nan,6677.6,6655.5,34,1,25.296261658275466,3,0,0.7,3,33.6,1,Medium,14,0.0,1.0,0.0,0.0
68653921,2026-04-12 16:25:22,Closed,Street Condition,Pothole,BROOKLYN,nan,40.69014428921757,-73.98406905004947,2026-04-13 15:00:00,nan,5664.555555555556,6673.0,25,1,13.187453787905092,1,0,0.7,4,33.6,1,Medium,14,0.002,0.998,0.0,0.0
68587470,2026-04-06 12:29:47,Closed,Street Condition,Pothole,BROOKLYN,nan,40.69698633989122,-73.93522383122014,2026-04-07 12:25:00,nan,5664.555555555556,6673.0,50,1,19.35105332494213,1,0,0.7,4,33.6,1,Medium,14,0.0,1.0,0.0,0.0
68595862,2026-04-06 12:29:26,Closed,Street Condition,Pothole,BROOKLYN,nan,40.70547239392146,-73.9502376942007,2026-04-07 11:55:00,nan,5664.555555555556,6673.0,18,1,19.351296380497686,1,0,0.7,4,33.6,1,Medium,14,0.0,1.0,0.0,0.0
68752184,2026-04-22 16:07:59,Open,Street Condition,Pothole,BRONX,nan,40.84437108658596,-73.88901630722455,,nan,6677.6,6655.5,12,1,3.1995255471643516,3,0,0.7,4,33.6,1,Medium,14,0.0,1.0,0.0,0.0
68609676,2026-04-04 10:36:20,Closed,Street Condition,Pothole,QUEENS,nan,40.666055843423194,-73.76897624267478,2026-04-15 21:45:00,nan,4959.1547619047615,4660.0,27,0,21.429838047164353,2,0,0.7,4,33.6,1,Medium,14,0.0,1.0,0.0,0.0
68607076,2026-04-08 14:15:48,Open,Street Condition,Pothole,BRONX,nan,40.85889641441193,-73.87088417401678,,nan,6677.6,6655.5,9,1,17.277430639756943,3,0,0.7,4,33.6,1,Medium,14,0.002,0.998,0.0,0.0
68526174,2026-04-01 08:04:10,Closed,Street Condition,Pothole,QUEENS,nan,40.7386450764329,-73.8873051469592,2026-04-01 17:15:00,nan,4959.1547619047615,4660.0,13,1,24.53550934346065,2,0,0.7,4,33.6,1,Medium,14,0.0,1.0,0.0,0.0
68552416,2026-04-03 10:31:38,Closed,Street Condition,Pothole,BROOKLYN,nan,40.58691928485088,-73.963859733817,2026-04-03 22:14:00,nan,5664.555555555556,6673.0,13,1,22.43310193605324,1,0,0.7,4,33.6,1,Medium,14,0.0,1.0,0.0,0.0
68551899,2026-04-02 13:18:31,Closed,Street Condition,Pothole,QUEENS,nan,40.71506812128565,-73.91325963583594,2026-04-03 09:31:00,nan,4959.1547619047615,4660.0,10,0,23.317210732349537,2,0,0.7,4,33.6,1,Medium,14,0.0,1.0,0.0,0.0
68530929,2026-04-01 19:14:45,Open,Street Condition,Pothole,STATEN ISLAND,nan,40.57501789208223,-74.12314230403494,,nan,23788.714285714286,2762.0,3,1,24.069826473090277,4,0,0.7,4,33.6,1,Medium,14,0.0,1.0,0.0,0.0
68541984,2026-04-02 14:17:52,Closed,Street Condition,Pothole,QUEENS,nan,40.70843848029657,-73.84857829646248,2026-04-04 22:22:00,nan,4959.1547619047615,4660.0,15,0,23.27599545457176,2,0,0.7,4,33.6,1,Medium,14,0.0,1.0,0.0,0.0
68540237,2026-04-02 09:29:36,Closed,Street Condition,Pothole,BRONX,nan,40.87077790014159,-73.88622790368267,2026-04-02 09:29:36,nan,6677.6,6655.5,18,0,23.476180639756944,3,0,0.7,4,33.6,1,Medium,14,0.0,1.0,0.0,0.0
68540732,2026-04-02 11:32:37,Closed,Street Condition,Pothole,QUEENS,nan,40.7402725268642,-73.89585124979992,2026-04-16 08:10:00,nan,4959.1547619047615,4660.0,23,0,23.390752399016204,2,0,0.7,4,33.6,1,Medium,14,0.0,1.0,0.0,0.0
68685371,2026-04-16 06:18:46,Open,Street Condition,Pothole,BRONX,nan,40.839797179573985,-73.84306425838369,,nan,6677.6,6655.5,13,0,9.608703787905092,3,0,0.7,4,33.6,1,Medium,14,0.0,1.0,0.0,0.0
68612294,2026-04-09 14:51:15,Open,Street Condition,Pothole,BRONX,nan,40.84813390830582,-73.88883653371246,,nan,6677.6,6655.5,11,1,16.25281258420139,3,0,0.7,4,33.5,1,Medium,14,0.0,1.0,0.0,0.0
68599918,2026-04-07 15:14:14,Closed,Street Condition,Pothole,BROOKLYN,HALSEY STREET,40.68261329633919,-73.94289950703879,2026-04-08 09:25:00,nan,5664.555555555556,3351.0,17,0,18.23685193605324,1,0,0.7,4,33.5,1,Medium,14,0.0,1.0,0.0,0.0
68647967,2026-04-09 11:56:36,Closed,Street Condition,Pothole,BRONX,CROES AVENUE,40.834952744916734,-73.87193165562294,2026-04-09 11:30:00,nan,6677.6,91.0,57,1,16.37409730642361,3,0,0.7,4,33.5,1,Medium,14,0.0,1.0,0.0,0.0
68619745,2026-04-10 08:19:10,Closed,Street Condition,Pothole,BRONX,nan,40.81801253627153,-73.9251851473035,2026-04-10 08:19:10,nan,6677.6,6655.5,27,1,15.525092676793982,3,0,0.7,4,33.5,1,Medium,14,0.0,1.0,0.0,0.0
68610460,2026-04-04 15:45:00,Closed,Street Condition,Pothole,QUEENS,nan,40.761265587233325,-73.87499725675143,2026-04-04 15:45:00,nan,4959.1547619047615,4660.0,13,0,21.2154861953125,2,0,0.7,4,33.5,1,Medium,14,0.0,1.0,0.0,0.0
68600480,2026-04-08 12:13:42,Pending,Street Condition,Pothole,QUEENS,nan,40.75332699978863,-73.87179261989392,,nan,4959.1547619047615,4660.0,18,1,17.36222230642361,2,0,0.7,4,33.5,1,Medium,14,0.0,1.0,0.0,0.0
68536264,2026-04-01 08:06:35,Closed,Street Condition,Pothole,QUEENS,nan,40.740426999845056,-73.89670264803654,2026-04-01 21:02:00,nan,4959.1547619047615,4660.0,27,0,24.53383110271991,2,0,0.7,4,33.5,1,Medium,14,0.0,1.0,0.0,0.0
68609684,2026-04-09 07:35:42,Open,Street Condition,Pothole,BRONX,nan,40.83228214946054,-73.90961967833861,,nan,6677.6,6655.5,14,0,16.555277861979167,3,0,0.7,4,33.5,1,Medium,14,0.0,1.0,0.0,0.0
68551887,2026-04-02 15:23:01,Closed,Street Condition,Pothole,BROOKLYN,BEDFORD AVENUE,40.66894446101502,-73.9556829210756,2026-04-03 12:42:00,nan,5664.555555555556,20193.0,20,1,23.230752399016204,1,0,0.7,4,33.5,1,Medium,14,0.0,1.0,0.0,0.0
68526197,2026-04-01 08:04:50,Closed,Street Condition,Pothole,STATEN ISLAND,nan,40.51999976751181,-74.1951917014374,2026-04-01 08:04:50,nan,23788.714285714286,2762.0,3,0,24.535046380497686,4,0,0.7,4,33.5,1,Medium,14,0.001,0.999,0.0,0.0
68689385,2026-04-15 15:37:09,Closed,Street Condition,Pothole,BROOKLYN,RALPH AVENUE,40.678288788603226,-73.92170777454093,2026-04-16 10:48:00,nan,5664.555555555556,26660.0,17,1,10.220937584201389,1,0,0.7,4,33.5,1,Medium,14,0.0,1.0,0.0,0.0
68592198,2026-04-07 14:15:50,Pending,Street Condition,Pothole,QUEENS,nan,40.76164115998199,-73.86722827615844,,nan,4959.1547619047615,4660.0,21,1,18.277407491608795,2,0,0.7,4,33.5,1,Medium,14,0.0,1.0,0.0,0.0
68515697,2026-04-01 00:35:44,Closed,Street Condition,Pothole,BROOKLYN,nan,40.62710222515573,-74.02957302865735,2026-04-03 15:10:00,nan,5664.555555555556,6673.0,9,0,24.846921380497687,1,0,0.7,4,33.5,1,Medium,14,0.0,1.0,0.0,0.0
68524600,2026-03-31 17:05:26,Closed,Street Condition,Pothole,BRONX,nan,40.828678899177014,-73.83558899585238,2026-03-31 17:05:26,nan,6677.6,6655.5,19,1,25.15962971383102,3,0,0.7,3,33.5,1,Medium,14,0.0,1.0,0.0,0.0
68587970,2026-04-07 06:32:37,Closed,Street Condition,Pothole,BRONX,nan,40.81418926045403,-73.92124444102458,2026-04-22 17:52:00,nan,6677.6,6655.5,10,1,18.599085732349536,3,0,0.7,4,33.5,1,Medium,14,0.0,1.0,0.0,0.0
68529048,2026-04-01 04:48:18,Closed,Street Condition,Pothole,BROOKLYN,nan,40.63206724302248,-73.9186023598203,2026-04-01 04:48:18,nan,5664.555555555556,6673.0,18,0,24.67152786197917,1,0,0.7,4,33.5,1,Medium,14,0.0,1.0,0.0,0.0
68528105,2026-04-01 14:30:16,Closed,Street Condition,Pothole,STATEN ISLAND,nan,40.540587527713186,-74.2215341962543,2026-04-02 08:35:00,nan,23788.714285714286,2762.0,2,0,24.267384343460648,4,0,0.7,4,33.5,1,Medium,14,0.0,1.0,0.0,0.0
68543963,2026-04-02 10:59:39,Closed,Street Condition,Pothole,QUEENS,nan,40.75438938417203,-73.89652218284081,2026-04-02 10:59:39,nan,4959.1547619047615,4660.0,17,0,23.413645917534723,2,0,0.7,4,33.5,1,Medium,14,0.0,1.0,0.0,0.0
68518870,2026-03-31 16:59:36,Closed,Street Condition,Pothole,QUEENS,nan,40.76051227156397,-73.82913339470404,2026-04-14 08:47:00,nan,4959.1547619047615,4660.0,29,1,25.163680639756947,2,0,0.7,3,33.5,1,Medium,14,0.0,1.0,0.0,0.0
68655410,2026-04-12 01:11:41,Closed,Street Condition,Pothole,BRONX,nan,40.813303113946255,-73.93039618778353,2026-04-13 16:45:00,nan,6677.6,6655.5,46,1,13.821956102719907,3,0,0.7,4,33.5,1,Medium,14,0.0,1.0,0.0,0.0
68646809,2026-04-11 22:44:16,Closed,Street Condition,Pothole,BROOKLYN,nan,40.67634313622726,-73.91092698207576,2026-04-12 20:50:00,nan,5664.555555555556,6673.0,31,1,13.924328787905093,1,0,0.7,4,33.5,1,Medium,14,0.013,0.987,0.0,0.0
68523593,2026-03-31 16:25:59,Closed,Street Condition,Pothole,QUEENS,nan,40.75486953950375,-73.82397916542038,2026-04-14 09:49:00,nan,4959.1547619047615,4660.0,9,0,25.187025547164353,2,0,0.7,3,33.5,1,Medium,14,0.0,1.0,0.0,0.0
68532348,2026-04-02 02:48:20,Closed,Street Condition,Pothole,BROOKLYN,nan,40.66507367126368,-73.92739326643189,2026-04-18 13:44:00,nan,5664.555555555556,6673.0,16,0,23.754838047164352,1,0,0.7,4,33.5,1,Medium,14,0.0,1.0,0.0,0.0
68576559,2026-04-06 08:52:54,Open,Street Condition,Pothole,BRONX,nan,40.88078229465092,-73.88346242504102,,nan,6677.6,6655.5,24,1,19.501666750868054,3,0,0.7,4,33.5,1,Medium,14,0.0,1.0,0.0,0.0
68656964,2026-04-12 01:22:37,Closed,Street Condition,Pothole,BRONX,nan,40.813303113946255,-73.93039618778353,2026-04-13 23:33:00,nan,6677.6,6655.5,46,1,13.814363510127315,3,0,0.7,4,33.5,1,Medium,14,0.0,1.0,0.0,0.0
68549313,2026-04-03 10:19:15,Closed,Street Condition,Pothole,QUEENS,nan,40.701765672958274,-73.80792594429812,2026-04-03 10:19:15,nan,4959.1547619047615,4660.0,42,1,22.441701473090276,2,0,0.7,4,33.5,1,Medium,14,0.0,1.0,0.0,0.0
68549854,2026-04-03 08:46:50,Closed,Street Condition,Pothole,QUEENS,nan,40.733497309506575,-73.87036942449794,2026-04-11 08:50:00,nan,4959.1547619047615,4660.0,44,1,22.505879713831018,2,0,0.7,4,33.5,1,Medium,14,0.0,1.0,0.0,0.0
68545864,2026-04-02 09:57:54,Closed,Street Condition,Pothole,QUEENS,nan,40.75972506846268,-73.92059773048784,2026-04-15 02:51:00,nan,4959.1547619047615,4660.0,18,0,23.456527861979165,2,0,0.7,4,33.5,1,Medium,14,0.0,1.0,0.0,0.0
68538958,2026-04-02 13:40:24,Closed,Street Condition,Pothole,BROOKLYN,nan,40.654882431881674,-73.9618803533782,2026-04-02 13:40:24,nan,5664.555555555556,6673.0,27,1,23.30201397309028,1,0,0.7,4,33.5,1,Medium,14,0.0,1.0,0.0,0.0
68616284,2026-04-09 15:42:42,Open,Street Condition,Pothole,STATEN ISLAND,nan,40.61485474409661,-74.10794752871804,,nan,23788.714285714286,2762.0,2,1,16.21708341753472,4,0,0.7,4,33.5,1,Medium,14,0.001,0.999,0.0,0.0
68584662,2026-04-06 17:11:23,Closed,Street Condition,Pothole,BROOKLYN,nan,40.704112957771954,-73.91586709054877,2026-04-06 17:11:23,nan,5664.555555555556,6673.0,25,0,19.155497769386574,1,0,0.7,4,33.5,1,Medium,14,0.0,1.0,0.0,0.0
68529478,2026-04-01 13:10:40,Pending,Street Condition,Pothole,QUEENS,nan,40.69040577848843,-73.79715165932872,,nan,4959.1547619047615,4660.0,9,0,24.322662121238427,2,0,0.7,4,33.4,1,Medium,14,0.0,1.0,0.0,0.0
68551888,2026-04-02 15:22:09,Closed,Street Condition,Pothole,BROOKLYN,ROGERS AVENUE,40.67056015502055,-73.95320891313631,2026-04-03 12:30:00,nan,5664.555555555556,15168.0,24,1,23.231354250868055,1,0,0.7,4,33.4,1,Medium,14,0.0,1.0,0.0,0.0
68605691,2026-04-08 16:41:56,Closed,Street Condition,Pothole,BROOKLYN,nan,40.69919938345269,-73.92308250532217,2026-04-22 14:01:00,nan,5664.555555555556,6673.0,26,1,17.17594915827546,1,0,0.7,4,33.4,1,Medium,14,0.0,1.0,0.0,0.0
68658985,2026-04-13 15:06:41,Open,Street Condition,Pothole,BRONX,nan,40.88816801142551,-73.84376743469198,,nan,6677.6,6655.5,12,0,12.242094991608797,3,0,0.7,4,33.4,1,Medium,14,0.001,0.999,0.0,0.0
68530454,2026-04-01 12:29:10,Closed,Street Condition,Pothole,QUEENS,nan,40.70093908820404,-73.80604572674214,2026-04-01 21:45:00,nan,4959.1547619047615,4660.0,36,1,24.351481565682874,2,0,0.7,4,33.4,1,Medium,14,0.0,1.0,0.0,0.0
68533851,2026-04-01 12:37:46,Closed,Street Condition,Pothole,BROOKLYN,nan,40.67488648224754,-73.92776111851762,2026-04-11 13:40:00,nan,5664.555555555556,6673.0,18,1,24.34550934346065,1,0,0.7,4,33.4,1,Medium,14,0.0,1.0,0.0,0.0
68614430,2026-04-04 15:45:42,Closed,Street Condition,Pothole,BRONX,nan,40.82950193743216,-73.87460889175321,2026-04-04 15:45:42,nan,6677.6,6655.5,25,1,21.21500008420139,3,0,0.7,4,33.4,1,Medium,14,0.0,1.0,0.0,0.0
68637484,2026-04-10 15:52:34,Closed,Street Condition,Pothole,QUEENS,nan,40.75875504835387,-73.73941297304661,2026-04-11 13:26:00,nan,4959.1547619047615,4660.0,15,1,15.21023156568287,2,0,0.7,4,33.4,1,Medium,14,0.0,1.0,0.0,0.0
68547168,2026-04-02 16:45:24,Closed,Street Condition,Pothole,QUEENS,nan,40.678769779748755,-73.73585340340239,2026-04-16 11:05:00,nan,4959.1547619047615,4660.0,9,1,23.173541750868054,2,0,0.7,4,33.4,1,Medium,14,0.001,0.999,0.0,0.0
68620192,2026-04-10 20:41:48,Closed,Street Condition,Pothole,STATEN ISLAND,PEACOCK LOOP,40.530451340426985,-74.2213063450376,2026-04-11 18:20:00,nan,23788.714285714286,2762.0,3,1,15.00937508420139,4,0,0.7,4,33.4,1,Medium,14,0.001,0.999,0.0,0.0
68594430,2026-04-07 14:13:28,Closed,Street Condition,Pothole,QUEENS,nan,40.74929881758225,-73.89757673580544,2026-04-07 14:13:28,nan,4959.1547619047615,4660.0,47,0,18.279051010127315,2,0,0.7,4,33.4,1,Medium,14,0.0,1.0,0.0,0.0
68658989,2026-04-13 07:38:02,Open,Street Condition,Pothole,BRONX,nan,40.856895816531086,-73.85715842488324,,nan,6677.6,6655.5,23,1,12.553657491608796,3,0,0.7,4,33.4,1,Medium,14,0.0,1.0,0.0,0.0
68608400,2026-04-09 19:54:45,Closed,Street Condition,Pothole,STATEN ISLAND,nan,40.55894997332204,-74.12550231876605,2026-04-11 21:40:00,nan,23788.714285714286,2762.0,2,0,16.0420486953125,4,0,0.7,4,33.4,1,Medium,14,0.0,1.0,0.0,0.0
68609171,2026-04-09 19:53:14,Closed,Street Condition,Pothole,STATEN ISLAND,nan,40.55785348035161,-74.12669865364474,2026-04-09 19:53:14,nan,23788.714285714286,2762.0,2,0,16.04310193605324,4,0,0.7,4,33.4,1,Medium,14,0.0,1.0,0.0,0.0
68666483,2026-04-14 16:20:50,Closed,Street Condition,Pothole,BRONX,nan,40.86874961696823,-73.8949630643024,2026-04-14 16:20:50,nan,6677.6,6655.5,19,1,11.190601936053241,3,0,0.7,4,33.4,1,Medium,14,0.0,1.0,0.0,0.0
68541492,2026-04-02 07:32:04,Closed,Street Condition,Pothole,BRONX,nan,40.82815020067192,-73.91167408848696,2026-04-02 07:32:04,nan,6677.6,6655.5,12,1,23.557801010127314,3,0,0.7,4,33.4,1,Medium,14,0.0,1.0,0.0,0.0
68578858,2026-04-05 15:00:35,Closed,Street Condition,Pothole,BROOKLYN,PINE STREET,40.67407888314418,-73.87064353697681,2026-04-06 10:15:00,nan,5664.555555555556,6673.0,25,1,20.246331102719907,1,0,0.7,4,33.4,1,Medium,14,0.0,1.0,0.0,0.0
68657439,2026-04-13 14:13:37,Open,Street Condition,Pothole,BROOKLYN,nan,40.61910563757932,-73.95830950968423,,nan,5664.555555555556,6673.0,10,1,12.278946843460648,1,0,0.7,4,33.4,1,Medium,14,0.014,0.986,0.0,0.0
68578039,2026-04-06 16:13:47,Closed,Street Condition,Pothole,QUEENS,nan,40.6969408650189,-73.80658748354541,2026-04-15 21:45:00,nan,4959.1547619047615,4660.0,23,1,19.195497769386574,2,0,0.7,4,33.4,1,Medium,14,0.0,1.0,0.0,0.0
68596400,2026-04-07 14:03:11,Closed,Street Condition,Pothole,BROOKLYN,nan,40.639619430604675,-73.92042356802314,2026-04-11 11:25:00,nan,5664.555555555556,6673.0,13,0,18.28619221383102,1,0,0.7,4,33.4,1,Medium,14,0.0,1.0,0.0,0.0
68519891,2026-03-31 19:13:21,Closed,Street Condition,Pothole,QUEENS,nan,40.667522405001336,-73.78062518365624,2026-03-31 19:13:21,nan,4959.1547619047615,4660.0,36,1,25.0707986953125,2,0,0.7,3,33.4,1,Medium,14,0.0,1.0,0.0,0.0
68615785,2026-04-09 17:06:36,Closed,Street Condition,Pothole,QUEENS,nan,40.69165179668416,-73.77919714574149,2026-04-09 17:06:36,nan,4959.1547619047615,4660.0,11,1,16.158819528645832,2,0,0.7,4,33.4,1,Medium,14,0.002,0.998,0.0,0.0
68650968,2026-04-13 13:35:53,Closed,Street Condition,Pothole,BRONX,nan,40.88136272908464,-73.90938299177161,2026-04-13 13:35:53,nan,6677.6,6655.5,10,0,12.305150547164352,3,0,0.7,4,33.4,1,Medium,14,0.0,1.0,0.0,0.0
68529500,2026-04-01 19:54:22,Closed,Street Condition,Pothole,QUEENS,nan,40.74466900121858,-73.93168408303255,2026-04-11 03:20:00,nan,4959.1547619047615,4660.0,18,0,24.042314899016205,2,0,0.7,4,33.4,1,Medium,14,0.0,1.0,0.0,0.0
68516709,2026-03-31 12:54:27,Closed,Street Condition,Pothole,BROOKLYN,nan,40.69942773009148,-73.91230985742006,2026-04-11 12:20:00,nan,5664.555555555556,6673.0,26,1,25.333923695312503,1,0,0.7,3,33.4,1,Medium,14,0.0,1.0,0.0,0.0
68517239,2026-03-31 16:20:45,Open,Street Condition,Pothole,BRONX,nan,40.86831999695185,-73.83315893248766,,nan,6677.6,6655.5,28,0,25.190659806423614,3,0,0.7,3,33.4,1,Medium,14,0.0,1.0,0.0,0.0
68585184,2026-04-06 19:32:13,Open,Street Condition,Pothole,BRONX,nan,40.87616647519668,-73.88150702155092,,nan,6677.6,6655.5,13,1,19.057696843460647,3,0,0.7,4,33.4,1,Medium,14,0.0,1.0,0.0,0.0
68592220,2026-04-07 13:39:18,Closed,Street Condition,Pothole,BROOKLYN,nan,40.636326482088855,-73.95839963535299,2026-04-18 13:01:00,nan,5664.555555555556,6673.0,13,1,18.302777861979166,1,0,0.7,4,33.4,1,Medium,14,0.001,0.999,0.0,0.0
68540751,2026-04-02 20:12:31,Closed,Street Condition,Pothole,BROOKLYN,nan,40.6927604557095,-73.9277814197015,2026-04-03 08:25:00,nan,5664.555555555556,6673.0,12,0,23.029710732349535,1,0,0.7,4,33.3,1,Medium,14,0.0,1.0,0.0,0.0
68642598,2026-04-12 15:22:01,Open,Street Condition,Pothole,BRONX,nan,40.819058076902294,-73.92921958719643,,nan,6677.6,6655.5,42,1,13.231446843460647,3,0,0.7,4,33.3,1,Medium,14,0.0,1.0,0.0,0.0
68548508,2026-04-03 12:04:58,Closed,Street Condition,Pothole,QUEENS,nan,40.745941419306114,-73.90005402230014,2026-04-11 21:45:00,nan,4959.1547619047615,4660.0,13,0,22.368287121238424,2,0,0.7,4,33.3,1,Medium,14,0.0,1.0,0.0,0.0
68547966,2026-04-02 12:26:49,Closed,Street Condition,Pothole,BROOKLYN,EAST   16 STREET,40.61646257418354,-73.9587866163889,2026-04-03 09:39:00,nan,5664.555555555556,6673.0,9,1,23.353113510127315,1,0,0.7,4,33.3,1,Medium,14,0.0,1.0,0.0,0.0
68576578,2026-04-06 08:35:15,Closed,Street Condition,Pothole,QUEENS,nan,40.751544596619894,-73.87084320922126,2026-04-18 12:30:00,nan,4959.1547619047615,4660.0,28,1,19.5139236953125,2,0,0.7,4,33.3,1,Medium,14,0.0,1.0,0.0,0.0
68553733,2026-04-03 12:17:37,Pending,Street Condition,Pothole,QUEENS,nan,40.7487179265672,-73.87369987308341,,nan,4959.1547619047615,4660.0,18,0,22.359502399016204,2,0,0.7,4,33.3,1,Medium,14,0.0,1.0,0.0,0.0
68544501,2026-04-02 21:35:10,Closed,Street Condition,Pothole,QUEENS,nan,40.66711593551115,-73.83464990083665,2026-04-14 15:18:00,nan,4959.1547619047615,4660.0,27,0,22.972314899016204,2,0,0.7,4,33.3,1,Medium,14,0.0,1.0,0.0,0.0
68526189,2026-04-02 01:53:42,Closed,Street Condition,Pothole,BRONX,nan,40.830136980901635,-73.89187665421247,2026-04-02 01:53:42,nan,6677.6,6655.5,9,0,23.792777861979168,3,0,0.7,4,33.3,1,Medium,14,0.0,1.0,0.0,0.0
68593093,2026-04-07 14:17:05,Closed,Street Condition,Pothole,BROOKLYN,nan,40.688370063222735,-73.94491023273594,2026-04-07 14:17:05,nan,5664.555555555556,6673.0,13,1,18.27653943605324,1,0,0.7,4,33.3,1,Medium,14,0.0,1.0,0.0,0.0
68609683,2026-04-09 07:44:07,Open,Street Condition,Pothole,BRONX,nan,40.83062570981095,-73.9045051638271,,nan,6677.6,6655.5,13,1,16.54943295457176,3,0,0.7,4,33.3,1,Medium,14,0.0,1.0,0.0,0.0
68610463,2026-04-04 09:43:07,Closed,Street Condition,Pothole,QUEENS,nan,40.753902194423326,-73.90121512412604,2026-04-04 09:43:07,nan,4959.1547619047615,4660.0,9,0,21.46679406568287,2,0,0.7,4,33.3,1,Medium,14,0.0,1.0,0.0,0.0
68688395,2026-04-16 06:18:06,Open,Street Condition,Pothole,BRONX,nan,40.84016709912428,-73.84261162869595,,nan,6677.6,6655.5,20,0,9.609166750868056,3,0,0.7,4,33.3,1,Medium,14,0.0,1.0,0.0,0.0
68523046,2026-03-31 21:28:22,Closed,Street Condition,Pothole,BROOKLYN,nan,40.69579116172514,-73.933118956802,2026-03-31 21:28:22,nan,5664.555555555556,6673.0,32,1,24.97703712123843,1,0,0.7,3,33.3,1,Medium,14,0.0,1.0,0.0,0.0
68603855,2026-04-07 15:38:24,Closed,Street Condition,Pothole,BROOKLYN,41 STREET,40.653609170631334,-74.01082985237502,2026-04-08 08:15:00,nan,5664.555555555556,6673.0,18,0,18.220069528645833,1,0,0.7,4,33.3,1,Medium,14,0.0,1.0,0.0,0.0
68576561,2026-04-05 15:48:52,Closed,Street Condition,Pothole,BROOKLYN,nan,40.68634583551444,-73.92339660632008,2026-04-23 13:50:00,nan,5664.555555555556,6673.0,14,1,20.212801010127315,1,0,0.7,4,33.3,1,Medium,14,0.0,1.0,0.0,0.0
68610490,2026-04-07 11:26:37,Closed,Street Condition,Pothole,BROOKLYN,nan,40.708369632506496,-73.92306110314539,2026-04-08 08:56:00,nan,5664.555555555556,6673.0,13,0,18.39491906568287,1,0,0.7,4,33.2,1,Medium,14,0.0,1.0,0.0,0.0
68602543,2026-04-08 18:25:40,Closed,Street Condition,Pothole,BRONX,nan,40.83104543873579,-73.8806984426846,2026-04-08 18:25:40,nan,6677.6,6655.5,8,1,17.103912121238427,3,0,0.7,4,33.2,1,Medium,14,0.001,0.999,0.0,0.0
68553716,2026-04-02 15:30:08,Closed,Street Condition,Pothole,BROOKLYN,AVENUE D,40.64106181594063,-73.94651671167007,2026-04-07 14:45:00,nan,5664.555555555556,13676.0,16,0,23.225810269386574,1,0,0.7,4,33.2,1,Medium,14,0.0,1.0,0.0,0.0
68590826,2026-04-07 10:44:12,Closed,Street Condition,Pothole,QUEENS,GRAND CENTRAL PARKWAY,40.722230159712126,-73.77717655780093,2026-04-09 12:45:00,nan,4959.1547619047615,4660.0,23,0,18.42437508420139,2,0,0.7,4,33.2,1,Medium,14,0.0,1.0,0.0,0.0
68526198,2026-04-01 08:02:37,Closed,Street Condition,Pothole,STATEN ISLAND,nan,40.53440150529732,-74.18546288535472,2026-04-01 08:02:37,nan,23788.714285714286,2762.0,0,0,24.53658573234954,4,0,0.7,4,33.2,1,Medium,14,0.002,0.998,0.0,0.0
68608428,2026-04-09 09:08:35,Pending,Street Condition,Pothole,QUEENS,nan,40.69339652638152,-73.78893145950329,,nan,4959.1547619047615,4660.0,10,1,16.49077554716435,2,0,0.7,4,33.2,1,Medium,14,0.001,0.999,0.0,0.0
68660642,2026-04-14 07:36:25,Open,Street Condition,Pothole,BRONX,nan,40.84448941674184,-73.84623376474096,,nan,6677.6,6655.5,17,0,11.554780176793981,3,0,0.7,4,33.2,1,Medium,14,0.0,1.0,0.0,0.0
68574647,2026-04-06 09:24:16,Closed,Street Condition,Pothole,BROOKLYN,nan,40.67712231074169,-73.90046360184252,2026-04-06 09:24:16,nan,5664.555555555556,6673.0,19,1,19.479884343460647,1,0,0.7,4,33.2,1,Medium,14,0.0,1.0,0.0,0.0
68668063,2026-04-14 09:39:00,Closed,Street Condition,Pothole,BRONX,nan,40.86874961696823,-73.8949630643024,2026-04-14 09:39:00,nan,6677.6,6655.5,19,1,11.469652861979167,3,0,0.7,4,33.2,1,Medium,14,0.0,1.0,0.0,0.0
68658505,2026-04-13 11:42:13,Closed,Street Condition,Pothole,BROOKLYN,nan,40.67634313622726,-73.91092698207576,2026-04-13 11:42:13,nan,5664.555555555556,6673.0,31,1,12.384085732349536,1,0,0.7,4,33.2,1,Medium,14,0.009,0.991,0.0,0.0
68597177,2026-04-08 11:11:23,Closed,Street Condition,Pothole,QUEENS,nan,40.75438938417203,-73.89652218284081,2026-04-08 11:11:23,nan,4959.1547619047615,4660.0,17,0,17.405497769386574,2,0,0.7,4,33.2,1,Medium,14,0.0,1.0,0.0,0.0
68533355,2026-04-01 15:11:44,Closed,Street Condition,Pothole,QUEENS,nan,40.70442391454814,-73.79284948963108,2026-04-01 17:59:00,nan,4959.1547619047615,4660.0,18,0,24.238588047164352,2,0,0.7,4,33.2,1,Medium,14,0.0,1.0,0.0,0.0
68575203,2026-04-05 09:52:55,Closed,Street Condition,Pothole,BROOKLYN,nan,40.59498359267363,-73.94952066208792,2026-04-11 17:33:00,nan,5664.555555555556,6673.0,11,0,20.459988510127314,1,0,0.7,4,33.2,1,Medium,14,0.0,1.0,0.0,0.0
68674930,2026-04-15 12:25:40,Open,Street Condition,Pothole,BROOKLYN,nan,40.70028049866335,-73.94114966404247,,nan,5664.555555555556,6673.0,46,1,10.353912121238425,1,0,0.7,4,33.2,1,Medium,14,0.001,0.999,0.0,0.0
68651459,2026-04-13 22:52:38,Closed,Street Condition,Pothole,BRONX,nan,40.841521022215225,-73.87459346550746,2026-04-15 13:00:00,nan,6677.6,6655.5,12,1,11.918518602719907,3,0,0.7,4,33.2,1,Medium,14,0.001,0.999,0.0,0.0
68593067,2026-04-07 12:43:43,Closed,Street Condition,Pothole,BRONX,nan,40.8805075666858,-73.88595088419072,2026-04-07 12:43:43,nan,6677.6,6655.5,15,1,18.341377399016203,3,0,0.7,4,33.2,1,Medium,14,0.0,1.0,0.0,0.0
68660021,2026-04-14 08:43:06,Closed,Street Condition,Pothole,BRONX,nan,40.88270955300674,-73.88124583052429,2026-04-14 08:43:06,nan,6677.6,6655.5,22,0,11.508472306423611,3,0,0.7,4,33.2,1,Medium,14,0.0,1.0,0.0,0.0
68621079,2026-04-09 22:55:29,Closed,Street Condition,Pothole,BROOKLYN,5 AVENUE,40.67835744967798,-73.97913262979083,2026-04-10 18:50:00,nan,5664.555555555556,6673.0,10,1,15.91653943605324,1,0,0.7,4,33.2,1,Medium,14,0.002,0.998,0.0,0.0
68521387,2026-03-31 14:01:50,Closed,Street Condition,Pothole,QUEENS,nan,40.73911404167521,-73.88974013991411,2026-03-31 21:14:00,nan,4959.1547619047615,4660.0,12,1,25.28712971383102,2,0,0.7,3,33.2,1,Medium,14,0.001,0.999,0.0,0.0
68661638,2026-04-14 16:04:44,Closed,Street Condition,Pothole,BRONX,nan,40.84042677415491,-73.92238795172126,2026-04-14 16:04:44,nan,6677.6,6655.5,14,0,11.201782491608796,3,0,0.7,4,33.2,1,Medium,14,0.0,1.0,0.0,0.0
68583759,2026-04-06 14:55:55,Open,Street Condition,Pothole,BROOKLYN,nan,40.6394354865525,-74.00545881573969,,nan,5664.555555555556,6673.0,11,1,19.249571843460647,1,0,0.7,4,33.2,1,Medium,14,0.0,1.0,0.0,0.0
68552420,2026-04-03 15:17:09,Open,Street Condition,Pothole,BRONX,nan,40.83647430985659,-73.86093899622307,,nan,6677.6,6655.5,8,1,22.234826473090276,3,0,0.7,4,33.2,1,Medium,14,0.001,0.999,0.0,0.0
68520415,2026-03-31 15:04:03,Closed,Street Condition,Pothole,BROOKLYN,nan,40.61715986833423,-73.96774069969408,2026-04-16 23:00:00,nan,5664.555555555556,6673.0,14,0,25.243923695312503,1,0,0.7,3,33.2,1,Medium,14,0.0,1.0,0.0,0.0
68611026,2026-04-09 07:48:06,Open,Street Condition,Pothole,BRONX,nan,40.846688650641546,-73.90558811258173,,nan,6677.6,6655.5,11,1,16.546666750868056,3,0,0.7,4,33.2,1,Medium,14,0.0,1.0,0.0,0.0
68518874,2026-03-31 14:54:48,Pending,Street Condition,Pothole,QUEENS,nan,40.708346383549326,-73.8495126950802,,nan,4959.1547619047615,4660.0,9,0,25.250347306423613,2,0,0.7,3,33.2,1,Medium,14,0.0,1.0,0.0,0.0
68521390,2026-03-31 13:07:24,Closed,Street Condition,Pothole,QUEENS,nan,40.70186221182831,-73.89271584845496,2026-03-31 13:07:24,nan,4959.1547619047615,4660.0,8,1,25.324930639756946,2,0,0.7,3,33.2,1,Medium,14,0.001,0.999,0.0,0.0
68580863,2026-04-06 18:38:58,Closed,Street Condition,Pothole,BROOKLYN,nan,40.65626328033051,-73.8957265132021,2026-04-21 15:12:00,nan,5664.555555555556,6673.0,30,1,19.094676010127316,1,0,0.7,4,33.2,1,Medium,14,0.0,1.0,0.0,0.0
68590822,2026-04-07 14:15:42,Closed,Street Condition,Pothole,QUEENS,nan,40.7604952093107,-73.86138640456161,2026-04-15 18:55:00,nan,4959.1547619047615,4660.0,20,1,18.27750008420139,2,0,0.7,4,33.2,1,Medium,14,0.0,1.0,0.0,0.0
68583777,2026-04-06 17:27:20,Closed,Street Condition,Pothole,QUEENS,nan,40.75454734016645,-73.86602604453657,2026-04-18 12:17:00,nan,4959.1547619047615,4660.0,13,1,19.144421380497686,2,0,0.7,4,33.2,1,Medium,14,0.0,0.999,0.0,0.0
68616269,2026-04-09 18:01:33,Open,Street Condition,Pothole,BRONX,nan,40.878132835114705,-73.90670061949659,,nan,6677.6,6655.5,22,1,16.12065980642361,3,0,0.7,4,33.2,1,Medium,14,0.0,1.0,0.0,0.0
68557162,2026-04-03 16:59:33,Closed,Street Condition,Pothole,QUEENS,nan,40.74313792617544,-73.9158466803171,2026-04-03 16:59:33,nan,4959.1547619047615,4660.0,20,0,22.163715361979165,2,0,0.7,4,33.2,1,Medium,14,0.0,1.0,0.0,0.0
68579387,2026-04-06 15:26:31,Open,Street Condition,Pothole,BROOKLYN,nan,40.67566320795236,-73.92768817444949,,nan,5664.555555555556,6673.0,20,1,19.228321843460648,1,0,0.7,4,33.2,1,Medium,14,0.0,1.0,0.0,0.0
68635015,2026-04-10 11:22:24,Closed,Street Condition,Pothole,BROOKLYN,nan,40.64300505727438,-73.9526228697136,2026-04-11 11:55:00,nan,5664.555555555556,6673.0,10,0,15.39784730642361,1,0,0.7,4,33.2,1,Medium,14,0.001,0.999,0.0,0.0
68658506,2026-04-12 01:15:50,Closed,Street Condition,Pothole,BRONX,nan,40.8123388334372,-73.92894856748539,2026-04-13 18:25:00,nan,6677.6,6655.5,25,1,13.819074158275463,3,0,0.7,4,33.2,1,Medium,14,0.0,1.0,0.0,0.0
68701085,2026-04-17 13:32:01,Closed,Street Condition,Pothole,BRONX,nan,40.85712851005098,-73.88079263989022,2026-04-17 13:32:01,nan,6677.6,6655.5,28,1,8.307835732349536,3,0,0.7,4,33.2,1,Medium,14,0.0,1.0,0.0,0.0
68526196,2026-04-01 15:00:47,Closed,Street Condition,Pothole,STATEN ISLAND,nan,40.61128577145379,-74.1087305216148,2026-04-01 15:00:47,nan,23788.714285714286,2762.0,0,0,24.24619221383102,4,0,0.7,4,33.2,1,Medium,14,0.001,0.999,0.0,0.0
68600490,2026-04-08 22:39:00,Closed,Street Condition,Pothole,BROOKLYN,nan,40.690468637693705,-73.9878912652697,2026-04-17 12:45:00,nan,5664.555555555556,6673.0,30,1,16.9279861953125,1,0,0.7,4,33.2,1,Medium,14,0.006,0.994,0.0,0.0
68610480,2026-04-04 13:35:10,Closed,Street Condition,Pothole,BRONX,nan,40.85712851005098,-73.88079263989022,2026-04-04 13:35:10,nan,6677.6,6655.5,28,1,21.305648232349537,3,0,0.7,4,33.2,1,Medium,14,0.0,1.0,0.0,0.0
68584681,2026-04-07 01:45:48,Closed,Street Condition,Pothole,QUEENS,nan,40.761265587233325,-73.87499725675143,2026-04-07 01:45:48,nan,4959.1547619047615,4660.0,13,0,18.79826397309028,2,0,0.7,4,33.2,1,Medium,14,0.0,1.0,0.0,0.0
68609682,2026-04-09 08:52:01,Open,Street Condition,Pothole,BRONX,nan,40.829138081039375,-73.91139092775155,,nan,6677.6,6655.5,14,1,16.50228017679398,3,0,0.7,4,33.2,1,Medium,14,0.0,1.0,0.0,0.0
68557144,2026-04-02 15:31:41,Closed,Street Condition,Pothole,BROOKLYN,EAST   80 STREET,40.634260858513045,-73.91187306803344,2026-04-03 14:45:00,nan,5664.555555555556,6673.0,16,1,23.224733880497684,1,0,0.7,4,33.1,1,Medium,14,0.0,1.0,0.0,0.0
68749438,2026-04-21 17:48:21,Open,Street Condition,Pothole,STATEN ISLAND,nan,40.57592710793052,-74.09659578324302,,nan,23788.714285714286,2762.0,4,0,4.129826473090278,4,0,0.7,4,33.1,1,Medium,14,0.0,1.0,0.0,0.0
68741365,2026-04-20 15:49:08,Closed,Street Condition,Pothole,BROOKLYN,CRESCENT STREET,40.682473703715175,-73.87179904280133,2026-04-21 13:45:00,nan,5664.555555555556,9454.0,21,1,5.212615824942129,1,0,0.7,4,33.1,1,Medium,14,0.001,0.999,0.0,0.0
68603838,2026-04-08 12:12:48,Closed,Street Condition,Pothole,QUEENS,nan,40.751544596619894,-73.87084320922126,2026-04-08 12:12:48,nan,4959.1547619047615,4660.0,28,1,17.36284730642361,2,0,0.7,4,33.1,1,Medium,14,0.0,1.0,0.0,0.0
68656965,2026-04-12 01:13:08,Closed,Street Condition,Pothole,BRONX,nan,40.81262177278995,-73.92932758379884,2026-04-13 17:35:00,nan,6677.6,6655.5,31,1,13.820949158275463,3,0,0.7,4,33.1,1,Medium,14,0.0,1.0,0.0,0.0
68583196,2026-04-05 14:43:55,Closed,Street Condition,Pothole,QUEENS,nan,40.6789705621564,-73.75983886670711,2026-04-05 14:43:55,nan,4959.1547619047615,4660.0,15,0,20.25790517679398,2,0,0.7,4,33.1,1,Medium,14,0.0,1.0,0.0,0.0
68609704,2026-04-04 09:38:31,Closed,Street Condition,Pothole,BROOKLYN,nan,40.724202005549955,-73.93764704894694,2026-04-10 10:20:00,nan,5664.555555555556,6673.0,52,1,21.469988510127315,1,0,0.7,4,33.1,1,Medium,14,0.0,1.0,0.0,0.0
68660038,2026-04-13 16:33:36,Closed,Street Condition,Pothole,BROOKLYN,nan,40.68890317557533,-73.98092864957985,2026-04-14 09:40:00,nan,5664.555555555556,6673.0,47,0,12.1817361953125,1,0,0.7,4,33.1,1,Medium,14,0.0,1.0,0.0,0.0
68544505,2026-04-02 16:43:36,Closed,Street Condition,Pothole,QUEENS,nan,40.665495969932095,-73.75572046401884,2026-04-16 09:15:00,nan,4959.1547619047615,4660.0,32,1,23.174791750868057,2,0,0.7,4,33.1,1,Medium,14,0.0,1.0,0.0,0.0
68656966,2026-04-09 12:01:00,Closed,Street Condition,Pothole,BRONX,CROSS BRONX EXPRESSWAY,40.83162654232482,-73.85597682662345,2026-04-11 12:05:00,nan,6677.6,6655.5,18,1,16.371041750868056,3,0,0.7,4,33.1,1,Medium,14,0.0,1.0,0.0,0.0
68608401,2026-04-09 11:25:59,Open,Street Condition,Pothole,STATEN ISLAND,nan,40.542237188769995,-74.16813893762091,,nan,23788.714285714286,2762.0,1,1,16.395358880497685,4,0,0.7,4,33.1,1,Medium,14,0.001,0.999,0.0,0.0
68613116,2026-04-07 11:26:11,Closed,Street Condition,Pothole,BROOKLYN,nan,40.70739323184536,-73.92416953408677,2026-04-08 08:33:00,nan,5664.555555555556,6673.0,15,0,18.395219991608798,1,0,0.7,4,33.1,1,Medium,14,0.0,1.0,0.0,0.0
68576033,2026-04-05 16:02:04,Closed,Street Condition,Pothole,BRONX,nan,40.833965234391094,-73.86289203458179,2026-04-05 16:02:04,nan,6677.6,6655.5,55,1,20.20363434346065,3,0,0.7,4,33.1,1,Medium,14,0.0,1.0,0.0,0.0
68637493,2026-04-11 16:09:51,Closed,Street Condition,Pothole,BRONX,nan,40.834524449975376,-73.87182406761943,2026-04-11 16:09:51,nan,6677.6,6655.5,13,1,14.198229250868055,3,0,0.7,4,33.1,1,Medium,14,0.0,1.0,0.0,0.0
68617613,2026-04-09 03:09:25,Closed,Street Condition,Pothole,BROOKLYN,nan,40.68304991241459,-73.97376251912186,2026-04-18 13:20:00,nan,5664.555555555556,6673.0,27,1,16.740196843460648,1,0,0.7,4,33.1,1,Medium,14,0.003,0.997,0.0,0.0
68524612,2026-03-31 18:05:51,Closed,Street Condition,Pothole,QUEENS,nan,40.75081066130112,-73.89397603362802,2026-03-31 18:05:51,nan,4959.1547619047615,4660.0,10,1,25.1176736953125,2,0,0.7,3,33.1,1,Medium,14,0.0,1.0,0.0,0.0
68583214,2026-04-04 23:07:24,Closed,Street Condition,Pothole,BROOKLYN,nan,40.688370063222735,-73.94491023273594,2026-04-05 16:45:00,nan,5664.555555555556,6673.0,13,1,20.90826397309028,1,0,0.7,4,33.1,1,Medium,14,0.0,1.0,0.0,0.0
68587993,2026-04-07 08:25:34,Closed,Street Condition,Pothole,QUEENS,nan,40.74961392028121,-73.9510528688439,2026-04-15 05:55:00,nan,4959.1547619047615,4660.0,11,1,18.520648232349536,2,0,0.7,4,33.1,1,Medium,14,0.001,0.999,0.0,0.0
68556353,2026-04-03 21:37:15,Closed,Street Condition,Pothole,BROOKLYN,nan,40.69673632583382,-73.93479853350624,2026-04-11 11:02:00,nan,5664.555555555556,6673.0,43,1,21.970868139756945,1,0,0.7,4,33.1,1,Medium,14,0.0,1.0,0.0,0.0
68614440,2026-04-04 20:02:11,Closed,Street Condition,Pothole,BROOKLYN,nan,40.688370063222735,-73.94491023273594,2026-04-04 20:02:11,nan,5664.555555555556,6673.0,13,1,21.036886658275463,1,0,0.7,4,33.1,1,Medium,14,0.0,1.0,0.0,0.0
68595006,2026-04-07 10:45:47,Closed,Street Condition,Pothole,QUEENS,nan,40.70892653589265,-73.77731841618792,2026-04-18 11:10:00,nan,4959.1547619047615,4660.0,17,0,18.42327554716435,2,0,0.7,4,33.1,1,Medium,14,0.0,1.0,0.0,0.0
68610466,2026-04-09 23:33:29,Closed,Street Condition,Pothole,BRONX,nan,40.8596195038866,-73.91328439983843,2026-04-09 23:33:29,nan,6677.6,6655.5,10,1,15.890150547164351,3,0,0.7,4,33.1,1,Medium,14,0.0,1.0,0.0,0.0
68581768,2026-04-06 14:32:24,Closed,Street Condition,Pothole,QUEENS,nan,40.7133022297564,-73.80809830928858,2026-04-06 21:20:00,nan,4959.1547619047615,4660.0,18,1,19.265902861979168,2,0,0.7,4,33.1,1,Medium,14,0.0,1.0,0.0,0.0
68528099,2026-04-01 16:39:18,Open,Street Condition,Pothole,BRONX,nan,40.81103299474793,-73.92148659886793,,nan,6677.6,6655.5,8,1,24.177777861979166,3,0,0.7,4,33.1,1,Medium,14,0.0,1.0,0.0,0.0
68542767,2026-04-03 03:02:19,Closed,Street Condition,Pothole,BROOKLYN,nan,40.693287927828486,-73.97385585470701,2026-04-03 03:02:19,nan,5664.555555555556,6673.0,16,1,22.745127399016205,1,0,0.7,4,33.1,1,Medium,14,0.0,1.0,0.0,0.0
68758767,2026-04-22 11:05:35,Open,Street Condition,Pothole,BRONX,nan,40.83543784774647,-73.86411407732459,,nan,6677.6,6655.5,35,1,3.4095255471643515,3,0,0.7,4,33.1,1,Medium,14,0.0,1.0,0.0,0.0
68529064,2026-04-01 15:46:06,Closed,Street Condition,Pothole,QUEENS,nan,40.70442391454814,-73.79284948963108,2026-04-01 15:46:06,nan,4959.1547619047615,4660.0,18,0,24.21472230642361,2,0,0.7,4,33.1,1,Medium,14,0.0,1.0,0.0,0.0
68576046,2026-04-06 08:18:45,Closed,Street Condition,Pothole,QUEENS,nan,40.76935266656995,-73.83257651909997,2026-04-06 08:18:45,nan,4959.1547619047615,4660.0,12,1,19.525382028645833,2,0,0.7,4,33.1,1,Medium,14,0.001,0.999,0.0,0.0
68529498,2026-04-01 21:17:58,Closed,Street Condition,Pothole,QUEENS,nan,40.75064627068569,-73.9456563645553,2026-04-11 02:53:00,nan,4959.1547619047615,4660.0,11,1,23.984259343460646,2,0,0.7,4,33.1,1,Medium,14,0.0,1.0,0.0,0.0
68607839,2026-04-09 23:41:28,Closed,Street Condition,Pothole,BRONX,nan,40.8596195038866,-73.91328439983843,2026-04-09 23:41:28,nan,6677.6,6655.5,10,1,15.884606565682871,3,0,0.7,4,33.1,1,Medium,14,0.0,1.0,0.0,0.0
68626308,2026-04-10 08:39:34,Closed,Street Condition,Pothole,QUEENS,nan,40.6950905500885,-73.74573104254247,2026-04-10 08:39:34,nan,4959.1547619047615,4660.0,11,0,15.510926010127315,2,0,0.7,4,33.1,1,Medium,14,0.001,0.999,0.0,0.0
68536296,2026-04-01 14:57:20,Closed,Street Condition,Pothole,QUEENS,nan,40.74089617616554,-73.89960689847297,2026-04-01 14:57:20,nan,4959.1547619047615,4660.0,32,1,24.24858804716435,2,0,0.7,4,33.1,1,Medium,14,0.0,1.0,0.0,0.0
68581757,2026-04-05 09:07:45,Closed,Street Condition,Pothole,BRONX,nan,40.8400832539299,-73.88019072445536,2026-04-05 09:07:45,nan,6677.6,6655.5,18,0,20.491354250868056,3,0,0.7,4,33.1,1,Medium,14,0.0,1.0,0.0,0.0
68596391,2026-04-07 08:22:46,Closed,Street Condition,Pothole,QUEENS,nan,40.78166663756555,-73.82770697459341,2026-04-18 09:25:00,nan,4959.1547619047615,4660.0,15,0,18.52259267679398,2,0,0.7,4,33.1,1,Medium,14,0.0,1.0,0.0,0.0
68523589,2026-03-31 16:53:40,Closed,Street Condition,Pothole,QUEENS,nan,40.787728093075245,-73.84590984475533,2026-04-11 13:30:00,nan,4959.1547619047615,4660.0,9,0,25.167801010127317,2,0,0.7,3,33.1,1,Medium,14,0.0,1.0,0.0,0.0
68533322,2026-04-01 08:24:59,Closed,Street Condition,Pothole,QUEENS,nan,40.70233518649096,-73.8907278611159,2026-04-01 17:24:00,nan,4959.1547619047615,4660.0,9,1,24.521053324942134,2,0,0.7,4,33.0,1,Medium,14,0.0,1.0,0.0,0.0
68526183,2026-04-01 20:04:01,Closed,Street Condition,Pothole,BROOKLYN,nan,40.693287927828486,-73.97385585470701,2026-04-01 20:04:01,nan,5664.555555555556,6673.0,16,1,24.035613510127316,1,0,0.7,4,33.0,1,Medium,14,0.0,1.0,0.0,0.0
68581778,2026-04-06 00:02:17,Closed,Street Condition,Pothole,QUEENS,nan,40.68111153156775,-73.76117598695636,2026-04-06 00:02:17,nan,4959.1547619047615,4660.0,16,0,19.87015054716435,2,0,0.7,4,33.0,1,Medium,14,0.0,1.0,0.0,0.0
68734524,2026-04-20 11:32:56,Open,Street Condition,Pothole,BROOKLYN,nan,40.617705698010106,-73.95804743759675,,nan,5664.555555555556,6673.0,10,1,5.390532491608796,1,0,0.7,4,33.0,1,Medium,14,0.008,0.992,0.0,0.0
68583245,2026-04-05 23:53:15,Closed,Street Condition,Pothole,QUEENS,nan,40.6950905500885,-73.74573104254247,2026-04-05 23:53:15,nan,4959.1547619047615,4660.0,11,0,19.8764236953125,2,0,0.7,4,33.0,1,Medium,14,0.0,1.0,0.0,0.0
68576007,2026-04-05 12:24:04,Closed,Street Condition,Pothole,QUEENS,nan,40.75438938417203,-73.89652218284081,2026-04-05 12:24:04,nan,4959.1547619047615,4660.0,17,0,20.355023232349538,2,0,0.7,4,33.0,1,Medium,14,0.0,1.0,0.0,0.0
68752185,2026-04-22 16:06:43,Open,Street Condition,Pothole,BRONX,nan,40.84382931737717,-73.88791847835677,,nan,6677.6,6655.5,13,1,3.200405176793981,3,0,0.7,4,33.0,1,Medium,14,0.0,1.0,0.0,0.0
68601798,2026-04-08 06:43:20,Closed,Street Condition,Pothole,QUEENS,nan,40.69442525063582,-73.80093671681877,2026-04-15 21:22:00,nan,4959.1547619047615,4660.0,19,1,17.591643602719905,2,0,0.7,4,33.0,1,Medium,14,0.0,1.0,0.0,0.0
68605152,2026-04-08 07:46:58,Closed,Street Condition,Pothole,BROOKLYN,nan,40.676448835455936,-73.86453897126174,2026-04-08 07:46:58,nan,5664.555555555556,6673.0,13,0,17.54745378790509,1,0,0.7,4,33.0,1,Medium,14,0.0,1.0,0.0,0.0
68597751,2026-04-08 16:10:13,Closed,Street Condition,Pothole,BROOKLYN,nan,40.69502230577376,-73.98884607669734,2026-04-20 14:51:00,nan,5664.555555555556,6673.0,57,1,17.197974621238426,1,0,0.7,4,33.0,1,Medium,14,0.001,0.999,0.0,0.0
68622865,2026-04-10 12:55:06,Open,Street Condition,Pothole,BRONX,nan,40.82588092362784,-73.85744180102265,,nan,6677.6,6655.5,28,1,15.33347230642361,3,0,0.7,4,33.0,1,Medium,14,0.0,1.0,0.0,0.0
68557145,2026-04-02 15:28:50,Closed,Street Condition,Pothole,BROOKLYN,PARADE PLACE,40.651617176430946,-73.96514369144953,2026-04-03 13:00:00,nan,5664.555555555556,6673.0,14,1,23.226713047164353,1,0,0.7,4,33.0,1,Medium,14,0.0,1.0,0.0,0.0
68613682,2026-04-09 08:42:55,Closed,Street Condition,Pothole,BROOKLYN,nan,40.64678857590275,-74.00856930325476,2026-04-11 09:20:00,nan,5664.555555555556,6673.0,24,1,16.508599621238425,1,0,0.7,4,33.0,1,Medium,14,0.001,0.999,0.0,0.0
68693732,2026-04-15 15:33:04,Closed,Street Condition,Pothole,BROOKLYN,AVENUE D,40.64226993914296,-73.92727034333386,2026-04-18 13:20:00,nan,5664.555555555556,13676.0,22,0,10.223773232349536,1,0,0.7,4,33.0,1,Medium,14,0.0,1.0,0.0,0.0
68578872,2026-04-06 16:33:29,Closed,Street Condition,Pothole,QUEENS,nan,40.76144509539819,-73.87601487856993,2026-04-06 16:33:29,nan,4959.1547619047615,4660.0,13,0,19.181817213831017,2,0,0.7,4,33.0,1,Medium,14,0.001,0.999,0.0,0.0
68663890,2026-04-14 09:27:24,Open,Street Condition,Pothole,STATEN ISLAND,nan,40.55729561635355,-74.1273021861721,,nan,23788.714285714286,2762.0,2,0,11.477708417534721,4,0,0.7,4,33.0,1,Medium,14,0.002,0.998,0.0,0.0
68612318,2026-04-04 11:37:39,Closed,Street Condition,Pothole,BROOKLYN,nan,40.709101621331534,-73.94007782735152,2026-04-10 14:15:00,nan,5664.555555555556,6673.0,24,1,21.387257028645834,1,0,0.7,4,33.0,1,Medium,14,0.0,1.0,0.0,0.0
68557715,2026-04-03 16:30:57,Open,Street Condition,Pothole,BRONX,nan,40.82531495020251,-73.90821274926546,,nan,6677.6,6655.5,34,1,22.183576473090277,3,0,0.7,4,33.0,1,Medium,14,0.0,1.0,0.0,0.0
68544495,2026-04-02 13:49:15,Open,Street Condition,Pothole,STATEN ISLAND,nan,40.579251607117456,-74.07780173780797,,nan,23788.714285714286,2762.0,2,0,23.295868139756944,4,0,0.7,4,33.0,1,Medium,14,0.0,1.0,0.0,0.0
68602531,2026-04-08 16:30:48,Closed,Street Condition,Pothole,QUEENS,GRAND CENTRAL PARKWAY,40.722230159712126,-73.77717655780093,2026-04-08 16:30:48,nan,4959.1547619047615,4660.0,23,0,17.183680639756943,2,0,0.7,4,33.0,1,Medium,14,0.0,1.0,0.0,0.0
68545859,2026-04-02 15:09:48,Closed,Street Condition,Pothole,QUEENS,nan,40.66684164323722,-73.78940839883084,2026-04-14 08:35:00,nan,4959.1547619047615,4660.0,17,0,23.239930639756945,2,0,0.7,4,33.0,1,Medium,14,0.0,1.0,0.0,0.0
68622863,2026-04-10 12:58:57,Open,Street Condition,Pothole,BRONX,nan,40.826088625277485,-73.86120640477621,,nan,6677.6,6655.5,29,1,15.3307986953125,3,0,0.7,4,33.0,1,Medium,14,0.0,1.0,0.0,0.0
68627548,2026-04-09 13:26:38,Closed,Street Condition,Pothole,BROOKLYN,nan,40.676448835455936,-73.86453897126174,2026-04-10 11:20:00,nan,5664.555555555556,6673.0,13,0,16.311574158275462,1,0,0.7,4,33.0,1,Medium,14,0.0,1.0,0.0,0.0
68720343,2026-04-19 20:03:42,Closed,Street Condition,Pothole,BRONX,nan,40.818603840828935,-73.8891604407257,2026-04-19 20:03:42,nan,6677.6,6655.5,20,1,6.035833417534722,3,0,0.7,4,33.0,1,Medium,14,0.0,1.0,0.0,0.0
68579390,2026-04-06 10:18:06,Open,Street Condition,Pothole,BROOKLYN,nan,40.67890536841816,-73.9163928196439,,nan,5664.555555555556,6673.0,11,1,19.442500084201388,1,0,0.7,4,33.0,1,Medium,14,0.0,1.0,0.0,0.0
68580875,2026-04-06 07:06:12,Open,Street Condition,Pothole,BRONX,nan,40.880392308948224,-73.91092483223372,,nan,6677.6,6655.5,8,0,19.57576397309028,3,0,0.7,4,33.0,1,Medium,14,0.001,0.999,0.0,0.0
68610487,2026-04-08 13:18:11,Closed,Street Condition,Pothole,BROOKLYN,nan,40.60226011851513,-74.0030681989304,2026-04-09 11:49:00,nan,5664.555555555556,6673.0,17,1,17.31744221383102,1,0,0.7,4,33.0,1,Medium,14,0.003,0.997,0.0,0.0
68608399,2026-04-10 00:47:55,Open,Street Condition,Pothole,STATEN ISLAND,nan,40.60373787854796,-74.08565579628944,,nan,23788.714285714286,2762.0,3,1,15.838460732349537,4,0,0.7,4,33.0,1,Medium,14,0.002,0.998,0.0,0.0
68579381,2026-04-06 22:10:45,Closed,Street Condition,Pothole,BROOKLYN,nan,40.69183001552034,-73.92784012366862,2026-04-11 12:28:00,nan,5664.555555555556,6673.0,12,1,18.947604250868057,1,0,0.7,4,33.0,1,Medium,14,0.001,0.999,0.0,0.0
68669677,2026-04-14 16:15:38,Closed,Street Condition,Pothole,BRONX,nan,40.84108689567926,-73.86447840535152,2026-04-14 16:15:38,nan,6677.6,6655.5,20,0,11.194213047164352,3,0,0.7,4,33.0,1,Medium,14,0.0,1.0,0.0,0.0
68599921,2026-04-08 11:40:16,Closed,Street Condition,Pothole,BRONX,nan,40.87144095159528,-73.86715728320962,2026-04-08 11:40:16,nan,6677.6,6655.5,10,0,17.385439899016202,3,0,0.7,4,33.0,1,Medium,14,0.0,1.0,0.0,0.0
68618925,2026-04-10 07:23:51,Closed,Street Condition,Pothole,STATEN ISLAND,nan,40.51194721546281,-74.23970140930771,2026-04-11 11:30:00,nan,23788.714285714286,2762.0,1,0,15.563507028645834,4,0,0.7,4,32.9,1,Medium,14,0.003,0.997,0.0,0.0
68611020,2026-04-04 15:47:35,Closed,Street Condition,Pothole,QUEENS,nan,40.69945599731941,-73.83541720215331,2026-04-11 23:21:00,nan,4959.1547619047615,4660.0,12,0,21.213692213831017,2,0,0.7,4,32.9,1,Medium,14,0.0,1.0,0.0,0.0
68683360,2026-04-15 22:51:52,Closed,Street Condition,Pothole,BRONX,nan,40.84000345494566,-73.87738636916855,2026-04-15 22:51:52,nan,6677.6,6655.5,21,1,9.919051010127314,3,0,0.7,4,32.9,1,Medium,14,0.0,1.0,0.0,0.0
68583225,2026-04-06 07:53:27,Closed,Street Condition,Pothole,STATEN ISLAND,nan,40.542621836844965,-74.15212536482787,2026-04-06 07:53:27,nan,23788.714285714286,2762.0,0,1,19.542951473090277,4,0,0.7,4,32.9,1,Medium,14,0.003,0.997,0.0,0.0
68625472,2026-04-10 23:30:02,Closed,Street Condition,Pothole,BRONX,nan,40.8109488773861,-73.92714381874927,2026-04-14 11:19:00,nan,6677.6,6655.5,25,1,14.892546380497684,3,0,0.7,4,32.9,1,Medium,14,0.0,1.0,0.0,0.0
68515108,2026-03-31 19:36:08,Closed,Street Condition,Pothole,BRONX,nan,40.81801253627153,-73.9251851473035,2026-03-31 19:36:08,nan,6677.6,6655.5,27,1,25.054976936053244,3,0,0.7,3,32.9,1,Medium,14,0.0,1.0,0.0,0.0
68603857,2026-04-08 16:35:33,Closed,Street Condition,Pothole,BRONX,nan,40.83435496627453,-73.82622260626786,2026-04-08 16:35:33,nan,6677.6,6655.5,21,1,17.180382028645834,3,0,0.7,4,32.9,1,Medium,14,0.0,1.0,0.0,0.0
68612288,2026-04-04 16:41:32,Closed,Street Condition,Pothole,QUEENS,nan,40.59671308589423,-73.76715645644214,2026-04-11 10:55:00,nan,4959.1547619047615,4660.0,9,0,21.17622693605324,2,0,0.7,4,32.9,1,Medium,14,0.002,0.998,0.0,0.0
68607863,2026-04-09 18:10:23,Closed,Street Condition,Pothole,BROOKLYN,nan,40.68578040283673,-73.95439171425565,2026-04-09 18:10:23,nan,5664.555555555556,6673.0,10,0,16.11452554716435,1,0,0.7,4,32.9,1,Medium,14,0.001,0.998,0.0,0.0
68684893,2026-04-16 09:36:01,Closed,Street Condition,Pothole,BROOKLYN,nan,40.586524571977066,-73.92952365157892,2026-04-16 09:36:01,nan,5664.555555555556,6673.0,20,1,9.471724621238426,1,0,0.7,4,32.9,1,Medium,14,0.0,1.0,0.0,0.0
68596370,2026-04-07 19:16:48,Open,Street Condition,Pothole,BRONX,nan,40.87974875011495,-73.88466120059489,,nan,6677.6,6655.5,26,1,18.068402861979166,3,0,0.7,4,32.9,1,Medium,14,0.0,1.0,0.0,0.0
68595008,2026-04-07 09:53:28,Closed,Street Condition,Pothole,QUEENS,nan,40.721781210809155,-73.76001649980137,2026-04-18 13:25:00,nan,4959.1547619047615,4660.0,14,0,18.45960656568287,2,0,0.7,4,32.9,1,Medium,14,0.0,1.0,0.0,0.0
68621103,2026-04-10 10:30:52,Closed,Street Condition,Pothole,QUEENS,nan,40.71836919350643,-73.84055801431353,2026-04-10 10:30:52,nan,4959.1547619047615,4660.0,11,0,15.433634343460648,2,0,0.7,4,32.9,1,Medium,14,0.001,0.999,0.0,0.0
68592189,2026-04-07 11:22:17,Open,Street Condition,Pothole,BRONX,nan,40.862444262870824,-73.89714218131373,,nan,6677.6,6655.5,31,1,18.39792832494213,3,0,0.7,4,32.9,1,Medium,14,0.0,1.0,0.0,0.0
68751692,2026-04-21 13:35:02,Closed,Street Condition,Pothole,BROOKLYN,KINGS HIGHWAY,40.60601703508118,-73.98686578495655,2026-04-22 11:30:00,nan,5664.555555555556,24784.0,12,1,4.30574082494213,1,0,0.7,4,32.9,1,Medium,14,0.002,0.998,0.0,0.0
68529028,2026-04-01 09:14:43,Closed,Street Condition,Pothole,QUEENS,nan,40.726570171449424,-73.852639274396,2026-04-01 21:51:00,nan,4959.1547619047615,4660.0,9,0,24.486516287905093,2,0,0.7,4,32.9,1,Medium,14,0.001,0.999,0.0,0.0
68538943,2026-04-02 16:45:03,Closed,Street Condition,Pothole,QUEENS,nan,40.68011763639642,-73.7532368707747,2026-04-02 16:45:03,nan,4959.1547619047615,4660.0,17,0,23.173784806423612,2,0,0.7,4,32.9,1,Medium,14,0.0,1.0,0.0,0.0
68629359,2026-04-11 19:24:10,Open,Street Condition,Pothole,BRONX,nan,40.82307748764026,-73.89179057049003,,nan,6677.6,6655.5,28,1,14.063287121238426,3,0,0.7,4,32.9,1,Medium,14,0.0,1.0,0.0,0.0
68670248,2026-04-14 19:02:31,Open,Street Condition,Pothole,BRONX,nan,40.84490184926121,-73.89009610058542,,nan,6677.6,6655.5,22,1,11.078321843460648,3,0,0.7,4,32.9,1,Medium,14,0.0,1.0,0.0,0.0
68617616,2026-04-04 16:25:44,Closed,Street Condition,Pothole,BROOKLYN,nan,40.72159037333417,-73.94579189327062,2026-04-10 10:50:00,nan,5664.555555555556,6673.0,16,1,21.18719915827546,1,0,0.7,4,32.9,1,Medium,14,0.0,1.0,0.0,0.0
68614413,2026-04-07 09:02:10,Closed,Street Condition,Pothole,QUEENS,FLUSHING AVENUE,40.71291384502471,-73.9174864147622,2026-04-08 09:22:00,nan,4959.1547619047615,19939.0,8,0,18.49523156568287,2,0,0.7,4,32.9,1,Medium,14,0.0,1.0,0.0,0.0
68543956,2026-04-02 21:55:27,Closed,Street Condition,Pothole,QUEENS,nan,40.7402725268642,-73.89585124979992,2026-04-02 21:55:27,nan,4959.1547619047615,4660.0,23,0,22.958229250868055,2,0,0.7,4,32.9,1,Medium,14,0.0,1.0,0.0,0.0
68541988,2026-04-02 10:59:09,Closed,Street Condition,Pothole,QUEENS,nan,40.74547008820218,-73.94654116183219,2026-04-16 13:08:00,nan,4959.1547619047615,4660.0,15,1,23.413993139756943,2,0,0.7,4,32.9,1,Medium,14,0.0,1.0,0.0,0.0
68523052,2026-03-31 21:47:29,Closed,Street Condition,Pothole,QUEENS,nan,40.761217008162774,-73.8863970016137,2026-03-31 21:47:29,nan,4959.1547619047615,4660.0,7,0,24.963761658275466,2,0,0.7,3,32.8,1,Medium,14,0.002,0.998,0.0,0.0
68704033,2026-04-16 13:20:49,Closed,Street Condition,Pothole,BROOKLYN,JEFFERSON AVENUE,40.68419113087144,-73.94207968525632,2026-04-17 09:32:00,nan,5664.555555555556,1926.0,23,1,9.315613510127315,1,0,0.7,4,32.8,1,Medium,14,0.0,0.999,0.0,0.0
68620209,2026-04-10 08:36:20,Closed,Street Condition,Pothole,QUEENS,GRAND CENTRAL PARKWAY,40.722230159712126,-73.77717655780093,2026-04-11 23:54:00,nan,4959.1547619047615,4660.0,23,0,15.513171380497685,2,0,0.7,4,32.8,1,Medium,14,0.001,0.999,0.0,0.0
68529030,2026-04-01 08:38:33,Closed,Street Condition,Pothole,QUEENS,nan,40.66796310754493,-73.77154341539179,2026-04-01 21:15:00,nan,4959.1547619047615,4660.0,23,1,24.511632028645835,2,0,0.7,4,32.8,1,Medium,14,0.0,1.0,0.0,0.0
68578829,2026-04-05 18:56:14,Closed,Street Condition,Pothole,QUEENS,nan,40.76477575732588,-73.88799014488889,2026-04-05 18:56:14,nan,4959.1547619047615,4660.0,17,0,20.082685269386573,2,0,0.7,4,32.8,1,Medium,14,0.0,1.0,0.0,0.0
68701098,2026-04-16 13:16:37,Closed,Street Condition,Pothole,BROOKLYN,RALPH AVENUE,40.63627531109799,-73.9190367941174,2026-04-17 08:30:00,nan,5664.555555555556,26660.0,13,0,9.318530176793981,1,0,0.7,4,32.8,1,Medium,14,0.0,1.0,0.0,0.0
68636757,2026-04-11 10:57:51,Closed,Street Condition,Pothole,QUEENS,nan,40.73796248084692,-73.79299781462943,2026-04-15 21:47:00,nan,4959.1547619047615,4660.0,21,1,14.414895917534722,2,0,0.7,4,32.8,1,Medium,14,0.001,0.999,0.0,0.0
68515721,2026-03-31 21:18:37,Closed,Street Condition,Pothole,QUEENS,nan,40.70273875167371,-73.80228601065063,2026-04-13 13:29:00,nan,4959.1547619047615,4660.0,19,1,24.983807954571763,2,0,0.7,3,32.8,1,Medium,14,0.0,1.0,0.0,0.0
68628007,2026-04-10 14:03:57,Closed,Street Condition,Pothole,BROOKLYN,nan,40.65413345856589,-73.91232974956823,2026-04-18 14:55:00,nan,5664.555555555556,6673.0,33,0,15.285659806423611,1,0,0.7,4,32.8,1,Medium,14,0.0,1.0,0.0,0.0
68578043,2026-04-06 13:39:25,Closed,Street Condition,Pothole,QUEENS,nan,40.66758006904739,-73.73739727859486,2026-04-18 11:38:00,nan,4959.1547619047615,4660.0,39,1,19.302696843460648,2,0,0.7,4,32.8,1,Medium,14,0.0,1.0,0.0,0.0
68649963,2026-04-13 10:15:11,Pending,Street Condition,Pothole,QUEENS,nan,40.76049224105458,-73.76751884486491,,nan,4959.1547619047615,4660.0,21,1,12.444525547164352,2,0,0.7,4,32.8,1,Medium,14,0.001,0.999,0.0,0.0
68705913,2026-04-17 15:20:11,Closed,Street Condition,Pothole,STATEN ISLAND,nan,40.55125424601603,-74.13455949950571,2026-04-18 23:40:00,nan,23788.714285714286,2762.0,3,1,8.232719991608796,4,0,0.7,4,32.8,1,Medium,14,0.002,0.998,0.0,0.0
68623745,2026-04-10 12:21:36,Closed,Street Condition,Pothole,QUEENS,nan,40.69165179668416,-73.77919714574149,2026-04-10 12:21:36,nan,4959.1547619047615,4660.0,11,1,15.3567361953125,2,0,0.7,4,32.8,1,Medium,14,0.002,0.998,0.0,0.0
68665519,2026-04-14 16:06:13,Closed,Street Condition,Pothole,BROOKLYN,nan,40.68129694085058,-73.93471267670999,2026-04-23 14:20:00,nan,5664.555555555556,6673.0,10,0,11.200752399016203,1,0,0.7,4,32.8,1,Medium,14,0.001,0.999,0.0,0.0
68633780,2026-04-10 11:21:10,Closed,Street Condition,Pothole,BROOKLYN,nan,40.650948603491976,-73.94667456086172,2026-04-11 08:35:00,nan,5664.555555555556,6673.0,15,1,15.398703787905092,1,0,0.7,4,32.8,1,Medium,14,0.001,0.999,0.0,0.0
68599910,2026-04-08 14:10:01,Closed,Street Condition,Pothole,QUEENS,nan,40.68070005471548,-73.84464287635403,2026-04-08 14:10:01,nan,4959.1547619047615,4660.0,12,0,17.28144684346065,2,0,0.7,4,32.8,1,Medium,14,0.0,0.999,0.0,0.0
68608415,2026-04-09 12:42:52,Closed,Street Condition,Pothole,BROOKLYN,nan,40.70377178752333,-73.93115614201334,2026-04-14 09:45:00,nan,5664.555555555556,6673.0,13,1,16.34196767679398,1,0,0.7,4,32.8,1,Medium,14,0.0,1.0,0.0,0.0
68677909,2026-04-15 12:26:45,Open,Street Condition,Pothole,BROOKLYN,nan,40.63581678873192,-73.95342423250342,,nan,5664.555555555556,6673.0,10,1,10.35315980642361,1,0,0.7,4,32.8,1,Medium,14,0.008,0.992,0.0,0.0
68586105,2026-04-06 15:24:31,Closed,Street Condition,Pothole,QUEENS,nan,40.708447538999785,-73.8718609034946,2026-04-07 09:15:00,nan,4959.1547619047615,4660.0,14,0,19.229710732349538,2,0,0.7,4,32.8,1,Medium,14,0.0,1.0,0.0,0.0
68597178,2026-04-08 10:58:23,Closed,Street Condition,Pothole,QUEENS,nan,40.7526926233133,-73.93291023707339,2026-04-08 10:58:23,nan,4959.1547619047615,4660.0,14,0,17.414525547164352,2,0,0.7,4,32.8,1,Medium,14,0.0,1.0,0.0,0.0
68674922,2026-04-15 09:10:37,Open,Street Condition,Pothole,BRONX,nan,40.8623094366362,-73.90986809103204,,nan,6677.6,6655.5,24,1,10.489363510127314,3,0,0.7,4,32.8,1,Medium,14,0.0,1.0,0.0,0.0
68532364,2026-04-01 10:47:05,Closed,Street Condition,Pothole,STATEN ISLAND,nan,40.58060296539595,-74.09484934261809,2026-04-18 13:00:00,nan,23788.714285714286,2762.0,1,0,24.422372769386577,4,0,0.7,4,32.8,1,Medium,14,0.002,0.998,0.0,0.0
68614436,2026-04-09 12:27:54,Closed,Street Condition,Pothole,STATEN ISLAND,nan,40.55211615875858,-74.19073344775909,2026-04-09 12:27:54,nan,23788.714285714286,2762.0,4,0,16.3523611953125,4,0,0.7,4,32.8,1,Medium,14,0.0,1.0,0.0,0.0
68636292,2026-04-11 16:10:39,Closed,Street Condition,Pothole,BRONX,nan,40.834401962521405,-73.87274942134464,2026-04-11 16:10:39,nan,6677.6,6655.5,19,1,14.1976736953125,3,0,0.7,4,32.8,1,Medium,14,0.0,1.0,0.0,0.0
68653920,2026-04-13 21:08:22,Closed,Street Condition,Pothole,BROOKLYN,nan,40.69641839095006,-73.95976858130945,2026-04-13 21:08:22,nan,5664.555555555556,6673.0,17,1,11.990926010127314,1,0,0.7,4,32.8,1,Medium,14,0.002,0.998,0.0,0.0
68674921,2026-04-15 10:33:46,Open,Street Condition,Pothole,BRONX,nan,40.830334844214,-73.91894520045653,,nan,6677.6,6655.5,12,1,10.431620454571759,3,0,0.7,4,32.8,1,Medium,14,0.001,0.999,0.0,0.0
68588013,2026-04-07 11:41:42,Closed,Street Condition,Pothole,BROOKLYN,nan,40.64180696920142,-73.99428875877793,2026-04-11 09:20:00,nan,5664.555555555556,6673.0,9,1,18.384444528645833,1,0,0.7,4,32.8,1,Medium,14,0.003,0.997,0.0,0.0
68613679,2026-04-09 11:25:11,Closed,Street Condition,Pothole,BROOKLYN,nan,40.66328389448403,-73.96095641305693,2026-04-20 15:03:00,nan,5664.555555555556,6673.0,22,1,16.39591443605324,1,0,0.7,4,32.8,1,Medium,14,0.001,0.999,0.0,0.0
68545353,2026-04-01 15:03:29,Closed,Street Condition,Pothole,QUEENS,nan,40.7107097820174,-73.79303916334497,2026-04-02 14:10:00,nan,4959.1547619047615,4660.0,19,0,24.244317213831017,2,0,0.7,4,32.8,1,Medium,14,0.0,1.0,0.0,0.0
68580906,2026-04-06 07:45:52,Closed,Street Condition,Pothole,QUEENS,nan,40.75199174275803,-73.93126511681035,2026-04-18 10:25:00,nan,4959.1547619047615,4660.0,14,0,19.548217676793982,2,0,0.7,4,32.8,1,Medium,14,0.0,1.0,0.0,0.0
68539468,2026-04-02 07:45:33,Closed,Street Condition,Pothole,BROOKLYN,BROADWAY,40.69260383163042,-73.92750752930546,2026-04-03 14:30:00,nan,5664.555555555556,13110.0,13,0,23.548437584201388,1,0,0.7,4,32.8,1,Medium,14,0.0,1.0,0.0,0.0
68591682,2026-04-07 11:03:08,Closed,Street Condition,Pothole,QUEENS,nan,40.728370959098946,-73.87113346680071,2026-04-07 11:03:08,nan,4959.1547619047615,4660.0,10,0,18.41122693605324,2,0,0.7,4,32.8,1,Medium,14,0.0,1.0,0.0,0.0
68519842,2026-03-31 15:51:07,Closed,Street Condition,Pothole,QUEENS,nan,40.761217008162774,-73.8863970016137,2026-03-31 15:51:07,nan,4959.1547619047615,4660.0,7,0,25.211238510127316,2,0,0.7,3,32.8,1,Medium,14,0.002,0.998,0.0,0.0
68587467,2026-04-07 17:21:07,Closed,Street Condition,Pothole,BROOKLYN,nan,40.636326482088855,-73.95839963535299,2026-04-07 17:21:07,nan,5664.555555555556,6673.0,13,1,18.148738510127316,1,0,0.7,4,32.8,1,Medium,14,0.0,1.0,0.0,0.0
68624206,2026-04-10 16:19:00,Closed,Street Condition,Pothole,BRONX,nan,40.84317496421008,-73.91194689088798,2026-04-14 10:12:00,nan,6677.6,6655.5,12,1,15.191875084201389,3,0,0.7,4,32.8,1,Medium,14,0.001,0.999,0.0,0.0
68584650,2026-04-05 07:56:11,Closed,Street Condition,Pothole,QUEENS,nan,40.75903640272996,-73.88789511644337,2026-04-05 07:56:11,nan,4959.1547619047615,4660.0,13,0,20.54105332494213,2,0,0.7,4,32.8,1,Medium,14,0.0,1.0,0.0,0.0
68516723,2026-03-31 18:54:11,Closed,Street Condition,Pothole,QUEENS,nan,40.68928141493589,-73.77977472479292,2026-03-31 18:54:11,nan,4959.1547619047615,4660.0,8,1,25.084108880497688,2,0,0.7,3,32.7,1,Medium,14,0.0,1.0,0.0,0.0
68520440,2026-03-31 18:53:59,Closed,Street Condition,Pothole,QUEENS,nan,40.68928141493589,-73.77977472479292,2026-04-13 11:11:00,nan,4959.1547619047615,4660.0,8,1,25.084247769386575,2,0,0.7,3,32.7,1,Medium,14,0.0,1.0,0.0,0.0
68583766,2026-04-05 14:04:15,Closed,Street Condition,Pothole,BROOKLYN,nan,40.69657162375577,-73.95843417007151,2026-04-23 10:12:00,nan,5664.555555555556,6673.0,16,1,20.285451473090276,1,0,0.7,4,32.7,1,Medium,14,0.0,1.0,0.0,0.0
68524560,2026-03-31 14:06:02,Closed,Street Condition,Pothole,QUEENS,nan,40.66385969679448,-73.82296135414143,2026-03-31 14:06:02,nan,4959.1547619047615,4660.0,30,1,25.284213047164354,2,0,0.7,3,32.7,1,Medium,14,0.0,1.0,0.0,0.0
68519845,2026-03-31 14:08:56,Closed,Street Condition,Pothole,QUEENS,nan,40.66385969679448,-73.82296135414143,2026-03-31 14:08:56,nan,4959.1547619047615,4660.0,30,1,25.282199158275464,2,0,0.7,3,32.7,1,Medium,14,0.0,1.0,0.0,0.0
68584676,2026-04-05 15:40:33,Closed,Street Condition,Pothole,BROOKLYN,nan,40.66059386152177,-73.9313268541998,2026-04-05 15:40:33,nan,5664.555555555556,6673.0,16,1,20.218576473090277,1,0,0.7,4,32.7,1,Medium,14,0.0,1.0,0.0,0.0
68609695,2026-04-04 14:58:04,Open,Street Condition,Pothole,STATEN ISLAND,nan,40.542621836844965,-74.15212536482787,,nan,23788.714285714286,2762.0,0,1,21.248078787905094,4,0,0.7,4,32.7,1,Medium,14,0.004,0.996,0.0,0.0
68552419,2026-04-03 21:30:14,Open,Street Condition,Pothole,BRONX,nan,40.86027863500845,-73.89404373540852,,nan,6677.6,6655.5,30,1,21.97574082494213,3,0,0.7,4,32.7,1,Medium,14,0.0,1.0,0.0,0.0
68583730,2026-04-05 22:13:20,Closed,Street Condition,Pothole,QUEENS,nan,40.7526926233133,-73.93291023707339,2026-04-18 09:40:00,nan,4959.1547619047615,4660.0,14,0,19.945810269386573,2,0,0.7,4,32.7,1,Medium,14,0.0,1.0,0.0,0.0
68588006,2026-04-07 22:21:32,Closed,Street Condition,Pothole,BROOKLYN,nan,40.664751349179134,-73.89404073362888,2026-04-21 12:25:00,nan,5664.555555555556,6673.0,27,0,17.94011582494213,1,0,0.7,4,32.7,1,Medium,14,0.0,1.0,0.0,0.0
68575179,2026-04-05 07:12:12,Closed,Street Condition,Pothole,QUEENS,nan,40.70395920442519,-73.89569158214883,2026-04-11 08:25:00,nan,4959.1547619047615,4660.0,13,0,20.571597306423612,2,0,0.7,4,32.7,1,Medium,14,0.0,1.0,0.0,0.0
68622858,2026-04-10 13:09:37,Closed,Street Condition,Pothole,BROOKLYN,BROADWAY,40.68649770568062,-73.91679795831946,2026-04-11 12:05:00,nan,5664.555555555556,13110.0,17,1,15.323391287905093,1,0,0.7,4,32.7,1,Medium,14,0.0,1.0,0.0,0.0
68583734,2026-04-05 19:49:06,Closed,Street Condition,Pothole,QUEENS,nan,40.59602211092629,-73.74302236767556,2026-04-11 14:12:00,nan,4959.1547619047615,4660.0,11,0,20.04597230642361,2,0,0.7,4,32.7,1,Medium,14,0.0,1.0,0.0,0.0
68549847,2026-04-03 13:55:06,Closed,Street Condition,Pothole,QUEENS,nan,40.75477848293233,-73.89280387542978,2026-04-11 12:40:00,nan,4959.1547619047615,4660.0,10,1,22.291805639756944,2,0,0.7,4,32.7,1,Medium,14,0.0,1.0,0.0,0.0
68724901,2026-04-19 22:00:35,Open,Street Condition,Pothole,BRONX,nan,40.85073479450085,-73.90282079455994,,nan,6677.6,6655.5,29,1,5.954664436053241,3,0,0.7,4,32.7,1,Medium,14,0.002,0.998,0.0,0.0
68608391,2026-04-09 07:39:27,Closed,Street Condition,Pothole,BRONX,nan,40.83073755335555,-73.91048902613751,2026-04-15 13:25:00,nan,6677.6,6655.5,18,1,16.5526736953125,3,0,0.7,4,32.7,1,Medium,14,0.0,1.0,0.0,0.0
68538148,2026-04-02 09:51:16,Closed,Street Condition,Pothole,QUEENS,nan,40.75259659801931,-73.902274585663,2026-04-05 21:54:00,nan,4959.1547619047615,4660.0,10,0,23.46113434346065,2,0,0.7,4,32.7,1,Medium,14,0.0,1.0,0.0,0.0
68585156,2026-04-05 17:51:05,Closed,Street Condition,Pothole,QUEENS,nan,40.704033104522615,-73.79379204757791,2026-04-18 15:00:00,nan,4959.1547619047615,4660.0,11,0,20.12792832494213,2,0,0.7,4,32.7,1,Medium,14,0.0,1.0,0.0,0.0
68615766,2026-04-09 08:54:18,Closed,Street Condition,Pothole,BRONX,nan,40.83073755335555,-73.91048902613751,2026-04-09 08:54:18,nan,6677.6,6655.5,18,1,16.500694528645834,3,0,0.7,4,32.7,1,Medium,14,0.0,1.0,0.0,0.0
68587987,2026-04-07 10:41:51,Closed,Street Condition,Pothole,QUEENS,nan,40.74456139997361,-73.93075310611233,2026-04-15 20:05:00,nan,4959.1547619047615,4660.0,13,0,18.426007028645834,2,0,0.7,4,32.7,1,Medium,14,0.0,1.0,0.0,0.0
68586627,2026-04-07 06:48:35,Closed,Street Condition,Pothole,QUEENS,nan,40.75160349150871,-73.93383169188243,2026-04-15 19:24:00,nan,4959.1547619047615,4660.0,16,0,18.587997769386575,2,0,0.7,4,32.7,1,Medium,14,0.0,1.0,0.0,0.0
68535290,2026-04-01 12:42:07,Closed,Street Condition,Pothole,STATEN ISLAND,nan,40.602741194328885,-74.07428552951511,2026-04-03 12:25:00,nan,23788.714285714286,2762.0,0,1,24.342488510127318,4,0,0.7,4,32.7,1,Medium,14,0.001,0.999,0.0,0.0
68626711,2026-04-10 10:01:41,Closed,Street Condition,Pothole,BROOKLYN,nan,40.6909277481173,-73.92065802252144,2026-04-22 11:40:00,nan,5664.555555555556,6673.0,27,1,15.453900547164352,1,0,0.7,4,32.7,1,Medium,14,0.001,0.999,0.0,0.0
68580879,2026-04-05 13:33:42,Open,Street Condition,Pothole,BROOKLYN,nan,40.704112957771954,-73.91586709054877,,nan,5664.555555555556,6673.0,25,0,20.306666750868054,1,0,0.7,4,32.7,1,Medium,14,0.0,1.0,0.0,0.0
68513579,2026-03-31 18:55:17,Closed,Street Condition,Pothole,QUEENS,nan,40.68928141493589,-73.77977472479292,2026-03-31 18:55:17,nan,4959.1547619047615,4660.0,8,1,25.083344991608797,2,0,0.7,3,32.7,1,Medium,14,0.0,1.0,0.0,0.0
68583238,2026-04-06 09:41:56,Closed,Street Condition,Pothole,QUEENS,nan,40.66711593551115,-73.83464990083665,2026-04-06 09:41:56,nan,4959.1547619047615,4660.0,27,0,19.46761582494213,2,0,0.7,4,32.7,1,Medium,14,0.0,1.0,0.0,0.0
68540726,2026-04-02 15:25:15,Open,Street Condition,Pothole,QUEENS,WOODHAVEN BOULEVARD,40.714007905526245,-73.85963979388417,,nan,4959.1547619047615,52277.0,6,1,23.229201473090278,2,0,0.7,4,32.7,1,Medium,14,0.002,0.998,0.0,0.0
68533348,2026-04-01 09:42:24,Closed,Street Condition,Pothole,BRONX,nan,40.84299307292763,-73.91098213867018,2026-04-01 09:42:24,nan,6677.6,6655.5,9,1,24.467291750868057,3,0,0.7,4,32.7,1,Medium,14,0.0,1.0,0.0,0.0
68607880,2026-04-09 12:42:25,Closed,Street Condition,Pothole,QUEENS,nan,40.71836919350643,-73.84055801431353,2026-04-09 12:42:25,nan,4959.1547619047615,4660.0,11,0,16.34228017679398,2,0,0.7,4,32.7,1,Medium,14,0.0,1.0,0.0,0.0
68585185,2026-04-06 17:55:04,Open,Street Condition,Pothole,BRONX,nan,40.86543029648311,-73.86736090787606,,nan,6677.6,6655.5,18,0,19.125162121238425,3,0,0.7,4,32.7,1,Medium,14,0.0,1.0,0.0,0.0
68553737,2026-04-03 07:34:00,Pending,Street Condition,Pothole,QUEENS,nan,40.75367674714912,-73.91446541921991,,nan,4959.1547619047615,4660.0,12,1,22.55645841753472,2,0,0.7,4,32.7,1,Medium,14,0.0,1.0,0.0,0.0
68752190,2026-04-22 09:33:29,Open,Street Condition,Pothole,STATEN ISLAND,nan,40.54721647714704,-74.1973401775421,,nan,23788.714285714286,2762.0,3,0,3.473483880497685,4,0,0.7,4,32.7,1,Medium,14,0.003,0.997,0.0,0.0
68575217,2026-04-06 11:37:43,Open,Street Condition,Pothole,QUEENS,nan,40.702911791827624,-73.85819887100385,,nan,4959.1547619047615,4660.0,14,1,19.387210732349537,2,0,0.7,4,32.7,1,Medium,14,0.001,0.999,0.0,0.0
68521997,2026-03-31 14:28:47,Pending,Street Condition,Pothole,QUEENS,nan,40.68378593792976,-73.76974049709979,,nan,4959.1547619047615,4660.0,8,1,25.268414436053245,2,0,0.7,3,32.6,1,Medium,14,0.0,1.0,0.0,0.0
68647964,2026-04-10 06:50:36,Closed,Street Condition,Pothole,BROOKLYN,nan,40.58481021452675,-73.98300330696782,2026-04-11 15:25:00,nan,5664.555555555556,6673.0,21,1,15.586597306423611,1,0,0.7,4,32.6,1,Medium,14,0.0,1.0,0.0,0.0
68577478,2026-04-06 20:04:30,Closed,Street Condition,Pothole,STATEN ISLAND,nan,40.542621836844965,-74.15212536482787,2026-04-06 20:04:30,nan,23788.714285714286,2762.0,0,1,19.035277861979168,4,0,0.7,4,32.6,1,Medium,14,0.006,0.994,0.0,0.0
68642155,2026-04-12 12:18:48,Closed,Street Condition,Pothole,BRONX,nan,40.87648397598507,-73.88064945711628,2026-04-12 12:18:48,nan,6677.6,6655.5,14,1,13.358680639756944,3,0,0.7,4,32.6,1,Medium,14,0.0,1.0,0.0,0.0
68611019,2026-04-04 15:48:47,Open,Street Condition,Pothole,QUEENS,nan,40.74364416561568,-73.95123047783426,,nan,4959.1547619047615,4660.0,15,1,21.212858880497684,2,0,0.7,4,32.6,1,Medium,14,0.0,1.0,0.0,0.0
68526672,2026-04-01 19:02:49,Closed,Street Condition,Pothole,STATEN ISLAND,nan,40.55338710081064,-74.21256586718478,2026-04-11 08:25:00,nan,23788.714285714286,2762.0,3,1,24.078113510127313,4,0,0.7,4,32.6,1,Medium,14,0.0,1.0,0.0,0.0
68578836,2026-04-05 12:20:28,Closed,Street Condition,Pothole,QUEENS,nan,40.76004448372803,-73.89755299254857,2026-04-05 12:20:28,nan,4959.1547619047615,4660.0,11,0,20.357523232349536,2,0,0.7,4,32.6,1,Medium,14,0.0,1.0,0.0,0.0
68540716,2026-04-02 13:06:54,Closed,Street Condition,Pothole,STATEN ISLAND,nan,40.55235653658139,-74.13316910490006,2026-04-18 02:10:00,nan,23788.714285714286,2762.0,2,1,23.325277861979167,4,0,0.7,4,32.6,1,Medium,14,0.0,1.0,0.0,0.0
68545861,2026-04-02 13:33:00,Closed,Street Condition,Pothole,QUEENS,nan,40.75962591908786,-73.73138881943841,2026-04-11 11:21:00,nan,4959.1547619047615,4660.0,11,0,23.307152861979166,2,0,0.7,4,32.6,1,Medium,14,0.0,0.999,0.0,0.0
68518851,2026-03-31 19:43:51,Closed,Street Condition,Pothole,BRONX,nan,40.84317496421008,-73.91194689088798,2026-04-02 07:59:00,nan,6677.6,6655.5,12,1,25.049618139756948,3,0,0.7,3,32.6,1,Medium,14,0.0,1.0,0.0,0.0
68591676,2026-04-07 18:26:24,Closed,Street Condition,Pothole,QUEENS,nan,40.72467860892961,-73.764815264584,2026-04-07 18:26:24,nan,4959.1547619047615,4660.0,14,1,18.103402861979166,2,0,0.7,4,32.6,1,Medium,14,0.0,1.0,0.0,0.0
68590260,2026-04-07 16:34:33,Closed,Street Condition,Pothole,QUEENS,nan,40.76004448372803,-73.89755299254857,2026-04-07 16:34:33,nan,4959.1547619047615,4660.0,11,0,18.18107647309028,2,0,0.7,4,32.6,1,Medium,14,0.0,1.0,0.0,0.0
68581761,2026-04-06 22:45:45,Closed,Street Condition,Pothole,QUEENS,nan,40.74603472114661,-73.93440021822178,2026-04-06 22:45:45,nan,4959.1547619047615,4660.0,20,0,18.9232986953125,2,0,0.7,4,32.6,1,Medium,14,0.0,1.0,0.0,0.0
68621524,2026-04-10 12:42:41,Closed,Street Condition,Pothole,BROOKLYN,nan,40.666707724973726,-73.87182213600836,2026-04-13 10:50:00,nan,5664.555555555556,6673.0,15,1,15.342094991608796,1,0,0.7,4,32.6,1,Medium,14,0.0,1.0,0.0,0.0
68622859,2026-04-10 12:58:18,Closed,Street Condition,Pothole,BROOKLYN,nan,40.68992188413782,-73.98351018760692,2026-04-14 09:20:00,nan,5664.555555555556,6673.0,40,1,15.331250084201388,1,0,0.7,4,32.6,1,Medium,14,0.001,0.999,0.0,0.0
68576003,2026-04-05 17:54:03,Closed,Street Condition,Pothole,QUEENS,nan,40.66548875606656,-73.7523465845812,2026-04-05 17:54:03,nan,4959.1547619047615,4660.0,13,1,20.125868139756943,2,0,0.7,4,32.6,1,Medium,14,0.0,1.0,0.0,0.0
68553728,2026-04-03 16:53:07,Pending,Street Condition,Pothole,QUEENS,nan,40.74713673194053,-73.89240835378462,,nan,4959.1547619047615,4660.0,35,1,22.16818295457176,2,0,0.7,4,32.6,1,Medium,14,0.0,1.0,0.0,0.0
68578046,2026-04-06 07:43:06,Closed,Street Condition,Pothole,QUEENS,nan,40.751972940965125,-73.93195811544349,2026-04-18 10:05:00,nan,4959.1547619047615,4660.0,17,0,19.550138973090277,2,0,0.7,4,32.6,1,Medium,14,0.0,1.0,0.0,0.0
68605679,2026-04-08 18:48:27,Pending,Street Condition,Pothole,QUEENS,nan,40.71200138828801,-73.82545585702933,,nan,4959.1547619047615,4660.0,17,0,17.088090361979166,2,0,0.7,4,32.6,1,Medium,14,0.0,1.0,0.0,0.0
68692286,2026-04-15 16:09:00,Closed,Street Condition,Pothole,BROOKLYN,BROADWAY,40.685280171991344,-73.91461444898687,2026-04-16 15:07:00,nan,5664.555555555556,13110.0,11,1,10.198819528645833,1,0,0.7,4,32.6,1,Medium,14,0.0,1.0,0.0,0.0
68593620,2026-04-07 12:27:33,Closed,Street Condition,Pothole,QUEENS,nan,40.758594420596594,-73.8745113602322,2026-04-15 15:23:00,nan,4959.1547619047615,4660.0,12,1,18.352604250868055,2,0,0.7,4,32.6,1,Medium,14,0.002,0.998,0.0,0.0
68613696,2026-04-09 12:46:39,Pending,Street Condition,Pothole,QUEENS,nan,40.725789943726326,-73.79174401191865,,nan,4959.1547619047615,4660.0,11,0,16.339340361979165,2,0,0.7,4,32.6,1,Medium,14,0.0,1.0,0.0,0.0
68602527,2026-04-08 09:13:52,Closed,Street Condition,Pothole,STATEN ISLAND,nan,40.552378027443645,-74.13591119575543,2026-04-19 01:00:00,nan,23788.714285714286,2762.0,1,1,17.487106565682872,4,0,0.7,4,32.6,1,Medium,14,0.001,0.999,0.0,0.0
68642611,2026-04-12 09:13:53,Closed,Street Condition,Pothole,BROOKLYN,nan,40.65678326902591,-73.91377872659088,2026-04-18 16:50:00,nan,5664.555555555556,6673.0,18,0,13.487094991608796,1,0,0.7,4,32.6,1,Medium,14,0.0,1.0,0.0,0.0
68607078,2026-04-08 17:22:26,Closed,Street Condition,Pothole,STATEN ISLAND,nan,40.554856649342554,-74.13352315426452,2026-04-18 22:55:00,nan,23788.714285714286,2762.0,2,1,17.147824158275462,4,0,0.7,4,32.6,1,Medium,14,0.0,1.0,0.0,0.0
68582300,2026-04-05 13:50:38,Closed,Street Condition,Pothole,QUEENS,nan,40.740426999845056,-73.89670264803654,2026-04-17 10:06:00,nan,4959.1547619047615,4660.0,27,0,20.294907491608797,2,0,0.7,4,32.6,1,Medium,14,0.0,1.0,0.0,0.0
68649952,2026-04-13 11:27:54,Closed,Street Condition,Pothole,BROOKLYN,nan,40.700709858825306,-73.99422600884569,2026-04-18 07:15:00,nan,5664.555555555556,6673.0,29,1,12.394027861979167,1,0,0.7,4,32.5,1,Medium,14,0.004,0.996,0.0,0.0
68609701,2026-04-09 06:07:24,Closed,Street Condition,Pothole,BROOKLYN,nan,40.6554960203084,-73.8883177879542,2026-04-13 09:55:00,nan,5664.555555555556,6673.0,20,1,16.61659730642361,1,0,0.7,4,32.5,1,Medium,14,0.0,1.0,0.0,0.0
68580902,2026-04-06 08:32:35,Closed,Street Condition,Pothole,QUEENS,nan,40.708427933279395,-73.90551702698143,2026-04-18 13:42:00,nan,4959.1547619047615,4660.0,9,1,19.515775547164353,2,0,0.7,4,32.5,1,Medium,14,0.001,0.999,0.0,0.0
68700146,2026-04-17 22:48:49,Closed,Street Condition,Pothole,BROOKLYN,nan,40.60725840274471,-74.00264345847668,2026-04-18 15:30:00,nan,5664.555555555556,6673.0,10,0,7.921169065682871,1,0,0.7,4,32.5,1,Medium,14,0.003,0.997,0.0,0.0
68553729,2026-04-03 15:35:04,Closed,Street Condition,Pothole,QUEENS,nan,40.741863453510625,-73.90750492962665,2026-04-11 21:45:00,nan,4959.1547619047615,4660.0,12,0,22.222384343460647,2,0,0.7,4,32.5,1,Medium,14,0.0,1.0,0.0,0.0
68526684,2026-04-01 15:54:24,Pending,Street Condition,Pothole,QUEENS,nan,40.753902194423326,-73.90121512412604,,nan,4959.1547619047615,4660.0,9,0,24.20895841753472,2,0,0.7,4,32.5,1,Medium,14,0.001,0.999,0.0,0.0
68741350,2026-04-20 14:50:42,Closed,Street Condition,Pothole,QUEENS,MAIN STREET,40.75866037476562,-73.82967959050642,2026-04-21 11:44:00,nan,4959.1547619047615,26446.0,37,1,5.2531945286458335,2,0,0.7,4,32.5,1,Medium,14,0.001,0.999,0.0,0.0
68578870,2026-04-06 21:00:16,Closed,Street Condition,Pothole,QUEENS,nan,40.66525738376473,-73.73955115365354,2026-04-06 21:00:16,nan,4959.1547619047615,4660.0,27,1,18.996551010127316,2,0,0.7,4,32.5,1,Medium,14,0.0,1.0,0.0,0.0
68582342,2026-04-06 11:40:52,Closed,Street Condition,Pothole,QUEENS,nan,40.75870642509298,-73.93791795808862,2026-04-18 08:35:00,nan,4959.1547619047615,4660.0,15,0,19.385023232349536,2,0,0.7,4,32.5,1,Medium,14,0.001,0.999,0.0,0.0
68574670,2026-04-06 12:47:04,Closed,Street Condition,Pothole,QUEENS,nan,40.71836919350643,-73.84055801431353,2026-04-06 12:47:04,nan,4959.1547619047615,4660.0,11,0,19.339051010127314,2,0,0.7,4,32.5,1,Medium,14,0.0,1.0,0.0,0.0
68580860,2026-04-06 23:50:30,Closed,Street Condition,Pothole,BROOKLYN,nan,40.65337959957984,-73.9065716541137,2026-04-18 19:15:00,nan,5664.555555555556,6673.0,14,0,18.878333417534723,1,0,0.7,4,32.5,1,Medium,14,0.0,1.0,0.0,0.0
68584659,2026-04-06 23:50:30,Closed,Street Condition,Pothole,BROOKLYN,nan,40.65337959957984,-73.9065716541137,2026-04-06 23:50:30,nan,5664.555555555556,6673.0,14,0,18.878333417534723,1,0,0.7,4,32.5,1,Medium,14,0.0,1.0,0.0,0.0
68658990,2026-04-13 17:45:17,Open,Street Condition,Pothole,STATEN ISLAND,nan,40.59633037451381,-74.13378613130703,,nan,23788.714285714286,2762.0,2,0,12.131956102719908,4,0,0.7,4,32.5,1,Medium,14,0.0,1.0,0.0,0.0
68530490,2026-04-01 19:53:52,Closed,Street Condition,Pothole,QUEENS,nan,40.74603472114661,-73.93440021822178,2026-04-01 19:53:52,nan,4959.1547619047615,4660.0,20,0,24.042662121238425,2,0,0.7,4,32.5,1,Medium,14,0.0,1.0,0.0,0.0
68526685,2026-04-01 15:13:21,Pending,Street Condition,Pothole,QUEENS,nan,40.6997563642136,-73.79357806953988,,nan,4959.1547619047615,4660.0,9,0,24.237465361979165,2,0,0.7,4,32.5,1,Medium,14,0.0,1.0,0.0,0.0
68626307,2026-04-10 10:08:33,Closed,Street Condition,Pothole,QUEENS,nan,40.73477005155517,-73.87458148691805,2026-04-10 10:08:33,nan,4959.1547619047615,4660.0,22,0,15.449132028645833,2,0,0.7,4,32.5,1,Medium,14,0.001,0.999,0.0,0.0
68689383,2026-04-15 16:13:36,Closed,Street Condition,Pothole,BROOKLYN,GATES AVENUE,40.68563265622099,-73.95559611090636,2026-04-16 14:15:00,nan,5664.555555555556,7106.0,17,0,10.195625084201389,1,0,0.7,4,32.5,1,Medium,14,0.0,1.0,0.0,0.0
68613127,2026-04-09 15:19:34,Closed,Street Condition,Pothole,QUEENS,nan,40.75454734016645,-73.86602604453657,2026-04-09 15:19:34,nan,4959.1547619047615,4660.0,13,1,16.233148232349535,2,0,0.7,4,32.5,1,Medium,14,0.0,1.0,0.0,0.0
68756130,2026-04-21 14:37:47,Closed,Street Condition,Pothole,BROOKLYN,BELMONT AVENUE,40.67460594914856,-73.86828479052645,2026-04-22 12:30:00,nan,5664.555555555556,2838.0,14,0,4.262164436053241,1,0,0.7,4,32.5,1,Medium,14,0.01,0.99,0.0,0.0
68545853,2026-04-02 20:36:09,Closed,Street Condition,Pothole,QUEENS,nan,40.673634729933575,-73.76383083438114,2026-04-14 09:10:00,nan,4959.1547619047615,4660.0,11,0,23.0132986953125,2,0,0.7,4,32.5,1,Medium,14,0.0,1.0,0.0,0.0
68613113,2026-04-09 19:06:38,Closed,Street Condition,Pothole,BROOKLYN,nan,40.67751492496729,-73.95912383192875,2026-04-09 19:06:38,nan,5664.555555555556,6673.0,12,0,16.07546304716435,1,0,0.7,4,32.5,1,Medium,14,0.001,0.999,0.0,0.0
68636768,2026-04-11 10:12:10,Open,Street Condition,Pothole,BROOKLYN,nan,40.69007582336544,-73.91915536897329,,nan,5664.555555555556,6673.0,14,1,14.44662045457176,1,0,0.7,4,32.5,1,Medium,14,0.001,0.999,0.0,0.0
68651457,2026-04-13 08:35:37,Open,Street Condition,Pothole,BROOKLYN,nan,40.60194983071301,-73.99380961331761,,nan,5664.555555555556,6673.0,29,0,12.51366906568287,1,0,0.7,4,32.5,1,Medium,14,0.001,0.999,0.0,0.0
68590261,2026-04-07 14:35:26,Closed,Street Condition,Pothole,QUEENS,POWER ROAD,40.73093252799397,-73.86457614856675,2026-04-07 14:35:26,nan,4959.1547619047615,4660.0,12,1,18.263796380497684,2,0,0.7,4,32.5,1,Medium,14,0.001,0.999,0.0,0.0
68533356,2026-04-01 14:44:41,Closed,Street Condition,Pothole,QUEENS,nan,40.71147052001762,-73.8091784929603,2026-04-01 21:45:00,nan,4959.1547619047615,4660.0,8,1,24.257372769386574,2,0,0.7,4,32.5,1,Medium,14,0.001,0.999,0.0,0.0
68594993,2026-04-07 14:33:45,Closed,Street Condition,Pothole,QUEENS,POWER ROAD,40.73093252799397,-73.86457614856675,2026-04-18 14:41:00,nan,4959.1547619047615,4660.0,12,1,18.264965361979165,2,0,0.7,4,32.5,1,Medium,14,0.001,0.999,0.0,0.0
68745841,2026-04-20 14:50:22,Closed,Street Condition,Pothole,QUEENS,KISSENA BOULEVARD,40.7575184420564,-73.82775499837497,2026-04-21 11:20:00,nan,5283.142857142857,13972.0,20,1,5.253426010127314,2,0,0.7,4,32.5,1,Medium,14,0.0,1.0,0.0,0.0
68738408,2026-04-20 14:48:00,Closed,Street Condition,Pothole,QUEENS,MAIN STREET,40.7584956050182,-73.82962225781209,2026-04-21 09:48:00,nan,4959.1547619047615,26446.0,37,1,5.2550695286458335,2,0,0.7,4,32.5,1,Medium,14,0.001,0.999,0.0,0.0
68745842,2026-04-20 14:47:38,Closed,Street Condition,Pothole,QUEENS,MAIN STREET,40.75908890602622,-73.82991673216537,2026-04-21 09:33:00,nan,4959.1547619047615,26446.0,36,1,5.255324158275463,2,0,0.7,4,32.5,1,Medium,14,0.001,0.999,0.0,0.0
68577469,2026-04-05 15:04:52,Closed,Street Condition,Pothole,BROOKLYN,BROADWAY,40.70807711291654,-73.95688685400027,2026-04-06 14:35:00,nan,5664.555555555556,13110.0,36,1,20.24335656568287,1,0,0.7,4,32.5,1,Medium,14,0.0,1.0,0.0,0.0
68538144,2026-04-02 12:15:16,Closed,Street Condition,Pothole,QUEENS,nan,40.74523782880471,-73.93769593025226,2026-04-16 11:17:00,nan,4959.1547619047615,4660.0,14,1,23.361134343460648,2,0,0.7,4,32.5,1,Medium,14,0.0,1.0,0.0,0.0
68583739,2026-04-05 14:41:13,Open,Street Condition,Pothole,QUEENS,nan,40.68767194476877,-73.84074319567387,,nan,4959.1547619047615,4660.0,11,1,20.25978017679398,2,0,0.7,4,32.5,1,Medium,14,0.0,1.0,0.0,0.0
68589424,2026-04-07 13:51:58,Closed,Street Condition,Pothole,QUEENS,nan,40.73380012604392,-73.81480121129775,2026-04-18 09:45:00,nan,4959.1547619047615,4660.0,10,0,18.29398156568287,2,0,0.7,4,32.5,1,Medium,14,0.002,0.998,0.0,0.0
68515086,2026-03-31 14:09:53,Closed,Street Condition,Pothole,QUEENS,nan,40.71501675063139,-73.74164012451611,2026-03-31 19:00:00,nan,4959.1547619047615,4660.0,8,1,25.281539436053244,2,0,0.7,3,32.5,1,Medium,14,0.002,0.998,0.0,0.0
68643803,2026-04-12 11:16:56,Open,Street Condition,Pothole,STATEN ISLAND,nan,40.597551715175385,-74.14075996526178,,nan,23788.714285714286,2762.0,1,1,13.401643602719908,4,0,0.7,4,32.5,1,Medium,14,0.002,0.998,0.0,0.0
68622397,2026-04-10 10:45:16,Closed,Street Condition,Pothole,BRONX,nan,40.87648397598507,-73.88064945711628,2026-04-10 10:45:16,nan,6677.6,6655.5,14,1,15.423634343460648,3,0,0.7,4,32.4,1,Medium,14,0.0,1.0,0.0,0.0
68540720,2026-04-02 18:03:30,Closed,Street Condition,Pothole,QUEENS,nan,40.67542106109093,-73.76357575428877,2026-04-14 09:20:00,nan,4959.1547619047615,4660.0,9,0,23.119305639756945,2,0,0.7,4,32.4,1,Medium,14,0.001,0.999,0.0,0.0
68668062,2026-04-14 19:05:02,Closed,Street Condition,Pothole,BRONX,nan,40.84596607196421,-73.89223766274013,2026-04-14 19:05:02,nan,6677.6,6655.5,23,1,11.076574158275463,3,0,0.7,4,32.4,1,Medium,14,0.0,1.0,0.0,0.0
68579411,2026-04-06 19:49:44,Closed,Street Condition,Pothole,QUEENS,nan,40.70297038879184,-73.86824317499595,2026-04-18 11:30:00,nan,4959.1547619047615,4660.0,13,1,19.045532491608796,2,0,0.7,4,32.4,1,Medium,14,0.0,1.0,0.0,0.0
68621078,2026-04-09 22:56:12,Closed,Street Condition,Pothole,BROOKLYN,5 AVENUE,40.67855230433652,-73.97899917300653,2026-04-10 19:45:00,nan,5664.555555555556,6673.0,11,1,15.916041750868056,1,0,0.7,4,32.4,1,Medium,14,0.003,0.997,0.0,0.0
68704025,2026-04-17 11:07:17,Closed,Street Condition,Pothole,QUEENS,FARMERS BOULEVARD,40.665660597193884,-73.76761506980566,2026-04-17 16:54:00,nan,9202.285714285714,17610.0,12,0,8.408344991608796,2,0,0.7,4,32.4,1,Medium,14,0.0,1.0,0.0,0.0
68538957,2026-04-02 18:17:07,Closed,Street Condition,Pothole,BROOKLYN,nan,40.65276846281514,-73.88628975331724,2026-04-02 18:17:07,nan,5664.555555555556,6673.0,14,1,23.109849621238425,1,0,0.7,4,32.4,1,Medium,14,0.0,1.0,0.0,0.0
68640292,2026-04-12 10:42:24,Closed,Street Condition,Pothole,BROOKLYN,nan,40.65380558417177,-73.93060584269861,2026-04-18 12:40:00,nan,5664.555555555556,6673.0,18,0,13.42562508420139,1,0,0.7,4,32.4,1,Medium,14,0.0,1.0,0.0,0.0
68612287,2026-04-04 17:40:37,Closed,Street Condition,Pothole,QUEENS,nan,40.7398168268644,-73.94275665939733,2026-04-18 10:50:00,nan,4959.1547619047615,4660.0,13,1,21.135196843460648,2,0,0.7,4,32.4,1,Medium,14,0.0,1.0,0.0,0.0
68552427,2026-04-03 19:37:03,Closed,Street Condition,Pothole,QUEENS,nan,40.734273296723934,-73.8625956125212,2026-04-11 21:45:00,nan,4959.1547619047615,4660.0,24,1,22.054340361979165,2,0,0.7,4,32.4,1,Medium,14,0.0,1.0,0.0,0.0
68540753,2026-04-02 15:08:32,Open,Street Condition,Pothole,BRONX,nan,40.865346730839754,-73.90848649906775,,nan,6677.6,6655.5,6,1,23.240810269386575,3,0,0.7,4,32.4,1,Medium,14,0.007,0.993,0.0,0.0
68550608,2026-04-03 12:11:06,Closed,Street Condition,Pothole,QUEENS,nan,40.7402725268642,-73.89585124979992,2026-04-03 12:11:06,nan,4959.1547619047615,4660.0,23,0,22.364027861979167,2,0,0.7,4,32.4,1,Medium,14,0.0,1.0,0.0,0.0
68581742,2026-04-04 08:01:23,Closed,Street Condition,Pothole,QUEENS,nan,40.71897595041057,-73.81669665208639,2026-04-06 19:15:00,nan,4959.1547619047615,4660.0,12,1,21.537442213831017,2,0,0.7,4,32.4,1,Medium,14,0.001,0.999,0.0,0.0
68614936,2026-04-04 19:04:56,Closed,Street Condition,Pothole,QUEENS,nan,40.74611707160226,-73.94489135289582,2026-04-18 10:10:00,nan,4959.1547619047615,4660.0,13,1,21.07664360271991,2,0,0.7,4,32.4,1,Medium,14,0.0,1.0,0.0,0.0
68557720,2026-04-03 11:17:29,Closed,Street Condition,Pothole,STATEN ISLAND,nan,40.56739356360024,-74.15228255738663,2026-04-12 02:05:00,nan,23788.714285714286,2762.0,0,0,22.401261658275462,4,0,0.7,4,32.4,1,Medium,14,0.002,0.998,0.0,0.0
68556365,2026-04-03 17:34:50,Closed,Street Condition,Pothole,QUEENS,nan,40.74763079674001,-73.88393715438816,2026-04-11 21:45:00,nan,4959.1547619047615,4660.0,32,1,22.13921304716435,2,0,0.7,4,32.4,1,Medium,14,0.0,1.0,0.0,0.0
68538959,2026-04-01 01:34:36,Closed,Street Condition,Pothole,BRONX,nan,40.82781165901165,-73.92592932593037,2026-04-02 23:10:00,nan,6677.6,6655.5,25,1,24.806041750868058,3,0,0.7,4,32.4,1,Medium,14,0.0,1.0,0.0,0.0
68672917,2026-04-15 17:37:38,Closed,Street Condition,Pothole,BRONX,nan,40.8623094366362,-73.90986809103204,2026-04-15 17:37:38,nan,6677.6,6655.5,24,1,10.137268602719907,3,0,0.7,4,32.4,1,Medium,14,0.0,1.0,0.0,0.0
68663906,2026-04-14 12:20:10,Open,Street Condition,Pothole,BROOKLYN,nan,40.62757300150698,-73.97657629585788,,nan,5664.555555555556,6673.0,14,0,11.35773156568287,1,0,0.7,4,32.4,1,Medium,14,0.001,0.999,0.0,0.0
68590827,2026-04-07 10:41:03,Pending,Street Condition,Pothole,QUEENS,nan,40.74391839091282,-73.92518534880874,,nan,4959.1547619047615,4660.0,12,0,18.42656258420139,2,0,0.7,4,32.4,1,Medium,14,0.001,0.999,0.0,0.0
68589428,2026-04-07 10:40:09,Closed,Street Condition,Pothole,QUEENS,nan,40.743700340673925,-73.92333787837586,2026-04-15 16:55:00,nan,4959.1547619047615,4660.0,15,0,18.427187584201388,2,0,0.7,4,32.4,1,Medium,14,0.0,1.0,0.0,0.0
68627552,2026-04-10 10:41:03,Closed,Street Condition,Pothole,BRONX,nan,40.87648397598507,-73.88064945711628,2026-04-10 10:41:03,nan,6677.6,6655.5,14,1,15.426562584201388,3,0,0.7,4,32.4,1,Medium,14,0.0,1.0,0.0,0.0
68597190,2026-04-08 19:19:57,Closed,Street Condition,Pothole,BRONX,nan,40.87892448779634,-73.90478656028658,2026-04-08 19:19:57,nan,6677.6,6655.5,15,1,17.066215361979168,3,0,0.7,4,32.4,1,Medium,14,0.0,1.0,0.0,0.0
68747956,2026-04-21 17:09:20,Open,Street Condition,Pothole,BROOKLYN,nan,40.64459927379812,-74.02159912481186,,nan,5664.555555555556,6673.0,13,1,4.156921380497685,1,0,0.7,4,32.4,1,Medium,14,0.002,0.998,0.0,0.0
68748851,2026-04-20 15:47:25,Closed,Street Condition,Pothole,BROOKLYN,8 AVENUE,40.66807516873065,-73.97727580806131,2026-04-21 08:55:00,nan,5664.555555555556,6673.0,10,1,5.213807954571759,1,0,0.7,4,32.4,1,Medium,14,0.016,0.984,0.0,0.0
68515698,2026-03-31 17:55:09,Closed,Street Condition,Pothole,BROOKLYN,nan,40.66065647048319,-73.88578611871073,2026-04-13 09:15:00,nan,5664.555555555556,6673.0,24,1,25.12510425086806,1,0,0.7,3,32.4,1,Medium,14,0.0,1.0,0.0,0.0
68583758,2026-04-06 15:14:50,Closed,Street Condition,Pothole,BROOKLYN,nan,40.65491181923001,-73.87287554910431,2026-04-21 11:13:00,nan,5664.555555555556,6673.0,17,0,19.236435269386575,1,0,0.7,4,32.4,1,Medium,14,0.0,1.0,0.0,0.0
68530491,2026-04-01 15:49:59,Closed,Street Condition,Pothole,QUEENS,nan,40.6997563642136,-73.79357806953988,2026-04-01 15:49:59,nan,4959.1547619047615,4660.0,9,0,24.21202554716435,2,0,0.7,4,32.4,1,Medium,14,0.0,1.0,0.0,0.0
68715014,2026-04-18 21:30:58,Open,Street Condition,Pothole,BROOKLYN,nan,40.674573882515034,-73.96313808568077,,nan,5664.555555555556,6673.0,10,1,6.97523156568287,1,0,0.7,4,32.4,1,Medium,14,0.06,0.94,0.0,0.0
68580887,2026-04-06 23:06:19,Pending,Street Condition,Pothole,QUEENS,nan,40.73843985119222,-73.89987041406256,,nan,4959.1547619047615,4660.0,12,1,18.909016287905093,2,0,0.7,4,32.4,1,Medium,14,0.001,0.999,0.0,0.0
68545866,2026-04-02 05:15:17,Open,Street Condition,Pothole,QUEENS,nan,40.59284859430644,-73.79615177366914,,nan,4959.1547619047615,4660.0,8,1,23.65278943605324,2,0,0.7,4,32.4,1,Medium,14,0.002,0.998,0.0,0.0
68595843,2026-04-07 17:20:11,Closed,Street Condition,Pothole,QUEENS,nan,40.7343762769571,-73.87341674191903,2026-04-07 17:20:11,nan,4959.1547619047615,4660.0,23,0,18.149386658275464,2,0,0.7,4,32.4,1,Medium,14,0.001,0.999,0.0,0.0
68532355,2026-04-01 10:46:15,Closed,Street Condition,Pothole,BROOKLYN,nan,40.59546215451883,-73.96737669844391,2026-04-03 14:40:00,nan,5664.555555555556,6673.0,6,0,24.42295147309028,1,0,0.7,4,32.4,1,Medium,14,0.028,0.972,0.0,0.0
68669697,2026-04-13 15:42:27,Closed,Street Condition,Pothole,BROOKLYN,WASHINGTON AVENUE,40.67902892248137,-73.96399368892087,2026-04-14 14:21:00,nan,5664.555555555556,13517.0,17,1,12.217257028645832,1,0,0.7,4,32.4,1,Medium,14,0.002,0.998,0.0,0.0
68609149,2026-04-04 14:50:12,Closed,Street Condition,Pothole,QUEENS,nan,40.74603472114661,-73.93440021822178,2026-04-04 14:50:12,nan,4959.1547619047615,4660.0,20,0,21.253541750868056,2,0,0.7,4,32.4,1,Medium,14,0.0,1.0,0.0,0.0
68586644,2026-04-07 07:32:37,Open,Street Condition,Pothole,BROOKLYN,nan,40.67890536841816,-73.9163928196439,,nan,5664.555555555556,6673.0,11,1,18.557419065682872,1,0,0.7,4,32.3,1,Medium,14,0.0,1.0,0.0,0.0
68536291,2026-04-01 09:03:14,Closed,Street Condition,Pothole,BRONX,nan,40.83262827520219,-73.92537469005808,2026-04-01 09:03:14,nan,6677.6,6655.5,9,0,24.494490824942133,3,0,0.7,4,32.3,1,Medium,14,0.0,0.999,0.0,0.0
68625494,2026-04-10 09:17:26,Closed,Street Condition,Pothole,QUEENS,nan,40.734660188222975,-73.86481393909118,2026-04-15 03:22:00,nan,4959.1547619047615,4660.0,28,1,15.48462971383102,2,0,0.7,4,32.3,1,Medium,14,0.001,0.999,0.0,0.0
68523594,2026-03-31 14:37:31,Pending,Street Condition,Pothole,QUEENS,nan,40.749898475172984,-73.93781067346166,,nan,4959.1547619047615,4660.0,33,0,25.262349621238428,2,0,0.7,3,32.3,1,Medium,14,0.0,1.0,0.0,0.0
68549852,2026-04-03 09:49:23,Closed,Street Condition,Pothole,QUEENS,nan,40.74581825411661,-73.94564947600665,2026-04-16 13:13:00,nan,4959.1547619047615,4660.0,12,1,22.462442213831018,2,0,0.7,4,32.3,1,Medium,14,0.0,1.0,0.0,0.0
68557164,2026-04-03 15:00:40,Closed,Street Condition,Pothole,QUEENS,nan,40.71494540083687,-73.7356018198242,2026-04-03 15:00:40,nan,4959.1547619047615,4660.0,9,1,22.246273232349537,2,0,0.7,4,32.3,1,Medium,14,0.003,0.997,0.0,0.0
68596382,2026-04-07 17:44:49,Closed,Street Condition,Pothole,QUEENS,nan,40.594060087939205,-73.78911943014097,2026-04-11 09:01:00,nan,4959.1547619047615,4660.0,10,0,18.13228017679398,2,0,0.7,4,32.3,1,Medium,14,0.0,1.0,0.0,0.0
68520444,2026-03-31 17:56:59,Closed,Street Condition,Pothole,QUEENS,nan,40.74171428915491,-73.90633230529538,2026-04-11 09:11:00,nan,4959.1547619047615,4660.0,14,1,25.123831102719908,2,0,0.7,3,32.3,1,Medium,14,0.0,0.999,0.0,0.0
68712483,2026-04-18 11:15:44,Open,Street Condition,Pothole,BROOKLYN,nan,40.602421974855176,-73.99458382349756,,nan,5664.555555555556,6673.0,31,0,7.40247693605324,1,0,0.7,4,32.3,1,Medium,14,0.01,0.99,0.0,0.0
68583211,2026-04-04 23:12:29,Closed,Street Condition,Pothole,BROOKLYN,FAYETTE STREET,40.70065576032378,-73.9396598531039,2026-04-05 21:10:00,nan,5664.555555555556,6673.0,45,1,20.904733880497684,1,0,0.7,4,32.3,1,Medium,14,0.0,1.0,0.0,0.0
68585162,2026-04-05 09:03:53,Closed,Street Condition,Pothole,QUEENS,nan,40.718021687303,-73.80232003781964,2026-04-18 13:50:00,nan,4959.1547619047615,4660.0,16,0,20.494039436053242,2,0,0.7,4,32.3,1,Medium,14,0.0,1.0,0.0,0.0
68594997,2026-04-07 12:07:12,Closed,Street Condition,Pothole,QUEENS,nan,40.701765672958274,-73.80792594429812,2026-04-18 13:15:00,nan,4959.1547619047615,4660.0,42,1,18.366736195312498,2,0,0.7,4,32.3,1,Medium,14,0.0,1.0,0.0,0.0
68580322,2026-04-06 08:14:42,Closed,Street Condition,Pothole,QUEENS,nan,40.70289457633228,-73.86915579783403,2026-04-06 08:14:42,nan,4959.1547619047615,4660.0,13,0,19.528194528645834,2,0,0.7,4,32.3,1,Medium,14,0.0,1.0,0.0,0.0
68612327,2026-04-09 16:17:29,Pending,Street Condition,Pothole,QUEENS,nan,40.70060614655157,-73.90993523917614,,nan,4959.1547619047615,4660.0,28,1,16.19292832494213,2,0,0.7,4,32.3,1,Medium,14,0.0,1.0,0.0,0.0
68611046,2026-04-09 03:11:36,Closed,Street Condition,Pothole,BROOKLYN,nan,40.68150471071293,-73.97422823037412,2026-04-11 14:30:00,nan,5664.555555555556,6673.0,41,0,16.738680639756943,1,0,0.7,4,32.3,1,Medium,14,0.0,1.0,0.0,0.0
68611045,2026-04-09 09:21:21,Closed,Street Condition,Pothole,BROOKLYN,nan,40.68620433512224,-73.95073523800245,2026-04-11 09:40:00,nan,5664.555555555556,6673.0,16,1,16.481909806423612,1,0,0.7,4,32.3,1,Medium,14,0.002,0.998,0.0,0.0
68579421,2026-04-06 06:04:58,Closed,Street Condition,Pothole,QUEENS,nan,40.70289457633228,-73.86915579783403,2026-04-18 11:44:00,nan,4959.1547619047615,4660.0,13,0,19.618287121238424,2,0,0.7,4,32.3,1,Medium,14,0.0,1.0,0.0,0.0
68533312,2026-04-01 11:59:24,Closed,Street Condition,Pothole,QUEENS,nan,40.75747192043423,-73.9390994363019,2026-04-01 21:15:00,nan,4959.1547619047615,4660.0,11,0,24.37215286197917,2,0,0.7,4,32.3,1,Medium,14,0.0,1.0,0.0,0.0
68660039,2026-04-13 15:38:35,Closed,Street Condition,Pothole,BROOKLYN,EAST NEW YORK AVENUE,40.66519425223883,-73.92709395575261,2026-04-14 10:04:00,nan,5664.555555555556,6673.0,15,0,12.219942213831018,1,0,0.7,4,32.3,1,Medium,14,0.001,0.999,0.0,0.0
68700130,2026-04-17 09:45:52,Open,Street Condition,Pothole,STATEN ISLAND,nan,40.61011319273871,-74.13512473511176,,nan,23788.714285714286,2762.0,2,1,8.464884343460648,4,0,0.7,4,32.3,1,Medium,14,0.006,0.994,0.0,0.0
68609699,2026-04-09 11:20:39,Closed,Street Condition,Pothole,BROOKLYN,nan,40.664174862428304,-73.94489056557231,2026-04-20 15:20:00,nan,5664.555555555556,6673.0,15,1,16.39906258420139,1,0,0.7,4,32.3,1,Medium,14,0.0,1.0,0.0,0.0
68585173,2026-04-06 17:18:37,Closed,Street Condition,Pothole,BROOKLYN,nan,40.70842607428827,-73.95790377644677,2026-04-13 11:34:00,nan,5664.555555555556,6673.0,39,1,19.150474621238427,1,0,0.7,4,32.3,1,Medium,14,0.0,1.0,0.0,0.0
68661667,2026-04-13 14:35:22,Closed,Street Condition,Pothole,BROOKLYN,nan,40.642546997558235,-74.01665106531672,2026-04-14 04:15:00,nan,5664.555555555556,6673.0,13,0,12.263842676793981,1,0,0.7,4,32.3,1,Medium,14,0.005,0.995,0.0,0.0
68549839,2026-04-03 19:08:11,Closed,Street Condition,Pothole,QUEENS,nan,40.73242634984246,-73.85390002253664,2026-04-11 21:45:00,nan,4959.1547619047615,4660.0,9,0,22.07438665827546,2,0,0.7,4,32.3,1,Medium,14,0.001,0.998,0.0,0.0
68539457,2026-04-02 07:54:47,Closed,Street Condition,Pothole,QUEENS,nan,40.6923175249142,-73.86089708474876,2026-04-11 12:35:00,nan,4959.1547619047615,4660.0,8,0,23.54202554716435,2,0,0.7,4,32.3,1,Medium,14,0.0,1.0,0.0,0.0
68611042,2026-04-09 18:12:26,Closed,Street Condition,Pothole,BROOKLYN,nan,40.687229444626354,-73.94178497937632,2026-04-11 09:17:00,nan,5664.555555555556,6673.0,12,1,16.11310193605324,1,0,0.7,4,32.3,1,Medium,14,0.005,0.995,0.0,0.0
68675874,2026-04-15 13:13:07,Closed,Street Condition,Pothole,QUEENS,nan,40.66684164323722,-73.78940839883084,2026-04-15 21:45:00,nan,4959.1547619047615,4660.0,17,0,10.320960732349537,2,0,0.7,4,32.2,1,Medium,14,0.0,1.0,0.0,0.0
68676416,2026-04-15 10:48:42,Pending,Street Condition,Pothole,QUEENS,nan,40.69366255534651,-73.852163876474,,nan,4959.1547619047615,4660.0,25,0,10.42125008420139,2,0,0.7,4,32.2,1,Medium,14,0.0,1.0,0.0,0.0
68648489,2026-04-13 08:26:57,Closed,Street Condition,Pothole,BROOKLYN,nan,40.658219101132126,-73.8914524839163,2026-04-21 10:38:00,nan,5664.555555555556,6673.0,29,1,12.519687584201389,1,0,0.7,4,32.2,1,Medium,14,0.001,0.999,0.0,0.0
68648488,2026-04-13 08:29:56,Closed,Street Condition,Pothole,BROOKLYN,nan,40.658577881793626,-73.89062293057096,2026-04-21 12:00:00,nan,5664.555555555556,6673.0,29,1,12.51761582494213,1,0,0.7,4,32.2,1,Medium,14,0.001,0.999,0.0,0.0
68625501,2026-04-10 06:40:22,Pending,Street Condition,Pothole,QUEENS,nan,40.71679083109271,-73.83273380405444,,nan,4959.1547619047615,4660.0,28,0,15.593703787905092,2,0,0.7,4,32.2,1,Medium,14,0.0,1.0,0.0,0.0
68575168,2026-04-05 23:15:42,Closed,Street Condition,Pothole,QUEENS,nan,40.70775964304408,-73.89756481680679,2026-04-15 10:10:00,nan,4959.1547619047615,4660.0,14,0,19.90250008420139,2,0,0.7,4,32.2,1,Medium,14,0.0,1.0,0.0,0.0
68701543,2026-04-17 17:35:20,Open,Street Condition,Pothole,BRONX,nan,40.854673467870654,-73.86010206540004,,nan,6677.6,6655.5,11,1,8.13886582494213,3,0,0.7,4,32.2,1,Medium,14,0.0,1.0,0.0,0.0
68662340,2026-04-14 19:04:07,Closed,Street Condition,Pothole,BROOKLYN,nan,40.63659189659396,-73.99473237720723,2026-04-18 11:16:00,nan,5664.555555555556,6673.0,10,1,11.077210732349537,1,0,0.7,4,32.2,1,Medium,14,0.007,0.993,0.0,0.0
68552413,2026-04-03 15:23:15,Open,Street Condition,Pothole,BROOKLYN,nan,40.67858729292244,-73.9061289409916,,nan,5664.555555555556,6673.0,21,1,22.230590361979168,1,0,0.7,4,32.2,1,Medium,14,0.0,1.0,0.0,0.0
68622392,2026-04-09 22:59:01,Closed,Street Condition,Pothole,BROOKLYN,PROSPECT AVENUE,40.66220563463641,-73.98732689913034,2026-04-10 21:10:00,nan,5664.555555555556,13124.0,11,1,15.914085732349537,1,0,0.7,4,32.2,1,Medium,14,0.003,0.996,0.0,0.0
68546683,2026-04-02 07:33:56,Closed,Street Condition,Pothole,BRONX,nan,40.82775772054211,-73.91169267637142,2026-04-02 07:33:56,nan,6677.6,6655.5,10,1,23.556504713831018,3,0,0.7,4,32.2,1,Medium,14,0.0,1.0,0.0,0.0
68595829,2026-04-07 12:41:03,Closed,Street Condition,Pothole,BRONX,nan,40.8733829293885,-73.88937285941549,2026-04-07 12:41:03,nan,6677.6,6655.5,13,1,18.343229250868056,3,0,0.7,4,32.2,1,Medium,14,0.0,1.0,0.0,0.0
68690821,2026-04-15 15:34:16,Closed,Street Condition,Pothole,BROOKLYN,EAST   34 STREET,40.6447665733015,-73.94502551007055,2026-04-16 09:22:00,nan,5664.555555555556,6673.0,21,0,10.222939899016204,1,0,0.7,4,32.2,1,Medium,14,0.0,1.0,0.0,0.0
68579384,2026-04-06 20:16:35,Closed,Street Condition,Pothole,BROOKLYN,nan,40.7232257207388,-73.93923535466129,2026-04-13 08:50:00,nan,5664.555555555556,6673.0,62,1,19.026886658275462,1,0,0.7,4,32.2,1,Medium,14,0.0,1.0,0.0,0.0
68715012,2026-04-19 01:03:51,Open,Street Condition,Pothole,BROOKLYN,nan,40.61910563757932,-73.95830950968423,,nan,5664.555555555556,6673.0,10,1,6.827395917534722,1,0,0.7,4,32.2,1,Medium,14,0.027,0.973,0.0,0.0
68670252,2026-04-14 09:03:31,Open,Street Condition,Pothole,STATEN ISLAND,nan,40.54512698095617,-74.13985795384941,,nan,23788.714285714286,2762.0,1,0,11.49429406568287,4,0,0.7,4,32.2,1,Medium,14,0.058,0.942,0.0,0.0
68667075,2026-04-14 09:05:54,Open,Street Condition,Pothole,BRONX,nan,40.82875251994936,-73.8472096256091,,nan,6677.6,6655.5,22,1,11.492638973090278,3,0,0.7,4,32.2,1,Medium,14,0.0,1.0,0.0,0.0
68633776,2026-04-11 17:55:15,Closed,Street Condition,Pothole,BROOKLYN,nan,40.68350470490595,-73.91151233376623,2026-04-11 17:55:15,nan,5664.555555555556,6673.0,17,1,14.125034806423612,1,0,0.7,4,32.2,1,Medium,14,0.001,0.999,0.0,0.0
68642600,2026-04-12 17:44:46,Pending,Street Condition,Pothole,QUEENS,nan,40.696120836693545,-73.74618150170096,,nan,4959.1547619047615,4660.0,15,1,13.132314899016203,2,0,0.7,4,32.2,1,Medium,14,0.0,1.0,0.0,0.0
68541520,2026-04-02 08:54:38,Closed,Street Condition,Pothole,BROOKLYN,nan,40.654738552069986,-73.9069229436871,2026-04-02 08:54:38,nan,5664.555555555556,6673.0,22,0,23.500463047164352,1,0,0.7,4,32.2,1,Medium,14,0.0,1.0,0.0,0.0
68622856,2026-04-10 16:45:29,Closed,Street Condition,Pothole,BROOKLYN,nan,40.67649620893194,-73.91369555802885,2026-04-18 17:55:00,nan,5664.555555555556,6673.0,15,1,15.173483880497685,1,0,0.7,4,32.2,1,Medium,14,0.001,0.999,0.0,0.0
68595845,2026-04-06 15:20:18,Closed,Street Condition,Pothole,QUEENS,nan,40.73292363563873,-73.76335368985839,2026-04-07 13:00:00,nan,4959.1547619047615,4660.0,10,1,19.23263897309028,2,0,0.7,4,32.2,1,Medium,14,0.002,0.998,0.0,0.0
68668087,2026-04-13 15:40:43,Closed,Street Condition,Pothole,BROOKLYN,PACIFIC STREET,40.67883182710752,-73.95749703099078,2026-04-14 14:07:00,nan,5664.555555555556,9184.0,23,1,12.218460732349536,1,0,0.7,4,32.2,1,Medium,14,0.001,0.999,0.0,0.0
68579385,2026-04-06 19:10:10,Open,Street Condition,Pothole,BROOKLYN,nan,40.676448835455936,-73.86453897126174,,nan,5664.555555555556,6673.0,13,0,19.073009343460647,1,0,0.7,4,32.2,1,Medium,14,0.0,1.0,0.0,0.0
68650961,2026-04-12 16:23:14,Closed,Street Condition,Pothole,BROOKLYN,nan,40.70048474132848,-73.99336047356454,2026-04-13 12:32:00,nan,5664.555555555556,6673.0,33,1,13.188935269386574,1,0,0.7,4,32.2,1,Medium,14,0.004,0.996,0.0,0.0
68601804,2026-04-08 10:18:56,Closed,Street Condition,Pothole,BROOKLYN,nan,40.68693828355353,-73.87322194168321,2026-04-17 12:07:00,nan,5664.555555555556,6673.0,15,0,17.441921380497686,1,0,0.7,4,32.1,1,Medium,14,0.0,1.0,0.0,0.0
68525116,2026-03-31 15:49:45,Closed,Street Condition,Pothole,QUEENS,nan,40.708822284670674,-73.75184293054023,2026-04-11 10:40:00,nan,4959.1547619047615,4660.0,11,0,25.21218758420139,2,0,0.7,3,32.1,1,Medium,14,0.0,1.0,0.0,0.0
68553203,2026-04-02 14:02:12,Closed,Street Condition,Pothole,QUEENS,nan,40.665422733214264,-73.74598471552167,2026-04-03 10:00:00,nan,4959.1547619047615,4660.0,27,1,23.286875084201387,2,0,0.7,4,32.1,1,Medium,14,0.0,1.0,0.0,0.0
68544526,2026-04-02 21:30:28,Closed,Street Condition,Pothole,BROOKLYN,nan,40.6574078606385,-73.89880627402103,2026-04-13 09:25:00,nan,5664.555555555556,6673.0,39,1,22.975578787905093,1,0,0.7,4,32.1,1,Medium,14,0.0,1.0,0.0,0.0
68618913,2026-04-10 15:39:04,Open,Street Condition,Pothole,BRONX,nan,40.86553149637487,-73.86237140808568,,nan,6677.6,6655.5,10,0,15.21960656568287,3,0,0.7,4,32.1,1,Medium,14,0.005,0.995,0.0,0.0
68603121,2026-04-08 14:36:40,Closed,Street Condition,Pothole,QUEENS,nan,40.7107097820174,-73.79303916334497,2026-04-18 14:04:00,nan,4959.1547619047615,4660.0,19,0,17.262939899016203,2,0,0.7,4,32.1,1,Medium,14,0.0,1.0,0.0,0.0
68605696,2026-04-08 10:20:29,Closed,Street Condition,Pothole,BROOKLYN,nan,40.686506500036,-73.87494990533939,2026-04-17 12:02:00,nan,5664.555555555556,6673.0,11,0,17.440844991608795,1,0,0.7,4,32.1,1,Medium,14,0.0,1.0,0.0,0.0
68575178,2026-04-05 09:03:01,Closed,Street Condition,Pothole,QUEENS,nan,40.743216338952784,-73.90716021602749,2026-04-17 11:23:00,nan,4959.1547619047615,4660.0,11,0,20.494641287905093,2,0,0.7,4,32.1,1,Medium,14,0.0,1.0,0.0,0.0
68750828,2026-04-22 18:51:53,Open,Street Condition,Pothole,STATEN ISLAND,nan,40.59529849301027,-74.11037886052223,,nan,23788.714285714286,2762.0,5,1,3.0857061027199073,4,0,0.7,4,32.1,1,Medium,14,0.001,0.999,0.0,0.0
68621096,2026-04-10 14:05:34,Closed,Street Condition,Pothole,QUEENS,nan,40.761265587233325,-73.87499725675143,2026-04-10 14:05:34,nan,4959.1547619047615,4660.0,13,0,15.284537121238426,2,0,0.7,4,32.1,1,Medium,14,0.001,0.999,0.0,0.0
68674395,2026-04-15 16:02:51,Closed,Street Condition,Pothole,BRONX,nan,40.844341017728645,-73.89203789556964,2026-04-15 16:02:51,nan,6677.6,6655.5,27,1,10.203090361979166,3,0,0.7,4,32.1,1,Medium,14,0.0,1.0,0.0,0.0
68631239,2026-04-11 15:47:39,Closed,Street Condition,Pothole,BRONX,nan,40.88919344270751,-73.83129818365059,2026-04-11 15:47:39,nan,6677.6,6655.5,10,1,14.213645917534722,3,0,0.7,4,32.1,1,Medium,14,0.0,1.0,0.0,0.0
68518837,2026-03-31 15:47:48,Closed,Street Condition,Pothole,QUEENS,nan,40.745595681752405,-73.90338918538406,2026-04-11 10:10:00,nan,4959.1547619047615,4660.0,18,0,25.213541750868057,2,0,0.7,3,32.1,1,Medium,14,0.0,1.0,0.0,0.0
68597194,2026-04-08 11:35:57,Closed,Street Condition,Pothole,BRONX,nan,40.87055336545723,-73.8464085146596,2026-04-08 11:35:57,nan,6677.6,6655.5,10,1,17.388437584201387,3,0,0.7,4,32.1,1,Medium,14,0.0,1.0,0.0,0.0
68631233,2026-04-11 14:40:01,Closed,Street Condition,Pothole,QUEENS,nan,40.692971283312886,-73.78023854020637,2026-04-21 16:05:00,nan,4959.1547619047615,4660.0,11,1,14.260613510127314,2,0,0.7,4,32.1,1,Medium,14,0.002,0.998,0.0,0.0
68680926,2026-04-15 16:01:00,Open,Street Condition,Pothole,BRONX,nan,40.844341017728645,-73.89203789556964,,nan,6677.6,6655.5,27,1,10.204375084201388,3,0,0.7,4,32.1,1,Medium,14,0.0,1.0,0.0,0.0
68650945,2026-04-10 11:55:10,Closed,Street Condition,Pothole,QUEENS,nan,40.75322682470155,-73.9467081849748,2026-04-11 13:15:00,nan,4959.1547619047615,4660.0,10,1,15.375092676793981,2,0,0.7,4,32.1,1,Medium,14,0.003,0.997,0.0,0.0
68523577,2026-03-31 13:37:53,Closed,Street Condition,Pothole,STATEN ISLAND,nan,40.540587527713186,-74.2215341962543,2026-04-01 07:35:00,nan,23788.714285714286,2762.0,2,0,25.303761658275466,4,0,0.7,3,32.1,1,Medium,14,0.001,0.999,0.0,0.0
68587455,2026-04-07 13:33:21,Closed,Street Condition,Pothole,QUEENS,nan,40.76935266656995,-73.83257651909997,2026-04-07 13:33:21,nan,4959.1547619047615,4660.0,12,1,18.30690980642361,2,0,0.7,4,32.1,1,Medium,14,0.001,0.999,0.0,0.0
68554527,2026-04-03 13:26:50,Closed,Street Condition,Pothole,BROOKLYN,nan,40.65276846281514,-73.88628975331724,2026-04-03 13:26:50,nan,5664.555555555556,6673.0,14,1,22.311435269386575,1,0,0.7,4,32.1,1,Medium,14,0.0,1.0,0.0,0.0
68593614,2026-04-07 18:59:29,Closed,Street Condition,Pothole,QUEENS,nan,40.769988205265,-73.90667522444659,2026-04-18 11:05:00,nan,4959.1547619047615,4660.0,15,1,18.08042832494213,2,0,0.7,4,32.1,1,Medium,14,0.0,1.0,0.0,0.0
68547973,2026-04-03 13:04:48,Closed,Street Condition,Pothole,STATEN ISLAND,nan,40.55734744941992,-74.1662156412323,2026-04-03 13:04:48,nan,23788.714285714286,2762.0,0,0,22.3267361953125,4,0,0.7,4,32.1,1,Medium,14,0.001,0.999,0.0,0.0
68645008,2026-04-13 01:33:22,Open,Street Condition,Pothole,BROOKLYN,nan,40.64430573764678,-73.95178594756857,,nan,5664.555555555556,6673.0,14,0,12.806898232349537,1,0,0.7,4,32.1,1,Medium,14,0.001,0.999,0.0,0.0
68678890,2026-04-14 16:21:56,Closed,Street Condition,Pothole,BROOKLYN,nan,40.713298368917734,-73.96741641869905,2026-04-15 10:15:00,nan,5664.555555555556,6673.0,28,1,11.189838047164352,1,0,0.7,4,32.1,1,Medium,14,0.001,0.999,0.0,0.0
68679433,2026-04-15 10:50:13,Closed,Street Condition,Pothole,BROOKLYN,nan,40.63579042607502,-73.99489457465786,2026-04-23 13:59:00,nan,5664.555555555556,6673.0,13,1,10.420196843460648,1,0,0.7,4,32.1,1,Medium,14,0.005,0.995,0.0,0.0
68656967,2026-04-13 09:34:21,Closed,Street Condition,Pothole,BRONX,nan,40.85712851005098,-73.88079263989022,2026-04-13 09:34:21,nan,6677.6,6655.5,28,1,12.472882028645833,3,0,0.7,4,32.1,1,Medium,14,0.0,1.0,0.0,0.0
68587988,2026-04-07 10:41:32,Closed,Street Condition,Pothole,QUEENS,nan,40.74434617935914,-73.92889837899675,2026-04-15 18:24:00,nan,4959.1547619047615,4660.0,16,0,18.42622693605324,2,0,0.7,4,32.1,1,Medium,14,0.0,1.0,0.0,0.0
68588010,2026-04-07 16:47:04,Closed,Street Condition,Pothole,BROOKLYN,nan,40.67740565662153,-73.98304820765676,2026-04-11 14:10:00,nan,5664.555555555556,6673.0,13,1,18.17238434346065,1,0,0.7,4,32.1,1,Medium,14,0.0,1.0,0.0,0.0
68576577,2026-04-06 09:53:32,Closed,Street Condition,Pothole,QUEENS,nan,40.734273296723934,-73.8625956125212,2026-04-17 21:45:00,nan,4959.1547619047615,4660.0,24,1,19.459560269386575,2,0,0.7,4,32.1,1,Medium,14,0.0,1.0,0.0,0.0
68652441,2026-04-13 12:10:51,Closed,Street Condition,Pothole,BRONX,nan,40.86553149637487,-73.86237140808568,2026-04-13 12:10:51,nan,6677.6,6655.5,10,0,12.364201473090278,3,0,0.7,4,32.1,1,Medium,14,0.0,1.0,0.0,0.0
68666493,2026-04-14 11:26:00,Closed,Street Condition,Pothole,QUEENS,nan,40.67521422723454,-73.73779262409046,2026-04-14 21:51:00,nan,4959.1547619047615,4660.0,15,1,11.395347306423611,2,0,0.7,4,32.1,1,Medium,14,0.001,0.999,0.0,0.0
68696713,2026-04-17 08:56:42,Closed,Street Condition,Pothole,MANHATTAN,nan,40.7713904523201,-73.95043032980328,2026-04-17 08:56:42,nan,16591.571428571428,6876.0,4,0,8.499027861979167,0,0,0.7,4,32.1,1,Medium,14,0.002,0.997,0.0,0.0
68596399,2026-04-07 15:39:02,Closed,Street Condition,Pothole,BROOKLYN,nan,40.6307476287109,-73.97171152338811,2026-04-18 13:23:00,nan,5664.555555555556,6673.0,24,0,18.21962971383102,1,0,0.7,4,32.1,1,Medium,14,0.0,1.0,0.0,0.0
68580319,2026-04-06 09:57:07,Closed,Street Condition,Pothole,QUEENS,nan,40.734273296723934,-73.8625956125212,2026-04-06 09:57:07,nan,4959.1547619047615,4660.0,24,1,19.457071843460646,2,0,0.7,4,32.1,1,Medium,14,0.0,1.0,0.0,0.0
68540737,2026-04-02 09:07:20,Closed,Street Condition,Pothole,QUEENS,nan,40.666752547870225,-73.77993561984331,2026-04-16 08:20:00,nan,4959.1547619047615,4660.0,38,1,23.491643602719908,2,0,0.7,4,32.1,1,Medium,14,0.0,1.0,0.0,0.0
68543966,2026-04-02 09:34:01,Closed,Street Condition,Pothole,QUEENS,nan,40.666752547870225,-73.77993561984331,2026-04-02 09:34:01,nan,4959.1547619047615,4660.0,38,1,23.473113510127316,2,0,0.7,4,32.1,1,Medium,14,0.0,1.0,0.0,0.0
68704499,2026-04-17 12:27:58,Open,Street Condition,Pothole,STATEN ISLAND,nan,40.598934991868184,-74.06375918970949,,nan,23788.714285714286,2762.0,4,1,8.352314899016203,4,0,0.7,4,32.1,1,Medium,14,0.002,0.998,0.0,0.0
68580888,2026-04-06 22:54:40,Pending,Street Condition,Pothole,QUEENS,nan,40.74855066375679,-73.8958130445512,,nan,4959.1547619047615,4660.0,45,0,18.91710656568287,2,0,0.7,4,32.1,1,Medium,14,0.0,1.0,0.0,0.0
68617099,2026-04-09 10:01:38,Closed,Street Condition,Pothole,STATEN ISLAND,nan,40.54889704486478,-74.1693719223171,2026-04-09 10:01:38,nan,23788.714285714286,2762.0,1,0,16.453935269386573,4,0,0.7,4,32.1,1,Medium,14,0.001,0.999,0.0,0.0
68539451,2026-04-02 14:31:04,Pending,Street Condition,Pothole,QUEENS,nan,40.771777073594066,-73.92444281472862,,nan,4959.1547619047615,4660.0,14,1,23.26682878790509,2,0,0.7,4,32.1,1,Medium,14,0.0,1.0,0.0,0.0
68608416,2026-04-09 11:14:58,Open,Street Condition,Pothole,BROOKLYN,nan,40.66059386152177,-73.9313268541998,,nan,5664.555555555556,6673.0,16,1,16.40300934346065,1,0,0.7,4,32.1,1,Medium,14,0.0,1.0,0.0,0.0
68613660,2026-04-04 10:49:28,Closed,Street Condition,Pothole,QUEENS,nan,40.696168785747595,-73.8044908837029,2026-04-11 21:49:00,nan,4959.1547619047615,4660.0,20,1,21.42071767679398,2,0,0.7,4,32.1,1,Medium,14,0.0,1.0,0.0,0.0
68764273,2026-04-23 17:22:54,Open,Street Condition,Pothole,MANHATTAN,nan,40.80884241326302,-73.96581272236774,,nan,16591.571428571428,6876.0,3,1,2.147500084201389,0,0,0.7,4,32.1,1,Medium,14,0.007,0.992,0.001,0.0
68606502,2026-04-08 21:08:55,Closed,Street Condition,Pothole,QUEENS,nan,40.725476145414376,-73.76557731286611,2026-04-08 21:08:55,nan,4959.1547619047615,4660.0,31,1,16.99054406568287,2,0,0.7,4,32.0,1,Medium,14,0.0,1.0,0.0,0.0
68580867,2026-04-06 11:50:15,Closed,Street Condition,Pothole,BROOKLYN,nan,40.689452026969406,-73.9680771303764,2026-04-17 09:35:00,nan,5664.555555555556,6673.0,16,0,19.37850702864583,1,0,0.7,4,32.0,1,Medium,14,0.0,1.0,0.0,0.0
68540727,2026-04-02 15:04:30,Closed,Street Condition,Pothole,QUEENS,nan,40.739921926065584,-73.86024918798077,2026-04-11 12:10:00,nan,4959.1547619047615,4660.0,9,1,23.2436111953125,2,0,0.7,4,32.0,1,Medium,14,0.0,1.0,0.0,0.0
68750831,2026-04-22 14:19:20,Open,Street Condition,Pothole,STATEN ISLAND,nan,40.60875681117382,-74.07578325430443,,nan,23788.714285714286,2762.0,3,1,3.2749769360532404,4,0,0.7,4,32.0,1,Medium,14,0.003,0.997,0.0,0.0
68691297,2026-04-16 15:52:23,Open,Street Condition,Pothole,STATEN ISLAND,nan,40.60100232643974,-74.076437056204,,nan,23788.714285714286,2762.0,4,1,9.210358880497685,4,0,0.7,4,32.0,1,Medium,14,0.004,0.996,0.0,0.0
68620201,2026-04-10 17:56:04,Pending,Street Condition,Pothole,QUEENS,nan,40.684748761092095,-73.83111952994496,,nan,4959.1547619047615,4660.0,13,1,15.124467676793982,2,0,0.7,4,32.0,1,Medium,14,0.0,0.999,0.0,0.0
68698645,2026-04-17 13:10:40,Open,Street Condition,Pothole,STATEN ISLAND,WEST SHORE PARKWAY,40.52538679979101,-74.23926400287598,,nan,23788.714285714286,2762.0,2,0,8.322662121238425,4,0,0.7,4,32.0,1,Medium,14,0.003,0.997,0.0,0.0
68614938,2026-04-04 14:59:11,Open,Street Condition,Pothole,QUEENS,nan,40.60943148348301,-73.75478031187548,,nan,4959.1547619047615,4660.0,18,0,21.24730332494213,2,0,0.7,4,32.0,1,Medium,14,0.0,1.0,0.0,0.0
68608381,2026-04-09 09:22:01,Closed,Street Condition,Pothole,QUEENS,nan,40.67948147234004,-73.7574034114413,2026-04-18 14:10:00,nan,4959.1547619047615,4660.0,11,0,16.48144684346065,2,0,0.7,4,32.0,1,Medium,14,0.0,1.0,0.0,0.0
68580901,2026-04-06 11:00:27,Closed,Street Condition,Pothole,QUEENS,nan,40.74137770861215,-73.78589971262137,2026-04-11 12:06:00,nan,4959.1547619047615,4660.0,10,1,19.413090361979165,2,0,0.7,4,32.0,1,Medium,14,0.004,0.996,0.0,0.0
68593088,2026-04-07 17:06:43,Closed,Street Condition,Pothole,BROOKLYN,nan,40.67207532496824,-73.91133643550022,2026-04-07 17:06:43,nan,5664.555555555556,6673.0,27,1,18.158738510127314,1,0,0.7,4,32.0,1,Medium,14,0.0,1.0,0.0,0.0
68668719,2026-04-15 00:50:44,Open,Street Condition,Pothole,BRONX,nan,40.83081979459333,-73.8700063632717,,nan,6677.6,6655.5,11,1,10.836504713831019,3,0,0.7,4,32.0,1,Medium,14,0.0,1.0,0.0,0.0
68676393,2026-04-15 09:54:37,Open,Street Condition,Pothole,BRONX,nan,40.86703060750593,-73.89110802695467,,nan,6677.6,6655.5,12,1,10.458807954571759,3,0,0.7,4,32.0,1,Medium,14,0.0,0.999,0.0,0.0
68583738,2026-04-05 16:14:46,Closed,Street Condition,Pothole,QUEENS,nan,40.683753821295106,-73.83978625778587,2026-04-11 13:49:00,nan,4959.1547619047615,4660.0,9,0,20.194814899016205,2,0,0.7,4,32.0,1,Medium,14,0.0,1.0,0.0,0.0
68608412,2026-04-09 15:42:50,Open,Street Condition,Pothole,BROOKLYN,nan,40.704112957771954,-73.91586709054877,,nan,5664.555555555556,6673.0,25,0,16.21699082494213,1,0,0.7,4,32.0,1,Medium,14,0.0,1.0,0.0,0.0
68588018,2026-04-07 07:43:36,Open,Street Condition,Pothole,BROOKLYN,nan,40.676448835455936,-73.86453897126174,,nan,5664.555555555556,6673.0,13,0,18.549791750868057,1,0,0.7,4,32.0,1,Medium,14,0.0,1.0,0.0,0.0
68515116,2026-03-31 20:56:18,Closed,Street Condition,Pothole,BROOKLYN,nan,40.612330908248275,-73.96478242270412,2026-03-31 20:56:18,nan,5664.555555555556,6673.0,8,0,24.999305639756948,1,0,0.7,3,32.0,1,Medium,14,0.003,0.997,0.0,0.0
68518266,2026-03-31 14:43:53,Closed,Street Condition,Pothole,QUEENS,nan,40.73687618182392,-73.93563610773968,2026-03-31 15:54:00,nan,4959.1547619047615,4660.0,28,1,25.25792832494213,2,0,0.7,3,32.0,1,Medium,14,0.0,1.0,0.0,0.0
68574648,2026-04-06 18:26:22,Closed,Street Condition,Pothole,BRONX,nan,40.85198136175383,-73.91017487663616,2026-04-06 18:26:22,nan,6677.6,6655.5,10,1,19.103426010127315,3,0,0.7,4,32.0,1,Medium,14,0.0,1.0,0.0,0.0
68617597,2026-04-09 17:31:52,Open,Street Condition,Pothole,BRONX,nan,40.81331479624544,-73.92287475562016,,nan,6677.6,6655.5,9,1,16.141273232349537,3,0,0.7,4,32.0,1,Medium,14,0.003,0.997,0.0,0.0
68579416,2026-04-06 16:06:14,Closed,Street Condition,Pothole,QUEENS,nan,40.736752343034745,-73.8776701929152,2026-04-11 21:45:00,nan,4959.1547619047615,4660.0,18,0,19.20074082494213,2,0,0.7,4,32.0,1,Medium,14,0.001,0.999,0.0,0.0
68759629,2026-04-22 14:09:11,Closed,Street Condition,Pothole,STATEN ISLAND,nan,40.607427447247595,-74.09203150051069,2026-04-22 14:09:11,nan,23788.714285714286,2762.0,6,1,3.2820255471643516,4,0,0.7,4,32.0,1,Medium,14,0.001,0.999,0.0,0.0
68701544,2026-04-17 16:37:19,Open,Street Condition,Pothole,BRONX,nan,40.82245734528027,-73.92691443324327,,nan,6677.6,6655.5,15,1,8.179155176793982,3,0,0.7,4,32.0,1,Medium,14,0.0,1.0,0.0,0.0
68649472,2026-04-12 16:22:44,Closed,Street Condition,Pothole,BROOKLYN,nan,40.6937214302458,-73.99045462046223,2026-04-13 12:50:00,nan,5664.555555555556,6673.0,23,1,13.189282491608797,1,0,0.7,4,32.0,1,Medium,14,0.021,0.979,0.0,0.0
68696715,2026-04-16 13:19:36,Closed,Street Condition,Pothole,BROOKLYN,JEFFERSON AVENUE,40.68381128251502,-73.94550891912417,2026-04-17 09:15:00,nan,5664.555555555556,1926.0,11,1,9.316458417534722,1,0,0.7,4,32.0,1,Medium,14,0.001,0.999,0.0,0.0
68649473,2026-04-12 16:20:55,Closed,Street Condition,Pothole,BROOKLYN,nan,40.70206019145194,-73.99261375801929,2026-04-13 11:00:00,nan,5664.555555555556,6673.0,37,1,13.19054406568287,1,0,0.7,4,32.0,1,Medium,14,0.004,0.996,0.0,0.0
68607872,2026-04-09 18:18:46,Closed,Street Condition,Pothole,QUEENS,nan,40.74364416561568,-73.95123047783426,2026-04-09 18:18:46,nan,4959.1547619047615,4660.0,15,1,16.108703787905092,2,0,0.7,4,32.0,1,Medium,14,0.001,0.999,0.0,0.0
68619754,2026-04-10 12:00:57,Closed,Street Condition,Pothole,QUEENS,nan,40.69091679076116,-73.72817863918132,2026-04-10 12:00:57,nan,4959.1547619047615,4660.0,43,1,15.371076473090277,2,0,0.7,4,32.0,1,Medium,14,0.0,1.0,0.0,0.0
68613097,2026-04-04 16:49:32,Closed,Street Condition,Pothole,QUEENS,nan,40.74581825411661,-73.94564947600665,2026-04-04 16:49:32,nan,4959.1547619047615,4660.0,12,1,21.170671380497684,2,0,0.7,4,32.0,1,Medium,14,0.0,1.0,0.0,0.0
68613687,2026-04-09 21:06:45,Closed,Street Condition,Pothole,QUEENS,nan,40.69752482086487,-73.74681808392695,2026-04-18 08:45:00,nan,4959.1547619047615,4660.0,13,1,15.9920486953125,2,0,0.7,4,32.0,1,Medium,14,0.002,0.998,0.0,0.0
68640283,2026-04-12 16:29:13,Closed,Street Condition,Pothole,QUEENS,nan,40.7246918900282,-73.75409283063345,2026-04-13 02:54:00,nan,4959.1547619047615,4660.0,10,1,13.184780176793982,2,0,0.7,4,31.9,1,Medium,14,0.001,0.999,0.0,0.0
68580314,2026-04-06 22:24:42,Closed,Street Condition,Pothole,QUEENS,nan,40.7402725268642,-73.89585124979992,2026-04-06 22:24:42,nan,4959.1547619047615,4660.0,23,0,18.937916750868055,2,0,0.7,4,31.9,1,Medium,14,0.0,1.0,0.0,0.0
68579372,2026-04-05 16:32:37,Closed,Street Condition,Pothole,QUEENS,nan,40.74054007674374,-73.89730872573855,2026-04-17 09:00:00,nan,4959.1547619047615,4660.0,34,0,20.182419065682872,2,0,0.7,4,31.9,1,Medium,14,0.0,1.0,0.0,0.0
68707385,2026-04-17 19:51:12,Closed,Street Condition,Pothole,BROOKLYN,nan,40.72600037283003,-73.95003114907557,2026-04-18 15:50:00,nan,5664.555555555556,6673.0,15,1,8.044513973090277,1,0,0.7,4,31.9,1,Medium,14,0.005,0.995,0.0,0.0
68613690,2026-04-09 17:24:39,Closed,Street Condition,Pothole,QUEENS,nan,40.75145646745757,-73.83227500973547,2026-04-18 13:05:00,nan,4959.1547619047615,4660.0,14,0,16.146284806423612,2,0,0.7,4,31.9,1,Medium,14,0.0,1.0,0.0,0.0
68575198,2026-04-05 17:46:23,Closed,Street Condition,Pothole,BROOKLYN,nan,40.61805208444055,-73.9806823428405,2026-04-18 13:50:00,nan,5664.555555555556,6673.0,9,1,20.131192213831017,1,0,0.7,4,31.9,1,Medium,14,0.001,0.999,0.0,0.0
68685358,2026-04-16 23:26:20,Open,Street Condition,Pothole,MANHATTAN,nan,40.787859442428896,-73.96744854194469,,nan,16591.571428571428,6876.0,4,0,8.89511582494213,0,0,0.7,4,31.9,1,Medium,14,0.002,0.998,0.0,0.0
68607081,2026-04-09 01:05:47,Closed,Street Condition,Pothole,QUEENS,nan,40.71679083109271,-73.83273380405444,2026-04-09 13:03:00,nan,4959.1547619047615,4660.0,28,0,16.82605332494213,2,0,0.7,4,31.9,1,Medium,14,0.0,1.0,0.0,0.0
68626309,2026-04-10 08:31:46,Closed,Street Condition,Pothole,QUEENS,nan,40.76334584290019,-73.87730728920086,2026-04-10 08:31:46,nan,4959.1547619047615,4660.0,10,0,15.51634267679398,2,0,0.7,4,31.9,1,Medium,14,0.001,0.999,0.0,0.0
68541982,2026-04-02 16:44:59,Closed,Street Condition,Pothole,QUEENS,nan,40.67850704607149,-73.73499277588373,2026-04-16 10:05:00,nan,4959.1547619047615,4660.0,8,1,23.17383110271991,2,0,0.7,4,31.9,1,Medium,14,0.002,0.997,0.0,0.0
68625025,2026-04-10 16:19:35,Closed,Street Condition,Pothole,QUEENS,nan,40.68424002310187,-73.84609489919268,2026-04-10 16:19:35,nan,4959.1547619047615,4660.0,14,0,15.191469991608797,2,0,0.7,4,31.9,1,Medium,14,0.0,1.0,0.0,0.0
68632993,2026-04-11 09:50:10,Closed,Street Condition,Pothole,BROOKLYN,nan,40.675091646890074,-73.89186124066255,2026-04-16 13:52:00,nan,5664.555555555556,6673.0,12,1,14.461898232349537,1,0,0.7,4,31.9,1,Medium,14,0.01,0.99,0.0,0.0
68628035,2026-04-10 12:14:00,Pending,Street Condition,Pothole,QUEENS,nan,40.76562140808448,-73.7811359763759,,nan,4959.1547619047615,4660.0,11,1,15.362013973090278,2,0,0.7,4,31.9,1,Medium,14,0.004,0.996,0.0,0.0
68557711,2026-04-03 11:35:05,Closed,Street Condition,Pothole,BROOKLYN,nan,40.64242381497732,-73.96174694057026,2026-04-04 01:24:00,nan,5664.555555555556,6673.0,7,0,22.389039436053242,1,0,0.7,4,31.9,1,Medium,14,0.002,0.998,0.0,0.0
68535274,2026-04-01 18:09:29,Closed,Street Condition,Pothole,BROOKLYN,nan,40.701573310863985,-73.93129185422126,2026-04-02 13:07:00,nan,5664.555555555556,6673.0,6,1,24.11515054716435,1,0,0.7,4,31.9,1,Medium,14,0.003,0.997,0.0,0.0
68748829,2026-04-20 14:49:54,Closed,Street Condition,Pothole,QUEENS,SANFORD AVENUE,40.75675108347201,-73.82854025101055,2026-04-21 11:01:00,nan,4959.1547619047615,9951.0,16,1,5.253750084201389,2,0,0.7,4,31.9,1,Medium,14,0.001,0.999,0.0,0.0
68533846,2026-04-01 18:58:08,Closed,Street Condition,Pothole,BROOKLYN,nan,40.6604415898083,-73.95687438918226,2026-04-11 16:30:00,nan,5664.555555555556,6673.0,6,1,24.08136582494213,1,0,0.7,4,31.9,1,Medium,14,0.001,0.999,0.0,0.0
68623738,2026-04-10 09:42:12,Closed,Street Condition,Pothole,STATEN ISLAND,nan,40.558272363158224,-74.13487233521455,2026-04-10 09:42:12,nan,23788.714285714286,2762.0,0,0,15.467430639756945,4,0,0.7,4,31.9,1,Medium,14,0.003,0.997,0.0,0.0
68593618,2026-04-07 13:15:35,Closed,Street Condition,Pothole,QUEENS,nan,40.73979576893791,-73.79288025175798,2026-04-18 12:00:00,nan,4959.1547619047615,4660.0,22,1,18.319247769386575,2,0,0.7,4,31.9,1,Medium,14,0.0,1.0,0.0,0.0
68686847,2026-04-16 15:56:29,Closed,Street Condition,Pothole,BROOKLYN,nan,40.66549005068361,-73.91062427130956,2026-04-18 18:20:00,nan,5664.555555555556,6673.0,29,1,9.207511658275463,1,0,0.7,4,31.9,1,Medium,14,0.001,0.999,0.0,0.0
68741364,2026-04-20 16:02:11,Closed,Street Condition,Pothole,BROOKLYN,nan,40.655845792390465,-73.89848067333763,2026-04-21 15:23:00,nan,5664.555555555556,6673.0,21,1,5.2035533249421295,1,0,0.7,4,31.9,1,Medium,14,0.003,0.996,0.0,0.0
68641466,2026-04-13 01:14:14,Open,Street Condition,Pothole,BROOKLYN,nan,40.648532493553994,-73.95826229264829,,nan,5664.555555555556,6673.0,12,1,12.820185269386574,1,0,0.7,4,31.9,1,Medium,14,0.009,0.991,0.0,0.0
68717459,2026-04-18 08:54:35,Open,Street Condition,Pothole,BRONX,nan,40.818603840828935,-73.8891604407257,,nan,6677.6,6655.5,20,1,7.500497769386574,3,0,0.7,4,31.9,1,Medium,14,0.0,1.0,0.0,0.0
68640279,2026-04-13 01:59:20,Pending,Street Condition,Pothole,QUEENS,nan,40.6950905500885,-73.74573104254247,,nan,4959.1547619047615,4660.0,11,0,12.78886582494213,2,0,0.7,4,31.9,1,Medium,14,0.0,1.0,0.0,0.0
68752183,2026-04-22 18:47:16,Open,Street Condition,Pothole,BRONX,nan,40.857049203715135,-73.8547071439083,,nan,6677.6,6655.5,17,0,3.0889121212384256,3,0,0.7,4,31.9,1,Medium,14,0.003,0.997,0.0,0.0
68542755,2026-04-02 16:59:54,Closed,Street Condition,Pothole,QUEENS,nan,40.74603472114661,-73.93440021822178,2026-04-02 16:59:54,nan,4959.1547619047615,4660.0,20,0,23.16347230642361,2,0,0.7,4,31.9,1,Medium,14,0.0,1.0,0.0,0.0
68683375,2026-04-15 19:14:04,Closed,Street Condition,Pothole,BROOKLYN,nan,40.64524579781248,-73.93261468411333,2026-04-15 19:14:04,nan,5664.555555555556,6673.0,11,0,10.070301010127315,1,0,0.7,4,31.9,1,Medium,14,0.0,1.0,0.0,0.0
68622401,2026-04-10 23:52:57,Closed,Street Condition,Pothole,QUEENS,nan,40.702133093624795,-73.80444093305614,2026-04-10 23:52:57,nan,4959.1547619047615,4660.0,23,1,14.876632028645833,2,0,0.7,4,31.9,1,Medium,14,0.0,1.0,0.0,0.0
68584667,2026-04-05 15:00:13,Closed,Street Condition,Pothole,BROOKLYN,STANLEY AVENUE,40.66370439986094,-73.87382119202341,2026-04-06 10:02:00,nan,5664.555555555556,7624.0,6,1,20.246585732349537,1,0,0.7,4,31.9,1,Medium,14,0.002,0.998,0.0,0.0
68617610,2026-04-09 16:55:00,Closed,Street Condition,Pothole,BROOKLYN,nan,40.66159145897608,-73.99684617146559,2026-04-11 10:40:00,nan,5664.555555555556,6673.0,17,0,16.16687508420139,1,0,0.7,4,31.9,1,Medium,14,0.001,0.999,0.0,0.0
68556355,2026-04-03 15:53:11,Open,Street Condition,Pothole,BROOKLYN,nan,40.653190255883345,-73.96621323435924,,nan,5664.555555555556,6673.0,7,1,22.20980332494213,1,0,0.7,4,31.9,1,Medium,14,0.001,0.999,0.0,0.0
68655413,2026-04-13 05:45:05,Closed,Street Condition,Pothole,BRONX,nan,40.84317496421008,-73.91194689088798,2026-04-13 05:45:05,nan,6677.6,6655.5,12,1,12.632094991608795,3,0,0.7,4,31.9,1,Medium,14,0.0,1.0,0.0,0.0
68609148,2026-04-04 15:29:22,Closed,Street Condition,Pothole,QUEENS,nan,40.7402725268642,-73.89585124979992,2026-04-04 15:29:22,nan,4959.1547619047615,4660.0,23,0,21.22634267679398,2,0,0.7,4,31.9,1,Medium,14,0.0,1.0,0.0,0.0
68607059,2026-04-08 14:52:06,Pending,Street Condition,Pothole,QUEENS,nan,40.73477005155517,-73.87458148691805,,nan,4959.1547619047615,4660.0,22,0,17.25222230642361,2,0,0.7,4,31.9,1,Medium,14,0.001,0.999,0.0,0.0
68577455,2026-04-05 09:38:30,Closed,Street Condition,Pothole,QUEENS,nan,40.7402725268642,-73.89585124979992,2026-04-05 09:38:30,nan,4959.1547619047615,4660.0,23,0,20.470000084201388,2,0,0.7,4,31.9,1,Medium,14,0.0,1.0,0.0,0.0
68595836,2026-04-07 11:16:24,Closed,Street Condition,Pothole,STATEN ISLAND,nan,40.63528628480507,-74.0783030243075,2026-04-07 11:16:24,nan,23788.714285714286,2762.0,2,1,18.402013973090277,4,0,0.7,4,31.8,1,Medium,14,0.008,0.992,0.0,0.0
68621542,2026-04-10 16:03:07,Closed,Street Condition,Pothole,QUEENS,nan,40.72388881244898,-73.84654449796727,2026-04-18 13:45:00,nan,4959.1547619047615,4660.0,19,1,15.202905176793982,2,0,0.7,4,31.8,1,Medium,14,0.0,1.0,0.0,0.0
68703030,2026-04-17 13:09:38,Closed,Street Condition,Pothole,BROOKLYN,nan,40.63542829950372,-73.92473771043765,2026-04-18 14:06:00,nan,5664.555555555556,6673.0,10,1,8.323379713831018,1,0,0.7,4,31.8,1,Medium,14,0.002,0.998,0.0,0.0
68712476,2026-04-18 07:03:01,Open,Street Condition,Pothole,BRONX,nan,40.89534114813903,-73.85526728027854,,nan,6677.6,6655.5,12,0,7.577974621238425,3,0,0.7,4,31.8,1,Medium,14,0.0,1.0,0.0,0.0
68524562,2026-03-31 13:10:02,Closed,Street Condition,Pothole,QUEENS,nan,40.667431988364136,-73.76675458345666,2026-03-31 13:10:02,nan,4959.1547619047615,4660.0,21,0,25.323101936053245,2,0,0.7,3,31.8,1,Medium,14,0.0,1.0,0.0,0.0
68665520,2026-04-14 09:55:59,Closed,Street Condition,Pothole,BROOKLYN,nan,40.68001502929528,-73.87742815425175,2026-04-22 10:25:00,nan,5664.555555555556,6673.0,28,1,11.457858880497685,1,0,0.7,4,31.8,1,Medium,14,0.001,0.999,0.0,0.0
68587451,2026-04-08 00:07:37,Closed,Street Condition,Pothole,QUEENS,nan,40.711464773780904,-73.83570497381895,2026-04-08 00:07:37,nan,4959.1547619047615,4660.0,15,1,17.866446843460647,2,0,0.7,4,31.8,1,Medium,14,0.0,1.0,0.0,0.0
68707382,2026-04-17 16:38:21,Open,Street Condition,Pothole,BRONX,nan,40.83617892778915,-73.88424886692215,,nan,6677.6,6655.5,10,0,8.178437584201388,3,0,0.7,4,31.8,1,Medium,14,0.0,1.0,0.0,0.0
68687894,2026-04-16 21:20:09,Closed,Street Condition,Pothole,BRONX,nan,40.85495985207665,-73.90396414572365,2026-04-16 21:20:09,nan,6677.6,6655.5,16,1,8.982743139756945,3,0,0.7,4,31.8,1,Medium,14,0.0,1.0,0.0,0.0
68626746,2026-04-10 09:12:36,Closed,Street Condition,Pothole,QUEENS,nan,40.72167841557099,-73.83596479807059,2026-04-18 08:00:00,nan,4959.1547619047615,4660.0,10,1,15.4879861953125,2,0,0.7,4,31.8,1,Medium,14,0.001,0.999,0.0,0.0
68668072,2026-04-14 11:52:04,Closed,Street Condition,Pothole,QUEENS,nan,40.704697195718175,-73.79679799447223,2026-04-14 16:22:00,nan,4959.1547619047615,4660.0,23,1,11.377245454571758,2,0,0.7,4,31.8,1,Medium,14,0.001,0.999,0.0,0.0
68690822,2026-04-16 14:09:06,Closed,Street Condition,Pothole,BROOKLYN,nan,40.61910563757932,-73.95830950968423,2026-04-16 14:09:06,nan,5664.555555555556,6673.0,10,1,9.282083417534722,1,0,0.7,4,31.8,1,Medium,14,0.006,0.993,0.0,0.0
68748852,2026-04-21 15:34:57,Closed,Street Condition,Pothole,BROOKLYN,nan,40.60725840274471,-74.00264345847668,2026-04-21 15:34:57,nan,5664.555555555556,6673.0,10,0,4.222465361979166,1,0,0.7,4,31.8,1,Medium,14,0.002,0.998,0.0,0.0
68533320,2026-04-01 09:38:55,Closed,Street Condition,Pothole,QUEENS,nan,40.74603472114661,-73.93440021822178,2026-04-01 09:38:55,nan,4959.1547619047615,4660.0,20,0,24.46971073234954,2,0,0.7,4,31.8,1,Medium,14,0.0,1.0,0.0,0.0
68739912,2026-04-21 14:52:13,Closed,Street Condition,Pothole,BROOKLYN,nan,40.60725840274471,-74.00264345847668,2026-04-21 14:52:13,nan,5664.555555555556,6673.0,10,0,4.252141287905093,1,0,0.7,4,31.8,1,Medium,14,0.002,0.998,0.0,0.0
68619747,2026-04-10 09:42:56,Closed,Street Condition,Pothole,BROOKLYN,nan,40.66065647048319,-73.88578611871073,2026-04-10 09:42:56,nan,5664.555555555556,6673.0,24,1,15.466921380497684,1,0,0.7,4,31.8,1,Medium,14,0.0,1.0,0.0,0.0
68537627,2026-04-02 16:21:32,Closed,Street Condition,Pothole,QUEENS,nan,40.74377321626258,-73.91382854568447,2026-04-02 16:21:32,nan,4959.1547619047615,4660.0,14,0,23.19011582494213,2,0,0.7,4,31.8,1,Medium,14,0.0,1.0,0.0,0.0
68699653,2026-04-16 13:20:07,Closed,Street Condition,Pothole,BROOKLYN,JEFFERSON AVENUE,40.6839069555502,-73.94468316258347,2026-04-17 09:23:00,nan,5664.555555555556,1926.0,17,1,9.316099621238425,1,0,0.7,4,31.8,1,Medium,14,0.0,1.0,0.0,0.0
68675871,2026-04-15 15:05:33,Closed,Street Condition,Pothole,QUEENS,nan,40.72013323771417,-73.79037278029215,2026-04-15 15:05:33,nan,4959.1547619047615,4660.0,31,0,10.242882028645834,2,0,0.7,4,31.8,1,Medium,14,0.0,1.0,0.0,0.0
68646799,2026-04-13 02:01:27,Closed,Street Condition,Pothole,QUEENS,nan,40.695995345656485,-73.78277097622183,2026-04-13 02:01:27,nan,4959.1547619047615,4660.0,10,1,12.787395917534722,2,0,0.7,4,31.8,1,Medium,14,0.001,0.999,0.0,0.0
68647238,2026-04-12 18:18:32,Closed,Street Condition,Pothole,QUEENS,nan,40.736611764000976,-73.8514876250466,2026-04-12 20:17:00,nan,4959.1547619047615,4660.0,43,1,13.108865824942129,2,0,0.7,4,31.8,1,Medium,14,0.0,1.0,0.0,0.0
68589445,2026-04-07 08:35:59,Open,Street Condition,Pothole,BROOKLYN,nan,40.6543098677696,-73.90974185728986,,nan,5664.555555555556,6673.0,21,0,18.51341443605324,1,0,0.7,4,31.8,1,Medium,14,0.0,1.0,0.0,0.0
68756953,2026-04-22 15:48:27,Closed,Street Condition,Pothole,STATEN ISLAND,nan,40.63172392547253,-74.09591996391923,2026-04-22 15:48:27,nan,23788.714285714286,2762.0,3,0,3.2130903619791664,4,0,0.7,4,31.8,1,Medium,14,0.002,0.998,0.0,0.0
68582330,2026-04-06 12:05:59,Closed,Street Condition,Pothole,STATEN ISLAND,nan,40.58906464030454,-74.13862140175796,2026-04-11 14:15:00,nan,23788.714285714286,2762.0,1,0,19.367581102719907,4,0,0.7,4,31.8,1,Medium,14,0.003,0.997,0.0,0.0
68621526,2026-04-10 15:25:36,Open,Street Condition,Pothole,BRONX,nan,40.866153551197826,-73.86154217866465,,nan,6677.6,6655.5,8,0,15.228958417534722,3,0,0.7,4,31.8,1,Medium,14,0.009,0.991,0.0,0.0
68581755,2026-04-05 15:08:09,Closed,Street Condition,Pothole,BROOKLYN,nan,40.653190255883345,-73.96621323435924,2026-04-05 15:08:09,nan,5664.555555555556,6673.0,7,1,20.241076473090278,1,0,0.7,4,31.8,1,Medium,14,0.002,0.998,0.0,0.0
68645685,2026-04-11 22:41:53,Closed,Street Condition,Pothole,BROOKLYN,nan,40.578700844485304,-73.98733914397317,2026-04-12 17:35:00,nan,5664.555555555556,6673.0,17,1,13.925983880497684,1,0,0.7,4,31.8,1,Medium,14,0.01,0.99,0.0,0.0
68602529,2026-04-08 17:56:58,Closed,Street Condition,Pothole,QUEENS,nan,40.76935266656995,-73.83257651909997,2026-04-08 17:56:58,nan,4959.1547619047615,4660.0,12,1,17.12384267679398,2,0,0.7,4,31.8,1,Medium,14,0.001,0.999,0.0,0.0
68574669,2026-04-06 14:30:40,Closed,Street Condition,Pothole,QUEENS,nan,40.602272723511426,-73.75335532624582,2026-04-06 14:30:40,nan,4959.1547619047615,4660.0,20,0,19.26710656568287,2,0,0.7,4,31.8,1,Medium,14,0.0,1.0,0.0,0.0
68745855,2026-04-21 10:56:53,Closed,Street Condition,Pothole,BROOKLYN,nan,40.61910563757932,-73.95830950968423,2026-04-21 10:56:53,nan,5664.555555555556,6673.0,10,1,4.415567213831018,1,0,0.7,4,31.8,1,Medium,14,0.011,0.989,0.0,0.0
68607065,2026-04-08 08:35:24,Closed,Street Condition,Pothole,QUEENS,nan,40.74348225341319,-73.92147959362389,2026-04-20 10:49:00,nan,4959.1547619047615,4660.0,14,0,17.513819528645833,2,0,0.7,4,31.8,1,Medium,14,0.0,1.0,0.0,0.0
68604434,2026-04-08 21:53:18,Closed,Street Condition,Pothole,QUEENS,nan,40.76334584290019,-73.87730728920086,2026-04-15 19:56:00,nan,4959.1547619047615,4660.0,10,0,16.95972230642361,2,0,0.7,4,31.8,1,Medium,14,0.0,1.0,0.0,0.0
68529033,2026-03-31 23:05:03,Closed,Street Condition,Pothole,MANHATTAN,nan,40.76976518306967,-73.97454426794684,2026-04-01 17:05:00,nan,16591.571428571428,6876.0,2,0,24.909895917534726,0,0,0.7,3,31.8,1,Medium,14,0.0,0.998,0.002,0.0
68603836,2026-04-08 14:10:29,Closed,Street Condition,Pothole,QUEENS,nan,40.728370959098946,-73.87113346680071,2026-04-08 14:10:29,nan,4959.1547619047615,4660.0,10,0,17.281122769386574,2,0,0.7,4,31.8,1,Medium,14,0.001,0.999,0.0,0.0
68594998,2026-04-07 12:02:00,Closed,Street Condition,Pothole,QUEENS,nan,40.70110050379194,-73.84156225492146,2026-04-14 15:23:00,nan,4959.1547619047615,4660.0,9,1,18.37034730642361,2,0,0.7,4,31.7,1,Medium,14,0.001,0.999,0.0,0.0
68672911,2026-04-15 07:42:14,Closed,Street Condition,Pothole,QUEENS,nan,40.67237934648254,-73.78574628974769,2026-04-15 23:02:00,nan,4959.1547619047615,4660.0,11,0,10.55074082494213,2,0,0.7,4,31.7,1,Medium,14,0.007,0.993,0.0,0.0
68604408,2026-04-08 18:30:51,Closed,Street Condition,Pothole,QUEENS,nan,40.74089617616554,-73.89960689847297,2026-04-14 20:57:00,nan,4959.1547619047615,4660.0,32,1,17.10031258420139,2,0,0.7,4,31.7,1,Medium,14,0.001,0.999,0.0,0.0
68626713,2026-04-10 17:57:47,Open,Street Condition,Pothole,STATEN ISLAND,nan,40.606357661544365,-74.12092042574687,,nan,23788.714285714286,2762.0,3,1,15.123275547164353,4,0,0.7,4,31.7,1,Medium,14,0.001,0.999,0.0,0.0
68580301,2026-04-06 14:21:38,Closed,Street Condition,Pothole,BRONX,nan,40.87519638673798,-73.88855625176745,2026-04-06 14:21:38,nan,6677.6,6655.5,7,0,19.27337971383102,3,0,0.7,4,31.7,1,Medium,14,0.002,0.998,0.0,0.0
68698646,2026-04-17 12:26:18,Open,Street Condition,Pothole,STATEN ISLAND,nan,40.532741314617205,-74.19023567217737,,nan,23788.714285714286,2762.0,2,0,8.35347230642361,4,0,0.7,4,31.7,1,Medium,14,0.02,0.98,0.0,0.0
68626740,2026-04-10 10:35:08,Closed,Street Condition,Pothole,QUEENS,nan,40.731182109653254,-73.87159708902749,2026-04-18 09:50:00,nan,4959.1547619047615,4660.0,20,0,15.430671380497685,2,0,0.7,4,31.7,1,Medium,14,0.0,1.0,0.0,0.0
68680396,2026-04-15 04:11:02,Closed,Street Condition,Pothole,STATEN ISLAND,nan,40.554856649342554,-74.13352315426452,2026-04-15 04:11:02,nan,23788.714285714286,2762.0,2,1,10.697407491608796,4,0,0.7,4,31.7,1,Medium,14,0.001,0.999,0.0,0.0
68540723,2026-04-02 16:45:59,Closed,Street Condition,Pothole,QUEENS,nan,40.679024289196214,-73.73672128081377,2026-04-16 10:40:00,nan,4959.1547619047615,4660.0,8,1,23.173136658275464,2,0,0.7,4,31.7,1,Medium,14,0.002,0.998,0.0,0.0
68540231,2026-04-02 17:42:54,Closed,Street Condition,Pothole,BROOKLYN,nan,40.653190255883345,-73.96621323435924,2026-04-02 17:42:55,nan,5664.555555555556,6673.0,7,1,23.1336111953125,1,0,0.7,4,31.7,1,Medium,14,0.001,0.999,0.0,0.0
68671900,2026-04-14 20:55:33,Closed,Street Condition,Pothole,BROOKLYN,nan,40.65246393267372,-73.92284807681267,2026-04-18 16:22:00,nan,5664.555555555556,6673.0,23,1,10.999826473090277,1,0,0.7,4,31.7,1,Medium,14,0.001,0.999,0.0,0.0
68762867,2026-04-23 18:36:31,Open,Street Condition,Pothole,BROOKLYN,nan,40.68863956453538,-73.98025803917375,,nan,5664.555555555556,6673.0,48,1,2.096377399016204,1,0,0.7,4,31.7,1,Medium,14,0.014,0.986,0.0,0.0
68688389,2026-04-16 09:35:52,Open,Street Condition,Pothole,BROOKLYN,nan,40.6727536769434,-73.95431770783026,,nan,5664.555555555556,6673.0,11,1,9.471828787905093,1,0,0.7,4,31.7,1,Medium,14,0.014,0.986,0.0,0.0
68578011,2026-04-06 12:58:08,Open,Street Condition,Pothole,MANHATTAN,nan,40.87211557777998,-73.9162764397265,,nan,16591.571428571428,6876.0,0,0,19.33136582494213,0,0,0.7,4,31.7,1,Medium,14,0.009,0.99,0.001,0.0
68609145,2026-04-09 07:25:43,Closed,Street Condition,Pothole,QUEENS,nan,40.70833291815165,-73.84762270556416,2026-04-09 19:21:00,nan,4959.1547619047615,4660.0,13,0,16.562210732349538,2,0,0.7,4,31.7,1,Medium,14,0.0,1.0,0.0,0.0
68664888,2026-04-14 20:56:38,Closed,Street Condition,Pothole,BROOKLYN,nan,40.65246393267372,-73.92284807681267,2026-04-14 20:56:38,nan,5664.555555555556,6673.0,23,1,10.999074158275462,1,0,0.7,4,31.7,1,Medium,14,0.001,0.999,0.0,0.0
68665498,2026-04-14 16:21:50,Open,Street Condition,Pothole,BRONX,nan,40.83265918761328,-73.86096503838782,,nan,6677.6,6655.5,35,1,11.189907491608796,3,0,0.7,4,31.7,1,Medium,14,0.0,1.0,0.0,0.0
68529044,2026-03-31 15:50:02,Closed,Street Condition,Pothole,BROOKLYN,AVENUE J,40.62648010644338,-73.94950404508819,2026-04-11 13:50:00,nan,5664.555555555556,14024.0,7,0,25.21199082494213,1,0,0.7,3,31.7,1,Medium,14,0.004,0.996,0.0,0.0
68626722,2026-04-10 21:54:13,Closed,Street Condition,Pothole,QUEENS,nan,40.78855601926736,-73.78233174659941,2026-04-17 21:52:00,nan,4959.1547619047615,4660.0,27,1,14.959085732349537,2,0,0.7,4,31.7,1,Medium,14,0.002,0.998,0.0,0.0
68665517,2026-04-14 19:02:31,Closed,Street Condition,Pothole,BROOKLYN,nan,40.63745924507569,-73.99464223194006,2026-04-18 10:50:00,nan,5664.555555555556,6673.0,15,1,11.078321843460648,1,0,0.7,4,31.7,1,Medium,14,0.004,0.996,0.0,0.0
68609151,2026-04-04 09:34:49,Closed,Street Condition,Pothole,QUEENS,nan,40.74408619853987,-73.71472803155868,2026-04-04 09:34:49,nan,4959.1547619047615,4660.0,7,0,21.47255795457176,2,0,0.7,4,31.7,1,Medium,14,0.003,0.997,0.0,0.0
68610500,2026-04-09 13:19:43,Closed,Street Condition,Pothole,QUEENS,nan,40.74081320861924,-73.89889250809895,2026-04-09 13:19:43,nan,4959.1547619047615,4660.0,32,1,16.316377399016204,2,0,0.7,4,31.7,1,Medium,14,0.001,0.999,0.0,0.0
68705432,2026-04-17 13:41:22,Closed,Street Condition,Pothole,QUEENS,nan,40.68070005471548,-73.84464287635403,2026-04-17 21:45:00,nan,4959.1547619047615,4660.0,12,0,8.30134267679398,2,0,0.7,4,31.7,1,Medium,14,0.0,1.0,0.0,0.0
68579415,2026-04-06 17:32:22,Closed,Street Condition,Pothole,QUEENS,nan,40.75373073496746,-73.88503821041631,2026-04-18 13:08:00,nan,4959.1547619047615,4660.0,9,0,19.140926010127316,2,0,0.7,4,31.7,1,Medium,14,0.006,0.994,0.0,0.0
68695202,2026-04-15 15:38:22,Closed,Street Condition,Pothole,BROOKLYN,NEW LOTS AVENUE,40.66552731924555,-73.8846459367598,2026-04-16 12:58:00,nan,5664.555555555556,7333.0,20,1,10.220092676793982,1,0,0.7,4,31.7,1,Medium,14,0.0,1.0,0.0,0.0
68523588,2026-03-31 18:05:19,Closed,Street Condition,Pothole,QUEENS,nan,40.75671011147056,-73.89505311050493,2026-04-11 11:29:00,nan,4959.1547619047615,4660.0,8,0,25.118044065682874,2,0,0.7,3,31.7,1,Medium,14,0.001,0.999,0.0,0.0
68574632,2026-04-05 11:48:20,Closed,Street Condition,Pothole,QUEENS,nan,40.7402725268642,-73.89585124979992,2026-04-05 11:48:20,nan,4959.1547619047615,4660.0,23,0,20.379838047164352,2,0,0.7,4,31.7,1,Medium,14,0.0,1.0,0.0,0.0
68652430,2026-04-13 07:42:57,Closed,Street Condition,Pothole,QUEENS,nan,40.74934718953207,-73.82584524088693,2026-04-13 21:15:00,nan,4959.1547619047615,4660.0,10,1,12.550243139756944,2,0,0.7,4,31.7,1,Medium,14,0.001,0.999,0.0,0.0
68579374,2026-04-05 11:39:11,Closed,Street Condition,Pothole,QUEENS,nan,40.602272723511426,-73.75335532624582,2026-04-11 03:04:00,nan,4959.1547619047615,4660.0,20,0,20.38619221383102,2,0,0.7,4,31.7,1,Medium,14,0.0,1.0,0.0,0.0
68692778,2026-04-16 23:21:13,Open,Street Condition,Pothole,BRONX,nan,40.816535060010715,-73.92821792098728,,nan,6677.6,6655.5,16,1,8.89866906568287,3,0,0.7,4,31.7,1,Medium,14,0.0,1.0,0.0,0.0
68589420,2026-04-07 18:34:56,Closed,Street Condition,Pothole,QUEENS,nan,40.74945370920152,-73.8870991875295,2026-04-15 21:45:00,nan,4959.1547619047615,4660.0,17,1,18.09747693605324,2,0,0.7,4,31.7,1,Medium,14,0.0,1.0,0.0,0.0
68627561,2026-04-10 09:22:51,Closed,Street Condition,Pothole,QUEENS,nan,40.7343762769571,-73.87341674191903,2026-04-10 09:22:51,nan,4959.1547619047615,4660.0,23,0,15.480868139756945,2,0,0.7,4,31.7,1,Medium,14,0.002,0.998,0.0,0.0
68585163,2026-04-05 08:01:34,Closed,Street Condition,Pothole,QUEENS,nan,40.735655957402535,-73.85099901475667,2026-04-11 03:54:00,nan,4959.1547619047615,4660.0,17,1,20.537314899016202,2,0,0.7,4,31.7,1,Medium,14,0.0,1.0,0.0,0.0
68634251,2026-04-11 21:05:34,Closed,Street Condition,Pothole,QUEENS,nan,40.75450025471251,-73.83407205034965,2026-04-15 23:15:00,nan,4959.1547619047615,4660.0,17,1,13.99287045457176,2,0,0.7,4,31.7,1,Medium,14,0.0,1.0,0.0,0.0
68594991,2026-04-07 16:58:14,Closed,Street Condition,Pothole,QUEENS,nan,40.76174515944104,-73.81352505441116,2026-04-18 13:45:00,nan,4959.1547619047615,4660.0,10,1,18.16462971383102,2,0,0.7,4,31.7,1,Medium,14,0.001,0.999,0.0,0.0
68639106,2026-04-12 18:01:05,Closed,Street Condition,Pothole,QUEENS,nan,40.72957489112354,-73.86082652828729,2026-04-18 10:39:00,nan,4959.1547619047615,4660.0,21,0,13.120983880497684,2,0,0.7,4,31.7,1,Medium,14,0.0,1.0,0.0,0.0
68645014,2026-04-12 12:05:09,Closed,Street Condition,Pothole,BROOKLYN,nan,40.62810109707451,-74.01722387188936,2026-04-16 15:20:00,nan,5664.555555555556,6673.0,11,1,13.368159806423611,1,0,0.7,4,31.7,1,Medium,14,0.015,0.985,0.0,0.0
68680936,2026-04-16 01:29:18,Closed,Street Condition,Pothole,QUEENS,nan,40.66722878249806,-73.78502387259924,2026-04-16 20:54:00,nan,4959.1547619047615,4660.0,12,1,9.80972230642361,2,0,0.7,4,31.7,1,Medium,14,0.013,0.987,0.0,0.0
68760925,2026-04-23 09:47:14,Closed,Street Condition,Pothole,BRONX,nan,40.856895816531086,-73.85715842488324,2026-04-23 09:47:14,nan,6677.6,6655.5,23,1,2.463935269386574,3,0,0.7,4,31.7,1,Medium,14,0.002,0.998,0.0,0.0
68622398,2026-04-10 12:08:48,Closed,Street Condition,Pothole,BROOKLYN,nan,40.69223346061907,-73.98729955552464,2026-04-10 12:08:48,nan,5664.555555555556,6673.0,33,1,15.365625084201389,1,0,0.7,4,31.6,1,Medium,14,0.01,0.99,0.0,0.0
68526687,2026-04-01 08:36:47,Pending,Street Condition,Pothole,QUEENS,nan,40.66645245268285,-73.75763103134312,,nan,4959.1547619047615,4660.0,40,1,24.51285888049769,2,0,0.7,4,31.6,1,Medium,14,0.0,1.0,0.0,0.0
68643818,2026-04-12 06:29:23,Open,Street Condition,Pothole,BROOKLYN,nan,40.65878633711774,-73.9997585169985,,nan,5664.555555555556,6673.0,15,0,13.601331102719907,1,0,0.7,4,31.6,1,Medium,14,0.002,0.998,0.0,0.0
68649463,2026-04-10 11:51:30,Closed,Street Condition,Pothole,QUEENS,nan,40.75064627068569,-73.9456563645553,2026-04-11 09:50:00,nan,4959.1547619047615,4660.0,11,1,15.377638973090278,2,0,0.7,4,31.6,1,Medium,14,0.001,0.998,0.0,0.0
68672918,2026-04-11 13:58:21,Closed,Street Condition,Pothole,BRONX,nan,40.83206303983589,-73.8243531249409,2026-04-15 10:03:00,nan,6677.6,6655.5,7,1,14.289548695312499,3,0,0.7,4,31.6,1,Medium,14,0.044,0.955,0.0,0.0
68680941,2026-04-15 10:51:01,Open,Street Condition,Pothole,BROOKLYN,nan,40.66243093261302,-73.88167403709707,,nan,5664.555555555556,6673.0,16,0,10.419641287905092,1,0,0.7,4,31.6,1,Medium,14,0.0,1.0,0.0,0.0
68532371,2026-04-01 18:13:17,Pending,Street Condition,Pothole,QUEENS,nan,40.76033839737429,-73.89475861598132,,nan,4959.1547619047615,4660.0,8,0,24.112511658275462,2,0,0.7,4,31.6,1,Medium,14,0.001,0.999,0.0,0.0
68580869,2026-04-05 21:21:04,Closed,Street Condition,Pothole,BROOKLYN,nan,40.66547318576613,-73.86751702423446,2026-04-13 11:07:00,nan,5664.555555555556,6673.0,9,1,19.98210656568287,1,0,0.7,4,31.6,1,Medium,14,0.0,1.0,0.0,0.0
68643311,2026-04-11 14:09:11,Closed,Street Condition,Pothole,BROOKLYN,NORTH    7 STREET,40.71819207401155,-73.95827999647607,2026-04-12 10:20:00,nan,5664.555555555556,6673.0,20,1,14.282025547164352,1,0,0.7,4,31.6,1,Medium,14,0.001,0.999,0.0,0.0
68628887,2026-04-11 14:52:53,Closed,Street Condition,Pothole,BROOKLYN,nan,40.65337959957984,-73.9065716541137,2026-04-11 14:52:53,nan,5664.555555555556,6673.0,14,0,14.25167832494213,1,0,0.7,4,31.6,1,Medium,14,0.0,1.0,0.0,0.0
68536755,2026-04-01 14:26:36,Closed,Street Condition,Pothole,BROOKLYN,nan,40.679506400545804,-74.00768659284927,2026-04-04 01:17:00,nan,5664.555555555556,6673.0,4,0,24.269930639756943,1,0,0.7,4,31.6,1,Medium,14,0.011,0.989,0.0,0.0
68536278,2026-04-01 14:27:42,Closed,Street Condition,Pothole,BROOKLYN,nan,40.679506400545804,-74.00768659284927,2026-04-01 14:27:42,nan,5664.555555555556,6673.0,4,0,24.269166750868056,1,0,0.7,4,31.6,1,Medium,14,0.011,0.989,0.0,0.0
68656958,2026-04-12 16:24:44,Closed,Street Condition,Pothole,BROOKLYN,nan,40.69110252034191,-73.98646318571856,2026-04-13 14:10:00,nan,5664.555555555556,6673.0,22,1,13.187893602719907,1,0,0.7,4,31.6,1,Medium,14,0.033,0.967,0.0,0.0
68765747,2026-04-23 07:36:25,Open,Street Condition,Pothole,BRONX,nan,40.819787424675056,-73.92801208783752,,nan,6677.6,6655.5,37,1,2.5547801767939817,3,0,0.7,4,31.6,1,Medium,14,0.0,1.0,0.0,0.0
68680392,2026-04-15 11:16:25,Closed,Street Condition,Pothole,BRONX,nan,40.8805075666858,-73.88595088419072,2026-04-15 11:16:25,nan,6677.6,6655.5,15,1,10.402002399016203,3,0,0.7,4,31.6,1,Medium,14,0.0,1.0,0.0,0.0
68609182,2026-04-09 16:28:22,Closed,Street Condition,Pothole,QUEENS,nan,40.74089617616554,-73.89960689847297,2026-04-09 16:28:22,nan,4959.1547619047615,4660.0,32,1,16.18537045457176,2,0,0.7,4,31.6,1,Medium,14,0.001,0.999,0.0,0.0
68667103,2026-04-14 16:04:47,Closed,Street Condition,Pothole,BROOKLYN,nan,40.68056400682413,-73.93457278358274,2026-04-23 14:30:00,nan,5664.555555555556,6673.0,17,0,11.201747769386573,1,0,0.7,4,31.6,1,Medium,14,0.0,1.0,0.0,0.0
68603837,2026-04-08 13:20:38,Closed,Street Condition,Pothole,QUEENS,nan,40.74364416561568,-73.95123047783426,2026-04-08 13:20:38,nan,4959.1547619047615,4660.0,15,1,17.31574082494213,2,0,0.7,4,31.6,1,Medium,14,0.0,1.0,0.0,0.0
68576039,2026-04-06 16:00:57,Closed,Street Condition,Pothole,QUEENS,nan,40.74581825411661,-73.94564947600665,2026-04-06 16:00:57,nan,4959.1547619047615,4660.0,12,1,19.204409806423612,2,0,0.7,4,31.6,1,Medium,14,0.001,0.999,0.0,0.0
68616257,2026-04-04 19:15:40,Closed,Street Condition,Pothole,QUEENS,nan,40.58677820620502,-73.81464368111263,2026-04-11 09:05:00,nan,4959.1547619047615,4660.0,9,0,21.069189899016205,2,0,0.7,4,31.6,1,Medium,14,0.003,0.997,0.0,0.0
68680948,2026-04-15 19:45:25,Closed,Street Condition,Pothole,QUEENS,nan,40.69843455013914,-73.80854501880985,2026-04-16 00:56:00,nan,4959.1547619047615,4660.0,15,0,10.048530176793982,2,0,0.7,4,31.6,1,Medium,14,0.0,1.0,0.0,0.0
68611037,2026-04-09 15:09:49,Closed,Street Condition,Pothole,STATEN ISLAND,nan,40.550511721214605,-74.14475943429196,2026-04-18 21:55:00,nan,23788.714285714286,2762.0,1,0,16.23991906568287,4,0,0.7,4,31.6,1,Medium,14,0.002,0.998,0.0,0.0
68585195,2026-04-05 09:47:39,Open,Street Condition,Pothole,STATEN ISLAND,MOSEL AVENUE,40.61093943445291,-74.07909924271843,,nan,23788.714285714286,2762.0,0,1,20.463645917534723,4,0,0.7,4,31.6,1,Medium,14,0.002,0.998,0.0,0.0
68625019,2026-04-10 12:15:53,Closed,Street Condition,Pothole,BROOKLYN,nan,40.69223346061907,-73.98729955552464,2026-04-10 12:15:53,nan,5664.555555555556,6673.0,33,1,15.360706102719908,1,0,0.7,4,31.6,1,Medium,14,0.01,0.99,0.0,0.0
68549834,2026-04-03 11:23:29,Closed,Street Condition,Pothole,STATEN ISLAND,nan,40.54195777086317,-74.18559898988106,2026-04-11 13:10:00,nan,23788.714285714286,2762.0,1,0,22.397094991608796,4,0,0.7,4,31.6,1,Medium,14,0.001,0.999,0.0,0.0
68643301,2026-04-12 18:19:48,Closed,Street Condition,Pothole,QUEENS,nan,40.67297537964296,-73.73222447990973,2026-04-12 18:19:48,nan,4959.1547619047615,4660.0,12,1,13.107986195312499,2,0,0.7,4,31.6,1,Medium,14,0.013,0.987,0.0,0.0
68597747,2026-04-08 05:27:56,Closed,Street Condition,Pothole,QUEENS,nan,40.68759986997609,-73.84834436685207,2026-04-16 14:15:00,nan,4959.1547619047615,4660.0,17,0,17.64400471383102,2,0,0.7,4,31.6,1,Medium,14,0.0,1.0,0.0,0.0
68677904,2026-04-16 01:27:56,Pending,Street Condition,Pothole,QUEENS,nan,40.70010803283339,-73.83266746664873,,nan,4959.1547619047615,4660.0,18,0,9.810671380497684,2,0,0.7,4,31.6,1,Medium,14,0.0,1.0,0.0,0.0
68595824,2026-04-07 21:29:15,Closed,Street Condition,Pothole,BRONX,nan,40.85198136175383,-73.91017487663616,2026-04-07 21:29:15,nan,6677.6,6655.5,10,1,17.9764236953125,3,0,0.7,4,31.6,1,Medium,14,0.0,1.0,0.0,0.0
68747362,2026-04-21 14:12:37,Closed,Street Condition,Pothole,QUEENS,nan,40.69366255534651,-73.852163876474,2026-04-21 17:51:00,nan,4959.1547619047615,4660.0,25,0,4.2796412879050925,2,0,0.7,4,31.6,1,Medium,14,0.005,0.995,0.0,0.0
68747360,2026-04-20 14:46:13,Closed,Street Condition,Pothole,QUEENS,38 AVENUE,40.76043938667576,-73.83183005093909,2026-04-21 18:55:00,nan,4959.1547619047615,4660.0,47,1,5.256307954571759,2,0,0.7,4,31.6,1,Medium,14,0.007,0.993,0.0,0.0
68594999,2026-04-07 11:38:07,Closed,Street Condition,Pothole,QUEENS,nan,40.68475276870048,-73.8607650341662,2026-04-15 20:45:00,nan,4959.1547619047615,4660.0,9,1,18.38693295457176,2,0,0.7,4,31.6,1,Medium,14,0.001,0.999,0.0,0.0
68664893,2026-04-13 14:36:07,Closed,Street Condition,Pothole,BROOKLYN,nan,40.66056220378517,-74.0011894255518,2026-04-14 04:30:00,nan,5664.555555555556,6673.0,22,0,12.263321843460648,1,0,0.7,4,31.6,1,Medium,14,0.002,0.998,0.0,0.0
68580895,2026-04-06 14:43:23,Closed,Street Condition,Pothole,QUEENS,nan,40.73714032663115,-73.8146944984983,2026-04-18 10:00:00,nan,4959.1547619047615,4660.0,18,0,19.258275547164352,2,0,0.7,4,31.6,1,Medium,14,0.001,0.999,0.0,0.0
68611803,2026-04-09 13:03:37,Closed,Street Condition,Pothole,QUEENS,nan,40.74603472114661,-73.93440021822178,2026-04-09 13:03:37,nan,4959.1547619047615,4660.0,20,0,16.32755795457176,2,0,0.7,4,31.6,1,Medium,14,0.0,1.0,0.0,0.0
68619757,2026-04-10 09:56:32,Closed,Street Condition,Pothole,QUEENS,nan,40.74603472114661,-73.93440021822178,2026-04-10 09:56:32,nan,4959.1547619047615,4660.0,20,0,15.45747693605324,2,0,0.7,4,31.6,1,Medium,14,0.0,1.0,0.0,0.0
68518856,2026-03-31 13:44:07,Open,Street Condition,Pothole,BRONX,nan,40.86136395029996,-73.86849696237273,,nan,6677.6,6655.5,7,1,25.299432954571763,3,0,0.7,3,31.6,1,Medium,14,0.0,1.0,0.0,0.0
68742871,2026-04-21 12:35:15,Closed,Street Condition,Pothole,BROOKLYN,nan,40.60725840274471,-74.00264345847668,2026-04-21 12:35:15,nan,5664.555555555556,6673.0,10,0,4.347257028645833,1,0,0.7,4,31.6,1,Medium,14,0.002,0.998,0.0,0.0
68626299,2026-04-10 18:40:57,Closed,Street Condition,Pothole,QUEENS,nan,40.76144509539819,-73.87601487856993,2026-04-10 18:40:57,nan,4959.1547619047615,4660.0,13,0,15.0932986953125,2,0,0.7,4,31.6,1,Medium,14,0.001,0.999,0.0,0.0
68582317,2026-04-06 07:09:11,Closed,Street Condition,Pothole,BROOKLYN,nan,40.67145862767658,-73.99102377731397,2026-04-07 14:50:00,nan,5664.555555555556,6673.0,8,1,19.57369221383102,1,0,0.7,4,31.6,1,Medium,14,0.008,0.992,0.0,0.0
68515111,2026-03-31 15:41:22,Closed,Street Condition,Pothole,BRONX,nan,40.88429194366471,-73.86508107538396,2026-03-31 15:41:22,nan,6677.6,6655.5,8,1,25.21800934346065,3,0,0.7,3,31.6,1,Medium,14,0.0,1.0,0.0,0.0
68679430,2026-04-15 17:04:02,Closed,Street Condition,Pothole,BROOKLYN,nan,40.70931729883858,-73.93299717676499,2026-04-16 09:45:00,nan,5664.555555555556,6673.0,16,1,10.16060193605324,1,0,0.7,4,31.6,1,Medium,14,0.0,1.0,0.0,0.0
68686354,2026-04-16 09:49:41,Closed,Street Condition,Pothole,QUEENS,nan,40.692971283312886,-73.78023854020637,2026-04-16 09:49:41,nan,4959.1547619047615,4660.0,11,1,9.462233880497685,2,0,0.7,4,31.5,1,Medium,14,0.001,0.999,0.0,0.0
68674911,2026-04-15 19:04:37,Closed,Street Condition,Pothole,QUEENS,nan,40.68070005471548,-73.84464287635403,2026-04-16 03:54:00,nan,4959.1547619047615,4660.0,12,0,10.076863510127314,2,0,0.7,4,31.5,1,Medium,14,0.001,0.999,0.0,0.0
68613692,2026-04-09 10:21:51,Pending,Street Condition,Pothole,QUEENS,nan,40.76823469478744,-73.87518273436875,,nan,4959.1547619047615,4660.0,12,1,16.439895917534724,2,0,0.7,4,31.5,1,Medium,14,0.002,0.998,0.0,0.0
68622395,2026-04-10 13:07:31,Closed,Street Condition,Pothole,BROOKLYN,nan,40.64524579781248,-73.93261468411333,2026-04-10 13:07:31,nan,5664.555555555556,6673.0,11,0,15.324849621238426,1,0,0.7,4,31.5,1,Medium,14,0.0,1.0,0.0,0.0
68619750,2026-04-10 23:56:40,Closed,Street Condition,Pothole,QUEENS,nan,40.701765672958274,-73.80792594429812,2026-04-10 23:56:40,nan,4959.1547619047615,4660.0,42,1,14.874051010127314,2,0,0.7,4,31.5,1,Medium,14,0.0,1.0,0.0,0.0
68541506,2026-04-02 11:07:10,Closed,Street Condition,Pothole,QUEENS,nan,40.74254973884544,-73.93115576890358,2026-04-02 11:07:10,nan,4959.1547619047615,4660.0,9,0,23.408426010127314,2,0,0.7,4,31.5,1,Medium,14,0.0,1.0,0.0,0.0
68557159,2026-04-04 02:54:42,Closed,Street Condition,Pothole,QUEENS,nan,40.74171428915491,-73.90633230529538,2026-04-04 02:54:42,nan,4959.1547619047615,4660.0,14,1,21.750416750868055,2,0,0.7,4,31.5,1,Medium,14,0.0,1.0,0.0,0.0
68598594,2026-04-08 10:09:38,Closed,Street Condition,Pothole,STATEN ISLAND,nan,40.540587527713186,-74.2215341962543,2026-04-08 12:33:00,nan,23788.714285714286,2762.0,2,0,17.448379713831017,4,0,0.7,4,31.5,1,Medium,14,0.0,1.0,0.0,0.0
68625017,2026-04-10 12:53:57,Closed,Street Condition,Pothole,BROOKLYN,nan,40.68485686852235,-73.97804169469934,2026-04-10 12:53:57,nan,5664.555555555556,6673.0,47,1,15.334270917534722,1,0,0.7,4,31.5,1,Medium,14,0.001,0.999,0.0,0.0
68547160,2026-04-02 14:11:09,Open,Street Condition,Pothole,STATEN ISLAND,nan,40.58776511218012,-74.10019169716688,,nan,23788.714285714286,2762.0,1,1,23.28065980642361,4,0,0.7,4,31.5,1,Medium,14,0.001,0.999,0.0,0.0
68651444,2026-04-13 16:13:38,Closed,Street Condition,Pothole,QUEENS,nan,40.70843848029657,-73.84857829646248,2026-04-14 21:45:00,nan,4959.1547619047615,4660.0,15,0,12.19560193605324,2,0,0.7,4,31.5,1,Medium,14,0.0,1.0,0.0,0.0
68684891,2026-04-15 16:09:36,Closed,Street Condition,Pothole,BROOKLYN,BROADWAY,40.67959068489165,-73.90467457239929,2026-04-16 15:16:00,nan,5664.555555555556,13110.0,14,1,10.198402861979167,1,0,0.7,4,31.5,1,Medium,14,0.0,1.0,0.0,0.0
68644535,2026-04-11 22:45:10,Closed,Street Condition,Pothole,BROOKLYN,nan,40.71758731876742,-73.95584537725969,2026-04-12 21:35:00,nan,5664.555555555556,6673.0,16,1,13.923703787905092,1,0,0.7,4,31.5,1,Medium,14,0.001,0.999,0.0,0.0
68623746,2026-04-10 12:01:41,Closed,Street Condition,Pothole,QUEENS,nan,40.74603472114661,-73.93440021822178,2026-04-10 12:01:41,nan,4959.1547619047615,4660.0,20,0,15.370567213831018,2,0,0.7,4,31.5,1,Medium,14,0.0,1.0,0.0,0.0
68646121,2026-04-12 14:36:41,Open,Street Condition,Pothole,STATEN ISLAND,nan,40.53553460000128,-74.17886805907325,,nan,23788.714285714286,2762.0,1,0,13.262928324942129,4,0,0.7,4,31.5,1,Medium,14,0.008,0.992,0.0,0.0
68620198,2026-04-10 20:05:22,Closed,Street Condition,Pothole,QUEENS,nan,40.76487366222409,-73.8870622185048,2026-04-21 02:55:00,nan,4959.1547619047615,4660.0,14,0,15.034676010127315,2,0,0.7,4,31.5,1,Medium,14,0.0,1.0,0.0,0.0
68633779,2026-04-11 11:44:00,Closed,Street Condition,Pothole,BROOKLYN,nan,40.639619430604675,-73.92042356802314,2026-04-11 11:44:00,nan,5664.555555555556,6673.0,13,0,14.382847306423612,1,0,0.7,4,31.5,1,Medium,14,0.0,1.0,0.0,0.0
68587972,2026-04-07 12:36:47,Closed,Street Condition,Pothole,STATEN ISLAND,nan,40.540587527713186,-74.2215341962543,2026-04-08 07:53:00,nan,23788.714285714286,2762.0,2,0,18.346192213831017,4,0,0.7,4,31.5,1,Medium,14,0.001,0.999,0.0,0.0
68557728,2026-04-03 16:54:52,Closed,Street Condition,Pothole,QUEENS,nan,40.74713318561844,-73.88867664694138,2026-04-11 12:46:00,nan,4959.1547619047615,4660.0,33,1,22.16696767679398,2,0,0.7,4,31.5,1,Medium,14,0.0,1.0,0.0,0.0
68626745,2026-04-10 09:18:33,Pending,Street Condition,Pothole,QUEENS,nan,40.73664309197042,-73.86583110441738,,nan,4959.1547619047615,4660.0,23,1,15.483854250868056,2,0,0.7,4,31.5,1,Medium,14,0.0,1.0,0.0,0.0
68600484,2026-04-08 09:01:37,Closed,Street Condition,Pothole,QUEENS,JAMAICA AVENUE,40.72547407976413,-73.72038543920392,2026-04-10 21:05:00,nan,4959.1547619047615,23413.0,5,1,17.495613510127313,2,0,0.7,4,31.5,1,Medium,14,0.011,0.989,0.0,0.0
68535278,2026-04-01 10:10:05,Open,Street Condition,Pothole,BROOKLYN,nan,40.642375182624505,-73.99522918121828,,nan,5664.555555555556,6673.0,6,1,24.44806721383102,1,0,0.7,4,31.5,1,Medium,14,0.006,0.994,0.0,0.0
68636756,2026-04-11 11:10:05,Closed,Street Condition,Pothole,QUEENS,nan,40.68253997592348,-73.80715565705358,2026-04-15 23:54:00,nan,4959.1547619047615,4660.0,28,0,14.40640054716435,2,0,0.7,4,31.5,1,Medium,14,0.0,1.0,0.0,0.0
68620205,2026-04-10 10:46:50,Closed,Street Condition,Pothole,QUEENS,nan,40.59241023046713,-73.78899501697998,2026-04-11 13:33:00,nan,4959.1547619047615,4660.0,10,0,15.422546380497685,2,0,0.7,4,31.5,1,Medium,14,0.001,0.999,0.0,0.0
68658979,2026-04-13 12:26:16,Closed,Street Condition,Pothole,BROOKLYN,nan,40.64534980704459,-74.01374374177156,2026-04-14 13:42:00,nan,5664.555555555556,6673.0,16,1,12.353495454571759,1,0,0.7,4,31.5,1,Medium,14,0.005,0.995,0.0,0.0
68741366,2026-04-20 15:48:44,Closed,Street Condition,Pothole,BROOKLYN,LINCOLN AVENUE,40.67213337969547,-73.86631776624851,2026-04-21 13:33:00,nan,5664.555555555556,3185.0,9,0,5.212893602719907,1,0,0.7,4,31.5,1,Medium,14,0.045,0.955,0.0,0.0
68681918,2026-04-15 06:30:05,Closed,Street Condition,Pothole,BRONX,nan,40.88270955300674,-73.88124583052429,2026-04-15 06:30:05,nan,6677.6,6655.5,22,0,10.600844991608795,3,0,0.7,4,31.5,1,Medium,14,0.0,1.0,0.0,0.0
68538965,2026-04-02 14:28:20,Closed,Street Condition,Pothole,BRONX,nan,40.83262827520219,-73.92537469005808,2026-04-02 14:28:20,nan,6677.6,6655.5,9,0,23.26872693605324,3,0,0.7,4,31.5,1,Medium,14,0.0,1.0,0.0,0.0
68660641,2026-04-14 11:06:05,Open,Street Condition,Pothole,BRONX,nan,40.85218928495525,-73.88200157479936,,nan,6677.6,6655.5,8,1,11.409178324942129,3,0,0.7,4,31.5,1,Medium,14,0.003,0.997,0.0,0.0
68640962,2026-04-11 14:09:49,Closed,Street Condition,Pothole,BROOKLYN,DRIGGS AVENUE,40.711076058019714,-73.96158490262539,2026-04-12 11:15:00,nan,4530.0,6187.0,27,1,14.281585732349537,1,0,0.7,4,31.5,1,Medium,14,0.004,0.996,0.0,0.0
68656962,2026-04-13 05:42:22,Closed,Street Condition,Pothole,BROOKLYN,nan,40.654738552069986,-73.9069229436871,2026-04-13 05:42:22,nan,5664.555555555556,6673.0,22,0,12.63398156568287,1,0,0.7,4,31.5,1,Medium,14,0.0,1.0,0.0,0.0
68562445,2026-04-04 11:03:41,Closed,Highway Condition,Pothole - Highway,STATEN ISLAND,nan,40.52491583216527,-74.24522617511437,2026-04-06 15:02:08,Highway,23788.714285714286,2762.0,0,0,21.410844991608798,4,1,1.0,4,31.5,1,Medium,14,0.002,0.998,0.0,0.0
68690824,2026-04-16 18:01:03,Closed,Street Condition,Pothole,BRONX,nan,40.87616647519668,-73.88150702155092,2026-04-16 18:01:03,nan,6677.6,6655.5,13,1,9.121007028645833,3,0,0.7,4,31.5,1,Medium,14,0.0,1.0,0.0,0.0
68661649,2026-04-14 14:06:37,Closed,Street Condition,Pothole,QUEENS,nan,40.79003362220796,-73.82117047105781,2026-04-14 18:02:00,nan,4959.1547619047615,4660.0,11,1,11.28380795457176,2,0,0.7,4,31.5,1,Medium,14,0.007,0.992,0.0,0.0
68609672,2026-04-04 16:00:35,Pending,Street Condition,Pothole,QUEENS,nan,40.746621815879315,-73.89358932134706,,nan,4959.1547619047615,4660.0,26,1,21.20466443605324,2,0,0.7,4,31.5,1,Medium,14,0.0,1.0,0.0,0.0
68545367,2026-04-02 08:04:44,Closed,Street Condition,Pothole,BRONX,nan,40.83262827520219,-73.92537469005808,2026-04-02 08:04:44,nan,6677.6,6655.5,9,0,23.535115824942128,3,0,0.7,4,31.5,1,Medium,14,0.0,1.0,0.0,0.0
68554534,2026-04-03 19:04:49,Closed,Street Condition,Pothole,QUEENS,nan,40.74416744233457,-73.9124783278851,2026-04-03 19:04:49,nan,4959.1547619047615,4660.0,8,0,22.076724621238426,2,0,0.7,4,31.5,1,Medium,14,0.0,1.0,0.0,0.0
68762879,2026-04-23 17:49:44,Open,Street Condition,Pothole,QUEENS,GRAND CENTRAL PARKWAY,40.722230159712126,-73.77717655780093,,nan,4959.1547619047615,4660.0,23,0,2.12886582494213,2,0,0.7,4,31.5,1,Medium,14,0.01,0.99,0.0,0.0
68609671,2026-04-04 16:02:09,Closed,Street Condition,Pothole,QUEENS,nan,40.73885473517536,-73.8883909683272,2026-04-11 14:10:00,nan,4959.1547619047615,4660.0,10,1,21.203576473090276,2,0,0.7,4,31.5,1,Medium,14,0.0,1.0,0.0,0.0
68599158,2026-04-08 08:40:42,Pending,Street Condition,Pothole,QUEENS,nan,40.74426375060255,-73.87674697024157,,nan,4959.1547619047615,4660.0,13,0,17.510138973090278,2,0,0.7,4,31.5,1,Medium,14,0.001,0.999,0.0,0.0
68741370,2026-04-21 09:59:03,Closed,Street Condition,Pothole,BRONX,nan,40.854208022401494,-73.86105735636079,2026-04-21 09:59:03,nan,6677.6,6655.5,11,1,4.455729250868055,3,0,0.7,4,31.5,1,Medium,14,0.002,0.998,0.0,0.0
68578021,2026-04-06 13:29:44,Open,Street Condition,Pothole,BROOKLYN,nan,40.69952106829256,-73.98980463338272,,nan,5664.555555555556,6673.0,8,1,19.309421380497685,1,0,0.7,4,31.4,1,Medium,14,0.007,0.993,0.0,0.0
68530933,2026-04-01 21:02:06,Pending,Street Condition,Pothole,QUEENS,nan,40.68011763639642,-73.7532368707747,,nan,4959.1547619047615,4660.0,17,0,23.995277861979165,2,0,0.7,4,31.4,1,Medium,14,0.0,1.0,0.0,0.0
68762387,2026-04-22 01:34:12,Closed,Street Condition,Pothole,MANHATTAN,nan,40.79736776946652,-73.96052382309323,2026-04-23 18:55:00,nan,16591.571428571428,6876.0,6,1,3.806319528645833,0,0,0.7,4,31.4,1,Medium,14,0.002,0.997,0.0,0.0
68655394,2026-04-10 11:52:39,Closed,Street Condition,Pothole,QUEENS,nan,40.75253103895507,-73.943835741445,2026-04-11 10:40:00,nan,4959.1547619047615,4660.0,18,1,15.376840361979166,2,0,0.7,4,31.4,1,Medium,14,0.001,0.999,0.0,0.0
68758299,2026-04-22 10:09:54,Closed,Street Condition,Pothole,QUEENS,nan,40.66758926770105,-73.77970576246004,2026-04-22 15:15:00,nan,4959.1547619047615,4660.0,31,1,3.4481945286458333,2,0,0.7,4,31.4,1,Medium,14,0.015,0.985,0.0,0.0
68598596,2026-04-08 21:05:16,Closed,Street Condition,Pothole,QUEENS,nan,40.74925791177295,-73.88897626258446,2026-04-08 21:05:16,nan,4959.1547619047615,4660.0,20,1,16.99307878790509,2,0,0.7,4,31.4,1,Medium,14,0.0,1.0,0.0,0.0
68517243,2026-03-31 20:55:26,Open,Street Condition,Pothole,BROOKLYN,nan,40.60700462603182,-73.9695607267551,,nan,5664.555555555556,6673.0,11,1,24.9999074916088,1,0,0.7,3,31.4,1,Medium,14,0.003,0.997,0.0,0.0
68601238,2026-04-09 01:07:11,Closed,Street Condition,Pothole,QUEENS,nan,40.74925791177295,-73.88897626258446,2026-04-09 01:07:11,nan,4959.1547619047615,4660.0,20,1,16.825081102719906,2,0,0.7,4,31.4,1,Medium,14,0.0,1.0,0.0,0.0
68762880,2026-04-23 23:58:15,Open,Street Condition,Pothole,MANHATTAN,nan,40.733152610174024,-74.01028350206072,,nan,16591.571428571428,6876.0,6,0,1.8729514730902779,0,0,0.7,4,31.4,1,Medium,14,0.001,0.999,0.0,0.0
68766695,2026-04-22 01:37:31,Closed,Street Condition,Pothole,MANHATTAN,nan,40.79736776946652,-73.96052382309323,2026-04-23 22:45:00,nan,16591.571428571428,6876.0,6,1,3.8040162879050925,0,0,0.7,4,31.4,1,Medium,14,0.002,0.997,0.0,0.0
68745853,2026-04-21 17:21:37,Closed,Street Condition,Pothole,BROOKLYN,nan,40.626569861843265,-73.97092074758424,2026-04-21 17:21:37,nan,5664.555555555556,6673.0,18,0,4.148391287905093,1,0,0.7,4,31.4,1,Medium,14,0.001,0.999,0.0,0.0
68698181,2026-04-17 17:26:46,Closed,Street Condition,Pothole,QUEENS,nan,40.68226523856321,-73.8451331832496,2026-04-17 17:26:46,nan,4959.1547619047615,4660.0,9,0,8.144814899016204,2,0,0.7,4,31.4,1,Medium,14,0.005,0.995,0.0,0.0
68754404,2026-04-22 16:02:51,Closed,Street Condition,Pothole,BRONX,nan,40.84541059639791,-73.89112534644192,2026-04-22 16:02:51,nan,6677.6,6655.5,27,1,3.2030903619791666,3,0,0.7,4,31.4,1,Medium,14,0.001,0.999,0.0,0.0
68634257,2026-04-11 16:13:05,Closed,Street Condition,Pothole,QUEENS,nan,40.69498613184721,-73.79990006562997,2026-04-20 10:01:00,nan,4959.1547619047615,4660.0,16,1,14.195983880497685,2,0,0.7,4,31.4,1,Medium,14,0.0,1.0,0.0,0.0
68574620,2026-04-06 14:18:00,Open,Street Condition,Pothole,STATEN ISLAND,PARK STREET,40.57004152761047,-74.13062356334123,,nan,23788.714285714286,2762.0,0,0,19.275902861979166,4,0,0.7,4,31.4,1,Medium,14,0.002,0.998,0.0,0.0
68595020,2026-04-07 21:26:46,Closed,Street Condition,Pothole,BROOKLYN,nan,40.6265134245421,-74.02385202753716,2026-04-08 14:10:00,nan,5664.555555555556,6673.0,7,1,17.978148232349536,1,0,0.7,4,31.4,1,Medium,14,0.018,0.982,0.0,0.0
68718198,2026-04-19 19:06:22,Closed,Street Condition,Pothole,BROOKLYN,nan,40.60725840274471,-74.00264345847668,2026-04-19 19:06:22,nan,5664.555555555556,6673.0,10,0,6.075648232349537,1,0,0.7,4,31.4,1,Medium,14,0.002,0.998,0.0,0.0
68591691,2026-04-07 19:08:10,Closed,Street Condition,Pothole,BROOKLYN,nan,40.676448835455936,-73.86453897126174,2026-04-07 19:08:10,nan,5664.555555555556,6673.0,13,0,18.074398232349537,1,0,0.7,4,31.4,1,Medium,14,0.0,1.0,0.0,0.0
68620195,2026-04-10 18:17:35,Open,Street Condition,Pothole,STATEN ISLAND,nan,40.59116004041689,-74.09075248004926,,nan,23788.714285714286,2762.0,3,1,15.10952554716435,4,0,0.7,4,31.4,1,Medium,14,0.002,0.998,0.0,0.0
68652955,2026-04-13 16:01:46,Closed,Street Condition,Pothole,QUEENS,nan,40.723001881107216,-73.85256057957025,2026-04-14 20:47:00,nan,4959.1547619047615,4660.0,13,1,12.20384267679398,2,0,0.7,4,31.4,1,Medium,14,0.001,0.999,0.0,0.0
68598591,2026-04-08 10:26:14,Closed,Street Condition,Pothole,BRONX,nan,40.85198136175383,-73.91017487663616,2026-04-08 10:26:14,nan,6677.6,6655.5,10,1,17.43685193605324,3,0,0.7,4,31.4,1,Medium,14,0.0,1.0,0.0,0.0
68612286,2026-04-04 18:39:20,Closed,Street Condition,Pothole,QUEENS,nan,40.7027779277287,-73.89456456312841,2026-04-15 11:35:00,nan,4959.1547619047615,4660.0,9,0,21.094421380497685,2,0,0.7,4,31.4,1,Medium,14,0.001,0.999,0.0,0.0
68722442,2026-04-19 19:58:21,Closed,Street Condition,Pothole,BROOKLYN,nan,40.60725840274471,-74.00264345847668,2026-04-19 19:58:21,nan,5664.555555555556,6673.0,10,0,6.0395486953125,1,0,0.7,4,31.4,1,Medium,14,0.002,0.998,0.0,0.0
68513537,2026-03-31 14:50:26,Closed,Street Condition,Pothole,QUEENS,nan,40.666752547870225,-73.77993561984331,2026-03-31 14:50:26,nan,4959.1547619047615,4660.0,38,1,25.25337971383102,2,0,0.7,3,31.4,1,Medium,14,0.0,1.0,0.0,0.0
68593072,2026-04-07 09:55:54,Closed,Street Condition,Pothole,STATEN ISLAND,nan,40.53711701703829,-74.16700358331366,2026-04-07 09:55:54,nan,23788.714285714286,2762.0,0,0,18.457916750868055,4,0,0.7,4,31.4,1,Medium,14,0.004,0.995,0.0,0.0
68591684,2026-04-07 08:43:04,Closed,Street Condition,Pothole,QUEENS,nan,40.69166771985553,-73.76238585725424,2026-04-07 08:43:04,nan,4959.1547619047615,4660.0,12,0,18.508495454571758,2,0,0.7,4,31.4,1,Medium,14,0.001,0.999,0.0,0.0
68676390,2026-04-15 14:15:27,Open,Street Condition,Pothole,BRONX,nan,40.86680178864927,-73.88442695575957,,nan,6677.6,6655.5,20,1,10.2776736953125,3,0,0.7,4,31.4,1,Medium,14,0.0,1.0,0.0,0.0
68595837,2026-04-07 09:28:44,Closed,Street Condition,Pothole,STATEN ISLAND,nan,40.53711701703829,-74.16700358331366,2026-04-07 09:28:44,nan,23788.714285714286,2762.0,0,0,18.476782491608795,4,0,0.7,4,31.4,1,Medium,14,0.004,0.995,0.0,0.0
68677381,2026-04-14 14:54:30,Closed,Street Condition,Pothole,BROOKLYN,nan,40.640584552868496,-73.91893067476197,2026-04-15 08:30:00,nan,5664.555555555556,6673.0,14,0,11.250555639756945,1,0,0.7,4,31.4,1,Medium,14,0.0,1.0,0.0,0.0
68593083,2026-04-07 12:13:34,Closed,Street Condition,Pothole,MANHATTAN,nan,40.87249773707309,-73.91717267927005,2026-04-07 12:13:34,nan,16591.571428571428,6876.0,1,0,18.362314899016205,0,0,0.7,4,31.4,1,Medium,14,0.01,0.989,0.001,0.0
68582333,2026-04-07 02:53:39,Closed,Street Condition,Pothole,QUEENS,nan,40.69166771985553,-73.76238585725424,2026-04-18 13:50:00,nan,4959.1547619047615,4660.0,12,0,18.75114591753472,2,0,0.7,4,31.4,1,Medium,14,0.001,0.999,0.0,0.0
68597741,2026-04-08 08:38:14,Closed,Street Condition,Pothole,QUEENS,nan,40.74402880506637,-73.92615239304685,2026-04-20 10:38:00,nan,4959.1547619047615,4660.0,11,0,17.51185193605324,2,0,0.7,4,31.4,1,Medium,14,0.0,1.0,0.0,0.0
68601231,2026-04-08 08:36:31,Closed,Street Condition,Pothole,QUEENS,nan,40.743700340673925,-73.92333787837586,2026-04-08 08:36:31,nan,4959.1547619047615,4660.0,15,0,17.51304406568287,2,0,0.7,4,31.4,1,Medium,14,0.0,1.0,0.0,0.0
68663275,2026-04-14 12:19:46,Closed,Street Condition,Pothole,QUEENS,nan,40.69358954337473,-73.80018914008213,2026-04-14 21:54:00,nan,4959.1547619047615,4660.0,22,0,11.358009343460648,2,0,0.7,4,31.4,1,Medium,14,0.0,1.0,0.0,0.0
68536256,2026-04-01 12:10:19,Closed,Street Condition,Pothole,QUEENS,nan,40.707990906873725,-73.90477823469713,2026-04-01 16:55:00,nan,4959.1547619047615,4660.0,9,1,24.364571843460652,2,0,0.7,4,31.4,1,Medium,14,0.001,0.999,0.0,0.0
68636748,2026-04-11 21:39:39,Pending,Street Condition,Pothole,QUEENS,nan,40.71614153172501,-73.83356872719871,,nan,4959.1547619047615,4660.0,17,0,13.969201473090278,2,0,0.7,4,31.4,1,Medium,14,0.0,1.0,0.0,0.0
68529054,2026-04-01 07:29:07,Closed,Street Condition,Pothole,BRONX,nan,40.87519638673798,-73.88855625176745,2026-04-01 07:29:07,nan,6677.6,6655.5,7,0,24.559849621238428,3,0,0.7,4,31.4,1,Medium,14,0.001,0.999,0.0,0.0
68604425,2026-04-08 07:58:44,Closed,Street Condition,Pothole,BROOKLYN,nan,40.671737488585954,-73.86813904834928,2026-04-13 12:15:00,nan,5664.555555555556,6673.0,9,0,17.539282491608795,1,0,0.7,4,31.4,1,Medium,14,0.002,0.998,0.0,0.0
68720726,2026-04-19 18:12:12,Open,Street Condition,Pothole,BROOKLYN,nan,40.60725840274471,-74.00264345847668,,nan,5664.555555555556,6673.0,10,0,6.113263973090278,1,0,0.7,4,31.4,1,Medium,14,0.002,0.998,0.0,0.0
68669696,2026-04-13 16:31:15,Closed,Street Condition,Pothole,BROOKLYN,nan,40.69105035395189,-73.98632977549417,2026-04-14 08:55:00,nan,5664.555555555556,6673.0,21,1,12.183368139756944,1,0,0.7,4,31.4,1,Medium,14,0.026,0.974,0.0,0.0
68537625,2026-04-02 20:34:29,Closed,Street Condition,Pothole,QUEENS,nan,40.71864577187672,-73.76624346759384,2026-04-02 20:34:29,nan,4959.1547619047615,4660.0,11,0,23.014456102719908,2,0,0.7,4,31.4,1,Medium,14,0.0,1.0,0.0,0.0
68671881,2026-04-14 16:51:34,Open,Street Condition,Pothole,BRONX,nan,40.83662504817424,-73.92610743426546,,nan,6677.6,6655.5,16,0,11.169259343460649,3,0,0.7,4,31.4,1,Medium,14,0.0,1.0,0.0,0.0
68583761,2026-04-05 20:42:26,Open,Street Condition,Pothole,BROOKLYN,nan,40.640914779776715,-73.97364216306418,,nan,5664.555555555556,6673.0,18,0,20.008935269386573,1,0,0.7,4,31.4,1,Medium,14,0.0,1.0,0.0,0.0
68580317,2026-04-06 16:15:04,Closed,Street Condition,Pothole,QUEENS,nan,40.696168785747595,-73.8044908837029,2026-04-06 16:15:04,nan,4959.1547619047615,4660.0,20,1,19.19460656568287,2,0,0.7,4,31.4,1,Medium,14,0.0,1.0,0.0,0.0
68650951,2026-04-13 08:16:22,Closed,Street Condition,Pothole,QUEENS,nan,40.73577809149982,-73.74653922101146,2026-04-13 20:15:00,nan,4959.1547619047615,4660.0,10,1,12.527037121238425,2,0,0.7,4,31.4,1,Medium,14,0.001,0.999,0.0,0.0
68675897,2026-04-14 16:22:19,Closed,Street Condition,Pothole,BROOKLYN,nan,40.714728200728246,-73.96675559311906,2026-04-15 10:35:00,nan,5664.555555555556,6673.0,12,1,11.189571843460648,1,0,0.7,4,31.4,1,Medium,14,0.006,0.993,0.0,0.0
68658972,2026-04-13 15:13:26,Closed,Street Condition,Pothole,QUEENS,nan,40.7363156833607,-73.85390953661874,2026-04-14 01:10:00,nan,4959.1547619047615,4660.0,10,1,12.237407491608796,2,0,0.7,4,31.4,1,Medium,14,0.002,0.998,0.0,0.0
68663285,2026-04-13 15:40:08,Closed,Street Condition,Pothole,BROOKLYN,PACIFIC STREET,40.678020649612975,-73.95369038932043,2026-04-14 13:50:00,nan,5664.555555555556,9184.0,40,1,12.21886582494213,1,0,0.7,4,31.4,1,Medium,14,0.001,0.999,0.0,0.0
68574633,2026-04-04 17:11:38,Closed,Street Condition,Pothole,QUEENS,nan,40.718179883906714,-73.82367202945831,2026-04-06 17:05:00,nan,4959.1547619047615,4660.0,9,1,21.155324158275462,2,0,0.7,4,31.4,1,Medium,14,0.001,0.999,0.0,0.0
68555055,2026-04-03 19:46:15,Closed,Street Condition,Pothole,STATEN ISLAND,nan,40.540587527713186,-74.2215341962543,2026-04-06 07:22:00,nan,23788.714285714286,2762.0,2,0,22.04795147309028,4,0,0.7,4,31.3,1,Medium,14,0.001,0.999,0.0,0.0
68551896,2026-04-03 10:00:51,Closed,Street Condition,Pothole,STATEN ISLAND,nan,40.53833532825457,-74.15955572045571,2026-04-03 10:00:51,nan,23788.714285714286,2762.0,1,1,22.454479250868054,4,0,0.7,4,31.3,1,Medium,14,0.001,0.999,0.0,0.0
68637959,2026-04-11 08:34:23,Closed,Street Condition,Pothole,QUEENS,nan,40.66796310754493,-73.77154341539179,2026-04-18 13:00:00,nan,4959.1547619047615,4660.0,23,1,14.514525547164352,2,0,0.7,4,31.3,1,Medium,14,0.0,1.0,0.0,0.0
68603842,2026-04-08 08:09:20,Closed,Street Condition,Pothole,QUEENS,nan,40.7526926233133,-73.93291023707339,2026-04-08 08:09:20,nan,4959.1547619047615,4660.0,14,0,17.531921380497685,2,0,0.7,4,31.3,1,Medium,14,0.0,1.0,0.0,0.0
68626709,2026-04-10 11:20:02,Closed,Street Condition,Pothole,BROOKLYN,nan,40.69308970489448,-73.98622478109876,2026-04-20 14:25:00,nan,5664.555555555556,6673.0,17,1,15.399490824942129,1,0,0.7,4,31.3,1,Medium,14,0.028,0.972,0.0,0.0
68605706,2026-04-09 01:06:30,Closed,Street Condition,Pothole,QUEENS,nan,40.74994036838055,-73.88244976629946,2026-04-09 20:04:00,nan,4959.1547619047615,4660.0,11,0,16.825555639756946,2,0,0.7,4,31.3,1,Medium,14,0.0,1.0,0.0,0.0
68535293,2026-04-01 18:47:14,Closed,Street Condition,Pothole,QUEENS,nan,40.722289717622814,-73.8673102806824,2026-04-11 13:46:00,nan,4959.1547619047615,4660.0,8,0,24.088935269386575,2,0,0.7,4,31.3,1,Medium,14,0.001,0.999,0.0,0.0
68739911,2026-04-20 15:49:34,Closed,Street Condition,Pothole,BROOKLYN,CRESCENT STREET,40.68800367787333,-73.87360573739488,2026-04-21 13:53:00,nan,5664.555555555556,9454.0,21,0,5.212314899016204,1,0,0.7,4,31.3,1,Medium,14,0.001,0.999,0.0,0.0
68749442,2026-04-22 00:29:46,Closed,Street Condition,Pothole,QUEENS,nan,40.725476145414376,-73.76557731286611,2026-04-22 15:52:00,nan,4959.1547619047615,4660.0,31,1,3.8510648990162033,2,0,0.7,4,31.3,1,Medium,14,0.013,0.987,0.0,0.0
68677376,2026-04-14 16:25:42,Closed,Street Condition,Pothole,BROOKLYN,nan,40.73019885741805,-73.9542458544055,2026-04-15 12:35:00,nan,5664.555555555556,6673.0,12,0,11.18722230642361,1,0,0.7,4,31.3,1,Medium,14,0.004,0.996,0.0,0.0
68660666,2026-04-14 14:33:40,Open,Street Condition,Pothole,BROOKLYN,nan,40.69579116172514,-73.933118956802,,nan,5664.555555555556,6673.0,32,1,11.265023232349536,1,0,0.7,4,31.3,1,Medium,14,0.003,0.997,0.0,0.0
68698656,2026-04-17 15:27:18,Closed,Street Condition,Pothole,QUEENS,nan,40.72784675950623,-73.75721290943929,2026-04-22 12:44:00,nan,4959.1547619047615,4660.0,21,1,8.227777861979167,2,0,0.7,4,31.3,1,Medium,14,0.002,0.998,0.0,0.0
68621094,2026-04-10 16:18:07,Closed,Street Condition,Pothole,QUEENS,nan,40.740426999845056,-73.89670264803654,2026-04-10 16:18:07,nan,4959.1547619047615,4660.0,27,0,15.192488510127314,2,0,0.7,4,31.3,1,Medium,14,0.0,1.0,0.0,0.0
68689843,2026-04-16 13:55:49,Open,Street Condition,Pothole,BROOKLYN,nan,40.696087242912505,-73.96264295498149,,nan,5664.555555555556,6673.0,20,1,9.291307954571758,1,0,0.7,4,31.3,1,Medium,14,0.001,0.999,0.0,0.0
68664867,2026-04-14 16:43:56,Closed,Street Condition,Pothole,QUEENS,nan,40.73380012604392,-73.81480121129775,2026-04-14 16:43:56,nan,4959.1547619047615,4660.0,10,0,11.174560269386573,2,0,0.7,4,31.3,1,Medium,14,0.004,0.996,0.0,0.0
68629351,2026-04-11 13:22:18,Closed,Street Condition,Pothole,QUEENS,nan,40.66702460600438,-73.77303896788233,2026-04-18 07:20:00,nan,4959.1547619047615,4660.0,11,1,14.314583417534722,2,0,0.7,4,31.3,1,Medium,14,0.001,0.999,0.0,0.0
68594442,2026-04-07 16:38:02,Closed,Street Condition,Pothole,BROOKLYN,nan,40.653190255883345,-73.96621323435924,2026-04-07 16:38:02,nan,5664.555555555556,6673.0,7,1,18.178657491608796,1,0,0.7,4,31.3,1,Medium,14,0.013,0.987,0.0,0.0
68628041,2026-04-10 08:49:36,Pending,Street Condition,Pothole,QUEENS,nan,40.73616400082923,-73.87676556141705,,nan,4959.1547619047615,4660.0,16,0,15.503958417534722,2,0,0.7,4,31.3,1,Medium,14,0.001,0.999,0.0,0.0
68625488,2026-04-10 15:58:48,Closed,Street Condition,Pothole,QUEENS,nan,40.75406271427072,-73.89957261758863,2026-04-20 19:55:00,nan,4959.1547619047615,4660.0,17,0,15.205902861979167,2,0,0.7,4,31.3,1,Medium,14,0.0,1.0,0.0,0.0
68715006,2026-04-18 18:20:06,Closed,Street Condition,Pothole,BRONX,nan,40.83091229044659,-73.92046218772796,2026-04-21 09:20:00,nan,6677.6,6655.5,17,0,7.107777861979167,3,0,0.7,4,31.3,1,Medium,14,0.0,1.0,0.0,0.0
68607877,2026-04-09 13:00:01,Closed,Street Condition,Pothole,QUEENS,nan,40.7402725268642,-73.89585124979992,2026-04-09 13:00:01,nan,4959.1547619047615,4660.0,23,0,16.33005795457176,2,0,0.7,4,31.3,1,Medium,14,0.0,1.0,0.0,0.0
68582323,2026-04-05 16:17:59,Closed,Street Condition,Pothole,BROOKLYN,nan,40.66056220378517,-74.0011894255518,2026-04-11 09:50:00,nan,5664.555555555556,6673.0,22,0,20.192581102719906,1,0,0.7,4,31.3,1,Medium,14,0.0,1.0,0.0,0.0
68639104,2026-04-12 22:26:44,Closed,Street Condition,Pothole,QUEENS,nan,40.73011739434729,-73.86231192688876,2026-04-12 23:45:00,nan,4959.1547619047615,4660.0,19,0,12.936504713831019,2,0,0.7,4,31.3,1,Medium,14,0.0,1.0,0.0,0.0
68734531,2026-04-20 19:35:42,Open,Street Condition,Pothole,BRONX,nan,40.853251061771665,-73.82721790482195,,nan,6677.6,6655.5,23,1,5.0552778619791665,3,0,0.7,4,31.3,1,Medium,14,0.008,0.992,0.0,0.0
68613691,2026-04-09 16:41:53,Closed,Street Condition,Pothole,QUEENS,nan,40.7004993066336,-73.90020149091094,2026-04-17 20:16:00,nan,4959.1547619047615,4660.0,14,1,16.175983880497686,2,0,0.7,4,31.3,1,Medium,14,0.002,0.998,0.0,0.0
68625475,2026-04-10 15:05:32,Closed,Street Condition,Pothole,BROOKLYN,nan,40.6988063776396,-73.91836580203518,2026-04-22 13:01:00,nan,5664.555555555556,6673.0,21,0,15.242893602719906,1,0,0.7,4,31.3,1,Medium,14,0.008,0.992,0.0,0.0
68620194,2026-04-10 19:07:11,Open,Street Condition,Pothole,STATEN ISLAND,nan,40.56677918029904,-74.1319489117818,,nan,23788.714285714286,2762.0,0,0,15.075081102719906,4,0,0.7,4,31.3,1,Medium,14,0.004,0.996,0.0,0.0
68597737,2026-04-08 09:44:41,Closed,Street Condition,Pothole,QUEENS,nan,40.7447332449159,-73.93358950294318,2026-04-20 10:30:00,nan,4959.1547619047615,4660.0,19,0,17.465706102719906,2,0,0.7,4,31.3,1,Medium,14,0.0,1.0,0.0,0.0
68576024,2026-04-06 18:56:53,Closed,Street Condition,Pothole,BROOKLYN,nan,40.653190255883345,-73.96621323435924,2026-04-06 18:56:53,nan,5664.555555555556,6673.0,7,1,19.082233880497686,1,0,0.7,4,31.3,1,Medium,14,0.017,0.983,0.0,0.0
68611036,2026-04-09 18:38:57,Closed,Street Condition,Pothole,STATEN ISLAND,nan,40.59418599092392,-74.1677836450896,2026-04-11 13:25:00,nan,23788.714285714286,2762.0,0,0,16.094687584201388,4,0,0.7,4,31.3,1,Medium,14,0.0,1.0,0.0,0.0
68588008,2026-04-07 18:01:45,Closed,Street Condition,Pothole,BROOKLYN,nan,40.7090548773869,-73.96710468900532,2026-04-11 13:55:00,nan,5664.555555555556,6673.0,8,1,18.120520917534723,1,0,0.7,4,31.3,1,Medium,14,0.001,0.999,0.0,0.0
68555046,2026-04-03 14:52:56,Closed,Street Condition,Pothole,BROOKLYN,nan,40.635007100231654,-73.93152612595941,2026-04-04 00:49:00,nan,5664.555555555556,6673.0,6,1,22.251643602719906,1,0,0.7,4,31.3,1,Medium,14,0.038,0.962,0.0,0.0
68605684,2026-04-08 08:44:31,Closed,Street Condition,Pothole,QUEENS,nan,40.74326414119991,-73.91962853862343,2026-04-20 11:06:00,nan,4959.1547619047615,4660.0,14,0,17.507488510127313,2,0,0.7,4,31.3,1,Medium,14,0.0,1.0,0.0,0.0
68718199,2026-04-19 11:34:24,Closed,Street Condition,Pothole,BROOKLYN,nan,40.61910563757932,-73.95830950968423,2026-04-19 11:34:24,nan,5664.555555555556,6673.0,10,1,6.389513973090278,1,0,0.7,4,31.3,1,Medium,14,0.028,0.972,0.0,0.0
68607878,2026-04-09 12:55:33,Closed,Street Condition,Pothole,QUEENS,nan,40.7402725268642,-73.89585124979992,2026-04-09 12:55:33,nan,4959.1547619047615,4660.0,23,0,16.333159806423613,2,0,0.7,4,31.3,1,Medium,14,0.0,1.0,0.0,0.0
68622874,2026-04-10 23:57:15,Closed,Street Condition,Pothole,QUEENS,nan,40.696864915001065,-73.80549499762397,2026-04-18 14:35:00,nan,4959.1547619047615,4660.0,24,1,14.873645917534722,2,0,0.7,4,31.3,1,Medium,14,0.0,1.0,0.0,0.0
68672927,2026-04-15 11:13:45,Closed,Street Condition,Pothole,BROOKLYN,nan,40.648707042232765,-74.01024886427484,2026-04-15 11:13:45,nan,5664.555555555556,6673.0,23,1,10.403854250868056,1,0,0.7,4,31.3,1,Medium,14,0.002,0.998,0.0,0.0
68673453,2026-04-15 10:52:49,Closed,Street Condition,Pothole,BROOKLYN,nan,40.65422352209103,-73.91530651798409,2026-04-18 16:12:00,nan,5664.555555555556,6673.0,19,1,10.418391287905092,1,0,0.7,4,31.2,1,Medium,14,0.0,1.0,0.0,0.0
68646118,2026-04-12 23:16:35,Open,Street Condition,Pothole,BRONX,nan,40.83510301726856,-73.84870198819223,,nan,6677.6,6655.5,9,0,12.901886658275462,3,0,0.7,4,31.2,1,Medium,14,0.001,0.999,0.0,0.0
68710792,2026-04-18 18:23:09,Closed,Street Condition,Pothole,BROOKLYN,nan,40.60725840274471,-74.00264345847668,2026-04-18 18:23:09,nan,5664.555555555556,6673.0,10,0,7.105659806423611,1,0,0.7,4,31.2,1,Medium,14,0.002,0.998,0.0,0.0
68520425,2026-03-31 13:18:25,Open,Street Condition,Pothole,BROOKLYN,nan,40.63873467407048,-73.98467223869446,,nan,5664.555555555556,6673.0,6,0,25.317280176793982,1,0,0.7,3,31.2,1,Medium,14,0.01,0.99,0.0,0.0
68751683,2026-04-22 10:00:31,Closed,Street Condition,Pothole,QUEENS,nan,40.66802830079156,-73.78107411159495,2026-04-22 16:02:00,nan,4959.1547619047615,4660.0,37,1,3.454710732349537,2,0,0.7,4,31.2,1,Medium,14,0.004,0.996,0.0,0.0
68594989,2026-04-07 17:43:11,Closed,Street Condition,Pothole,QUEENS,nan,40.68623426262027,-73.82417476733417,2026-04-16 14:12:00,nan,4959.1547619047615,4660.0,19,1,18.13341443605324,2,0,0.7,4,31.2,1,Medium,14,0.0,1.0,0.0,0.0
68596371,2026-04-07 15:34:34,Open,Street Condition,Pothole,BRONX,nan,40.85439304529766,-73.86199682514005,,nan,6677.6,6655.5,9,1,18.22273156568287,3,0,0.7,4,31.2,1,Medium,14,0.0,0.999,0.0,0.0
68526682,2026-04-01 18:25:53,Closed,Street Condition,Pothole,QUEENS,nan,40.67978822065551,-73.85255516996831,2026-04-11 11:10:00,nan,4959.1547619047615,4660.0,8,0,24.103761658275463,2,0,0.7,4,31.2,1,Medium,14,0.0,1.0,0.0,0.0
68679436,2026-04-15 09:49:29,Open,Street Condition,Pothole,BROOKLYN,nan,40.63284777043393,-73.92836506191817,,nan,5664.555555555556,6673.0,23,1,10.462372769386574,1,0,0.7,4,31.2,1,Medium,14,0.001,0.999,0.0,0.0
68644531,2026-04-12 07:40:18,Closed,Street Condition,Pothole,QUEENS,nan,40.751972940965125,-73.93195811544349,2026-04-12 07:40:18,nan,4959.1547619047615,4660.0,17,0,13.552083417534723,2,0,0.7,4,31.2,1,Medium,14,0.0,1.0,0.0,0.0
68733073,2026-04-20 07:14:55,Open,Street Condition,Pothole,BROOKLYN,nan,40.60725840274471,-74.00264345847668,,nan,5664.555555555556,6673.0,10,0,5.569710732349537,1,0,0.7,4,31.2,1,Medium,14,0.002,0.998,0.0,0.0
68583772,2026-04-06 07:09:44,Closed,Street Condition,Pothole,STATEN ISLAND,nan,40.599087429581864,-74.10921479779705,2026-04-11 08:30:00,nan,23788.714285714286,2762.0,1,1,19.573310269386575,4,0,0.7,4,31.2,1,Medium,14,0.001,0.999,0.0,0.0
68721810,2026-04-19 19:52:19,Open,Street Condition,Pothole,BRONX,nan,40.853909123257495,-73.88362879866573,,nan,6677.6,6655.5,17,1,6.043738510127315,3,0,0.7,4,31.2,1,Medium,14,0.0,1.0,0.0,0.0
68750824,2026-04-22 12:33:46,Open,Street Condition,Pothole,BRONX,nan,40.862815371964345,-73.90755000874817,,nan,6677.6,6655.5,20,1,3.3482871212384255,3,0,0.7,4,31.2,1,Medium,14,0.001,0.999,0.0,0.0
68664866,2026-04-14 22:37:38,Closed,Street Condition,Pothole,QUEENS,nan,40.74089617616554,-73.89960689847297,2026-04-14 22:37:38,nan,4959.1547619047615,4660.0,32,1,10.928935269386574,2,0,0.7,4,31.2,1,Medium,14,0.001,0.999,0.0,0.0
68688385,2026-04-16 15:35:16,Closed,Street Condition,Pothole,BROOKLYN,nan,40.69162426218111,-73.942661006199,2026-04-23 11:36:00,nan,5664.555555555556,6673.0,15,1,9.222245454571759,1,0,0.7,4,31.2,1,Medium,14,0.0,1.0,0.0,0.0
68632990,2026-04-11 08:10:18,Pending,Street Condition,Pothole,QUEENS,GRAND CENTRL PARKWAY,40.70832440953769,-73.86975831380914,,nan,4959.1547619047615,4660.0,10,1,14.531250084201389,2,0,0.7,4,31.2,1,Medium,14,0.001,0.999,0.0,0.0
68635012,2026-04-10 15:47:18,Closed,Street Condition,Pothole,BROOKLYN,nan,40.62809681878341,-73.99574176633654,2026-04-11 12:20:00,nan,5664.555555555556,6673.0,11,0,15.213888973090278,1,0,0.7,4,31.2,1,Medium,14,0.001,0.999,0.0,0.0
68578020,2026-04-06 17:13:35,Closed,Street Condition,Pothole,BROOKLYN,nan,40.67628630304806,-73.98699975817604,2026-04-07 14:30:00,nan,5664.555555555556,6673.0,11,1,19.153969991608797,1,0,0.7,4,31.2,1,Medium,14,0.001,0.999,0.0,0.0
68669688,2026-04-14 12:15:54,Closed,Street Condition,Pothole,QUEENS,nan,40.68454080712751,-73.80708857513527,2026-04-14 21:55:00,nan,4959.1547619047615,4660.0,15,0,11.360694528645833,2,0,0.7,4,31.2,1,Medium,14,0.0,1.0,0.0,0.0
68723872,2026-04-19 15:39:16,Pending,Street Condition,Pothole,BRONX,UNIVERSITY HEIGHTS BRIDGE,40.86233720659184,-73.91388460410316,,nan,6677.6,6655.5,53,1,6.219467676793982,3,0,0.7,4,31.2,1,Medium,14,0.0,1.0,0.0,0.0
68580845,2026-04-05 19:53:02,Closed,Street Condition,Pothole,QUEENS,nan,40.59514031915387,-73.75398660655783,2026-04-11 11:20:00,nan,4959.1547619047615,4660.0,9,0,20.043240824942128,2,0,0.7,4,31.2,1,Medium,14,0.002,0.998,0.0,0.0
68611015,2026-04-09 07:07:02,Pending,Street Condition,Pothole,QUEENS,nan,40.73911404167521,-73.88974013991411,,nan,4959.1547619047615,4660.0,12,1,16.575185269386573,2,0,0.7,4,31.2,1,Medium,14,0.002,0.998,0.0,0.0
68722441,2026-04-19 22:06:57,Closed,Street Condition,Pothole,BROOKLYN,nan,40.61910563757932,-73.95830950968423,2026-04-19 22:06:57,nan,5664.555555555556,6673.0,10,1,5.950243139756944,1,0,0.7,4,31.2,1,Medium,14,0.015,0.985,0.0,0.0
68622873,2026-04-11 00:01:30,Pending,Street Condition,Pothole,QUEENS,nan,40.69283134807327,-73.85467914979081,,nan,4959.1547619047615,4660.0,11,0,14.870694528645833,2,0,0.7,4,31.2,1,Medium,14,0.001,0.999,0.0,0.0
68728127,2026-04-19 15:43:58,Closed,Street Condition,Pothole,BROOKLYN,FRANKLIN AVENUE,40.68165555433213,-73.95578624305264,2026-04-20 14:52:00,nan,5664.555555555556,8610.0,19,1,6.216203787905092,1,0,0.7,4,31.2,1,Medium,14,0.007,0.993,0.0,0.0
68663901,2026-04-14 19:40:33,Closed,Street Condition,Pothole,BROOKLYN,nan,40.70935262107056,-73.96241549626342,2026-04-16 13:20:00,nan,5664.555555555556,6673.0,20,1,11.05190980642361,1,0,0.7,4,31.2,1,Medium,14,0.001,0.999,0.0,0.0
68673451,2026-04-15 20:51:23,Open,Street Condition,Pothole,BROOKLYN,nan,40.6910174553822,-73.95446746327114,,nan,5664.555555555556,6673.0,15,1,10.002719991608796,1,0,0.7,4,31.1,1,Medium,14,0.001,0.999,0.0,0.0
68622875,2026-04-10 23:55:35,Closed,Street Condition,Pothole,QUEENS,nan,40.70188239682594,-73.80551642416637,2026-04-18 13:29:00,nan,4959.1547619047615,4660.0,19,1,14.87480332494213,2,0,0.7,4,31.1,1,Medium,14,0.0,1.0,0.0,0.0
68700149,2026-04-17 16:26:52,Open,Street Condition,Pothole,BROOKLYN,nan,40.6682774463096,-73.92004692733836,,nan,5664.555555555556,6673.0,29,0,8.186412121238426,1,0,0.7,4,31.1,1,Medium,14,0.007,0.993,0.0,0.0
68587468,2026-04-06 15:43:11,Closed,Street Condition,Pothole,BROOKLYN,EAST   58 STREET,40.62818443211406,-73.92012377853243,2026-04-07 15:56:00,nan,5664.555555555556,6673.0,8,0,19.216747769386576,1,0,0.7,4,31.1,1,Medium,14,0.001,0.999,0.0,0.0
68574658,2026-04-05 07:00:00,Closed,Street Condition,Pothole,STATEN ISLAND,nan,40.579357432444866,-74.08715090311078,2026-04-06 11:45:00,nan,23788.714285714286,2762.0,0,0,20.580069528645833,4,0,0.7,4,31.1,1,Medium,14,0.003,0.997,0.0,0.0
68597758,2026-04-08 21:09:31,Pending,Street Condition,Pothole,QUEENS,nan,40.74754222956121,-73.8887553620472,,nan,4959.1547619047615,4660.0,30,1,16.990127399016203,2,0,0.7,4,31.1,1,Medium,14,0.0,1.0,0.0,0.0
68674933,2026-04-15 07:08:30,Open,Street Condition,Pothole,BROOKLYN,nan,40.61910563757932,-73.95830950968423,,nan,5664.555555555556,6673.0,10,1,10.574166750868056,1,0,0.7,4,31.1,1,Medium,14,0.011,0.989,0.0,0.0
68724900,2026-04-19 09:17:57,Closed,Street Condition,Pothole,BROOKLYN,nan,40.69641839095006,-73.95976858130945,2026-04-23 10:25:00,nan,5664.555555555556,6673.0,17,1,6.484270917534722,1,0,0.7,4,31.1,1,Medium,14,0.077,0.923,0.0,0.0
68626730,2026-04-10 15:57:13,Closed,Street Condition,Pothole,QUEENS,nan,40.75399198425718,-73.90030181847571,2026-04-20 23:54:00,nan,4959.1547619047615,4660.0,12,0,15.207002399016204,2,0,0.7,4,31.1,1,Medium,14,0.003,0.997,0.0,0.0
68684875,2026-04-16 15:35:34,Closed,Street Condition,Pothole,QUEENS,nan,40.72013323771417,-73.79037278029215,2026-04-16 19:27:00,nan,4959.1547619047615,4660.0,31,0,9.222037121238426,2,0,0.7,4,31.1,1,Medium,14,0.0,1.0,0.0,0.0
68715004,2026-04-18 20:57:18,Open,Street Condition,Pothole,BRONX,nan,40.80966306899748,-73.90304693343758,,nan,6677.6,6655.5,17,1,6.9986111953125,3,0,0.7,4,31.1,1,Medium,14,0.0,1.0,0.0,0.0
68576027,2026-04-05 20:18:06,Closed,Street Condition,Pothole,BROOKLYN,nan,40.69940502772904,-73.95336898944538,2026-04-05 20:18:06,nan,5664.555555555556,6673.0,21,0,20.025833417534724,1,0,0.7,4,31.1,1,Medium,14,0.0,1.0,0.0,0.0
68613125,2026-04-09 16:11:17,Closed,Street Condition,Pothole,QUEENS,nan,40.74763079674001,-73.88393715438816,2026-04-09 16:11:17,nan,4959.1547619047615,4660.0,32,1,16.197233880497684,2,0,0.7,4,31.1,1,Medium,14,0.001,0.999,0.0,0.0
68584669,2026-04-05 20:19:56,Closed,Street Condition,Pothole,BROOKLYN,nan,40.69940502772904,-73.95336898944538,2026-04-05 20:19:56,nan,5664.555555555556,6673.0,21,0,20.024560269386573,1,0,0.7,4,31.1,1,Medium,14,0.0,1.0,0.0,0.0
68612293,2026-04-09 16:02:51,Open,Street Condition,Pothole,BRONX,nan,40.86318029995445,-73.86555774278513,,nan,6677.6,6655.5,9,1,16.203090361979168,3,0,0.7,4,31.1,1,Medium,14,0.001,0.999,0.0,0.0
68582297,2026-04-05 20:53:53,Closed,Street Condition,Pothole,QUEENS,nan,40.758949104156066,-73.83190961621168,2026-04-15 21:15:00,nan,4959.1547619047615,4660.0,42,1,20.000983880497685,2,0,0.7,4,31.1,1,Medium,14,0.0,1.0,0.0,0.0
68555070,2026-04-03 07:29:55,Closed,Street Condition,Pothole,QUEENS,nan,40.77279011498342,-73.83712420236684,2026-04-11 12:35:00,nan,4959.1547619047615,4660.0,9,1,22.55929406568287,2,0,0.7,4,31.1,1,Medium,14,0.0,1.0,0.0,0.0
68624222,2026-04-10 12:06:36,Closed,Street Condition,Pothole,QUEENS,nan,40.773055701972986,-73.84460072089358,2026-04-18 04:45:00,nan,4959.1547619047615,4660.0,10,1,15.367152861979166,2,0,0.7,4,31.1,1,Medium,14,0.001,0.999,0.0,0.0
68643815,2026-04-12 19:37:50,Open,Street Condition,Pothole,BROOKLYN,nan,40.60786630894426,-73.98162527513117,,nan,5664.555555555556,6673.0,11,1,13.053796380497685,1,0,0.7,4,31.1,1,Medium,14,0.011,0.989,0.0,0.0
68657441,2026-04-13 13:55:18,Open,Street Condition,Pothole,BROOKLYN,nan,40.66224201349145,-73.99943771194341,,nan,5664.555555555556,6673.0,15,0,12.291666750868055,1,0,0.7,4,31.1,1,Medium,14,0.002,0.998,0.0,0.0
68630526,2026-04-11 12:59:08,Closed,Street Condition,Pothole,QUEENS,nan,40.721376471944154,-73.79029310984477,2026-04-21 15:11:00,nan,4959.1547619047615,4660.0,10,0,14.330671380497686,2,0,0.7,4,31.1,1,Medium,14,0.0,1.0,0.0,0.0
68519848,2026-03-31 13:15:40,Closed,Street Condition,Pothole,QUEENS,nan,40.66525738376473,-73.73955115365354,2026-03-31 13:15:40,nan,4959.1547619047615,4660.0,27,1,25.319189899016205,2,0,0.7,3,31.1,1,Medium,14,0.0,1.0,0.0,0.0
68580884,2026-04-06 07:13:09,Closed,Street Condition,Pothole,STATEN ISLAND,nan,40.60024871387224,-74.1089682237393,2026-04-11 07:40:00,nan,23788.714285714286,2762.0,0,1,19.57093758420139,4,0,0.7,4,31.1,1,Medium,14,0.001,0.999,0.0,0.0
68676406,2026-04-15 15:02:53,Open,Street Condition,Pothole,BROOKLYN,nan,40.70176317377992,-73.92758773316608,,nan,5664.555555555556,6673.0,12,1,10.244733880497686,1,0,0.7,4,31.1,1,Medium,14,0.004,0.996,0.0,0.0
68749445,2026-04-21 11:27:01,Pending,Street Condition,Pothole,QUEENS,nan,40.735655957402535,-73.85099901475667,,nan,4959.1547619047615,4660.0,17,1,4.394641287905093,2,0,0.7,4,31.1,1,Medium,14,0.005,0.995,0.0,0.0
68542748,2026-04-02 15:26:52,Closed,Street Condition,Pothole,STATEN ISLAND,WILSON AVENUE,40.54884293961912,-74.15723471976833,2026-04-18 08:10:00,nan,23788.714285714286,2762.0,1,1,23.228078787905094,4,0,0.7,4,31.1,1,Medium,14,0.001,0.999,0.0,0.0
68639804,2026-04-11 14:07:39,Closed,Street Condition,Pothole,BROOKLYN,KINGSLAND AVENUE,40.719002229212485,-73.94056315085686,2026-04-12 08:30:00,nan,5664.555555555556,5595.0,16,1,14.283090361979166,1,0,0.7,4,31.1,1,Medium,14,0.001,0.999,0.0,0.0
68677349,2026-04-15 15:18:08,Closed,Street Condition,Pothole,QUEENS,nan,40.77147914725186,-73.91823339483405,2026-04-15 21:11:00,nan,4959.1547619047615,4660.0,46,1,10.234143602719907,2,0,0.7,4,31.1,1,Medium,14,0.0,1.0,0.0,0.0
68636280,2026-04-11 13:08:58,Closed,Street Condition,Pothole,QUEENS,GRAND CENTRAL PARKWAY,40.722230159712126,-73.77717655780093,2026-04-21 19:15:00,nan,4959.1547619047615,4660.0,23,0,14.323842676793982,2,0,0.7,4,31.0,1,Medium,14,0.0,1.0,0.0,0.0
68676394,2026-04-15 07:34:59,Closed,Street Condition,Pothole,BRONX,nan,40.895375946561074,-73.86355749899745,2026-04-23 10:05:00,nan,6677.6,6655.5,25,1,10.555775547164352,3,0,0.7,4,31.0,1,Medium,14,0.0,1.0,0.0,0.0
68553180,2026-04-03 23:57:32,Closed,Street Condition,Pothole,BROOKLYN,nan,40.6004284123012,-73.94188947010828,2026-04-03 23:57:32,nan,5664.555555555556,6673.0,7,1,21.873449158275463,1,0,0.7,4,31.0,1,Medium,14,0.002,0.998,0.0,0.0
68552411,2026-04-03 23:57:32,Closed,Street Condition,Pothole,BROOKLYN,nan,40.6004284123012,-73.94188947010828,2026-04-11 18:06:00,nan,5664.555555555556,6673.0,7,1,21.873449158275463,1,0,0.7,4,31.0,1,Medium,14,0.002,0.998,0.0,0.0
68582332,2026-04-05 11:55:29,Closed,Street Condition,Pothole,STATEN ISLAND,nan,40.540587527713186,-74.2215341962543,2026-04-07 07:21:00,nan,23788.714285714286,2762.0,2,0,20.374872769386574,4,0,0.7,4,31.0,1,Medium,14,0.001,0.999,0.0,0.0
68682414,2026-04-15 19:51:30,Open,Street Condition,Pothole,BROOKLYN,nan,40.65417022239662,-73.91376047984436,,nan,5664.555555555556,6673.0,24,0,10.044305639756944,1,0,0.7,4,31.0,1,Medium,14,0.0,1.0,0.0,0.0
68631228,2026-04-11 19:21:24,Closed,Street Condition,Pothole,QUEENS,nan,40.692971283312886,-73.78023854020637,2026-04-11 19:21:24,nan,4959.1547619047615,4660.0,11,1,14.065208417534722,2,0,0.7,4,31.0,1,Medium,14,0.001,0.999,0.0,0.0
68612329,2026-04-09 13:54:46,Closed,Street Condition,Pothole,QUEENS,nan,40.66472479717648,-73.76906375752154,2026-04-18 07:45:00,nan,4959.1547619047615,4660.0,11,0,16.292037121238426,2,0,0.7,4,31.0,1,Medium,14,0.001,0.999,0.0,0.0
68579407,2026-04-06 10:58:12,Closed,Street Condition,Pothole,STATEN ISLAND,nan,40.58790883382908,-74.1970427782078,2026-04-15 10:35:00,nan,23788.714285714286,2762.0,1,0,19.414652861979167,4,0,0.7,4,31.0,1,Medium,14,0.001,0.999,0.0,0.0
68532356,2026-04-01 09:51:20,Closed,Street Condition,Pothole,BROOKLYN,nan,40.621814049857264,-74.00227660774509,2026-04-03 14:30:00,nan,5664.555555555556,6673.0,7,1,24.461088047164353,1,0,0.7,4,31.0,1,Medium,14,0.003,0.997,0.0,0.0
68628013,2026-04-10 11:30:04,Closed,Street Condition,Pothole,BROOKLYN,nan,40.69219491584677,-73.98627184435122,2026-04-18 09:10:00,nan,5664.555555555556,6673.0,21,1,15.392523232349538,1,0,0.7,4,31.0,1,Medium,14,0.071,0.928,0.0,0.0
68594990,2026-04-07 17:27:27,Closed,Street Condition,Pothole,QUEENS,nan,40.7599599886529,-73.89822091719134,2026-04-15 23:45:00,nan,4959.1547619047615,4660.0,9,0,18.144340361979168,2,0,0.7,4,31.0,1,Medium,14,0.002,0.998,0.0,0.0
68649939,2026-04-13 15:15:53,Pending,Street Condition,Pothole,QUEENS,nan,40.76535886057919,-73.74428230406164,,nan,4959.1547619047615,4660.0,13,0,12.235706102719908,2,0,0.7,4,31.0,1,Medium,14,0.0,1.0,0.0,0.0
68536292,2026-04-01 07:14:42,Closed,Street Condition,Pothole,BRONX,nan,40.89608250690141,-73.86691632989255,2026-04-01 07:14:42,nan,6677.6,6655.5,6,1,24.5698611953125,3,0,0.7,4,31.0,1,Medium,14,0.001,0.999,0.0,0.0
68677896,2026-04-15 09:53:50,Open,Street Condition,Pothole,BRONX,nan,40.85381531966821,-73.90733117171574,,nan,6677.6,6655.5,20,1,10.45935193605324,3,0,0.7,4,31.0,1,Medium,14,0.0,1.0,0.0,0.0
68686850,2026-04-16 08:28:04,Pending,Street Condition,Pothole,QUEENS,nan,40.67478158644584,-73.80617947871728,,nan,4959.1547619047615,4660.0,15,0,9.518912121238426,2,0,0.7,4,31.0,1,Medium,14,0.001,0.999,0.0,0.0
68576566,2026-04-06 14:05:05,Closed,Street Condition,Pothole,STATEN ISLAND,nan,40.53985185103891,-74.22156773573336,2026-04-06 15:27:00,nan,23788.714285714286,2762.0,2,0,19.284872769386574,4,0,0.7,4,31.0,1,Medium,14,0.001,0.999,0.0,0.0
68596376,2026-04-08 00:20:17,Open,Street Condition,Pothole,QUEENS,nan,40.764651068569165,-73.8234840194063,,nan,4959.1547619047615,4660.0,10,1,17.85765054716435,2,0,0.7,4,31.0,1,Medium,14,0.001,0.999,0.0,0.0
68615787,2026-04-09 12:47:21,Closed,Street Condition,Pothole,QUEENS,nan,40.741863453510625,-73.90750492962665,2026-04-09 12:47:21,nan,4959.1547619047615,4660.0,12,0,16.338854250868057,2,0,0.7,4,31.0,1,Medium,14,0.001,0.999,0.0,0.0
68692265,2026-04-16 15:17:04,Closed,Street Condition,Pothole,QUEENS,nan,40.740426999845056,-73.89670264803654,2026-04-16 15:17:04,nan,4959.1547619047615,4660.0,27,0,9.234884343460648,2,0,0.7,4,31.0,1,Medium,14,0.001,0.999,0.0,0.0
68642607,2026-04-12 09:41:59,Open,Street Condition,Pothole,QUEENS,nan,40.72016456114445,-73.84478898171724,,nan,4959.1547619047615,4660.0,28,1,13.467581102719906,2,0,0.7,4,31.0,1,Medium,14,0.0,1.0,0.0,0.0
68744929,2026-04-21 10:09:23,Open,Street Condition,Pothole,BRONX,nan,40.81710794723554,-73.89203149623702,,nan,6677.6,6655.5,33,1,4.44855332494213,3,0,0.7,4,31.0,1,Medium,14,0.001,0.999,0.0,0.0
68697201,2026-04-17 16:52:03,Open,Street Condition,Pothole,BROOKLYN,nan,40.69423069973624,-73.94607738602795,,nan,5664.555555555556,6673.0,15,1,8.1689236953125,1,0,0.7,4,31.0,1,Medium,14,0.002,0.998,0.0,0.0
68583770,2026-04-06 13:08:57,Closed,Street Condition,Pothole,STATEN ISLAND,nan,40.540587527713186,-74.2215341962543,2026-04-06 15:25:00,nan,23788.714285714286,2762.0,2,0,19.323854250868056,4,0,0.7,4,31.0,1,Medium,14,0.001,0.999,0.0,0.0
68628889,2026-04-11 12:55:36,Closed,Street Condition,Pothole,BROOKLYN,nan,40.67941992696954,-73.96822614618212,2026-04-11 12:55:36,nan,5664.555555555556,6673.0,18,1,14.333125084201388,1,0,0.7,4,31.0,1,Medium,14,0.008,0.992,0.0,0.0
68690827,2026-04-16 07:19:39,Closed,Street Condition,Pothole,BRONX,nan,40.8248480272072,-73.91130992324541,2026-04-16 07:19:39,nan,6677.6,6655.5,25,1,9.5664236953125,3,0,0.7,4,31.0,1,Medium,14,0.0,1.0,0.0,0.0
68765218,2026-04-23 17:00:33,Closed,Street Condition,Pothole,STATEN ISLAND,nan,40.58275847020916,-74.13040002725637,2026-04-23 17:00:33,nan,23788.714285714286,2762.0,4,0,2.1630209175347224,4,0,0.7,4,31.0,1,Medium,14,0.0,1.0,0.0,0.0
68700131,2026-04-17 09:45:24,Open,Street Condition,Pothole,STATEN ISLAND,nan,40.61000078442329,-74.13733228493356,,nan,23788.714285714286,2762.0,1,1,8.465208417534722,4,0,0.7,4,31.0,1,Medium,14,0.07,0.93,0.0,0.0
68683380,2026-04-15 12:57:14,Closed,Street Condition,Pothole,BROOKLYN,nan,40.648707042232765,-74.01024886427484,2026-04-15 12:57:14,nan,5664.555555555556,6673.0,23,1,10.33199082494213,1,0,0.7,4,31.0,1,Medium,14,0.002,0.998,0.0,0.0
68615777,2026-04-05 04:20:12,Closed,Street Condition,Pothole,STATEN ISLAND,nan,40.540587527713186,-74.2215341962543,2026-04-05 04:20:12,nan,23788.714285714286,2762.0,2,0,20.691041750868056,4,0,0.7,4,31.0,1,Medium,14,0.001,0.999,0.0,0.0
68690812,2026-04-16 10:38:16,Closed,Street Condition,Pothole,QUEENS,nan,40.69498613184721,-73.79990006562997,2026-04-16 10:38:16,nan,4959.1547619047615,4660.0,16,1,9.42849545457176,2,0,0.7,4,31.0,1,Medium,14,0.0,1.0,0.0,0.0
68557143,2026-04-03 23:57:43,Closed,Street Condition,Pothole,BROOKLYN,nan,40.6004284123012,-73.94188947010828,2026-04-03 23:57:43,nan,5664.555555555556,6673.0,7,1,21.873321843460648,1,0,0.7,4,31.0,1,Medium,14,0.002,0.998,0.0,0.0
68649484,2026-04-13 20:55:57,Closed,Street Condition,Pothole,STATEN ISLAND,nan,40.554856649342554,-74.13352315426452,2026-04-13 20:55:57,nan,23788.714285714286,2762.0,2,1,11.9995486953125,4,0,0.7,4,30.9,1,Medium,14,0.001,0.999,0.0,0.0
68654407,2026-04-13 21:33:00,Closed,Street Condition,Pothole,QUEENS,nan,40.74915781037565,-73.8694258444689,2026-04-13 23:57:00,nan,4959.1547619047615,4660.0,31,0,11.973819528645834,2,0,0.7,4,30.9,1,Medium,14,0.001,0.999,0.0,0.0
68615788,2026-04-09 12:42:45,Closed,Street Condition,Pothole,QUEENS,nan,40.753902194423326,-73.90121512412604,2026-04-09 12:42:45,nan,4959.1547619047615,4660.0,9,0,16.3420486953125,2,0,0.7,4,30.9,1,Medium,14,0.003,0.997,0.0,0.0
68593610,2026-04-07 10:51:46,Open,Street Condition,Pothole,STATEN ISLAND,nan,40.534095480441856,-74.18629665794039,,nan,23788.714285714286,2762.0,0,0,18.419120454571758,4,0,0.7,4,30.9,1,Medium,14,0.005,0.995,0.0,0.0
68609186,2026-04-09 13:38:53,Closed,Street Condition,Pothole,QUEENS,nan,40.753902194423326,-73.90121512412604,2026-04-09 13:38:53,nan,4959.1547619047615,4660.0,9,0,16.303067213831017,2,0,0.7,4,30.9,1,Medium,14,0.003,0.997,0.0,0.0
68535302,2026-04-01 14:39:46,Pending,Street Condition,Pothole,QUEENS,nan,40.751689212963875,-73.8856119956216,,nan,4959.1547619047615,4660.0,9,1,24.260787121238426,2,0,0.7,4,30.9,1,Medium,14,0.0,1.0,0.0,0.0
68614450,2026-04-09 13:05:00,Closed,Street Condition,Pothole,QUEENS,nan,40.753902194423326,-73.90121512412604,2026-04-09 13:05:00,nan,4959.1547619047615,4660.0,9,0,16.32659730642361,2,0,0.7,4,30.9,1,Medium,14,0.003,0.997,0.0,0.0
68613133,2026-04-09 12:37:42,Closed,Street Condition,Pothole,QUEENS,nan,40.753902194423326,-73.90121512412604,2026-04-09 12:37:42,nan,4959.1547619047615,4660.0,9,0,16.345555639756945,2,0,0.7,4,30.9,1,Medium,14,0.003,0.997,0.0,0.0
68762376,2026-04-22 14:52:43,Closed,Street Condition,Pothole,BROOKLYN,FRANKLIN AVENUE,40.690195064201,-73.95717607239062,2026-04-23 11:07:00,nan,5664.555555555556,8610.0,25,1,3.25179406568287,1,0,0.7,4,30.9,1,Medium,14,0.015,0.985,0.0,0.0
68713280,2026-04-18 03:13:35,Closed,Street Condition,Pothole,QUEENS,nan,40.667522405001336,-73.78062518365624,2026-04-18 15:26:00,nan,4959.1547619047615,4660.0,36,1,7.737303324942129,2,0,0.7,4,30.9,1,Medium,14,0.001,0.999,0.0,0.0
68607876,2026-04-09 13:44:08,Closed,Street Condition,Pothole,QUEENS,nan,40.753902194423326,-73.90121512412604,2026-04-09 13:44:08,nan,4959.1547619047615,4660.0,9,0,16.299421380497684,2,0,0.7,4,30.9,1,Medium,14,0.003,0.997,0.0,0.0
68668736,2026-04-14 13:51:49,Closed,Street Condition,Pothole,BROOKLYN,nan,40.6409121701874,-73.99431045491522,2026-04-18 10:35:00,nan,5664.555555555556,6673.0,18,1,11.294085732349536,1,0,0.7,4,30.9,1,Medium,14,0.003,0.997,0.0,0.0
68614452,2026-04-09 12:25:30,Closed,Street Condition,Pothole,QUEENS,nan,40.753902194423326,-73.90121512412604,2026-04-09 12:25:30,nan,4959.1547619047615,4660.0,9,0,16.354027861979166,2,0,0.7,4,30.9,1,Medium,14,0.003,0.997,0.0,0.0
68637965,2026-04-10 12:01:44,Closed,Street Condition,Pothole,BROOKLYN,nan,40.61578101918616,-73.99994236956995,2026-04-21 14:42:00,nan,5664.555555555556,6673.0,16,1,15.370532491608795,1,0,0.7,4,30.9,1,Medium,14,0.015,0.985,0.0,0.0
68748855,2026-04-21 23:59:19,Closed,Street Condition,Pothole,BRONX,nan,40.82245734528027,-73.92691443324327,2026-04-21 23:59:19,nan,6677.6,6655.5,15,1,3.872210732349537,3,0,0.7,4,30.9,1,Medium,14,0.0,1.0,0.0,0.0
68622872,2026-04-10 18:16:48,Open,Street Condition,Pothole,STATEN ISLAND,nan,40.61459933638307,-74.1020941245498,,nan,23788.714285714286,2762.0,2,1,15.110069528645834,4,0,0.7,4,30.9,1,Medium,14,0.002,0.998,0.0,0.0
68638655,2026-04-12 10:31:05,Closed,Street Condition,Pothole,QUEENS,nan,40.76935266656995,-73.83257651909997,2026-04-12 10:31:05,nan,4959.1547619047615,4660.0,12,1,13.433483880497684,2,0,0.7,4,30.9,1,Medium,14,0.003,0.997,0.0,0.0
68739006,2026-04-21 08:38:34,Open,Street Condition,Pothole,BRONX,nan,40.85179421285999,-73.90277587050835,,nan,6677.6,6655.5,31,1,4.511620454571759,3,0,0.7,4,30.9,1,Medium,14,0.024,0.975,0.001,0.0
68680397,2026-04-16 01:28:32,Closed,Street Condition,Pothole,QUEENS,nan,40.67699930248896,-73.81964212203187,2026-04-16 01:28:32,nan,4959.1547619047615,4660.0,12,0,9.810254713831018,2,0,0.7,4,30.9,1,Medium,14,0.001,0.999,0.0,0.0
68682410,2026-04-15 12:34:58,Closed,Street Condition,Pothole,STATEN ISLAND,nan,40.63568144016979,-74.08970330931174,2026-04-15 23:49:00,nan,23788.714285714286,2762.0,2,1,10.347453787905092,4,0,0.7,4,30.9,1,Medium,14,0.003,0.997,0.0,0.0
68580903,2026-04-06 08:16:13,Closed,Street Condition,Pothole,QUEENS,nan,40.702166885662926,-73.79239125419967,2026-04-18 13:45:00,nan,4959.1547619047615,4660.0,11,0,19.527141287905092,2,0,0.7,4,30.9,1,Medium,14,0.0,1.0,0.0,0.0
68728659,2026-04-20 21:44:26,Open,Street Condition,Pothole,BRONX,nan,40.855433380969714,-73.85535050833009,,nan,6677.6,6655.5,18,1,4.9658797138310184,3,0,0.7,4,30.9,1,Medium,14,0.001,0.999,0.0,0.0
68746427,2026-04-21 10:58:45,Open,Street Condition,Pothole,BROOKLYN,nan,40.66797303673411,-73.99585096691179,,nan,5664.555555555556,6673.0,67,1,4.414270917534722,1,0,0.7,4,30.9,1,Medium,14,0.003,0.997,0.0,0.0
68625495,2026-04-10 08:40:08,Closed,Street Condition,Pothole,QUEENS,nan,40.707305811073425,-73.7512137682723,2026-04-18 10:05:00,nan,4959.1547619047615,4660.0,13,0,15.510532491608796,2,0,0.7,4,30.9,1,Medium,14,0.001,0.999,0.0,0.0
68636758,2026-04-11 09:51:50,Closed,Street Condition,Pothole,QUEENS,nan,40.7269695728085,-73.85374602160852,2026-04-18 11:50:00,nan,4959.1547619047615,4660.0,10,0,14.46074082494213,2,0,0.7,4,30.9,1,Medium,14,0.001,0.999,0.0,0.0
68626743,2026-04-10 09:39:54,Closed,Street Condition,Pothole,QUEENS,nan,40.74100954676229,-73.90057024365116,2026-04-11 11:15:00,nan,4959.1547619047615,4660.0,35,1,15.469027861979166,2,0,0.7,4,30.9,1,Medium,14,0.0,1.0,0.0,0.0
68619758,2026-04-10 09:41:58,Closed,Street Condition,Pothole,QUEENS,nan,40.733497309506575,-73.87036942449794,2026-04-10 09:41:58,nan,4959.1547619047615,4660.0,44,1,15.46759267679398,2,0,0.7,4,30.9,1,Medium,14,0.0,1.0,0.0,0.0
68594984,2026-04-07 20:42:32,Pending,Street Condition,Pothole,QUEENS,nan,40.73715765192583,-73.87940512126264,,nan,4959.1547619047615,4660.0,17,0,18.00886582494213,2,0,0.7,4,30.9,1,Medium,14,0.0,1.0,0.0,0.0
68708271,2026-04-18 09:30:27,Closed,Street Condition,Pothole,QUEENS,nan,40.69366255534651,-73.852163876474,2026-04-18 20:15:00,nan,4959.1547619047615,4660.0,25,0,7.475590361979166,2,0,0.7,4,30.9,1,Medium,14,0.003,0.997,0.0,0.0
68598571,2026-04-08 11:38:13,Closed,Street Condition,Pothole,QUEENS,nan,40.69091679076116,-73.72817863918132,2026-04-08 11:38:13,nan,4959.1547619047615,4660.0,43,1,17.386863510127316,2,0,0.7,4,30.9,1,Medium,14,0.0,1.0,0.0,0.0
68747378,2026-04-21 16:01:18,Closed,Street Condition,Pothole,BRONX,nan,40.833558256801034,-73.85773251518174,2026-04-21 16:01:18,nan,6677.6,6655.5,29,1,4.204166750868056,3,0,0.7,4,30.9,1,Medium,14,0.002,0.998,0.0,0.0
68621532,2026-04-10 11:21:16,Open,Street Condition,Pothole,BROOKLYN,nan,40.64729773629771,-73.98029189341415,,nan,5664.555555555556,6673.0,9,0,15.398634343460648,1,0,0.7,4,30.9,1,Medium,14,0.003,0.997,0.0,0.0
68744926,2026-04-21 16:00:14,Open,Street Condition,Pothole,BRONX,nan,40.833558256801034,-73.85773251518174,,nan,6677.6,6655.5,29,1,4.204907491608796,3,0,0.7,4,30.9,1,Medium,14,0.002,0.998,0.0,0.0
68626726,2026-04-10 17:59:54,Pending,Street Condition,Pothole,QUEENS,nan,40.70695266394977,-73.83784412689718,,nan,4959.1547619047615,4660.0,9,1,15.121805639756944,2,0,0.7,4,30.9,1,Medium,14,0.005,0.995,0.0,0.0
68760061,2026-04-22 15:14:48,Open,Street Condition,Pothole,BRONX,nan,40.834129671397186,-73.87474110534129,,nan,6677.6,6655.5,11,1,3.236458417534722,3,0,0.7,4,30.9,1,Medium,14,0.001,0.999,0.0,0.0
68583786,2026-04-06 11:25:21,Closed,Street Condition,Pothole,QUEENS,nan,40.746047570498,-73.89902892207441,2026-04-17 10:46:00,nan,4959.1547619047615,4660.0,9,0,19.3957986953125,2,0,0.7,4,30.9,1,Medium,14,0.001,0.999,0.0,0.0
68548492,2026-04-03 09:48:10,Closed,Street Condition,Pothole,BROOKLYN,nan,40.701573310863985,-73.93129185422126,2026-04-22 10:05:00,nan,5664.555555555556,6673.0,6,1,22.463287121238427,1,0,0.7,4,30.8,1,Medium,14,0.008,0.992,0.0,0.0
68641454,2026-04-12 10:45:01,Open,Street Condition,Pothole,STATEN ISLAND,nan,40.6055936558937,-74.13177352900222,,nan,23788.714285714286,2762.0,2,1,13.423807954571759,4,0,0.7,4,30.8,1,Medium,14,0.001,0.999,0.0,0.0
68640952,2026-04-12 08:40:40,Closed,Street Condition,Pothole,STATEN ISLAND,nan,40.554856649342554,-74.13352315426452,2026-04-12 08:40:40,nan,23788.714285714286,2762.0,2,1,13.510162121238425,4,0,0.7,4,30.8,1,Medium,14,0.001,0.999,0.0,0.0
68689845,2026-04-16 10:01:03,Open,Street Condition,Pothole,BROOKLYN,nan,40.63796392469594,-74.01057149321049,,nan,5664.555555555556,6673.0,9,1,9.454340361979167,1,0,0.7,4,30.8,1,Medium,14,0.018,0.982,0.0,0.0
68692278,2026-04-16 06:06:18,Closed,Street Condition,Pothole,QUEENS,GRAND CENTRL PARKWAY,40.70832440953769,-73.86975831380914,2026-04-16 06:06:18,nan,4959.1547619047615,4660.0,10,1,9.6173611953125,2,0,0.7,4,30.8,1,Medium,14,0.001,0.999,0.0,0.0
68712055,2026-04-18 07:21:13,Closed,Street Condition,Pothole,BRONX,nan,40.84000345494566,-73.87738636916855,2026-04-18 07:21:13,nan,6677.6,6655.5,21,1,7.565335732349537,3,0,0.7,4,30.8,1,Medium,14,0.0,1.0,0.0,0.0
68680935,2026-04-16 01:34:16,Pending,Street Condition,Pothole,QUEENS,nan,40.68602699585525,-73.82505149980587,,nan,4959.1547619047615,4660.0,15,1,9.806273232349536,2,0,0.7,4,30.8,1,Medium,14,0.0,1.0,0.0,0.0
68624214,2026-04-10 18:02:29,Closed,Street Condition,Pothole,QUEENS,nan,40.736752343034745,-73.8776701929152,2026-04-15 21:48:00,nan,4959.1547619047615,4660.0,18,0,15.120011658275462,2,0,0.7,4,30.8,1,Medium,14,0.001,0.999,0.0,0.0
68552414,2026-04-03 12:10:49,Closed,Street Condition,Pothole,BROOKLYN,nan,40.635552387281265,-73.9780218886329,2026-04-17 00:42:00,nan,5664.555555555556,6673.0,7,0,22.364224621238424,1,0,0.7,4,30.8,1,Medium,14,0.001,0.999,0.0,0.0
68687892,2026-04-16 11:25:16,Closed,Street Condition,Pothole,BROOKLYN,nan,40.636326482088855,-73.95839963535299,2026-04-16 11:25:16,nan,5664.555555555556,6673.0,13,1,9.39585656568287,1,0,0.7,4,30.8,1,Medium,14,0.002,0.998,0.0,0.0
68591693,2026-04-06 15:35:06,Closed,Street Condition,Pothole,BROOKLYN,TROY AVENUE,40.63797881766384,-73.93471902726695,2026-04-07 12:35:00,nan,5957.0,9082.0,5,0,19.2223611953125,1,0,0.7,4,30.8,1,Medium,14,0.032,0.968,0.0,0.0
68667105,2026-04-14 13:09:46,Closed,Street Condition,Pothole,BROOKLYN,nan,40.64678857590275,-74.00856930325476,2026-04-21 11:42:00,nan,5664.555555555556,6673.0,24,1,11.323287121238426,1,0,0.7,4,30.8,1,Medium,14,0.002,0.998,0.0,0.0
68618919,2026-04-10 08:20:38,Closed,Street Condition,Pothole,BROOKLYN,nan,40.65766430579988,-73.89704344797478,2026-04-21 15:00:00,nan,5664.555555555556,6673.0,34,1,15.524074158275463,1,0,0.7,4,30.8,1,Medium,14,0.0,1.0,0.0,0.0
68647965,2026-04-13 20:42:54,Closed,Street Condition,Pothole,BRONX,nan,40.85301827223642,-73.85121686739964,2026-04-13 20:42:54,nan,6677.6,6655.5,7,0,12.0086111953125,3,0,0.7,4,30.8,1,Medium,14,0.042,0.958,0.0,0.0
68628884,2026-04-10 15:40:36,Closed,Street Condition,Pothole,BROOKLYN,nan,40.64729773629771,-73.98029189341415,2026-04-11 07:40:00,nan,5664.555555555556,6673.0,9,0,15.218541750868056,1,0,0.7,4,30.8,1,Medium,14,0.011,0.989,0.0,0.0
68528098,2026-04-01 05:12:38,Open,Street Condition,Pothole,BROOKLYN,nan,40.603889390607506,-73.95348611935223,,nan,5664.555555555556,6673.0,8,1,24.65462971383102,1,0,0.7,4,30.8,1,Medium,14,0.0,1.0,0.0,0.0
68611789,2026-04-08 15:18:48,Closed,Street Condition,Pothole,BROOKLYN,nan,40.653190255883345,-73.96621323435924,2026-04-09 15:36:00,nan,5664.555555555556,6673.0,7,1,17.233680639756944,1,0,0.7,4,30.8,1,Medium,14,0.035,0.965,0.0,0.0
68712468,2026-04-18 20:00:48,Closed,Street Condition,Pothole,QUEENS,nan,40.77486190212239,-73.9089032989066,2026-04-21 12:30:00,nan,4959.1547619047615,4660.0,10,0,7.037847306423611,2,0,0.7,4,30.8,1,Medium,14,0.011,0.989,0.0,0.0
68651443,2026-04-13 17:13:39,Pending,Street Condition,Pothole,QUEENS,nan,40.74508150126993,-73.86437055183656,,nan,4959.1547619047615,4660.0,15,1,12.1539236953125,2,0,0.7,4,30.8,1,Medium,14,0.0,1.0,0.0,0.0
68657443,2026-04-13 12:53:10,Open,Street Condition,Pothole,BROOKLYN,STREET OF ARTS,40.68785712540414,-73.97923783074734,,nan,5664.555555555556,6673.0,51,1,12.334814899016203,1,0,0.7,4,30.8,1,Medium,14,0.001,0.999,0.0,0.0
68658993,2026-04-13 15:07:24,Pending,Street Condition,Pothole,QUEENS,nan,40.736996289258826,-73.85168884171875,,nan,4959.1547619047615,4660.0,45,1,12.24159730642361,2,0,0.7,4,30.8,1,Medium,14,0.0,1.0,0.0,0.0
68612324,2026-04-09 18:14:54,Closed,Street Condition,Pothole,QUEENS,nan,40.666448251158755,-73.7689280230942,2026-04-18 10:26:00,nan,4959.1547619047615,4660.0,27,0,16.11138897309028,2,0,0.7,4,30.8,1,Medium,14,0.0,1.0,0.0,0.0
68615784,2026-04-09 18:16:10,Closed,Street Condition,Pothole,QUEENS,nan,40.666055843423194,-73.76897624267478,2026-04-09 18:16:10,nan,4959.1547619047615,4660.0,27,0,16.11050934346065,2,0,0.7,4,30.8,1,Medium,14,0.0,1.0,0.0,0.0
68543986,2026-04-02 08:20:48,Closed,Street Condition,Pothole,BROOKLYN,nan,40.67760425245059,-73.90233760899243,2026-04-02 08:20:48,nan,5664.555555555556,6673.0,6,1,23.523958417534722,1,0,0.7,4,30.8,1,Medium,14,0.006,0.994,0.0,0.0
68621539,2026-04-10 23:57:41,Closed,Street Condition,Pothole,QUEENS,nan,40.70199410772483,-73.80995217762,2026-04-18 13:52:00,nan,4959.1547619047615,4660.0,26,1,14.873344991608796,2,0,0.7,4,30.7,1,Medium,14,0.0,1.0,0.0,0.0
68764261,2026-04-23 10:16:22,Open,Street Condition,Pothole,BROOKLYN,nan,40.63674397650717,-73.94034817483123,,nan,5664.555555555556,6673.0,10,1,2.443703787905093,1,0,0.7,4,30.7,1,Medium,14,0.017,0.983,0.0,0.0
68605685,2026-04-08 08:23:29,Closed,Street Condition,Pothole,QUEENS,nan,40.749898475172984,-73.93781067346166,2026-04-15 21:44:00,nan,4959.1547619047615,4660.0,33,0,17.522094991608796,2,0,0.7,4,30.7,1,Medium,14,0.0,1.0,0.0,0.0
68642167,2026-04-12 16:45:04,Closed,Street Condition,Pothole,BROOKLYN,nan,40.65290115850118,-73.8667202982866,2026-04-12 16:45:04,nan,5664.555555555556,6673.0,45,1,13.173773232349538,1,0,0.7,4,30.7,1,Medium,14,0.0,1.0,0.0,0.0
68674409,2026-04-15 09:21:21,Closed,Street Condition,Pothole,BROOKLYN,nan,40.648707042232765,-74.01024886427484,2026-04-15 09:21:21,nan,5664.555555555556,6673.0,23,1,10.48190980642361,1,0,0.7,4,30.7,1,Medium,14,0.002,0.998,0.0,0.0
68660028,2026-04-14 14:42:33,Closed,Street Condition,Pothole,QUEENS,nan,40.73477005155517,-73.87458148691805,2026-04-14 16:45:00,nan,4959.1547619047615,4660.0,22,0,11.258854250868055,2,0,0.7,4,30.7,1,Medium,14,0.002,0.998,0.0,0.0
68737494,2026-04-20 20:29:19,Open,Street Condition,Pothole,BROOKLYN,nan,40.67206324438088,-73.92524432147842,,nan,5664.555555555556,6673.0,11,0,5.01804406568287,1,0,0.7,4,30.7,1,Medium,14,0.011,0.989,0.0,0.0
68731695,2026-04-20 18:48:11,Open,Street Condition,Pothole,BROOKLYN,nan,40.63412967117322,-73.92850059582707,,nan,5664.555555555556,6673.0,30,1,5.0882755471643515,1,0,0.7,4,30.7,1,Medium,14,0.067,0.933,0.0,0.0
68664891,2026-04-13 15:49:26,Closed,Street Condition,Pothole,BROOKLYN,BERGEN STREET,40.679145063159325,-73.96685625385146,2026-04-14 14:54:00,nan,5664.555555555556,3798.0,17,1,12.212407491608795,1,0,0.7,4,30.7,1,Medium,14,0.002,0.998,0.0,0.0
68710793,2026-04-16 17:34:50,Closed,Street Condition,Pothole,BROOKLYN,nan,40.6682774463096,-73.92004692733836,2026-04-18 15:43:00,nan,5664.555555555556,6673.0,29,0,9.139213047164352,1,0,0.7,4,30.7,1,Medium,14,0.001,0.999,0.0,0.0
68681924,2026-04-15 08:43:33,Closed,Street Condition,Pothole,BROOKLYN,nan,40.648707042232765,-74.01024886427484,2026-04-15 08:43:33,nan,5664.555555555556,6673.0,23,1,10.508159806423611,1,0,0.7,4,30.7,1,Medium,14,0.002,0.998,0.0,0.0
68695194,2026-04-16 07:35:03,Closed,Street Condition,Pothole,QUEENS,nan,40.67948147234004,-73.7574034114413,2026-04-16 07:35:03,nan,4959.1547619047615,4660.0,11,0,9.555729250868055,2,0,0.7,4,30.7,1,Medium,14,0.0,1.0,0.0,0.0
68598576,2026-04-08 08:02:24,Closed,Street Condition,Pothole,QUEENS,nan,40.741863453510625,-73.90750492962665,2026-04-08 08:02:24,nan,4959.1547619047615,4660.0,12,0,17.5367361953125,2,0,0.7,4,30.7,1,Medium,14,0.0,1.0,0.0,0.0
68582299,2026-04-05 15:26:26,Closed,Street Condition,Pothole,QUEENS,nan,40.67474604891468,-73.76367548486864,2026-04-14 15:17:00,nan,4959.1547619047615,4660.0,8,0,20.228379713831018,2,0,0.7,4,30.7,1,Medium,14,0.001,0.999,0.0,0.0
68697205,2026-04-17 12:06:36,Closed,Street Condition,Pothole,BROOKLYN,nan,40.70046471870442,-73.9474860830586,2026-04-18 14:55:00,nan,5664.555555555556,6673.0,15,1,8.367152861979166,1,0,0.7,4,30.7,1,Medium,14,0.005,0.995,0.0,0.0
68658995,2026-04-13 08:06:35,Pending,Street Condition,Pothole,QUEENS,nan,40.71836919350643,-73.84055801431353,,nan,4959.1547619047615,4660.0,11,0,12.533831102719907,2,0,0.7,4,30.7,1,Medium,14,0.0,1.0,0.0,0.0
68711223,2026-04-18 21:31:32,Open,Street Condition,Pothole,BROOKLYN,nan,40.684546251639354,-73.96508321158959,,nan,5664.555555555556,6673.0,17,1,6.974838047164352,1,0,0.7,4,30.7,1,Medium,14,0.03,0.97,0.0,0.0
68631241,2026-04-10 12:20:50,Closed,Street Condition,Pothole,BROOKLYN,nan,40.631581792884546,-73.94754388879824,2026-04-11 07:55:00,nan,5664.555555555556,6673.0,23,1,15.357268602719907,1,0,0.7,4,30.7,1,Medium,14,0.001,0.999,0.0,0.0
68768616,2026-04-23 11:38:36,Open,Street Condition,Pothole,BRONX,nan,40.88270955300674,-73.88124583052429,,nan,6677.6,6655.5,22,0,2.3865973064236115,3,0,0.7,4,30.7,1,Medium,14,0.001,0.999,0.0,0.0
68678887,2026-04-15 09:42:06,Closed,Street Condition,Pothole,STATEN ISLAND,nan,40.53440150529732,-74.18546288535472,2026-04-15 09:42:06,nan,23788.714285714286,2762.0,0,0,10.467500084201388,4,0,0.7,4,30.7,1,Medium,14,0.031,0.969,0.0,0.0
68667101,2026-04-14 17:01:50,Closed,Street Condition,Pothole,BROOKLYN,nan,40.648707042232765,-74.01024886427484,2026-04-23 08:20:00,nan,5664.555555555556,6673.0,23,1,11.162129713831018,1,0,0.7,4,30.7,1,Medium,14,0.002,0.998,0.0,0.0
68660653,2026-04-14 17:26:19,Closed,Street Condition,Pothole,QUEENS,nan,40.69242106739628,-73.85150311647946,2026-04-15 01:12:00,nan,4959.1547619047615,4660.0,22,0,11.145127399016204,2,0,0.7,4,30.7,1,Medium,14,0.0,1.0,0.0,0.0
68599926,2026-04-08 22:50:23,Closed,Street Condition,Pothole,QUEENS,nan,40.73715765192583,-73.87940512126264,2026-04-08 22:50:23,nan,4959.1547619047615,4660.0,17,0,16.92008110271991,2,0,0.7,4,30.7,1,Medium,14,0.0,1.0,0.0,0.0
68621541,2026-04-10 18:51:20,Closed,Street Condition,Pothole,QUEENS,nan,40.74891563083155,-73.93739654434637,2026-04-21 08:40:00,nan,4959.1547619047615,4660.0,27,0,15.08608804716435,2,0,0.7,4,30.7,1,Medium,14,0.001,0.999,0.0,0.0
68595011,2026-04-07 07:40:10,Closed,Street Condition,Pothole,QUEENS,nan,40.76154722593726,-73.83111973471254,2026-04-18 12:10:00,nan,4959.1547619047615,4660.0,26,1,18.552176010127315,2,0,0.7,4,30.7,1,Medium,14,0.0,1.0,0.0,0.0
68672929,2026-04-15 08:38:43,Closed,Street Condition,Pothole,BROOKLYN,nan,40.648707042232765,-74.01024886427484,2026-04-15 08:38:43,nan,5664.555555555556,6673.0,23,1,10.511516287905092,1,0,0.7,4,30.7,1,Medium,14,0.002,0.998,0.0,0.0
68767182,2026-04-23 09:06:33,Open,Street Condition,Pothole,BRONX,nan,40.887931963937746,-73.91091834632904,,nan,6677.6,6655.5,16,1,2.492187584201389,3,0,0.7,4,30.7,1,Medium,14,0.001,0.999,0.0,0.0
68647235,2026-04-12 08:13:50,Open,Street Condition,Pothole,BRONX,nan,40.85899327013792,-73.90572247843104,,nan,6677.6,6655.5,23,1,13.528796380497685,3,0,0.7,4,30.7,1,Medium,14,0.0,1.0,0.0,0.0
68670268,2026-04-14 06:58:36,Closed,Street Condition,Pothole,BROOKLYN,nan,40.62691815775337,-73.983215938756,2026-04-23 14:20:00,nan,5664.555555555556,6673.0,8,0,11.581041750868055,1,0,0.7,4,30.7,1,Medium,14,0.001,0.999,0.0,0.0
68656942,2026-04-13 11:56:18,Closed,Street Condition,Pothole,QUEENS,nan,40.72016456114445,-73.84478898171724,2026-04-13 11:56:18,nan,4959.1547619047615,4660.0,28,1,12.374305639756944,2,0,0.7,4,30.7,1,Medium,14,0.0,1.0,0.0,0.0
68726649,2026-04-20 12:31:53,Closed,Street Condition,Pothole,QUEENS,nan,40.69366255534651,-73.852163876474,2026-04-20 16:24:00,nan,4959.1547619047615,4660.0,25,0,5.349594991608796,2,0,0.7,4,30.7,1,Medium,14,0.004,0.996,0.0,0.0
68636275,2026-04-11 19:28:54,Closed,Street Condition,Pothole,QUEENS,nan,40.73380012604392,-73.81480121129775,2026-04-11 19:28:54,nan,4959.1547619047615,4660.0,10,0,14.06000008420139,2,0,0.7,4,30.7,1,Medium,14,0.002,0.998,0.0,0.0
68677910,2026-04-15 09:15:06,Closed,Street Condition,Pothole,BROOKLYN,nan,40.60925305771447,-73.92336981787635,2026-04-18 17:49:00,nan,5664.555555555556,6673.0,27,0,10.486250084201389,1,0,0.7,4,30.7,1,Medium,14,0.001,0.999,0.0,0.0
68617105,2026-04-09 18:35:07,Closed,Street Condition,Pothole,QUEENS,nan,40.73996638301459,-73.89423145890211,2026-04-09 18:35:07,nan,4959.1547619047615,4660.0,29,0,16.097349621238425,2,0,0.7,4,30.7,1,Medium,14,0.006,0.994,0.0,0.0
68614963,2026-04-09 11:49:29,Closed,Street Condition,Pothole,BROOKLYN,nan,40.72588116916357,-73.94168627374127,2026-04-14 09:10:00,nan,5664.555555555556,6673.0,9,1,16.37903943605324,1,0,0.7,4,30.7,1,Medium,14,0.002,0.998,0.0,0.0
68607848,2026-04-09 20:20:10,Closed,Street Condition,Pothole,MANHATTAN,nan,40.87249773707309,-73.91717267927005,2026-04-09 20:20:10,nan,16591.571428571428,6876.0,1,0,16.024398232349537,0,0,0.7,4,30.7,1,Medium,14,0.007,0.992,0.001,0.0
68683381,2026-04-15 08:14:39,Closed,Street Condition,Pothole,BROOKLYN,nan,40.648707042232765,-74.01024886427484,2026-04-15 08:14:39,nan,5664.555555555556,6673.0,23,1,10.528229250868055,1,0,0.7,4,30.7,1,Medium,14,0.002,0.998,0.0,0.0
68680400,2026-04-15 08:35:55,Closed,Street Condition,Pothole,BROOKLYN,nan,40.648707042232765,-74.01024886427484,2026-04-15 08:35:55,nan,5664.555555555556,6673.0,23,1,10.513460732349538,1,0,0.7,4,30.7,1,Medium,14,0.002,0.998,0.0,0.0
68678888,2026-04-15 07:49:22,Closed,Street Condition,Pothole,STATEN ISLAND,nan,40.53440150529732,-74.18546288535472,2026-04-15 07:49:22,nan,23788.714285714286,2762.0,0,0,10.545787121238426,4,0,0.7,4,30.7,1,Medium,14,0.031,0.969,0.0,0.0
68653894,2026-04-14 00:02:45,Closed,Street Condition,Pothole,QUEENS,nan,40.725476145414376,-73.76557731286611,2026-04-14 00:02:45,nan,4959.1547619047615,4660.0,31,1,11.869826473090278,2,0,0.7,4,30.6,1,Medium,14,0.0,1.0,0.0,0.0
68673454,2026-04-15 09:27:43,Closed,Street Condition,Pothole,BROOKLYN,nan,40.57698181631863,-73.98156537524474,2026-04-18 19:20:00,nan,5664.555555555556,6673.0,13,1,10.477488510127314,1,0,0.7,4,30.6,1,Medium,14,0.003,0.997,0.0,0.0
68722438,2026-04-19 16:41:07,Closed,Street Condition,Pothole,QUEENS,nan,40.75399198425718,-73.90030181847571,2026-04-19 16:41:07,nan,4959.1547619047615,4660.0,12,0,6.176516287905092,2,0,0.7,4,30.6,1,Medium,14,0.006,0.994,0.0,0.0
68679445,2026-04-15 14:33:08,Pending,Street Condition,Pothole,QUEENS,nan,40.72013323771417,-73.79037278029215,,nan,4959.1547619047615,4660.0,31,0,10.265393602719907,2,0,0.7,4,30.6,1,Medium,14,0.0,1.0,0.0,0.0
68646805,2026-04-12 04:31:38,Closed,Street Condition,Pothole,QUEENS,nan,40.74603472114661,-73.93440021822178,2026-04-12 04:31:38,nan,4959.1547619047615,4660.0,20,0,13.68310193605324,2,0,0.7,4,30.6,1,Medium,14,0.0,1.0,0.0,0.0
68653898,2026-04-13 15:27:19,Closed,Street Condition,Pothole,QUEENS,nan,40.725476145414376,-73.76557731286611,2026-04-13 15:27:19,nan,4959.1547619047615,4660.0,31,1,12.227766287905093,2,0,0.7,4,30.6,1,Medium,14,0.0,1.0,0.0,0.0
68620204,2026-04-10 12:07:15,Closed,Street Condition,Pothole,QUEENS,nan,40.67699930248896,-73.81964212203187,2026-04-15 23:11:00,nan,4959.1547619047615,4660.0,12,0,15.366701473090277,2,0,0.7,4,30.6,1,Medium,14,0.0,1.0,0.0,0.0
68578868,2026-04-06 20:25:35,Closed,Street Condition,Pothole,STATEN ISLAND,nan,40.540587527713186,-74.2215341962543,2026-04-06 20:25:35,nan,23788.714285714286,2762.0,2,0,19.020636658275464,4,0,0.7,4,30.6,1,Medium,14,0.002,0.998,0.0,0.0
68701099,2026-04-17 12:43:53,Closed,Street Condition,Pothole,BROOKLYN,STREET OF ARTS,40.68785712540414,-73.97923783074734,2026-04-17 12:43:53,nan,5664.555555555556,6673.0,51,1,8.341261658275462,1,0,0.7,4,30.6,1,Medium,14,0.002,0.998,0.0,0.0
68677382,2026-04-16 01:24:13,Closed,Street Condition,Pothole,QUEENS,nan,40.72013323771417,-73.79037278029215,2026-04-16 01:24:13,nan,4959.1547619047615,4660.0,31,0,9.813252399016203,2,0,0.7,4,30.6,1,Medium,14,0.0,1.0,0.0,0.0
68705428,2026-04-17 17:08:37,Closed,Street Condition,Pothole,STATEN ISLAND,nan,40.558272363158224,-74.13487233521455,2026-04-17 17:08:37,nan,23788.714285714286,2762.0,0,0,8.15741906568287,4,0,0.7,4,30.6,1,Medium,14,0.016,0.984,0.0,0.0
68618441,2026-04-10 09:33:48,Closed,Street Condition,Pothole,STATEN ISLAND,nan,40.53440150529732,-74.18546288535472,2026-04-10 09:33:48,nan,23788.714285714286,2762.0,0,0,15.473263973090278,4,0,0.7,4,30.6,1,Medium,14,0.003,0.997,0.0,0.0
68771499,2026-04-23 23:13:11,Open,Street Condition,Pothole,BROOKLYN,nan,40.715064311304246,-73.94216107488656,,nan,5664.555555555556,6673.0,14,0,1.9042477693865743,1,0,0.7,4,30.6,1,Medium,14,0.016,0.984,0.0,0.0
68666492,2026-04-14 11:56:44,Closed,Street Condition,Pothole,QUEENS,nan,40.74466900121858,-73.93168408303255,2026-04-14 11:56:44,nan,4959.1547619047615,4660.0,18,0,11.374004713831019,2,0,0.7,4,30.6,1,Medium,14,0.001,0.999,0.0,0.0
68669689,2026-04-14 12:00:21,Closed,Street Condition,Pothole,QUEENS,nan,40.743216338952784,-73.90716021602749,2026-04-14 12:00:21,nan,4959.1547619047615,4660.0,11,0,11.371493139756945,2,0,0.7,4,30.6,1,Medium,14,0.0,0.999,0.0,0.0
68747959,2026-04-21 09:46:35,Open,Street Condition,Pothole,BROOKLYN,nan,40.61910563757932,-73.95830950968423,,nan,5664.555555555556,6673.0,10,1,4.464386658275463,1,0,0.7,4,30.6,1,Medium,14,0.06,0.94,0.0,0.0
68649949,2026-04-13 16:50:24,Closed,Street Condition,Pothole,BROOKLYN,nan,40.65691307724143,-73.86827286993399,2026-04-21 11:10:00,nan,5664.555555555556,6673.0,9,0,12.170069528645833,1,0,0.7,4,30.6,1,Medium,14,0.003,0.997,0.0,0.0
68647949,2026-04-13 18:58:25,Closed,Street Condition,Pothole,QUEENS,nan,40.74089617616554,-73.89960689847297,2026-04-13 18:58:25,nan,4959.1547619047615,4660.0,32,1,12.08116906568287,2,0,0.7,4,30.6,1,Medium,14,0.001,0.999,0.0,0.0
68665521,2026-04-14 09:11:50,Open,Street Condition,Pothole,BROOKLYN,nan,40.69578346204688,-73.91707126215489,,nan,5664.555555555556,6673.0,16,0,11.488518602719907,1,0,0.7,4,30.6,1,Medium,14,0.0,1.0,0.0,0.0
68734522,2026-04-20 13:10:41,Closed,Street Condition,Pothole,BROOKLYN,nan,40.577610874462295,-73.96144207569856,2026-04-21 06:02:00,nan,5664.555555555556,6673.0,15,1,5.3226505471643515,1,0,0.7,4,30.6,1,Medium,14,0.005,0.995,0.0,0.0
68658507,2026-04-13 18:10:02,Closed,Street Condition,Pothole,BRONX,nan,40.85301827223642,-73.85121686739964,2026-04-13 18:10:02,nan,6677.6,6655.5,7,0,12.114768602719908,3,0,0.7,4,30.6,1,Medium,14,0.048,0.952,0.0,0.0
68683347,2026-04-15 12:24:53,Closed,Street Condition,Pothole,QUEENS,nan,40.74466900121858,-73.93168408303255,2026-04-15 12:24:53,nan,4959.1547619047615,4660.0,18,0,10.354456102719908,2,0,0.7,4,30.6,1,Medium,14,0.001,0.999,0.0,0.0
68597188,2026-04-08 06:11:59,Closed,Street Condition,Pothole,BROOKLYN,nan,40.64314654900316,-73.9980109347352,2026-04-08 06:11:59,nan,5664.555555555556,6673.0,17,0,17.61341443605324,1,0,0.7,4,30.6,1,Medium,14,0.001,0.999,0.0,0.0
68710775,2026-04-18 15:26:54,Closed,Street Condition,Pothole,QUEENS,CORONA AVENUE,40.7447472403029,-73.86488008420393,2026-04-18 20:45:00,nan,4959.1547619047615,10360.0,15,1,7.228055639756945,2,0,0.7,4,30.6,1,Medium,14,0.001,0.999,0.0,0.0
68549296,2026-04-01 11:43:57,Closed,Street Condition,Pothole,BROOKLYN,nan,40.60059031805784,-73.9613639857753,2026-04-03 07:54:00,nan,5664.555555555556,6673.0,8,1,24.382882028645835,1,0,0.7,4,30.6,1,Medium,14,0.001,0.999,0.0,0.0
68611055,2026-04-09 07:12:58,Pending,Street Condition,Pothole,QUEENS,nan,40.71822688567068,-73.81514029543717,,nan,4959.1547619047615,4660.0,9,1,16.571064899016203,2,0,0.7,4,30.6,1,Medium,14,0.004,0.996,0.0,0.0
68587992,2026-04-07 08:58:46,Closed,Street Condition,Pothole,QUEENS,nan,40.608255736220094,-73.74924190622328,2026-04-11 09:55:00,nan,4959.1547619047615,4660.0,8,0,18.497592676793982,2,0,0.7,4,30.5,1,Medium,14,0.012,0.988,0.0,0.0
68692770,2026-04-16 16:58:58,Closed,Street Condition,Pothole,QUEENS,HORACE HARDING EXPRESSWAY,40.70902092831979,-73.86918344879886,2026-04-16 21:54:00,nan,4959.1547619047615,4660.0,10,1,9.164120454571759,2,0,0.7,4,30.5,1,Medium,14,0.001,0.999,0.0,0.0
68763809,2026-04-22 14:57:32,Closed,Street Condition,Pothole,BROOKLYN,LEWIS AVENUE,40.694294879566094,-73.93731440368089,2026-04-23 12:15:00,nan,5664.555555555556,7041.0,13,1,3.248449158275463,1,0,0.7,4,30.5,1,Medium,14,0.002,0.998,0.0,0.0
68607067,2026-04-08 06:36:40,Closed,Street Condition,Pothole,QUEENS,nan,40.67227823545444,-73.8044924214824,2026-04-18 09:39:00,nan,4959.1547619047615,4660.0,8,0,17.596273232349535,2,0,0.7,4,30.5,1,Medium,14,0.007,0.993,0.0,0.0
68601796,2026-04-08 08:15:27,Closed,Street Condition,Pothole,QUEENS,nan,40.73791458307863,-73.81484029418725,2026-04-18 09:55:00,nan,4959.1547619047615,4660.0,40,0,17.5276736953125,2,0,0.7,4,30.5,1,Medium,14,0.0,1.0,0.0,0.0
68768611,2026-04-23 09:51:31,Open,Street Condition,Pothole,BROOKLYN,nan,40.6394354865525,-74.00545881573969,,nan,5664.555555555556,6673.0,11,1,2.460960732349537,1,0,0.7,4,30.5,1,Medium,14,0.005,0.995,0.0,0.0
68701078,2026-04-17 13:39:14,Closed,Street Condition,Pothole,QUEENS,nan,40.68226523856321,-73.8451331832496,2026-04-17 13:39:14,nan,4959.1547619047615,4660.0,9,0,8.302824158275463,2,0,0.7,4,30.5,1,Medium,14,0.003,0.997,0.0,0.0
68619744,2026-04-10 12:32:44,Closed,Street Condition,Pothole,BROOKLYN,nan,40.69219491584677,-73.98627184435122,2026-04-10 12:32:44,nan,5664.555555555556,6673.0,21,1,15.349004713831018,1,0,0.7,4,30.5,1,Medium,14,0.071,0.928,0.0,0.0
68658504,2026-04-12 14:43:07,Closed,Street Condition,Pothole,BROOKLYN,nan,40.71323746441695,-73.92947985315024,2026-04-13 09:15:00,nan,5664.555555555556,6673.0,9,0,13.258460732349537,1,0,0.7,4,30.5,1,Medium,14,0.002,0.998,0.0,0.0
68717457,2026-04-19 00:32:09,Open,Street Condition,Pothole,BRONX,nan,40.8283030307376,-73.8829509004282,,nan,6677.6,6655.5,15,1,6.849409806423611,3,0,0.7,4,30.5,1,Medium,14,0.0,1.0,0.0,0.0
68680943,2026-04-15 21:48:49,Closed,Street Condition,Pothole,QUEENS,nan,40.7312668392173,-73.82184054016015,2026-04-18 09:30:00,nan,4959.1547619047615,4660.0,12,0,9.962835732349538,2,0,0.7,4,30.5,1,Medium,14,0.003,0.997,0.0,0.0
68627555,2026-04-10 20:03:37,Closed,Street Condition,Pothole,QUEENS,nan,40.741863453510625,-73.90750492962665,2026-04-10 20:03:37,nan,4959.1547619047615,4660.0,12,0,15.035891287905093,2,0,0.7,4,30.5,1,Medium,14,0.001,0.999,0.0,0.0
68621077,2026-04-10 20:32:12,Closed,Street Condition,Pothole,BRONX,nan,40.82531495020251,-73.90821274926546,2026-04-10 20:32:12,nan,6677.6,6655.5,34,1,15.016041750868055,3,0,0.7,4,30.5,1,Medium,14,0.0,1.0,0.0,0.0
68618926,2026-04-11 00:04:38,Closed,Street Condition,Pothole,QUEENS,nan,40.703026376782304,-73.80843805924262,2026-04-18 08:51:00,nan,4959.1547619047615,4660.0,22,1,14.868518602719908,2,0,0.7,4,30.5,1,Medium,14,0.0,1.0,0.0,0.0
68516725,2026-03-31 18:10:19,Closed,Street Condition,Pothole,QUEENS,nan,40.74408619853987,-73.71472803155868,2026-03-31 18:10:19,nan,4959.1547619047615,4660.0,7,0,25.114571843460652,2,0,0.7,3,30.5,1,Medium,14,0.023,0.977,0.0,0.0
68632475,2026-04-11 11:57:13,Closed,Street Condition,Pothole,QUEENS,nan,40.735655957402535,-73.85099901475667,2026-04-11 11:57:13,nan,4959.1547619047615,4660.0,17,1,14.37366906568287,2,0,0.7,4,30.5,1,Medium,14,0.0,1.0,0.0,0.0
68631734,2026-04-11 14:20:36,Closed,Street Condition,Pothole,QUEENS,nan,40.714052342017744,-73.77800109289635,2026-04-18 10:15:00,nan,4959.1547619047615,4660.0,9,0,14.274097306423611,2,0,0.7,4,30.5,1,Medium,14,0.003,0.997,0.0,0.0
68636770,2026-04-11 17:08:28,Closed,Street Condition,Pothole,STATEN ISLAND,GIEGERICH AVENUE,40.511968275902014,-74.23482487195925,2026-04-13 11:20:00,nan,23788.714285714286,2762.0,1,0,14.157523232349536,4,0,0.7,4,30.5,1,Medium,14,0.002,0.998,0.0,0.0
68642603,2026-04-12 11:18:27,Closed,Street Condition,Pothole,QUEENS,nan,40.74478208021145,-73.93260783965736,2026-04-12 20:45:00,nan,4959.1547619047615,4660.0,17,0,13.400590361979166,2,0,0.7,4,30.5,1,Medium,14,0.0,1.0,0.0,0.0
68643304,2026-04-12 11:18:27,Closed,Street Condition,Pothole,QUEENS,nan,40.74478208021145,-73.93260783965736,2026-04-12 11:18:27,nan,4959.1547619047615,4660.0,17,0,13.400590361979166,2,0,0.7,4,30.5,1,Medium,14,0.0,1.0,0.0,0.0
68611016,2026-04-04 17:10:09,Closed,Street Condition,Pothole,QUEENS,nan,40.744640341462166,-73.8335444492543,2026-04-17 08:30:00,nan,4959.1547619047615,4660.0,9,1,21.156354250868056,2,0,0.7,4,30.5,1,Medium,14,0.001,0.999,0.0,0.0
68627543,2026-04-10 05:01:28,Closed,Street Condition,Pothole,QUEENS,nan,40.724690886736816,-73.72685752168772,2026-04-10 05:01:28,nan,4959.1547619047615,4660.0,22,1,15.662384343460648,2,0,0.7,4,30.5,1,Medium,14,0.0,1.0,0.0,0.0
68692273,2026-04-16 09:35:31,Closed,Street Condition,Pothole,QUEENS,nan,40.742943772445635,-73.91684294834832,2026-04-16 21:54:00,nan,4959.1547619047615,4660.0,22,0,9.472071843460649,2,0,0.7,4,30.5,1,Medium,14,0.0,1.0,0.0,0.0
68650949,2026-04-13 09:50:49,Closed,Street Condition,Pothole,QUEENS,nan,40.67297537964296,-73.73222447990973,2026-04-13 09:50:49,nan,4959.1547619047615,4660.0,12,1,12.461446843460648,2,0,0.7,4,30.5,1,Medium,14,0.019,0.981,0.0,0.0
68618453,2026-04-10 05:13:07,Closed,Street Condition,Pothole,QUEENS,nan,40.724690886736816,-73.72685752168772,2026-04-10 05:13:07,nan,4959.1547619047615,4660.0,22,1,15.65429406568287,2,0,0.7,4,30.5,1,Medium,14,0.0,1.0,0.0,0.0
68722808,2026-04-19 15:18:43,Open,Street Condition,Pothole,STATEN ISLAND,nan,40.56540476243928,-74.18340383886544,,nan,23788.714285714286,2762.0,3,0,6.233738510127314,4,0,0.7,4,30.5,1,Medium,14,0.001,0.999,0.0,0.0
68722811,2026-04-20 01:01:47,Closed,Street Condition,Pothole,QUEENS,nan,40.66722878249806,-73.78502387259924,2026-04-20 20:24:00,nan,4959.1547619047615,4660.0,12,1,5.828831102719907,2,0,0.7,4,30.5,1,Medium,14,0.008,0.992,0.0,0.0
68663286,2026-04-14 10:22:04,Closed,Street Condition,Pothole,BROOKLYN,nan,40.633111001293685,-73.97216087625087,2026-04-14 10:22:04,nan,5664.555555555556,6673.0,18,0,11.439745454571758,1,0,0.7,4,30.5,1,Medium,14,0.001,0.999,0.0,0.0
68557724,2026-04-03 19:40:37,Closed,Street Condition,Pothole,QUEENS,nan,40.73479813937781,-73.8608047936251,2026-04-11 02:51:00,nan,4959.1547619047615,4660.0,8,1,22.051863510127315,2,0,0.7,4,30.5,1,Medium,14,0.002,0.998,0.0,0.0
68734526,2026-04-20 09:00:20,Open,Street Condition,Pothole,BROOKLYN,nan,40.655845792390465,-73.89848067333763,,nan,5664.555555555556,6673.0,21,1,5.496504713831018,1,0,0.7,4,30.5,1,Medium,14,0.003,0.997,0.0,0.0
68734540,2026-04-20 11:19:18,Pending,Street Condition,Pothole,QUEENS,nan,40.73203817756446,-73.81491796227877,,nan,4959.1547619047615,4660.0,14,1,5.400000084201388,2,0,0.7,4,30.5,1,Medium,14,0.088,0.912,0.0,0.0
68651465,2026-04-13 15:10:23,Pending,Street Condition,Pothole,QUEENS,nan,40.73631514022435,-73.85134034085074,,nan,4959.1547619047615,4660.0,42,1,12.239525547164352,2,0,0.7,4,30.5,1,Medium,14,0.0,1.0,0.0,0.0
68724898,2026-04-19 15:14:01,Open,Street Condition,Pothole,BROOKLYN,nan,40.57698181631863,-73.98156537524474,,nan,5664.555555555556,6673.0,13,1,6.237002399016204,1,0,0.7,4,30.5,1,Medium,14,0.005,0.994,0.0,0.0
68637487,2026-04-10 14:09:15,Closed,Street Condition,Pothole,QUEENS,123 STREET,40.78773468886761,-73.84468924050502,2026-04-11 13:40:00,nan,4959.1547619047615,4660.0,9,0,15.281979250868055,2,0,0.7,4,30.4,1,Medium,14,0.011,0.989,0.0,0.0
68621101,2026-04-10 11:48:57,Closed,Street Condition,Pothole,QUEENS,nan,40.708822284670674,-73.75184293054023,2026-04-10 11:48:57,nan,4959.1547619047615,4660.0,11,0,15.379409806423611,2,0,0.7,4,30.4,1,Medium,14,0.002,0.998,0.0,0.0
68704504,2026-04-17 16:32:48,Closed,Street Condition,Pothole,QUEENS,nan,40.75158022149977,-73.7745230310198,2026-04-22 09:57:00,nan,4959.1547619047615,4660.0,11,0,8.182291750868055,2,0,0.7,4,30.4,1,Medium,14,0.002,0.998,0.0,0.0
68701076,2026-04-17 16:37:36,Closed,Street Condition,Pothole,QUEENS,nan,40.75158022149977,-73.7745230310198,2026-04-17 16:37:36,nan,4959.1547619047615,4660.0,11,0,8.178958417534721,2,0,0.7,4,30.4,1,Medium,14,0.002,0.998,0.0,0.0
68546671,2026-04-02 16:40:07,Closed,Street Condition,Pothole,QUEENS,nan,40.738900280315264,-73.7337746452388,2026-04-02 16:40:07,nan,4959.1547619047615,4660.0,9,0,23.177210732349536,2,0,0.7,4,30.4,1,Medium,14,0.003,0.997,0.0,0.0
68618911,2026-04-10 19:19:11,Closed,Street Condition,Pothole,BROOKLYN,nan,40.626112457483586,-73.97507458280421,2026-04-11 08:25:00,nan,5664.555555555556,6673.0,14,0,15.066747769386573,1,0,0.7,4,30.4,1,Medium,14,0.001,0.999,0.0,0.0
68549826,2026-04-03 13:28:14,Closed,Street Condition,Pothole,BROOKLYN,nan,40.65077151218486,-73.88479037474043,2026-04-13 10:20:00,nan,5664.555555555556,6673.0,8,0,22.31046304716435,1,0,0.7,4,30.4,1,Medium,14,0.0,1.0,0.0,0.0
68663272,2026-04-14 14:34:46,Closed,Street Condition,Pothole,QUEENS,nan,40.76090926079676,-73.8729367561121,2026-04-14 16:24:00,nan,4959.1547619047615,4660.0,10,1,11.264259343460648,2,0,0.7,4,30.4,1,Medium,14,0.009,0.991,0.0,0.0
68656941,2026-04-13 13:00:45,Closed,Street Condition,Pothole,QUEENS,nan,40.74089617616554,-73.89960689847297,2026-04-13 13:00:45,nan,4959.1547619047615,4660.0,32,1,12.3295486953125,2,0,0.7,4,30.4,1,Medium,14,0.001,0.999,0.0,0.0
68673436,2026-04-15 15:43:33,Closed,Street Condition,Pothole,QUEENS,nan,40.725476145414376,-73.76557731286611,2026-04-16 02:55:00,nan,4959.1547619047615,4660.0,31,1,10.216493139756944,2,0,0.7,4,30.4,1,Medium,14,0.0,1.0,0.0,0.0
68658491,2026-04-13 12:58:56,Closed,Street Condition,Pothole,QUEENS,nan,40.74089617616554,-73.89960689847297,2026-04-13 12:58:56,nan,4959.1547619047615,4660.0,32,1,12.330810269386573,2,0,0.7,4,30.4,1,Medium,14,0.001,0.999,0.0,0.0
68676408,2026-04-15 07:04:16,Closed,Street Condition,Pothole,BROOKLYN,nan,40.677628283071634,-74.01477788784943,2026-04-16 09:50:00,nan,5664.555555555556,6673.0,9,0,10.57710656568287,1,0,0.7,4,30.4,1,Medium,14,0.014,0.986,0.0,0.0
68656959,2026-04-12 16:24:13,Closed,Street Condition,Pothole,BROOKLYN,nan,40.69145669611528,-73.98734658135137,2026-04-13 13:35:00,nan,5664.555555555556,6673.0,36,1,13.188252399016203,1,0,0.7,4,30.4,1,Medium,14,0.004,0.995,0.0,0.0
68644519,2026-04-12 19:18:14,Closed,Street Condition,Pothole,STATEN ISLAND,nan,40.596055938893045,-74.08828895816184,2026-04-12 19:18:14,nan,23788.714285714286,2762.0,1,0,13.067407491608796,4,0,0.7,4,30.4,1,Medium,14,0.005,0.995,0.0,0.0
68658970,2026-04-13 16:44:20,Closed,Street Condition,Pothole,QUEENS,nan,40.66467742224856,-73.73798543533151,2026-04-18 10:55:00,nan,4959.1547619047615,4660.0,19,1,12.174282491608796,2,0,0.7,4,30.4,1,Medium,14,0.0,1.0,0.0,0.0
68658489,2026-04-13 13:36:15,Closed,Street Condition,Pothole,QUEENS,nan,40.75112071150661,-73.74751669571391,2026-04-13 21:15:00,nan,4959.1547619047615,4660.0,12,1,12.304895917534722,2,0,0.7,4,30.4,1,Medium,14,0.006,0.994,0.0,0.0
68648494,2026-04-13 10:58:23,Pending,Street Condition,Pothole,QUEENS,nan,40.73810390721791,-73.84860830891233,,nan,4959.1547619047615,4660.0,25,1,12.414525547164352,2,0,0.7,4,30.4,1,Medium,14,0.0,1.0,0.0,0.0
68647954,2026-04-13 11:44:46,Closed,Street Condition,Pothole,QUEENS,nan,40.74603472114661,-73.93440021822178,2026-04-13 11:44:46,nan,4959.1547619047615,4660.0,20,0,12.382314899016203,2,0,0.7,4,30.4,1,Medium,14,0.0,1.0,0.0,0.0
68745848,2026-04-20 01:03:19,Closed,Street Condition,Pothole,MANHATTAN,nan,40.76926986887257,-73.96936381549281,2026-04-22 00:20:00,nan,16591.571428571428,6876.0,7,0,5.827766287905092,0,0,0.7,4,30.4,1,Medium,14,0.001,0.999,0.0,0.0
68514090,2026-03-31 16:41:15,Closed,Street Condition,Pothole,QUEENS,nan,40.78322772329927,-73.8386188868211,2026-04-14 09:36:00,nan,4959.1547619047615,4660.0,7,0,25.176423695312504,2,0,0.7,3,30.4,1,Medium,14,0.001,0.999,0.0,0.0
68607053,2026-04-08 19:58:05,Closed,Street Condition,Pothole,QUEENS,nan,40.666637470579055,-73.7814823984109,2026-04-18 07:00:00,nan,4959.1547619047615,4660.0,38,1,17.039733880497685,2,0,0.7,4,30.4,1,Medium,14,0.0,1.0,0.0,0.0
68756129,2026-04-22 14:55:52,Open,Street Condition,Pothole,BROOKLYN,nan,40.61910563757932,-73.95830950968423,,nan,5664.555555555556,6673.0,10,1,3.2496065656828703,1,0,0.7,4,30.4,1,Medium,14,0.03,0.97,0.0,0.0
68616291,2026-04-09 11:37:01,Closed,Street Condition,Pothole,BROOKLYN,nan,40.65276846281514,-73.88628975331724,2026-04-13 10:05:00,nan,5664.555555555556,6673.0,14,1,16.38769684346065,1,0,0.7,4,30.4,1,Medium,14,0.0,1.0,0.0,0.0
68585192,2026-04-06 13:05:54,Open,Street Condition,Pothole,STATEN ISLAND,nan,40.584657329862615,-74.15513730164606,,nan,23788.714285714286,2762.0,1,0,19.325972306423612,4,0,0.7,4,30.4,1,Medium,14,0.003,0.997,0.0,0.0
68698176,2026-04-17 20:42:34,Closed,Street Condition,Pothole,STATEN ISLAND,nan,40.55168097672187,-74.14478715664947,2026-04-17 20:42:34,nan,23788.714285714286,2762.0,2,0,8.00884267679398,4,0,0.7,4,30.4,1,Medium,14,0.003,0.997,0.0,0.0
68589418,2026-04-07 19:02:56,Closed,Street Condition,Pothole,QUEENS,nan,40.76888775211724,-73.90690781833064,2026-04-16 19:23:00,nan,4959.1547619047615,4660.0,22,1,18.078032491608795,2,0,0.7,4,30.3,1,Medium,14,0.0,1.0,0.0,0.0
68674382,2026-04-15 12:30:57,Closed,Street Condition,Pothole,QUEENS,nan,40.74304598119282,-73.91775223427982,2026-04-15 16:54:00,nan,4959.1547619047615,4660.0,16,0,10.350243139756945,2,0,0.7,4,30.3,1,Medium,14,0.0,1.0,0.0,0.0
68650962,2026-04-12 16:19:19,Closed,Street Condition,Pothole,BROOKLYN,nan,40.70243077673197,-73.99329896782932,2026-04-13 09:20:00,nan,5664.555555555556,6673.0,34,1,13.191655176793981,1,0,0.7,4,30.3,1,Medium,14,0.004,0.996,0.0,0.0
68760075,2026-04-22 19:16:08,Open,Street Condition,Pothole,BROOKLYN,nan,40.68365164290631,-73.87218617994516,,nan,5664.555555555556,6673.0,19,1,3.0688658249421294,1,0,0.7,4,30.3,1,Medium,14,0.001,0.999,0.0,0.0
68655891,2026-04-13 16:51:28,Closed,Street Condition,Pothole,QUEENS,nan,40.76300885313022,-73.87532248292224,2026-04-13 20:15:00,nan,4959.1547619047615,4660.0,12,0,12.169328787905092,2,0,0.7,4,30.3,1,Medium,14,0.002,0.998,0.0,0.0
68621530,2026-04-10 11:34:54,Closed,Street Condition,Pothole,BROOKLYN,nan,40.69312550531393,-73.98725250656186,2026-04-18 08:30:00,nan,5664.555555555556,6673.0,31,1,15.389166750868055,1,0,0.7,4,30.3,1,Medium,14,0.016,0.984,0.0,0.0
68651460,2026-04-13 14:51:16,Closed,Street Condition,Pothole,STATEN ISLAND,nan,40.61592421766282,-74.07875576413373,2026-04-18 10:25:00,nan,23788.714285714286,2762.0,3,0,12.252801010127314,4,0,0.7,4,30.3,1,Medium,14,0.006,0.994,0.0,0.0
68704023,2026-04-17 11:51:41,Closed,Street Condition,Pothole,QUEENS,nan,40.69498613184721,-73.79990006562997,2026-04-17 11:51:41,nan,4959.1547619047615,4660.0,16,1,8.377511658275463,2,0,0.7,4,30.3,1,Medium,14,0.002,0.998,0.0,0.0
68721809,2026-04-19 14:10:06,Open,Street Condition,Pothole,BROOKLYN,nan,40.69463828403883,-73.94905935288806,,nan,5664.555555555556,6673.0,15,1,6.281388973090277,1,0,0.7,4,30.3,1,Medium,14,0.005,0.995,0.0,0.0
68625028,2026-04-10 13:01:12,Closed,Street Condition,Pothole,QUEENS,nan,40.74603472114661,-73.93440021822178,2026-04-10 13:01:12,nan,4959.1547619047615,4660.0,20,0,15.3292361953125,2,0,0.7,4,30.3,1,Medium,14,0.0,1.0,0.0,0.0
68692289,2026-04-16 10:25:00,Closed,Street Condition,Pothole,BROOKLYN,nan,40.61939737192231,-73.96956588163236,2026-04-16 10:25:00,nan,5664.555555555556,6673.0,16,0,9.437708417534722,1,0,0.7,4,30.3,1,Medium,14,0.001,0.999,0.0,0.0
68653905,2026-04-13 10:00:21,Closed,Street Condition,Pothole,QUEENS,nan,40.7004993066336,-73.90020149091094,2026-04-13 10:00:21,nan,4959.1547619047615,4660.0,14,1,12.454826473090277,2,0,0.7,4,30.3,1,Medium,14,0.001,0.999,0.0,0.0
68766687,2026-04-22 15:05:17,Closed,Street Condition,Pothole,BROOKLYN,LEWIS AVENUE,40.68192007151983,-73.93483104733085,2026-04-23 14:42:00,nan,5664.555555555556,7041.0,14,0,3.243067213831018,1,0,0.7,4,30.3,1,Medium,14,0.001,0.999,0.0,0.0
68674912,2026-04-15 18:11:33,Pending,Street Condition,Pothole,QUEENS,nan,40.73282805582589,-73.91886896486093,,nan,4959.1547619047615,4660.0,11,1,10.113715361979166,2,0,0.7,4,30.3,1,Medium,14,0.004,0.996,0.0,0.0
68756970,2026-04-21 14:36:14,Closed,Street Condition,Pothole,BROOKLYN,LIBERTY AVENUE,40.67804626886511,-73.87169939581027,2026-04-22 14:00:00,nan,5664.555555555556,10746.0,30,1,4.263240824942129,1,0,0.7,4,30.3,1,Medium,14,0.005,0.995,0.0,0.0
68576535,2026-04-05 18:08:12,Closed,Street Condition,Pothole,QUEENS,nan,40.7599300035456,-73.89845559346726,2026-04-08 22:22:00,nan,4959.1547619047615,4660.0,8,0,20.116041750868057,2,0,0.7,4,30.3,1,Medium,14,0.002,0.998,0.0,0.0
68542002,2026-04-02 12:41:55,Closed,Street Condition,Pothole,BROOKLYN,nan,40.59403113961061,-73.99484015582621,2026-04-03 08:50:00,nan,5664.555555555556,6673.0,8,1,23.342627399016205,1,0,0.7,4,30.3,1,Medium,14,0.001,0.998,0.0,0.0
68616265,2026-04-04 11:46:22,Closed,Street Condition,Pothole,QUEENS,nan,40.70832295646727,-73.90143776679076,2026-04-11 09:16:00,nan,4959.1547619047615,4660.0,8,1,21.381203787905093,2,0,0.7,4,30.3,1,Medium,14,0.0,1.0,0.0,0.0
68679438,2026-04-15 09:31:55,Closed,Street Condition,Pothole,BROOKLYN,nan,40.63448283365947,-73.9188516173332,2026-04-18 13:49:00,nan,5664.555555555556,6673.0,12,0,10.474571843460648,1,0,0.7,4,30.3,1,Medium,14,0.001,0.999,0.0,0.0
68608419,2026-04-04 09:18:35,Open,Street Condition,Pothole,STATEN ISLAND,nan,40.53393408083089,-74.23666482599201,,nan,23788.714285714286,2762.0,0,1,21.483831102719908,4,0,0.7,4,30.3,1,Medium,14,0.001,0.999,0.0,0.0
68626301,2026-04-10 15:54:52,Closed,Street Condition,Pothole,QUEENS,nan,40.753902194423326,-73.90121512412604,2026-04-10 15:54:52,nan,4959.1547619047615,4660.0,9,0,15.208634343460648,2,0,0.7,4,30.3,1,Medium,14,0.005,0.995,0.0,0.0
68671893,2026-04-14 16:58:56,Pending,Street Condition,Pothole,QUEENS,nan,40.76535886057919,-73.74428230406164,,nan,4959.1547619047615,4660.0,13,0,11.164143602719907,2,0,0.7,4,30.3,1,Medium,14,0.001,0.999,0.0,0.0
68762391,2026-04-22 15:26:18,Closed,Street Condition,Pothole,QUEENS,30 AVENUE,40.76104184192958,-73.87369455298705,2026-04-23 09:38:00,nan,4959.1547619047615,4660.0,12,1,3.228472306423611,2,0,0.7,4,30.3,1,Medium,14,0.018,0.982,0.0,0.0
68662333,2026-04-14 21:09:26,Closed,Street Condition,Pothole,QUEENS,nan,40.59241023046713,-73.78899501697998,2026-04-15 14:51:00,nan,4959.1547619047615,4660.0,10,0,10.990185269386574,2,0,0.7,4,30.3,1,Medium,14,0.003,0.997,0.0,0.0
68765744,2026-04-23 05:17:39,Open,Street Condition,Pothole,BROOKLYN,nan,40.6824233610764,-73.9706836672559,,nan,5664.555555555556,6673.0,15,0,2.6511459175347225,1,0,0.7,4,30.3,1,Medium,14,0.003,0.997,0.0,0.0
68751694,2026-04-21 13:15:18,Closed,Street Condition,Pothole,BROOKLYN,KOSCIUSKO STREET,40.691695279124545,-73.9419685924362,2026-04-22 09:02:00,nan,5664.555555555556,6673.0,17,1,4.319444528645833,1,0,0.7,4,30.3,1,Medium,14,0.001,0.999,0.0,0.0
68668067,2026-04-14 15:06:47,Closed,Street Condition,Pothole,QUEENS,nan,40.73791458307863,-73.81484029418725,2026-04-14 15:06:47,nan,4959.1547619047615,4660.0,40,0,11.242025547164351,2,0,0.7,4,30.3,1,Medium,14,0.0,1.0,0.0,0.0
68661647,2026-04-14 15:04:48,Closed,Street Condition,Pothole,QUEENS,nan,40.735633458384704,-73.87601599872089,2026-04-14 16:55:00,nan,4959.1547619047615,4660.0,21,0,11.243402861979167,2,0,0.7,4,30.3,1,Medium,14,0.002,0.998,0.0,0.0
68740482,2026-04-21 07:49:03,Open,Street Condition,Pothole,STATEN ISLAND,nan,40.55840309883416,-74.12610229310667,,nan,23788.714285714286,2762.0,2,0,4.546007028645833,4,0,0.7,4,30.3,1,Medium,14,0.002,0.998,0.0,0.0
68753052,2026-04-21 13:19:23,Closed,Street Condition,Pothole,BROOKLYN,LIBERTY AVENUE,40.67804626886511,-73.87169939581027,2026-04-22 11:22:00,nan,5664.555555555556,10746.0,30,1,4.316608880497685,1,0,0.7,4,30.3,1,Medium,14,0.005,0.995,0.0,0.0
68703027,2026-04-17 19:46:13,Closed,Street Condition,Pothole,BROOKLYN,nan,40.72796289220628,-73.95007297309452,2026-04-20 09:55:00,nan,5664.555555555556,6673.0,17,0,8.047974621238426,1,0,0.7,4,30.3,1,Medium,14,0.007,0.993,0.0,0.0
68663909,2026-04-14 10:00:49,Pending,Street Condition,Pothole,QUEENS,nan,40.7123213226908,-73.73200870046806,,nan,4959.1547619047615,4660.0,18,0,11.454502399016203,2,0,0.7,4,30.3,1,Medium,14,0.0,1.0,0.0,0.0
68755699,2026-04-21 13:34:02,Closed,Street Condition,Pothole,BROOKLYN,nan,40.58533504641693,-73.98747829638602,2026-04-22 09:25:00,nan,5664.555555555556,6673.0,15,1,4.306435269386574,1,0,0.7,4,30.3,1,Medium,14,0.004,0.996,0.0,0.0
68729552,2026-04-19 15:44:52,Closed,Street Condition,Pothole,BROOKLYN,UTICA AVENUE,40.661713808557366,-73.9314554590257,2026-04-20 15:39:00,nan,5664.555555555556,18962.0,20,1,6.215578787905092,1,0,0.7,4,30.3,1,Medium,14,0.001,0.999,0.0,0.0
68763813,2026-04-23 17:31:17,Closed,Street Condition,Pothole,BRONX,nan,40.834401962521405,-73.87274942134464,2026-04-23 17:31:17,nan,6677.6,6655.5,19,1,2.14167832494213,3,0,0.7,4,30.3,1,Medium,14,0.001,0.999,0.0,0.0
68770019,2026-04-23 07:05:25,Open,Street Condition,Pothole,STATEN ISLAND,nan,40.576405233211005,-74.12706862434639,,nan,23788.714285714286,2762.0,4,1,2.5763079545717593,4,0,0.7,4,30.3,1,Medium,14,0.001,0.999,0.0,0.0
68754415,2026-04-22 22:27:25,Closed,Street Condition,Pothole,BROOKLYN,nan,40.61910563757932,-73.95830950968423,2026-04-22 22:27:25,nan,5664.555555555556,6673.0,10,1,2.936030176793982,1,0,0.7,4,30.2,1,Medium,14,0.042,0.958,0.0,0.0
68653904,2026-04-13 10:02:20,Closed,Street Condition,Pothole,QUEENS,nan,40.725789943726326,-73.79174401191865,2026-04-13 10:02:20,nan,4959.1547619047615,4660.0,11,0,12.453449158275463,2,0,0.7,4,30.2,1,Medium,14,0.0,1.0,0.0,0.0
68655399,2026-04-13 10:01:17,Closed,Street Condition,Pothole,QUEENS,nan,40.725789943726326,-73.79174401191865,2026-04-13 12:27:00,nan,4959.1547619047615,4660.0,11,0,12.454178324942129,2,0,0.7,4,30.2,1,Medium,14,0.0,1.0,0.0,0.0
68687889,2026-04-15 16:07:45,Closed,Street Condition,Pothole,BROOKLYN,MYRTLE AVENUE,40.69914717061724,-73.91518092691436,2026-04-16 14:49:00,nan,5664.555555555556,11836.0,26,0,10.199687584201389,1,0,0.7,4,30.2,1,Medium,14,0.0,1.0,0.0,0.0
68603841,2026-04-08 09:28:15,Closed,Street Condition,Pothole,QUEENS,nan,40.745595681752405,-73.90338918538406,2026-04-08 09:28:15,nan,4959.1547619047615,4660.0,18,0,17.477118139756943,2,0,0.7,4,30.2,1,Medium,14,0.0,1.0,0.0,0.0
68545873,2026-04-02 14:18:19,Open,Street Condition,Pothole,BRONX,nan,40.884399899656366,-73.85237261654099,,nan,6677.6,6655.5,6,1,23.27568295457176,3,0,0.7,4,30.2,1,Medium,14,0.006,0.994,0.0,0.0
68605149,2026-04-07 15:39:17,Closed,Street Condition,Pothole,BROOKLYN,nan,40.65216549661909,-74.00992865146458,2026-04-08 10:20:00,nan,5664.555555555556,6673.0,8,0,18.219456102719906,1,0,0.7,4,30.2,1,Medium,14,0.004,0.996,0.0,0.0
68514092,2026-03-31 14:22:54,Pending,Street Condition,Pothole,QUEENS,nan,40.740916313259625,-73.95225733610243,,nan,4959.1547619047615,4660.0,20,1,25.27250008420139,2,0,0.7,3,30.2,1,Medium,14,0.0,1.0,0.0,0.0
68538133,2026-04-02 23:17:08,Closed,Street Condition,Pothole,QUEENS,nan,40.76443696224299,-73.87357620617962,2026-04-10 23:25:00,nan,4959.1547619047615,4660.0,9,0,22.901504713831017,2,0,0.7,4,30.2,1,Medium,14,0.0,1.0,0.0,0.0
68644994,2026-04-12 10:43:57,Open,Street Condition,Pothole,STATEN ISLAND,nan,40.603768599589216,-74.13156825644174,,nan,23788.714285714286,2762.0,1,1,13.4245486953125,4,0,0.7,4,30.2,1,Medium,14,0.002,0.998,0.0,0.0
68770012,2026-04-23 10:13:17,Open,Street Condition,Pothole,BROOKLYN,nan,40.586524571977066,-73.92952365157892,,nan,5664.555555555556,6673.0,20,1,2.4458449916087965,1,0,0.7,4,30.2,1,Medium,14,0.002,0.998,0.0,0.0
68672902,2026-04-15 14:44:37,Closed,Street Condition,Pothole,QUEENS,nan,40.75022764956716,-73.85513863030356,2026-04-15 21:45:00,nan,4959.1547619047615,4660.0,18,1,10.25741906568287,2,0,0.7,4,30.2,1,Medium,14,0.0,1.0,0.0,0.0
68720348,2026-04-19 08:23:12,Closed,Street Condition,Pothole,BRONX,nan,40.82691632588647,-73.87203022999711,2026-04-19 08:23:12,nan,6677.6,6655.5,14,1,6.522291750868055,3,0,0.7,4,30.2,1,Medium,14,0.0,1.0,0.0,0.0
68578876,2026-04-06 11:49:20,Closed,Street Condition,Pothole,QUEENS,nan,40.58677820620502,-73.81464368111263,2026-04-06 11:49:20,nan,4959.1547619047615,4660.0,9,0,19.379143602719907,2,0,0.7,4,30.2,1,Medium,14,0.004,0.996,0.0,0.0
68725965,2026-04-19 11:45:38,Open,Street Condition,Pothole,BRONX,nan,40.85441801996271,-73.88753192248765,,nan,6677.6,6655.5,23,1,6.381713047164352,3,0,0.7,4,30.2,1,Medium,14,0.001,0.999,0.0,0.0
68515723,2026-03-31 20:09:40,Closed,Street Condition,Pothole,QUEENS,nan,40.71051079562405,-73.83084865949276,2026-04-11 07:45:00,nan,4959.1547619047615,4660.0,7,1,25.031689899016207,2,0,0.7,3,30.2,1,Medium,14,0.01,0.99,0.0,0.0
68718599,2026-04-19 16:42:08,Open,Street Condition,Pothole,QUEENS,nan,40.77044042224903,-73.91654145438126,,nan,4959.1547619047615,4660.0,63,1,6.175810269386574,2,0,0.7,4,30.2,1,Medium,14,0.003,0.997,0.0,0.0
68599155,2026-04-08 15:38:48,Open,Street Condition,Pothole,QUEENS,nan,40.740916313259625,-73.95225733610243,,nan,4959.1547619047615,4660.0,20,1,17.219791750868055,2,0,0.7,4,30.2,1,Medium,14,0.0,1.0,0.0,0.0
68596390,2026-04-07 08:39:31,Closed,Street Condition,Pothole,QUEENS,nan,40.60229488101998,-73.7586201816873,2026-04-18 09:35:00,nan,4959.1547619047615,4660.0,15,0,18.510960732349538,2,0,0.7,4,30.2,1,Medium,14,0.0,1.0,0.0,0.0
68677377,2026-04-14 16:20:21,Closed,Street Condition,Pothole,BROOKLYN,nan,40.69771642802073,-73.96772696566879,2026-04-15 09:35:00,nan,5664.555555555556,6673.0,21,1,11.19093758420139,1,0,0.7,4,30.2,1,Medium,14,0.009,0.991,0.0,0.0
68590248,2026-04-07 09:48:14,Closed,Street Condition,Pothole,BRONX,nan,40.89856485840039,-73.85865322294433,2026-04-07 09:48:14,nan,6677.6,6655.5,9,1,18.46324082494213,3,0,0.7,4,30.2,1,Medium,14,0.0,1.0,0.0,0.0
68668069,2026-04-14 14:02:51,Closed,Street Condition,Pothole,QUEENS,nan,40.735655957402535,-73.85099901475667,2026-04-14 14:02:51,nan,4959.1547619047615,4660.0,17,1,11.2864236953125,2,0,0.7,4,30.2,1,Medium,14,0.0,1.0,0.0,0.0
68765742,2026-04-23 18:25:52,Open,Street Condition,Pothole,BROOKLYN,nan,40.59275234651692,-73.95015246435702,,nan,5664.555555555556,6673.0,13,0,2.1037732323495373,1,0,0.7,4,30.2,1,Medium,14,0.005,0.995,0.0,0.0
68613683,2026-04-09 08:08:47,Closed,Street Condition,Pothole,BROOKLYN,nan,40.661005977184665,-73.94775142871559,2026-04-20 15:13:00,nan,5664.555555555556,6673.0,9,0,16.53230332494213,1,0,0.7,4,30.2,1,Medium,14,0.003,0.997,0.0,0.0
68671218,2026-04-14 10:36:21,Closed,Street Condition,Pothole,QUEENS,nan,40.735655957402535,-73.85099901475667,2026-04-14 10:36:21,nan,4959.1547619047615,4660.0,17,1,11.429826473090278,2,0,0.7,4,30.2,1,Medium,14,0.001,0.999,0.0,0.0
68693714,2026-04-16 10:04:37,Closed,Street Condition,Pothole,QUEENS,nan,40.7478190517708,-73.86063683487203,2026-04-16 15:21:00,nan,4959.1547619047615,4660.0,11,1,9.451863510127314,2,0,0.7,4,30.2,1,Medium,14,0.001,0.999,0.0,0.0
68603119,2026-04-08 15:10:33,Closed,Street Condition,Pothole,QUEENS,nan,40.72146190526075,-73.80452852154046,2026-04-18 08:35:00,nan,4959.1547619047615,4660.0,15,0,17.239409806423613,2,0,0.7,4,30.2,1,Medium,14,0.0,1.0,0.0,0.0
68680386,2026-04-15 07:34:04,Closed,Street Condition,Pothole,QUEENS,nan,40.743865663625414,-73.82567912802195,2026-04-15 15:21:00,nan,4959.1547619047615,4660.0,15,1,10.556412121238425,2,0,0.7,4,30.2,1,Medium,14,0.001,0.999,0.0,0.0
68648492,2026-04-13 14:22:40,Pending,Street Condition,Pothole,QUEENS,nan,40.76004448372803,-73.89755299254857,,nan,4959.1547619047615,4660.0,11,0,12.272662121238426,2,0,0.7,4,30.2,1,Medium,14,0.001,0.999,0.0,0.0
68613117,2026-04-04 11:03:04,Closed,Street Condition,Pothole,STATEN ISLAND,nan,40.53440150529732,-74.18546288535472,2026-04-04 11:03:04,nan,23788.714285714286,2762.0,0,0,21.411273232349536,4,0,0.7,4,30.2,1,Medium,14,0.002,0.998,0.0,0.0
68701553,2026-04-17 07:03:04,Open,Street Condition,Pothole,BROOKLYN,nan,40.68794532805889,-73.98140128335098,,nan,5664.555555555556,6673.0,43,0,8.577939899016204,1,0,0.7,4,30.2,1,Medium,14,0.005,0.995,0.0,0.0
68623744,2026-04-10 13:27:58,Closed,Street Condition,Pothole,QUEENS,nan,40.702166885662926,-73.79239125419967,2026-04-10 13:27:58,nan,4959.1547619047615,4660.0,11,0,15.310648232349537,2,0,0.7,4,30.2,1,Medium,14,0.001,0.999,0.0,0.0
68677897,2026-04-15 09:33:25,Open,Street Condition,Pothole,BRONX,nan,40.82188135609053,-73.85926051342122,,nan,6677.6,6655.5,9,1,10.47353017679398,3,0,0.7,4,30.2,1,Medium,14,0.001,0.999,0.0,0.0
68674404,2026-04-15 20:00:00,Closed,Street Condition,Pothole,BROOKLYN,nan,40.63745924507569,-73.99464223194006,2026-04-15 20:00:00,nan,5664.555555555556,6673.0,15,1,10.038402861979167,1,0,0.7,4,30.2,1,Medium,14,0.003,0.997,0.0,0.0
68631735,2026-04-11 11:27:44,Closed,Street Condition,Pothole,QUEENS,nan,40.75775370534105,-73.78338172591826,2026-04-18 08:06:00,nan,4959.1547619047615,4660.0,9,0,14.394143602719907,2,0,0.7,4,30.2,1,Medium,14,0.005,0.995,0.0,0.0
68703031,2026-04-17 09:08:27,Closed,Street Condition,Pothole,BROOKLYN,nan,40.71261378549825,-73.94913218648492,2026-04-18 14:35:00,nan,5664.555555555556,6673.0,14,1,8.490868139756945,1,0,0.7,4,30.1,1,Medium,14,0.011,0.989,0.0,0.0
68656969,2026-04-12 07:00:00,Closed,Street Condition,Pothole,STATEN ISLAND,ARLENE STREET,40.61352557008587,-74.16418364390017,2026-04-13 08:25:00,nan,23788.714285714286,2762.0,2,0,13.580069528645833,4,0,0.7,4,30.1,1,Medium,14,0.001,0.999,0.0,0.0
68737501,2026-04-20 21:12:50,Pending,Street Condition,Pothole,QUEENS,nan,40.7050859720684,-73.77417895547643,,nan,4959.1547619047615,4660.0,11,0,4.987824158275463,2,0,0.7,4,30.1,1,Medium,14,0.013,0.986,0.0,0.0
68614969,2026-04-09 13:41:53,Closed,Street Condition,Pothole,QUEENS,nan,40.66630499107526,-73.76730282548127,2026-04-18 08:00:00,nan,4959.1547619047615,4660.0,18,0,16.300983880497686,2,0,0.7,4,30.1,1,Medium,14,0.0,1.0,0.0,0.0
68752205,2026-04-22 09:33:42,Closed,Street Condition,Pothole,BROOKLYN,nan,40.61698544101389,-74.02749021159676,2026-04-23 14:41:00,nan,5664.555555555556,6673.0,17,1,3.473333417534722,1,0,0.7,4,30.1,1,Medium,14,0.01,0.989,0.0,0.0
68587982,2026-04-07 14:32:55,Closed,Street Condition,Pothole,QUEENS,nan,40.679821665784246,-73.75345428844982,2026-04-08 08:51:00,nan,4959.1547619047615,4660.0,19,0,18.26554406568287,2,0,0.7,4,30.1,1,Medium,14,0.0,1.0,0.0,0.0
68658488,2026-04-13 16:55:37,Closed,Street Condition,Pothole,QUEENS,nan,40.7402725268642,-73.89585124979992,2026-04-13 16:55:37,nan,4959.1547619047615,4660.0,23,0,12.166446843460648,2,0,0.7,4,30.1,1,Medium,14,0.0,1.0,0.0,0.0
68705433,2026-04-17 13:36:27,Closed,Street Condition,Pothole,QUEENS,nan,40.728370959098946,-73.87113346680071,2026-04-17 15:21:00,nan,4959.1547619047615,4660.0,10,0,8.304757028645833,2,0,0.7,4,30.1,1,Medium,14,0.002,0.998,0.0,0.0
68635017,2026-04-11 19:43:47,Closed,Street Condition,Pothole,STATEN ISLAND,nan,40.596055938893045,-74.08828895816184,2026-04-11 19:43:47,nan,23788.714285714286,2762.0,1,0,14.04966443605324,4,0,0.7,4,30.1,1,Medium,14,0.003,0.997,0.0,0.0
68692775,2026-04-16 18:46:00,Open,Street Condition,Pothole,BROOKLYN,nan,40.67910985742824,-73.8806133205528,,nan,5664.555555555556,6673.0,17,0,9.089791750868056,1,0,0.7,4,30.1,1,Medium,14,0.0,1.0,0.0,0.0
68660643,2026-04-14 18:02:51,Closed,Street Condition,Pothole,STATEN ISLAND,nan,40.55900624540367,-74.1340028961997,2026-04-19 01:35:00,nan,23788.714285714286,2762.0,0,0,11.119757028645832,4,0,0.7,4,30.1,1,Medium,14,0.023,0.977,0.0,0.0
68699646,2026-04-17 12:54:00,Closed,Street Condition,Pothole,BRONX,nan,40.8248480272072,-73.91130992324541,2026-04-17 12:54:00,nan,6677.6,6655.5,25,1,8.3342361953125,3,0,0.7,4,30.1,1,Medium,14,0.0,1.0,0.0,0.0
68712479,2026-04-18 19:43:00,Closed,Street Condition,Pothole,BROOKLYN,nan,40.595115385309754,-73.99611475068737,2026-04-23 11:33:00,nan,5664.555555555556,6673.0,18,1,7.050208417534722,1,0,0.7,4,30.1,1,Medium,14,0.04,0.96,0.0,0.0
68609709,2026-04-09 18:31:36,Closed,Street Condition,Pothole,QUEENS,nan,40.74062281415047,-73.89775246257864,2026-04-14 16:24:00,nan,4959.1547619047615,4660.0,35,1,16.099791750868054,2,0,0.7,4,30.1,1,Medium,14,0.0,1.0,0.0,0.0
68763808,2026-04-22 16:00:45,Closed,Street Condition,Pothole,BROOKLYN,MC DONALD AVENUE,40.64238715132448,-73.97934926919785,2026-04-23 14:40:00,nan,6748.7,21835.0,13,0,3.2045486953125,1,0,0.7,4,30.1,1,Medium,14,0.0,1.0,0.0,0.0
68621523,2026-04-10 17:17:59,Closed,Street Condition,Pothole,BROOKLYN,nan,40.67659712477811,-73.89037706677782,2026-04-21 14:42:00,nan,5664.555555555556,6673.0,27,1,15.15091443605324,1,0,0.7,4,30.1,1,Medium,14,0.001,0.999,0.0,0.0
68674914,2026-04-15 17:06:13,Pending,Street Condition,Pothole,QUEENS,nan,40.73577809149982,-73.74653922101146,,nan,4959.1547619047615,4660.0,10,1,10.159085732349537,2,0,0.7,4,30.1,1,Medium,14,0.003,0.997,0.0,0.0
68755700,2026-04-21 13:14:01,Closed,Street Condition,Pothole,BROOKLYN,KOSCIUSKO STREET,40.69153130066537,-73.94338949707381,2026-04-22 08:45:00,nan,5664.555555555556,6673.0,19,1,4.320335732349537,1,0,0.7,4,30.1,1,Medium,14,0.001,0.999,0.0,0.0
68666496,2026-04-14 10:35:39,Closed,Street Condition,Pothole,QUEENS,nan,40.70287294069154,-73.89952350150388,2026-04-14 12:54:00,nan,4959.1547619047615,4660.0,8,1,11.430312584201388,2,0,0.7,4,30.0,1,Medium,14,0.043,0.957,0.0,0.0
68663276,2026-04-14 10:17:54,Closed,Street Condition,Pothole,QUEENS,nan,40.757824102636256,-73.86099851810266,2026-04-14 11:55:00,nan,4959.1547619047615,4660.0,15,1,11.442638973090277,2,0,0.7,4,30.0,1,Medium,14,0.001,0.999,0.0,0.0
68639111,2026-04-12 21:38:26,Closed,Street Condition,Pothole,BROOKLYN,nan,40.64258387667548,-73.99859469400046,2026-04-23 10:40:00,nan,5664.555555555556,6673.0,18,0,12.970046380497685,1,0,0.7,4,30.0,1,Medium,14,0.001,0.999,0.0,0.0
68706884,2026-04-17 08:02:27,Closed,Street Condition,Pothole,BRONX,nan,40.89856485840039,-73.85865322294433,2026-04-17 08:02:27,nan,6677.6,6655.5,9,1,8.536701473090277,3,0,0.7,4,30.0,1,Medium,14,0.003,0.997,0.0,0.0
68654427,2026-04-13 11:35:44,Pending,Street Condition,Pothole,QUEENS,nan,40.68814946848958,-73.8488335078858,,nan,4959.1547619047615,4660.0,17,0,12.388588047164351,2,0,0.7,4,30.0,1,Medium,14,0.0,1.0,0.0,0.0
68619753,2026-04-09 15:04:50,Closed,Street Condition,Pothole,QUEENS,nan,40.666416023635946,-73.73849046642708,2026-04-10 15:05:00,nan,4959.1547619047615,4660.0,32,1,16.24337971383102,2,0,0.7,4,30.0,1,Medium,14,0.0,1.0,0.0,0.0
68647955,2026-04-13 11:13:35,Closed,Street Condition,Pothole,QUEENS,11 STREET,40.74041958651036,-73.95243451542069,2026-04-13 21:15:00,nan,4959.1547619047615,4660.0,12,1,12.403969991608797,2,0,0.7,4,30.0,1,Medium,14,0.008,0.992,0.0,0.0
68516700,2026-04-01 02:32:25,Closed,Street Condition,Pothole,BROOKLYN,nan,40.64412044446325,-73.98905998133938,2026-04-01 02:32:25,nan,5664.555555555556,6673.0,7,1,24.765891287905095,1,0,0.7,4,30.0,1,Medium,14,0.0,0.999,0.0,0.0
68696691,2026-04-17 21:33:29,Closed,Street Condition,Pothole,STATEN ISLAND,nan,40.558272363158224,-74.13487233521455,2026-04-17 21:33:29,nan,23788.714285714286,2762.0,0,0,7.973483880497685,4,0,0.7,4,30.0,1,Medium,14,0.021,0.979,0.0,0.0
68695659,2026-04-17 00:43:50,Closed,Street Condition,Pothole,QUEENS,nan,40.76660679840425,-73.8911639196689,2026-04-18 12:25:00,nan,4959.1547619047615,4660.0,22,0,8.841296380497685,2,0,0.7,4,30.0,1,Medium,14,0.002,0.998,0.0,0.0
68618447,2026-04-10 18:37:15,Closed,Street Condition,Pothole,QUEENS,nan,40.74603472114661,-73.93440021822178,2026-04-10 18:37:15,nan,4959.1547619047615,4660.0,20,0,15.095868139756945,2,0,0.7,4,30.0,1,Medium,14,0.0,1.0,0.0,0.0
68650950,2026-04-13 09:06:52,Closed,Street Condition,Pothole,QUEENS,nan,40.71822688567068,-73.81514029543717,2026-04-13 11:15:00,nan,4959.1547619047615,4660.0,9,1,12.491967676793982,2,0,0.7,4,30.0,1,Medium,14,0.006,0.994,0.0,0.0
68663273,2026-04-14 12:40:49,Closed,Street Condition,Pothole,QUEENS,nan,40.75903640272996,-73.88789511644337,2026-04-14 17:15:00,nan,4959.1547619047615,4660.0,13,0,11.343391287905092,2,0,0.7,4,30.0,1,Medium,14,0.001,0.999,0.0,0.0
68613098,2026-04-04 14:49:21,Closed,Street Condition,Pothole,QUEENS,nan,40.74408619853987,-73.71472803155868,2026-04-04 14:49:21,nan,4959.1547619047615,4660.0,7,0,21.254132028645834,2,0,0.7,4,30.0,1,Medium,14,0.009,0.991,0.0,0.0
68520434,2026-04-01 01:55:27,Pending,Street Condition,Pothole,QUEENS,nan,40.75798277294619,-73.77826978356912,,nan,4959.1547619047615,4660.0,33,0,24.79156258420139,2,0,0.7,4,30.0,1,Medium,14,0.0,1.0,0.0,0.0
68658497,2026-04-13 07:41:21,Closed,Street Condition,Pothole,QUEENS,nan,40.750969217545055,-73.82576520683054,2026-04-13 14:51:00,nan,4959.1547619047615,4660.0,17,1,12.551354250868055,2,0,0.7,4,30.0,1,Medium,14,0.0,1.0,0.0,0.0
68726648,2026-04-20 16:09:51,Closed,Street Condition,Pothole,QUEENS,nan,40.77044042224903,-73.91654145438126,2026-04-20 16:09:51,nan,4959.1547619047615,4660.0,63,1,5.198229250868056,2,0,0.7,4,30.0,1,Medium,14,0.002,0.998,0.0,0.0
68693717,2026-04-16 09:17:10,Closed,Street Condition,Pothole,QUEENS,nan,40.74611707160226,-73.94489135289582,2026-04-16 09:17:10,nan,4959.1547619047615,4660.0,13,1,9.484814899016204,2,0,0.7,4,30.0,1,Medium,14,0.001,0.999,0.0,0.0
68761421,2026-04-23 10:30:07,Open,Street Condition,Pothole,BROOKLYN,nan,40.68836336910226,-73.87372044202567,,nan,5664.555555555556,6673.0,20,0,2.4341551767939817,1,0,0.7,4,30.0,1,Medium,14,0.002,0.998,0.0,0.0
68585189,2026-04-05 09:35:06,Closed,Street Condition,Pothole,BRONX,nan,40.80425749808576,-73.9192912084829,2026-04-22 22:00:00,nan,6677.6,6655.5,45,1,20.4723611953125,3,0,0.7,4,30.0,1,Medium,14,0.0,1.0,0.0,0.0
68638650,2026-04-13 00:41:59,Closed,Street Condition,Pothole,QUEENS,nan,40.72013323771417,-73.79037278029215,2026-04-13 00:41:59,nan,4959.1547619047615,4660.0,31,0,12.842581102719906,2,0,0.7,4,30.0,1,Medium,14,0.0,1.0,0.0,0.0
68585182,2026-04-05 21:05:20,Closed,Street Condition,Pothole,BROOKLYN,nan,40.68777317631344,-73.98700112443595,2026-04-20 15:44:00,nan,5664.555555555556,6673.0,29,1,19.993032491608798,1,0,0.7,4,30.0,1,Medium,14,0.001,0.999,0.0,0.0
68605705,2026-04-08 08:45:18,Open,Street Condition,Pothole,STATEN ISLAND,nan,40.55558783123055,-74.21437220258393,,nan,23788.714285714286,2762.0,1,1,17.506944528645832,4,0,0.7,4,30.0,1,Medium,14,0.0,1.0,0.0,0.0
68737496,2026-04-20 12:10:16,Closed,Street Condition,Pothole,BROOKLYN,nan,40.624170800489615,-73.97047149845827,2026-04-23 15:38:00,nan,5664.555555555556,6673.0,13,0,5.3646065656828705,1,0,0.7,4,30.0,1,Medium,14,0.005,0.995,0.0,0.0
68673457,2026-04-15 20:31:23,Closed,Street Condition,Pothole,QUEENS,nan,40.72013323771417,-73.79037278029215,2026-04-16 12:24:00,nan,4959.1547619047615,4660.0,31,0,10.016608880497685,2,0,0.7,4,30.0,1,Medium,14,0.0,1.0,0.0,0.0
68626735,2026-04-10 12:40:16,Closed,Street Condition,Pothole,QUEENS,nan,40.74186298555622,-73.78413709347015,2026-04-18 12:41:00,nan,4959.1547619047615,4660.0,12,1,15.343773232349537,2,0,0.7,4,30.0,1,Medium,14,0.093,0.907,0.0,0.0
68664892,2026-04-13 15:48:46,Closed,Street Condition,Pothole,BROOKLYN,BERGEN STREET,40.67869703050063,-73.96472213876908,2026-04-14 14:30:00,nan,5664.555555555556,3798.0,16,1,12.212870454571759,1,0,0.7,4,30.0,1,Medium,14,0.002,0.998,0.0,0.0
68714556,2026-04-18 15:05:26,Closed,Street Condition,Pothole,QUEENS,nan,40.68602699585525,-73.82505149980587,2026-04-18 15:05:26,nan,4959.1547619047615,4660.0,15,1,7.242963047164352,2,0,0.7,4,30.0,1,Medium,14,0.004,0.996,0.0,0.0
68648478,2026-04-13 16:12:25,Closed,Street Condition,Pothole,QUEENS,nan,40.7343762769571,-73.87341674191903,2026-04-13 20:01:00,nan,4959.1547619047615,4660.0,23,0,12.196446843460649,2,0,0.7,4,30.0,1,Medium,14,0.002,0.998,0.0,0.0
68750836,2026-04-22 16:04:47,Closed,Street Condition,Pothole,QUEENS,nan,40.76315171560343,-73.81260059705816,2026-04-23 12:40:00,nan,4959.1547619047615,4660.0,14,1,3.2017477693865737,2,0,0.7,4,30.0,1,Medium,14,0.034,0.965,0.0,0.0
68763810,2026-04-22 14:51:52,Closed,Street Condition,Pothole,BROOKLYN,SPENCER STREET,40.695368249572745,-73.95532276805,2026-04-23 10:45:00,nan,5664.555555555556,575.0,17,1,3.252384343460648,1,0,0.7,4,30.0,1,Medium,14,0.01,0.99,0.0,0.0
68658988,2026-04-13 10:10:31,Closed,Street Condition,Pothole,BRONX,nan,40.82896648218944,-73.837091479809,2026-04-14 08:55:00,nan,6677.6,6655.5,32,1,12.447766287905093,3,0,0.7,4,29.9,1,Medium,14,0.0,1.0,0.0,0.0
68753051,2026-04-21 14:32:37,Closed,Street Condition,Pothole,BROOKLYN,NOSTRAND AVENUE,40.695973791132594,-73.9526898109264,2026-04-22 06:00:00,nan,7515.333333333333,13014.0,13,0,4.265752399016203,1,0,0.7,4,29.9,1,Medium,14,0.0,1.0,0.0,0.0
68624216,2026-04-10 16:42:58,Closed,Street Condition,Pothole,QUEENS,nan,40.7719846484986,-73.91889707891568,2026-04-18 10:17:00,nan,4959.1547619047615,4660.0,36,1,15.17523156568287,2,0,0.7,4,29.9,1,Medium,14,0.0,0.999,0.0,0.0
68576028,2026-04-06 18:57:19,Closed,Street Condition,Pothole,BRONX,nan,40.85301827223642,-73.85121686739964,2026-04-06 18:57:19,nan,6677.6,6655.5,7,0,19.08193295457176,3,0,0.7,4,29.9,1,Medium,14,0.019,0.981,0.0,0.0
68632996,2026-04-11 19:33:42,Closed,Street Condition,Pothole,STATEN ISLAND,nan,40.55168097672187,-74.14478715664947,2026-04-18 21:35:00,nan,23788.714285714286,2762.0,2,0,14.056666750868056,4,0,0.7,4,29.9,1,Medium,14,0.0,1.0,0.0,0.0
68689378,2026-04-16 09:27:58,Closed,Street Condition,Pothole,QUEENS,nan,40.74581825411661,-73.94564947600665,2026-04-16 09:27:58,nan,4959.1547619047615,4660.0,12,1,9.477314899016203,2,0,0.7,4,29.9,1,Medium,14,0.007,0.993,0.0,0.0
68649481,2026-04-13 10:12:47,Closed,Street Condition,Pothole,BRONX,nan,40.82896648218944,-73.837091479809,2026-04-13 10:12:47,nan,6677.6,6655.5,32,1,12.446192213831019,3,0,0.7,4,29.9,1,Medium,14,0.0,1.0,0.0,0.0
68652971,2026-04-13 07:46:57,Pending,Street Condition,Pothole,QUEENS,nan,40.761265587233325,-73.87499725675143,,nan,4959.1547619047615,4660.0,13,0,12.547465361979166,2,0,0.7,4,29.9,1,Medium,14,0.001,0.999,0.0,0.0
68631243,2026-04-11 12:57:06,Closed,Street Condition,Pothole,STATEN ISLAND,nan,40.550511721214605,-74.14475943429196,2026-04-11 12:57:06,nan,23788.714285714286,2762.0,1,0,14.332083417534722,4,0,0.7,4,29.9,1,Medium,14,0.002,0.998,0.0,0.0
68647968,2026-04-13 06:59:52,Closed,Street Condition,Pothole,BRONX,nan,40.85987440127748,-73.89321651600159,2026-04-13 06:59:52,nan,6677.6,6655.5,27,1,12.580162121238425,3,0,0.7,4,29.9,1,Medium,14,0.0,1.0,0.0,0.0
68578025,2026-04-05 15:42:30,Closed,Street Condition,Pothole,BROOKLYN,nan,40.661179966451584,-73.95695681196024,2026-04-11 17:50:00,nan,5664.555555555556,6673.0,6,1,20.21722230642361,1,0,0.7,4,29.9,1,Medium,14,0.008,0.992,0.0,0.0
68711222,2026-04-18 07:04:46,Open,Street Condition,Pothole,BRONX,nan,40.896231324047896,-73.85820243014828,,nan,6677.6,6655.5,10,1,7.5767593434606475,3,0,0.7,4,29.9,1,Medium,14,0.0,1.0,0.0,0.0
68646130,2026-04-13 01:21:36,Closed,Street Condition,Pothole,BROOKLYN,nan,40.61738380267253,-73.94347039067173,2026-04-18 18:53:00,nan,5664.555555555556,6673.0,17,1,12.815069528645832,1,0,0.7,4,29.9,1,Medium,14,0.001,0.999,0.0,0.0
68747963,2026-04-21 10:14:28,Open,Street Condition,Pothole,BRONX,nan,40.81493375847484,-73.8976455199499,,nan,6677.6,6655.5,21,1,4.445023232349537,3,0,0.7,4,29.9,1,Medium,14,0.001,0.999,0.0,0.0
68521960,2026-03-31 15:27:21,Open,Street Condition,Pothole,BRONX,nan,40.88228668808564,-73.91163109716176,,nan,6677.6,6655.5,2,0,25.227743139756946,3,0,0.7,3,29.9,1,Medium,14,0.089,0.91,0.0,0.0
68583233,2026-04-06 16:25:19,Closed,Street Condition,Pothole,QUEENS,nan,40.7599300035456,-73.89845559346726,2026-04-06 16:25:19,nan,4959.1547619047615,4660.0,8,0,19.187488510127313,2,0,0.7,4,29.9,1,Medium,14,0.009,0.991,0.0,0.0
68692274,2026-04-16 07:41:27,Closed,Street Condition,Pothole,QUEENS,nan,40.725476145414376,-73.76557731286611,2026-04-16 07:41:27,nan,4959.1547619047615,4660.0,31,1,9.551284806423611,2,0,0.7,4,29.9,1,Medium,14,0.0,1.0,0.0,0.0
68605683,2026-04-08 09:08:42,Closed,Street Condition,Pothole,QUEENS,JAMAICA AVENUE,40.72675692690736,-73.71410227778074,2026-04-08 22:11:00,nan,4959.1547619047615,23413.0,6,1,17.490694528645832,2,0,0.7,4,29.9,1,Medium,14,0.019,0.98,0.0,0.0
68765210,2026-04-23 07:16:15,Closed,Street Condition,Pothole,BROOKLYN,nan,40.61939737192231,-73.96956588163236,2026-04-23 07:16:15,nan,5664.555555555556,6673.0,16,0,2.5687848064236114,1,0,0.7,4,29.9,1,Medium,14,0.003,0.997,0.0,0.0
68636274,2026-04-11 21:59:35,Closed,Street Condition,Pothole,QUEENS,nan,40.73911404167521,-73.88974013991411,2026-04-11 21:59:35,nan,4959.1547619047615,4660.0,12,1,13.955358880497686,2,0,0.7,4,29.9,1,Medium,14,0.008,0.992,0.0,0.0
68597193,2026-04-08 13:07:07,Closed,Street Condition,Pothole,BRONX,nan,40.83647986270567,-73.89772801516538,2026-04-08 13:07:07,nan,6677.6,6655.5,4,1,17.325127399016203,3,0,0.7,4,29.9,1,Medium,14,0.062,0.938,0.0,0.0
68647951,2026-04-13 12:51:13,Closed,Street Condition,Pothole,QUEENS,nan,40.73911404167521,-73.88974013991411,2026-04-13 12:51:13,nan,4959.1547619047615,4660.0,12,1,12.33616906568287,2,0,0.7,4,29.9,1,Medium,14,0.008,0.991,0.0,0.0
68650944,2026-04-13 13:02:24,Closed,Street Condition,Pothole,QUEENS,nan,40.73911404167521,-73.88974013991411,2026-04-13 13:02:24,nan,4959.1547619047615,4660.0,12,1,12.328402861979166,2,0,0.7,4,29.9,1,Medium,14,0.008,0.991,0.0,0.0
68553182,2026-04-03 14:54:11,Closed,Street Condition,Pothole,BROOKLYN,nan,40.64412044446325,-73.98905998133938,2026-04-03 14:54:11,nan,5664.555555555556,6673.0,7,1,22.250775547164352,1,0,0.7,4,29.9,1,Medium,14,0.002,0.998,0.0,0.0
68646806,2026-04-12 03:46:11,Closed,Street Condition,Pothole,QUEENS,nan,40.73911404167521,-73.88974013991411,2026-04-12 03:46:11,nan,4959.1547619047615,4660.0,12,1,13.71466443605324,2,0,0.7,4,29.9,1,Medium,14,0.008,0.992,0.0,0.0
68715016,2026-04-18 15:06:38,Open,Street Condition,Pothole,BROOKLYN,nan,40.672529663656704,-73.95025145834543,,nan,5664.555555555556,6673.0,32,1,7.242129713831019,1,0,0.7,4,29.9,0,Low,30,0.527,0.473,0.0,0.0
68649464,2026-04-13 11:51:05,Closed,Street Condition,Pothole,QUEENS,nan,40.751972940965125,-73.93195811544349,2026-04-13 11:51:05,nan,4959.1547619047615,4660.0,17,0,12.377928324942129,2,0,0.7,4,29.9,1,Medium,14,0.0,1.0,0.0,0.0
68766700,2026-04-23 12:49:21,Closed,Street Condition,Pothole,QUEENS,nan,40.742943772445635,-73.91684294834832,2026-04-23 23:33:00,nan,4959.1547619047615,4660.0,22,0,2.337465361979167,2,0,0.7,4,29.9,1,Medium,14,0.002,0.998,0.0,0.0
68606489,2026-04-07 15:15:39,Closed,Street Condition,Pothole,BROOKLYN,DECATUR STREET,40.68186490731119,-73.92971133054155,2026-04-08 14:35:00,nan,2467.8571428571427,1732.0,10,1,18.235868139756946,1,0,0.7,4,29.9,1,Medium,14,0.0,1.0,0.0,0.0
68614940,2026-04-04 12:20:08,Closed,Street Condition,Pothole,QUEENS,nan,40.77696327334447,-73.84801086453379,2026-04-17 13:00:00,nan,4959.1547619047615,4660.0,8,1,21.357754713831017,2,0,0.7,4,29.9,1,Medium,14,0.001,0.999,0.0,0.0
68674391,2026-04-15 07:48:15,Closed,Street Condition,Pothole,QUEENS,nan,40.67948147234004,-73.7574034114413,2026-04-15 07:48:15,nan,4959.1547619047615,4660.0,11,0,10.54656258420139,2,0,0.7,4,29.8,1,Medium,14,0.0,1.0,0.0,0.0
68664871,2026-04-14 12:32:56,Closed,Street Condition,Pothole,QUEENS,nan,40.74603472114661,-73.93440021822178,2026-04-14 12:32:56,nan,4959.1547619047615,4660.0,20,0,11.348865824942129,2,0,0.7,4,29.8,1,Medium,14,0.001,0.999,0.0,0.0
68649936,2026-04-13 16:53:56,Pending,Street Condition,Pothole,QUEENS,nan,40.761265587233325,-73.87499725675143,,nan,4959.1547619047615,4660.0,13,0,12.16761582494213,2,0,0.7,4,29.8,1,Medium,14,0.001,0.999,0.0,0.0
68637499,2026-04-11 07:49:40,Closed,Street Condition,Pothole,BROOKLYN,nan,40.65276846281514,-73.88628975331724,2026-04-11 07:49:40,nan,5664.555555555556,6673.0,14,1,14.545578787905093,1,0,0.7,4,29.8,1,Medium,14,0.001,0.999,0.0,0.0
68640278,2026-04-13 01:59:44,Closed,Street Condition,Pothole,QUEENS,nan,40.6632233748504,-73.7335071736261,2026-04-13 21:45:00,nan,4959.1547619047615,4660.0,13,1,12.788588047164351,2,0,0.7,4,29.8,1,Medium,14,0.001,0.999,0.0,0.0
68683881,2026-04-15 08:03:24,Closed,Street Condition,Pothole,BROOKLYN,nan,40.689299702273765,-73.87405401530438,2026-04-21 14:05:00,nan,5664.555555555556,6673.0,17,0,10.536041750868055,1,0,0.7,4,29.8,1,Medium,14,0.0,1.0,0.0,0.0
68704022,2026-04-17 12:25:30,Closed,Street Condition,Pothole,QUEENS,nan,40.76090926079676,-73.8729367561121,2026-04-17 15:02:00,nan,4959.1547619047615,4660.0,10,1,8.354027861979166,2,0,0.7,4,29.8,1,Medium,14,0.02,0.98,0.0,0.0
68729575,2026-04-20 07:18:09,Closed,Street Condition,Pothole,QUEENS,nan,40.66722878249806,-73.78502387259924,2026-04-20 07:18:09,nan,4959.1547619047615,4660.0,12,1,5.567465361979166,2,0,0.7,4,29.8,1,Medium,14,0.008,0.992,0.0,0.0
68594995,2026-04-07 13:09:19,Closed,Street Condition,Pothole,QUEENS,nan,40.72563202189434,-73.8406921673351,2026-04-13 13:38:00,nan,4959.1547619047615,4660.0,8,1,18.323599621238426,2,0,0.7,4,29.8,1,Medium,14,0.001,0.999,0.0,0.0
68534836,2026-04-01 14:07:28,Closed,Street Condition,Pothole,QUEENS,nan,40.73095310337528,-73.85885360983431,2026-04-01 15:44:00,nan,4959.1547619047615,4660.0,7,0,24.283217676793985,2,0,0.7,4,29.8,1,Medium,14,0.039,0.96,0.0,0.0
68587989,2026-04-07 10:08:37,Pending,Street Condition,Pothole,QUEENS,nan,40.7402661546192,-73.8706160766944,,nan,4959.1547619047615,4660.0,8,0,18.449085732349538,2,0,0.7,4,29.8,1,Medium,14,0.002,0.998,0.0,0.0
68682402,2026-04-15 13:52:38,Closed,Street Condition,Pothole,BRONX,nan,40.83206303983589,-73.8243531249409,2026-04-16 09:19:00,nan,6677.6,6655.5,7,1,10.293518602719907,3,0,0.7,4,29.8,1,Medium,14,0.026,0.974,0.0,0.0
68649474,2026-04-12 15:25:59,Closed,Street Condition,Pothole,BROOKLYN,PINE STREET,40.67170398456498,-73.87005333028854,2026-04-13 11:46:00,nan,5664.555555555556,6673.0,9,0,13.228692213831017,1,0,0.7,4,29.8,1,Medium,14,0.013,0.987,0.0,0.0
68703015,2026-04-17 15:16:00,Open,Street Condition,Pothole,STATEN ISLAND,nan,40.56219407174772,-74.1206281470642,,nan,23788.714285714286,2762.0,1,0,8.235625084201388,4,0,0.7,4,29.8,1,Medium,14,0.015,0.985,0.0,0.0
68673458,2026-04-15 12:29:42,Pending,Street Condition,Pothole,QUEENS,nan,40.72576276408367,-73.90420444825385,,nan,4959.1547619047615,4660.0,14,0,10.3511111953125,2,0,0.7,4,29.8,1,Medium,14,0.0,1.0,0.0,0.0
68707380,2026-04-17 15:11:50,Closed,Street Condition,Pothole,QUEENS,nan,40.70837975721954,-73.79167576962598,2026-04-20 05:55:00,nan,4959.1547619047615,4660.0,17,0,8.238518602719907,2,0,0.7,4,29.8,1,Medium,14,0.001,0.999,0.0,0.0
68640276,2026-04-12 14:56:14,Closed,Street Condition,Pothole,STATEN ISLAND,nan,40.55990671872006,-74.10173702979904,2026-04-18 10:20:00,nan,23788.714285714286,2762.0,1,0,13.249351936053241,4,0,0.7,4,29.8,1,Medium,14,0.035,0.965,0.0,0.0
68693733,2026-04-16 14:09:46,Closed,Street Condition,Pothole,BROOKLYN,nan,40.69308970489448,-73.98622478109876,2026-04-16 14:09:46,nan,5664.555555555556,6673.0,17,1,9.281620454571758,1,0,0.7,4,29.8,1,Medium,14,0.024,0.975,0.0,0.0
68628023,2026-04-10 19:02:39,Closed,Street Condition,Pothole,QUEENS,nan,40.74445379340065,-73.92982574105665,2026-04-22 09:11:00,nan,4959.1547619047615,4660.0,16,0,15.078229250868056,2,0,0.7,4,29.8,1,Medium,14,0.0,1.0,0.0,0.0
68649477,2026-04-12 01:17:07,Closed,Street Condition,Pothole,BRONX,nan,40.81358895557613,-73.93104615834683,2026-04-13 18:47:00,nan,6677.6,6655.5,45,1,13.818182954571759,3,0,0.7,4,29.8,1,Medium,14,0.0,1.0,0.0,0.0
68521448,2026-03-31 19:40:26,Closed,Street Condition,Pothole,QUEENS,nan,40.72792341486303,-73.87100083747289,2026-03-31 19:40:26,nan,4959.1547619047615,4660.0,7,0,25.05199082494213,2,0,0.7,3,29.8,1,Medium,14,0.073,0.927,0.0,0.0
68606472,2026-04-08 11:44:20,Closed,Street Condition,Pothole,QUEENS,nan,40.696168785747595,-73.8044908837029,2026-04-08 11:44:20,nan,4959.1547619047615,4660.0,20,1,17.38261582494213,2,0,0.7,4,29.7,1,Medium,14,0.0,1.0,0.0,0.0
68714564,2026-04-18 04:19:13,Closed,Street Condition,Pothole,QUEENS,nan,40.70614246718544,-73.83176504853816,2026-04-18 20:15:00,nan,4959.1547619047615,4660.0,10,1,7.691724621238426,2,0,0.7,4,29.7,1,Medium,14,0.005,0.995,0.0,0.0
68613686,2026-04-04 12:50:29,Closed,Street Condition,Pothole,BROOKLYN,nan,40.677868575744306,-73.90331424666908,2026-04-17 09:49:00,nan,5664.555555555556,6673.0,6,1,21.33667832494213,1,0,0.7,4,29.7,1,Medium,14,0.007,0.993,0.0,0.0
68767194,2026-04-23 11:15:49,Pending,Street Condition,Pothole,QUEENS,nan,40.71879587392304,-73.90670722449462,,nan,4959.1547619047615,4660.0,10,0,2.4024190656828703,2,0,0.7,4,29.7,1,Medium,14,0.021,0.979,0.0,0.0
68750322,2026-04-21 13:34:20,Closed,Street Condition,Pothole,BROOKLYN,nan,40.60593544076196,-74.00045737407888,2026-04-22 11:00:00,nan,5664.555555555556,6673.0,9,0,4.306226936053241,1,0,0.7,4,29.7,1,Medium,14,0.012,0.988,0.0,0.0
68674379,2026-04-15 14:54:55,Closed,Street Condition,Pothole,QUEENS,nan,40.7386450764329,-73.8873051469592,2026-04-15 21:12:00,nan,4959.1547619047615,4660.0,13,1,10.250266287905092,2,0,0.7,4,29.7,1,Medium,14,0.002,0.998,0.0,0.0
68648474,2026-04-13 21:39:35,Pending,Street Condition,Pothole,QUEENS,nan,40.74782926792669,-73.88207093262777,,nan,4959.1547619047615,4660.0,33,0,11.969247769386573,2,0,0.7,4,29.7,1,Medium,14,0.0,1.0,0.0,0.0
68729564,2026-04-20 10:56:34,Closed,Street Condition,Pothole,QUEENS,nan,40.78166663756555,-73.82770697459341,2026-04-20 20:05:00,nan,4959.1547619047615,4660.0,15,0,5.415787121238425,2,0,0.7,4,29.7,1,Medium,14,0.01,0.99,0.0,0.0
68674383,2026-04-15 12:28:17,Closed,Street Condition,Pothole,QUEENS,nan,40.75213645696293,-73.9256272786863,2026-04-15 21:45:00,nan,4959.1547619047615,4660.0,18,0,10.352094991608796,2,0,0.7,4,29.7,1,Medium,14,0.002,0.998,0.0,0.0
68582335,2026-04-06 16:31:52,Pending,Street Condition,Pothole,QUEENS,COVERT STREET,40.6952733394877,-73.90350537891065,,nan,4959.1547619047615,4660.0,8,1,19.182939899016205,2,0,0.7,4,29.7,1,Medium,14,0.003,0.997,0.0,0.0
68668723,2026-04-15 01:52:13,Pending,Street Condition,Pothole,QUEENS,nan,40.75112071150661,-73.74751669571391,,nan,4959.1547619047615,4660.0,12,1,10.79380795457176,2,0,0.7,4,29.7,1,Medium,14,0.012,0.988,0.0,0.0
68725959,2026-04-19 13:20:46,Open,Street Condition,Pothole,QUEENS,nan,40.75303720219127,-73.94061579750935,,nan,4959.1547619047615,4660.0,10,1,6.315648232349536,2,0,0.7,4,29.7,1,Medium,14,0.048,0.951,0.0,0.0
68658502,2026-04-12 16:23:50,Closed,Street Condition,Pothole,BROOKLYN,nan,40.6918053733385,-73.98820835128572,2026-04-13 13:15:00,nan,5664.555555555556,6673.0,34,1,13.188518602719908,1,0,0.7,4,29.7,1,Medium,14,0.005,0.995,0.0,0.0
68697204,2026-04-17 12:18:41,Closed,Street Condition,Pothole,BROOKLYN,nan,40.70822958921699,-73.94164039811469,2026-04-18 15:10:00,nan,5664.555555555556,6673.0,34,1,8.358761658275462,1,0,0.7,4,29.7,1,Medium,14,0.003,0.997,0.0,0.0
68725582,2026-04-18 23:41:29,Closed,Street Condition,Pothole,BROOKLYN,nan,40.66434335733734,-73.93153926551354,2026-04-19 21:10:00,nan,5664.555555555556,6673.0,28,1,6.884594991608796,1,0,0.7,4,29.7,1,Medium,14,0.028,0.972,0.0,0.0
68615754,2026-04-04 18:07:24,Closed,Street Condition,Pothole,QUEENS,nan,40.74408619853987,-73.71472803155868,2026-04-04 18:07:24,nan,4959.1547619047615,4660.0,7,0,21.11659730642361,2,0,0.7,4,29.7,1,Medium,14,0.027,0.973,0.0,0.0
68611762,2026-04-04 16:34:03,Closed,Street Condition,Pothole,QUEENS,nan,40.7511996815164,-73.89026152032358,2026-04-04 16:34:03,nan,4959.1547619047615,4660.0,8,1,21.1814236953125,2,0,0.7,4,29.7,1,Medium,14,0.001,0.999,0.0,0.0
68736951,2026-04-20 21:32:45,Closed,Street Condition,Pothole,BROOKLYN,nan,40.655845792390465,-73.89848067333763,2026-04-20 21:32:45,nan,5664.555555555556,6673.0,21,1,4.973993139756944,1,0,0.7,4,29.7,1,Medium,14,0.007,0.993,0.0,0.0
68680377,2026-04-15 12:21:53,Closed,Street Condition,Pothole,QUEENS,nan,40.731182109653254,-73.87159708902749,2026-04-15 12:21:53,nan,4959.1547619047615,4660.0,20,0,10.356539436053241,2,0,0.7,4,29.7,1,Medium,14,0.001,0.999,0.0,0.0
68609674,2026-04-04 13:03:45,Closed,Street Condition,Pothole,QUEENS,nan,40.67086631559951,-73.81206681939685,2026-04-14 15:20:00,nan,4959.1547619047615,4660.0,6,1,21.327465361979165,2,0,0.7,4,29.6,1,Medium,14,0.009,0.991,0.0,0.0
68694238,2026-04-16 14:43:06,Pending,Street Condition,Pothole,QUEENS,nan,40.7063611411609,-73.79252607072335,,nan,4959.1547619047615,4660.0,19,0,9.258472306423611,2,0,0.7,4,29.6,1,Medium,14,0.0,1.0,0.0,0.0
68658987,2026-04-13 12:12:11,Open,Street Condition,Pothole,BRONX,nan,40.86321265016391,-73.86742317586139,,nan,6677.6,6655.5,8,1,12.363275547164351,3,0,0.7,4,29.6,1,Medium,14,0.001,0.999,0.0,0.0
68753523,2026-04-22 16:08:05,Closed,Street Condition,Pothole,QUEENS,nan,40.73413548580743,-73.8691738344962,2026-04-23 11:26:00,nan,4959.1547619047615,4660.0,50,1,3.1994561027199073,2,0,0.7,4,29.6,1,Medium,14,0.01,0.99,0.0,0.0
68742872,2026-04-21 09:21:04,Closed,Street Condition,Pothole,BROOKLYN,nan,40.626569861843265,-73.97092074758424,2026-04-21 09:21:04,nan,5664.555555555556,6673.0,18,0,4.48210656568287,1,0,0.7,4,29.6,1,Medium,14,0.004,0.996,0.0,0.0
68746429,2026-04-21 17:38:36,Open,Street Condition,Pothole,BRONX,nan,40.81005177613929,-73.92781671022885,,nan,6677.6,6655.5,39,1,4.136597306423611,3,0,0.7,4,29.6,1,Medium,14,0.0,1.0,0.0,0.0
68691312,2026-04-16 09:09:16,Open,Street Condition,Pothole,BROOKLYN,nan,40.587071719924,-73.95278136258212,,nan,5664.555555555556,6673.0,15,0,9.490301010127315,1,0,0.7,4,29.6,1,Medium,14,0.0,1.0,0.0,0.0
68660032,2026-04-14 09:37:31,Closed,Street Condition,Pothole,QUEENS,nan,40.735633458384704,-73.87601599872089,2026-04-14 20:12:00,nan,4959.1547619047615,4660.0,21,0,11.470682954571759,2,0,0.7,4,29.6,1,Medium,14,0.002,0.998,0.0,0.0
68689374,2026-04-16 13:22:01,Closed,Street Condition,Pothole,QUEENS,nan,40.66016771824149,-73.77422648953312,2026-04-16 21:44:00,nan,4959.1547619047615,4660.0,22,0,9.314780176793981,2,0,0.7,4,29.6,1,Medium,14,0.001,0.999,0.0,0.0
68750325,2026-04-22 06:41:11,Closed,Street Condition,Pothole,BROOKLYN,nan,40.60725840274471,-74.00264345847668,2026-04-22 06:41:11,nan,5664.555555555556,6673.0,10,0,3.593136658275463,1,0,0.7,4,29.6,1,Medium,14,0.004,0.996,0.0,0.0
68553198,2026-04-03 18:58:44,Closed,Street Condition,Pothole,QUEENS,nan,40.761217008162774,-73.8863970016137,2026-04-03 18:58:44,nan,4959.1547619047615,4660.0,7,0,22.080949158275462,2,0,0.7,4,29.6,1,Medium,14,0.012,0.988,0.0,0.0
68592196,2026-04-07 17:57:44,Closed,Street Condition,Pothole,QUEENS,nan,40.68226523856321,-73.8451331832496,2026-04-15 16:11:00,nan,4959.1547619047615,4660.0,9,0,18.123310269386575,2,0,0.7,4,29.6,1,Medium,14,0.001,0.999,0.0,0.0
68714573,2026-04-17 20:23:34,Closed,Street Condition,Pothole,BROOKLYN,nan,40.65417022239662,-73.91376047984436,2026-04-18 16:02:00,nan,5664.555555555556,6673.0,24,0,8.022037121238426,1,0,0.7,4,29.6,1,Medium,14,0.004,0.996,0.0,0.0
68697191,2026-04-18 01:14:52,Pending,Street Condition,Pothole,QUEENS,nan,40.725476145414376,-73.76557731286611,,nan,4959.1547619047615,4660.0,31,1,7.819745454571759,2,0,0.7,4,29.6,1,Medium,14,0.002,0.997,0.0,0.0
68625012,2026-04-09 22:52:46,Closed,Street Condition,Pothole,BROOKLYN,nan,40.719009537386526,-73.95018068961288,2026-04-10 17:50:00,nan,5664.555555555556,6673.0,8,1,15.918426010127314,1,0,0.7,4,29.6,1,Medium,14,0.012,0.988,0.0,0.0
68656968,2026-04-13 21:19:03,Closed,Street Condition,Pothole,STATEN ISLAND,nan,40.603768599589216,-74.13156825644174,2026-04-13 21:19:03,nan,23788.714285714286,2762.0,1,1,11.983507028645834,4,0,0.7,4,29.6,1,Medium,14,0.013,0.987,0.0,0.0
68515135,2026-03-31 16:55:17,Closed,Street Condition,Pothole,QUEENS,nan,40.72792341486303,-73.87100083747289,2026-03-31 16:55:17,nan,4959.1547619047615,4660.0,7,0,25.166678324942133,2,0,0.7,3,29.6,1,Medium,14,0.048,0.951,0.0,0.0
68677357,2026-04-15 11:25:47,Closed,Street Condition,Pothole,QUEENS,nan,40.70299771958722,-73.91106809219384,2026-04-15 19:55:00,nan,4959.1547619047615,4660.0,14,1,10.395497769386575,2,0,0.7,4,29.6,1,Medium,14,0.001,0.999,0.0,0.0
68642162,2026-04-12 08:17:38,Closed,Street Condition,Pothole,QUEENS,nan,40.728370959098946,-73.87113346680071,2026-04-12 08:17:38,nan,4959.1547619047615,4660.0,10,0,13.526157491608796,2,0,0.7,4,29.6,1,Medium,14,0.0,1.0,0.0,0.0
68754420,2026-04-22 06:41:11,Closed,Street Condition,Pothole,BROOKLYN,nan,40.60725840274471,-74.00264345847668,2026-04-22 06:41:11,nan,5664.555555555556,6673.0,10,0,3.593136658275463,1,0,0.7,4,29.6,1,Medium,14,0.004,0.996,0.0,0.0
68695191,2026-04-16 11:25:40,Closed,Street Condition,Pothole,QUEENS,nan,40.60953625843453,-73.75371746117237,2026-04-16 18:00:00,nan,4959.1547619047615,4660.0,19,0,9.395578787905093,2,0,0.7,4,29.6,1,Medium,14,0.001,0.999,0.0,0.0
68724541,2026-04-19 14:23:59,Closed,Street Condition,Pothole,BROOKLYN,nan,40.64314654900316,-73.9980109347352,2026-04-19 14:23:59,nan,5664.555555555556,6673.0,17,0,6.2717477693865735,1,0,0.7,4,29.6,1,Medium,14,0.015,0.985,0.0,0.0
68593635,2026-04-07 15:34:34,Open,Street Condition,Pothole,BROOKLYN,nan,40.612330908248275,-73.96478242270412,,nan,5664.555555555556,6673.0,8,0,18.22273156568287,1,0,0.7,4,29.6,1,Medium,14,0.007,0.993,0.0,0.0
68541985,2026-04-02 14:17:34,Closed,Street Condition,Pothole,QUEENS,nan,40.74677485025849,-73.79241464783514,2026-04-11 14:38:00,nan,4959.1547619047615,4660.0,8,0,23.276203787905093,2,0,0.7,4,29.6,1,Medium,14,0.001,0.999,0.0,0.0
68673434,2026-04-15 16:36:08,Closed,Street Condition,Pothole,QUEENS,nan,40.76509677669708,-73.92506047957714,2026-04-15 21:45:00,nan,4959.1547619047615,4660.0,19,0,10.17997693605324,2,0,0.7,4,29.6,1,Medium,14,0.001,0.999,0.0,0.0
68626719,2026-04-10 05:43:49,Closed,Street Condition,Pothole,STATEN ISLAND,nan,40.53736403967149,-74.21192128549545,2026-04-11 13:50:00,nan,23788.714285714286,2762.0,0,0,15.632974621238425,4,0,0.7,4,29.6,1,Medium,14,0.002,0.998,0.0,0.0
68768612,2026-04-23 09:37:29,Open,Street Condition,Pothole,BROOKLYN,nan,40.69463828403883,-73.94905935288806,,nan,5664.555555555556,6673.0,15,1,2.4707061027199075,1,0,0.7,4,29.6,1,Medium,14,0.003,0.997,0.0,0.0
68610491,2026-04-04 11:48:31,Closed,Street Condition,Pothole,STATEN ISLAND,nan,40.53393408083089,-74.23666482599201,2026-04-04 11:48:31,nan,23788.714285714286,2762.0,0,1,21.379710732349537,4,0,0.7,4,29.6,1,Medium,14,0.001,0.999,0.0,0.0
68672896,2026-04-15 16:54:35,Closed,Street Condition,Pothole,QUEENS,nan,40.76509677669708,-73.92506047957714,2026-04-15 16:54:35,nan,4959.1547619047615,4660.0,19,0,10.167164436053241,2,0,0.7,4,29.6,1,Medium,14,0.001,0.999,0.0,0.0
68576041,2026-04-06 14:22:40,Closed,Street Condition,Pothole,QUEENS,DECATUR STREET,40.694275589555886,-73.9018516025562,2026-04-06 14:22:40,nan,4959.1547619047615,3159.0,7,1,19.272662121238426,2,0,0.7,4,29.6,1,Medium,14,0.024,0.976,0.0,0.0
68713272,2026-04-18 12:21:08,Closed,Street Condition,Pothole,QUEENS,nan,40.72467860892961,-73.764815264584,2026-04-18 12:21:08,nan,4959.1547619047615,4660.0,14,1,7.357060269386574,2,0,0.7,4,29.6,1,Medium,14,0.002,0.998,0.0,0.0
68671223,2026-04-14 08:06:09,Closed,Street Condition,Pothole,QUEENS,nan,40.74248247838665,-73.91289193922543,2026-04-14 21:45:00,nan,4959.1547619047615,4660.0,9,0,11.534132028645834,2,0,0.7,4,29.5,1,Medium,14,0.005,0.995,0.0,0.0
68553725,2026-04-04 00:12:36,Closed,Street Condition,Pothole,QUEENS,nan,40.73494869819789,-73.84542569708825,2026-04-13 13:35:00,nan,4959.1547619047615,4660.0,7,0,21.8629861953125,2,0,0.7,4,29.5,1,Medium,14,0.012,0.988,0.0,0.0
68717463,2026-04-18 06:58:55,Closed,Street Condition,Pothole,BROOKLYN,nan,40.644042017082526,-73.87751946067259,2026-04-21 11:38:00,nan,5664.555555555556,6673.0,37,0,7.580821843460648,1,0,0.7,4,29.5,1,Medium,14,0.001,0.999,0.0,0.0
68665518,2026-04-14 16:25:53,Open,Street Condition,Pothole,BROOKLYN,nan,40.66470914066399,-73.92822991770124,,nan,5664.555555555556,6673.0,8,0,11.187094991608797,1,0,0.7,4,29.5,1,Medium,14,0.005,0.995,0.0,0.0
68722807,2026-04-19 14:25:25,Open,Street Condition,Pothole,BRONX,nan,40.83989685010348,-73.88583618918956,,nan,6677.6,6655.5,28,1,6.270752399016203,3,0,0.7,4,29.5,1,Medium,14,0.001,0.999,0.0,0.0
68650963,2026-04-13 08:31:19,Closed,Street Condition,Pothole,BROOKLYN,nan,40.67941992696954,-73.96822614618212,2026-04-13 08:31:19,nan,5664.555555555556,6673.0,18,1,12.51665517679398,1,0,0.7,4,29.5,1,Medium,14,0.006,0.994,0.0,0.0
68672935,2026-04-15 19:16:20,Closed,Street Condition,Pothole,QUEENS,nan,40.74089617616554,-73.89960689847297,2026-04-15 19:16:20,nan,4959.1547619047615,4660.0,32,1,10.06872693605324,2,0,0.7,4,29.5,1,Medium,14,0.001,0.999,0.0,0.0
68697202,2026-04-17 16:00:26,Open,Street Condition,Pothole,BROOKLYN,nan,40.626569861843265,-73.97092074758424,,nan,5664.555555555556,6673.0,18,0,8.204768602719907,1,0,0.7,4,29.5,1,Medium,14,0.003,0.997,0.0,0.0
68605153,2026-04-08 16:48:43,Closed,Street Condition,Pothole,BRONX,THROOP AVENUE,40.871566467611096,-73.85082825211514,2026-04-08 16:48:43,nan,6677.6,6655.5,7,1,17.171238510127314,3,0,0.7,4,29.5,1,Medium,14,0.017,0.983,0.0,0.0
68731112,2026-04-20 12:29:26,Closed,Street Condition,Pothole,BRONX,nan,40.84350190355509,-73.8347463857145,2026-04-20 12:29:26,nan,6677.6,6655.5,9,0,5.351296380497685,3,0,0.7,4,29.5,1,Medium,14,0.004,0.996,0.0,0.0
68631736,2026-04-11 10:50:33,Closed,Street Condition,Pothole,QUEENS,nan,40.76092329390421,-73.8891878421829,2026-04-15 20:15:00,nan,4959.1547619047615,4660.0,8,0,14.419965361979166,2,0,0.7,4,29.5,1,Medium,14,0.007,0.993,0.0,0.0
68693704,2026-04-17 01:20:00,Closed,Street Condition,Pothole,QUEENS,nan,40.67948147234004,-73.7574034114413,2026-04-17 01:20:00,nan,4959.1547619047615,4660.0,11,0,8.816180639756944,2,0,0.7,4,29.5,1,Medium,14,0.002,0.998,0.0,0.0
68642153,2026-04-12 22:56:25,Closed,Street Condition,Pothole,BRONX,nan,40.85931342005406,-73.89207504711318,2026-04-12 22:56:25,nan,6677.6,6655.5,28,1,12.915891287905092,3,0,0.7,4,29.5,1,Medium,14,0.0,1.0,0.0,0.0
68706881,2026-04-17 09:27:55,Closed,Street Condition,Pothole,QUEENS,nan,40.721376471944154,-73.79029310984477,2026-04-17 09:27:55,nan,4959.1547619047615,4660.0,10,0,8.477349621238426,2,0,0.7,4,29.5,1,Medium,14,0.027,0.973,0.0,0.0
68766691,2026-04-23 04:45:51,Closed,Street Condition,Pothole,BRONX,nan,40.83626494893122,-73.84731524355598,2026-04-23 04:45:51,nan,6677.6,6655.5,10,0,2.6732292508680557,3,0,0.7,4,29.5,1,Medium,14,0.003,0.997,0.0,0.0
68682422,2026-04-15 07:24:58,Pending,Street Condition,Pothole,QUEENS,nan,40.66614380206199,-73.82325087127278,,nan,4959.1547619047615,4660.0,33,1,10.56273156568287,2,0,0.7,4,29.5,1,Medium,14,0.0,1.0,0.0,0.0
68679431,2026-04-15 16:54:23,Closed,Street Condition,Pothole,BROOKLYN,nan,40.601431115925024,-74.00513880928703,2026-04-23 10:50:00,nan,5664.555555555556,6673.0,9,1,10.167303324942129,1,0,0.7,4,29.5,1,Medium,14,0.095,0.905,0.0,0.0
68622877,2026-04-10 20:06:56,Closed,Street Condition,Pothole,QUEENS,nan,40.76412997827052,-73.87650083073838,2026-04-21 01:55:00,nan,4959.1547619047615,4660.0,9,0,15.033588047164352,2,0,0.7,4,29.5,1,Medium,14,0.003,0.997,0.0,0.0
68615751,2026-04-09 04:22:52,Closed,Street Condition,Pothole,QUEENS,nan,40.59514031915387,-73.75398660655783,2026-04-09 04:22:52,nan,4959.1547619047615,4660.0,9,0,16.689189899016203,2,0,0.7,4,29.5,1,Medium,14,0.014,0.986,0.0,0.0
68542769,2026-04-02 16:59:43,Closed,Street Condition,Pothole,BROOKLYN,nan,40.64412044446325,-73.98905998133938,2026-04-02 16:59:43,nan,5664.555555555556,6673.0,7,1,23.163599621238426,1,0,0.7,4,29.5,1,Medium,14,0.001,0.999,0.0,0.0
68584694,2026-04-05 23:51:30,Closed,Street Condition,Pothole,QUEENS,nan,40.672258770779074,-73.77296708186967,2026-04-05 23:51:30,nan,4959.1547619047615,4660.0,4,1,19.877638973090278,2,0,0.7,4,29.5,1,Medium,14,0.077,0.923,0.0,0.0
68761422,2026-04-23 09:37:22,Open,Street Condition,Pothole,BROOKLYN,nan,40.65290115850118,-73.8667202982866,,nan,5664.555555555556,6673.0,45,1,2.470787121238426,1,0,0.7,4,29.5,1,Medium,14,0.002,0.998,0.0,0.0
68692272,2026-04-16 09:41:58,Closed,Street Condition,Pothole,QUEENS,nan,40.741960157482175,-73.90830232366856,2026-04-16 21:51:00,nan,4959.1547619047615,4660.0,11,0,9.46759267679398,2,0,0.7,4,29.5,1,Medium,14,0.001,0.999,0.0,0.0
68742857,2026-04-20 14:48:26,Closed,Street Condition,Pothole,QUEENS,nan,40.75855052115356,-73.82963655585823,2026-04-21 10:10:00,nan,4959.1547619047615,4660.0,37,1,5.254768602719907,2,0,0.7,4,29.5,1,Medium,14,0.023,0.976,0.001,0.0
68768629,2026-04-23 11:22:11,Pending,Street Condition,Pothole,QUEENS,nan,40.7221435445032,-73.90226873345684,,nan,4959.1547619047615,4660.0,10,0,2.397997769386574,2,0,0.7,4,29.5,1,Medium,14,0.021,0.979,0.0,0.0
68754418,2026-04-21 13:15:52,Closed,Street Condition,Pothole,BROOKLYN,KOSCIUSKO STREET,40.691793652979904,-73.94110667068003,2026-04-22 09:20:00,nan,5664.555555555556,6673.0,25,1,4.319051010127315,1,0,0.7,4,29.5,1,Medium,14,0.006,0.994,0.0,0.0
68673450,2026-04-15 09:42:55,Open,Street Condition,Pothole,STATEN ISLAND,nan,40.5337038558157,-74.18743956709913,,nan,23788.714285714286,2762.0,0,0,10.466932954571758,4,0,0.7,4,29.5,1,Medium,14,0.031,0.969,0.0,0.0
68678876,2026-04-15 04:05:57,Closed,Street Condition,Pothole,QUEENS,nan,40.68723843749791,-73.82752909036041,2026-04-15 21:45:00,nan,4959.1547619047615,4660.0,12,1,10.70093758420139,2,0,0.7,4,29.4,1,Medium,14,0.003,0.997,0.0,0.0
68705436,2026-04-17 12:10:30,Closed,Street Condition,Pothole,QUEENS,nan,40.7478190517708,-73.86063683487203,2026-04-17 15:45:00,nan,4959.1547619047615,4660.0,11,1,8.364444528645834,2,0,0.7,4,29.4,1,Medium,14,0.001,0.999,0.0,0.0
68578047,2026-04-06 07:30:33,Closed,Street Condition,Pothole,QUEENS,nan,40.688093984436094,-73.79521155049555,2026-04-18 07:25:00,nan,4959.1547619047615,4660.0,7,0,19.558854250868055,2,0,0.7,4,29.4,1,Medium,14,0.009,0.991,0.0,0.0
68536259,2026-04-01 11:07:07,Closed,Street Condition,Pothole,QUEENS,nan,40.71281247936749,-73.73910922708413,2026-04-01 21:47:00,nan,4959.1547619047615,4660.0,6,1,24.40846073234954,2,0,0.7,4,29.4,1,Medium,14,0.021,0.979,0.0,0.0
68601810,2026-04-08 15:14:03,Open,Street Condition,Pothole,STATEN ISLAND,nan,40.53716529880288,-74.15406647939025,,nan,23788.714285714286,2762.0,0,0,17.236979250868057,4,0,0.7,4,29.4,1,Medium,14,0.002,0.998,0.0,0.0
68627545,2026-04-09 22:56:59,Closed,Street Condition,Pothole,BROOKLYN,5 AVENUE,40.67790187176027,-73.97943561393731,2026-04-10 20:40:00,nan,5664.555555555556,6673.0,8,1,15.915497769386574,1,0,0.7,4,29.4,1,Medium,14,0.013,0.987,0.0,0.0
68761420,2026-04-23 20:12:42,Open,Street Condition,Pothole,BROOKLYN,nan,40.68304991241459,-73.97376251912186,,nan,5664.555555555556,6673.0,27,1,2.0295834175347225,1,0,0.7,4,29.4,1,Medium,14,0.223,0.777,0.0,0.0
68700127,2026-04-17 12:27:50,Open,Street Condition,Pothole,STATEN ISLAND,nan,40.54837734970582,-74.1892978579241,,nan,23788.714285714286,2762.0,0,0,8.352407491608796,4,0,0.7,4,29.4,1,Medium,14,0.141,0.859,0.0,0.0
68663882,2026-04-14 16:12:58,Open,Street Condition,Pothole,BRONX,nan,40.87114927476741,-73.8508291880295,,nan,6677.6,6655.5,7,1,11.196064899016203,3,0,0.7,4,29.4,1,Medium,14,0.034,0.966,0.0,0.0
68703020,2026-04-17 18:11:02,Closed,Street Condition,Pothole,QUEENS,nan,40.735633458384704,-73.87601599872089,2026-04-23 09:57:00,nan,4959.1547619047615,4660.0,21,0,8.114074158275463,2,0,0.7,4,29.4,1,Medium,14,0.021,0.979,0.0,0.0
68694219,2026-04-17 01:28:11,Closed,Street Condition,Pothole,QUEENS,nan,40.725476145414376,-73.76557731286611,2026-04-17 21:45:00,nan,4959.1547619047615,4660.0,31,1,8.810497769386574,2,0,0.7,4,29.4,1,Medium,14,0.001,0.999,0.0,0.0
68686827,2026-04-16 23:24:05,Pending,Street Condition,Pothole,QUEENS,nan,40.75903640272996,-73.88789511644337,,nan,4959.1547619047615,4660.0,13,0,8.89667832494213,2,0,0.7,4,29.4,1,Medium,14,0.007,0.993,0.0,0.0
68760933,2026-04-23 14:29:56,Closed,Street Condition,Pothole,QUEENS,nan,40.66675344861589,-73.80155639575837,2026-04-23 14:29:56,nan,4959.1547619047615,4660.0,19,0,2.26761582494213,2,0,0.7,4,29.4,1,Medium,14,0.014,0.986,0.0,0.0
68734518,2026-04-20 18:53:05,Open,Street Condition,Pothole,BROOKLYN,nan,40.61040199919937,-73.95859226925326,,nan,5664.555555555556,6673.0,18,0,5.084872769386574,1,0,0.7,4,29.4,1,Medium,14,0.002,0.998,0.0,0.0
68720338,2026-04-18 15:31:06,Closed,Street Condition,Pothole,QUEENS,nan,40.70422439703026,-73.79796078989237,2026-04-19 09:18:00,nan,4959.1547619047615,4660.0,23,0,7.225138973090278,2,0,0.7,4,29.4,1,Medium,14,0.009,0.99,0.0,0.0
68754417,2026-04-21 13:16:43,Closed,Street Condition,Pothole,BROOKLYN,nan,40.67689413208141,-73.90004573863688,2026-04-22 10:00:00,nan,5664.555555555556,6673.0,22,1,4.3184607323495365,1,0,0.7,4,29.4,1,Medium,14,0.002,0.998,0.0,0.0
68719247,2026-04-18 15:28:48,Closed,Street Condition,Pothole,QUEENS,nan,40.7136433699604,-73.80692859466807,2026-04-19 07:45:00,nan,4959.1547619047615,4660.0,16,1,7.2267361953125,2,0,0.7,4,29.4,1,Medium,14,0.004,0.996,0.0,0.0
68693731,2026-04-16 16:54:41,Closed,Street Condition,Pothole,BROOKLYN,nan,40.676448835455936,-73.86453897126174,2026-04-16 16:54:41,nan,5664.555555555556,6673.0,13,0,9.167094991608796,1,0,0.7,4,29.4,1,Medium,14,0.0,1.0,0.0,0.0
68616261,2026-04-04 14:12:06,Closed,Street Condition,Pothole,QUEENS,nan,40.74319520415845,-73.93672346681983,2026-04-18 09:20:00,nan,4959.1547619047615,4660.0,8,1,21.28000008420139,2,0,0.7,4,29.4,1,Medium,14,0.0,1.0,0.0,0.0
68611763,2026-04-04 12:33:39,Closed,Street Condition,Pothole,QUEENS,nan,40.75348867538432,-73.93794086762378,2026-04-04 12:33:39,nan,4959.1547619047615,4660.0,8,0,21.348368139756943,2,0,0.7,4,29.4,1,Medium,14,0.001,0.999,0.0,0.0
68616264,2026-04-04 12:31:40,Pending,Street Condition,Pothole,QUEENS,nan,40.75348867538432,-73.93794086762378,,nan,4959.1547619047615,4660.0,8,0,21.34974545457176,2,0,0.7,4,29.4,1,Medium,14,0.001,0.999,0.0,0.0
68636277,2026-04-10 15:09:21,Closed,Street Condition,Pothole,QUEENS,nan,40.74036378593341,-73.89971235121284,2026-04-11 11:35:00,nan,4959.1547619047615,4660.0,35,1,15.240243139756945,2,0,0.7,4,29.4,1,Medium,14,0.007,0.993,0.0,0.0
68763821,2026-04-23 14:28:52,Closed,Street Condition,Pothole,QUEENS,nan,40.66675344861589,-73.80155639575837,2026-04-23 20:33:00,nan,4959.1547619047615,4660.0,19,0,2.2683565656828706,2,0,0.7,4,29.4,1,Medium,14,0.014,0.986,0.0,0.0
68544503,2026-04-02 16:51:06,Closed,Street Condition,Pothole,QUEENS,nan,40.7511996815164,-73.89026152032358,2026-04-11 12:54:00,nan,4959.1547619047615,4660.0,8,1,23.16958341753472,2,0,0.7,4,29.4,1,Medium,14,0.001,0.999,0.0,0.0
68657452,2026-04-13 13:19:48,Pending,Street Condition,Pothole,QUEENS,nan,40.71285465019912,-73.90480375078845,,nan,4959.1547619047615,4660.0,16,1,12.316319528645833,2,0,0.7,4,29.4,1,Medium,14,0.0,1.0,0.0,0.0
68710780,2026-04-18 10:17:44,Closed,Street Condition,Pothole,QUEENS,nan,40.728370959098946,-73.87113346680071,2026-04-18 21:45:00,nan,4959.1547619047615,4660.0,10,0,7.442754713831018,2,0,0.7,4,29.4,1,Medium,14,0.003,0.997,0.0,0.0
68651466,2026-04-13 14:04:28,Pending,Street Condition,Pothole,QUEENS,nan,40.74113581317115,-73.93523503798474,,nan,4959.1547619047615,4660.0,18,0,12.285301010127315,2,0,0.7,4,29.4,1,Medium,14,0.0,1.0,0.0,0.0
68719672,2026-04-19 08:33:12,Open,Street Condition,Pothole,QUEENS,nan,40.71822688567068,-73.81514029543717,,nan,4959.1547619047615,4660.0,9,1,6.515347306423611,2,0,0.7,4,29.4,1,Medium,14,0.057,0.943,0.0,0.0
68769529,2026-04-23 16:14:13,Closed,Street Condition,Pothole,BRONX,nan,40.830334844214,-73.91894520045653,2026-04-23 16:14:13,nan,6677.6,6655.5,12,1,2.195196843460648,3,0,0.7,4,29.4,1,Medium,14,0.002,0.998,0.0,0.0
68632984,2026-04-11 11:08:34,Closed,Street Condition,Pothole,QUEENS,nan,40.59602243403555,-73.76767018535315,2026-04-15 14:53:00,nan,4959.1547619047615,4660.0,10,0,14.407453787905093,2,0,0.7,4,29.4,1,Medium,14,0.001,0.999,0.0,0.0
68529060,2026-04-01 18:03:08,Closed,Street Condition,Pothole,QUEENS,nan,40.761217008162774,-73.8863970016137,2026-04-01 18:03:08,nan,4959.1547619047615,4660.0,7,0,24.119560269386575,2,0,0.7,4,29.4,1,Medium,14,0.004,0.996,0.0,0.0
68585158,2026-04-05 12:22:26,Closed,Street Condition,Pothole,QUEENS,nan,40.75835361860583,-73.89440079050712,2026-04-18 13:00:00,nan,4959.1547619047615,4660.0,7,0,20.356157491608798,2,0,0.7,4,29.4,1,Medium,14,0.007,0.993,0.0,0.0
68685363,2026-04-16 15:45:10,Closed,Street Condition,Pothole,BROOKLYN,nan,40.6961970583426,-73.9887629364997,2026-04-18 07:55:00,nan,5664.555555555556,6673.0,45,1,9.21537045457176,1,0,0.7,4,29.4,1,Medium,14,0.003,0.997,0.0,0.0
68520449,2026-03-31 16:18:44,Closed,Street Condition,Pothole,QUEENS,nan,40.74729882640561,-73.82899044260391,2026-04-14 10:11:00,nan,4959.1547619047615,4660.0,7,1,25.192060269386577,2,0,0.7,3,29.4,1,Medium,14,0.007,0.993,0.0,0.0
68591694,2026-04-06 15:34:30,Closed,Street Condition,Pothole,BROOKLYN,PENNSYLVANIA AVENUE,40.64437729431419,-73.87790801772604,2026-04-07 09:21:00,nan,2541.0,6673.0,16,0,19.222777861979168,1,0,0.7,4,29.3,1,Medium,14,0.0,1.0,0.0,0.0
68754897,2026-04-22 21:12:04,Open,Street Condition,Pothole,BROOKLYN,nan,40.699772772647066,-73.9829307207,,nan,5664.555555555556,6673.0,16,1,2.9883565656828703,1,0,0.7,4,29.3,1,Medium,14,0.007,0.993,0.0,0.0
68637482,2026-04-11 17:15:55,Closed,Street Condition,Pothole,QUEENS,nan,40.726960181320095,-73.84653020957778,2026-04-11 17:15:55,nan,4959.1547619047615,4660.0,9,1,14.152349621238425,2,0,0.7,4,29.3,1,Medium,14,0.006,0.994,0.0,0.0
68757445,2026-04-22 21:35:02,Open,Street Condition,Pothole,QUEENS,nan,40.72016456114445,-73.84478898171724,,nan,4959.1547619047615,4660.0,28,1,2.9724074916087964,2,0,0.7,4,29.3,1,Medium,14,0.034,0.966,0.0,0.0
68715818,2026-04-18 15:23:15,Closed,Street Condition,Pothole,QUEENS,nan,40.74089617616554,-73.89960689847297,2026-04-18 15:23:15,nan,4959.1547619047615,4660.0,32,1,7.230590361979166,2,0,0.7,4,29.3,1,Medium,14,0.059,0.941,0.0,0.0
68597753,2026-04-08 15:27:19,Open,Street Condition,Pothole,BRONX,nan,40.8198878731224,-73.90725196387191,,nan,6677.6,6655.5,5,0,17.22776628790509,3,0,0.7,4,29.3,1,Medium,14,0.03,0.97,0.0,0.0
68608389,2026-04-09 18:32:49,Open,Street Condition,Pothole,BRONX,nan,40.87788228894741,-73.8447932654327,,nan,6677.6,6655.5,8,1,16.09894684346065,3,0,0.7,4,29.3,1,Medium,14,0.004,0.995,0.0,0.0
68685370,2026-04-16 09:01:32,Open,Street Condition,Pothole,BRONX,nan,40.84678128275266,-73.88378945928034,,nan,6677.6,6655.5,7,1,9.495671380497685,3,0,0.7,4,29.3,1,Medium,14,0.005,0.995,0.0,0.0
68630524,2026-04-11 15:43:07,Closed,Street Condition,Pothole,QUEENS,nan,40.667431988364136,-73.76675458345666,2026-04-18 12:40:00,nan,4959.1547619047615,4660.0,21,0,14.21679406568287,2,0,0.7,4,29.3,1,Medium,14,0.0,1.0,0.0,0.0
68762378,2026-04-23 09:17:15,Closed,Street Condition,Pothole,BRONX,nan,40.81005177613929,-73.92781671022885,2026-04-23 09:17:15,nan,6677.6,6655.5,39,1,2.4847570286458334,3,0,0.7,4,29.3,1,Medium,14,0.0,1.0,0.0,0.0
68705440,2026-04-17 11:15:31,Closed,Street Condition,Pothole,QUEENS,nan,40.758392319232605,-73.78144489023215,2026-04-17 21:45:00,nan,4959.1547619047615,4660.0,11,0,8.402627399016204,2,0,0.7,4,29.3,1,Medium,14,0.069,0.93,0.0,0.0
68713269,2026-04-18 12:53:39,Closed,Street Condition,Pothole,QUEENS,nan,40.74603472114661,-73.93440021822178,2026-04-18 21:45:00,nan,4959.1547619047615,4660.0,20,0,7.334479250868055,2,0,0.7,4,29.3,1,Medium,14,0.002,0.998,0.0,0.0
68630521,2026-04-11 17:58:42,Closed,Street Condition,Pothole,QUEENS,nan,40.7662932477517,-73.9336257652648,2026-04-21 09:50:00,nan,4959.1547619047615,4660.0,7,0,14.122638973090277,2,0,0.7,4,29.3,1,Medium,14,0.28,0.719,0.0,0.0
68674938,2026-04-15 20:39:22,Pending,Street Condition,Pothole,QUEENS,nan,40.72293938441036,-73.80019494496143,,nan,4959.1547619047615,4660.0,10,0,10.011064899016203,2,0,0.7,4,29.3,1,Medium,14,0.001,0.999,0.0,0.0
68744348,2026-04-21 07:13:53,Closed,Street Condition,Pothole,QUEENS,nan,40.71822688567068,-73.81514029543717,2026-04-21 07:13:53,nan,4959.1547619047615,4660.0,9,1,4.57042832494213,2,0,0.7,4,29.3,1,Medium,14,0.187,0.813,0.0,0.0
68618936,2026-04-10 07:48:24,Closed,Street Condition,Pothole,QUEENS,nan,40.72010889981792,-73.85043131267804,2026-04-18 11:14:00,nan,4959.1547619047615,4660.0,8,1,15.546458417534723,2,0,0.7,4,29.3,1,Medium,14,0.007,0.993,0.0,0.0
68758778,2026-04-22 17:05:12,Open,Street Condition,Pothole,QUEENS,nan,40.71182492313364,-73.83611529529921,,nan,4959.1547619047615,4660.0,16,1,3.1597917508680555,2,0,0.7,4,29.3,1,Medium,14,0.004,0.996,0.0,0.0
68658964,2026-04-14 01:48:16,Closed,Street Condition,Pothole,QUEENS,nan,40.68723843749791,-73.82752909036041,2026-04-14 20:45:00,nan,4959.1547619047615,4660.0,12,1,11.796551010127315,2,0,0.7,4,29.3,1,Medium,14,0.004,0.996,0.0,0.0
68720720,2026-04-19 09:53:18,Open,Street Condition,Pothole,QUEENS,nan,40.75326369572772,-73.86444773530702,,nan,4959.1547619047615,4660.0,12,1,6.459722306423611,2,0,0.7,4,29.3,1,Medium,14,0.003,0.997,0.0,0.0
68656935,2026-04-14 01:51:19,Closed,Street Condition,Pothole,QUEENS,nan,40.68723843749791,-73.82752909036041,2026-04-14 01:51:19,nan,4959.1547619047615,4660.0,12,1,11.794432954571759,2,0,0.7,4,29.3,1,Medium,14,0.004,0.996,0.0,0.0
68732595,2026-04-20 09:26:12,Closed,Street Condition,Pothole,QUEENS,nan,40.7055907276556,-73.85823284681707,2026-04-20 18:55:00,nan,4959.1547619047615,4660.0,14,1,5.478541750868056,2,0,0.7,4,29.3,1,Medium,14,0.002,0.998,0.0,0.0
68664890,2026-04-13 16:34:36,Closed,Street Condition,Pothole,BROOKLYN,nan,40.672972233472,-73.96744693490606,2026-04-14 11:55:00,nan,5664.555555555556,6673.0,12,1,12.181041750868056,1,0,0.7,4,29.3,0,Low,30,0.56,0.44,0.0,0.0
68727205,2026-04-20 13:28:39,Open,Street Condition,Pothole,BROOKLYN,nan,40.60593544076196,-74.00045737407888,,nan,5664.555555555556,6673.0,9,0,5.3101736953125,1,0,0.7,4,29.3,1,Medium,14,0.013,0.987,0.0,0.0
68585201,2026-04-06 14:34:40,Closed,Street Condition,Pothole,QUEENS,nan,40.59513985689854,-73.74995730983564,2026-04-11 13:37:00,nan,4959.1547619047615,4660.0,8,0,19.264328787905093,2,0,0.7,4,29.3,1,Medium,14,0.022,0.978,0.0,0.0
68692294,2026-04-16 07:16:39,Closed,Street Condition,Pothole,BRONX,nan,40.85301827223642,-73.85121686739964,2026-04-16 07:16:39,nan,6677.6,6655.5,7,0,9.568507028645833,3,0,0.7,4,29.3,1,Medium,14,0.148,0.852,0.0,0.0
68533317,2026-04-01 10:08:06,Closed,Street Condition,Pothole,QUEENS,nan,40.71029013467216,-73.9178828267219,2026-04-01 10:08:06,nan,4959.1547619047615,4660.0,6,0,24.449444528645834,2,0,0.7,4,29.3,0,Low,30,0.783,0.217,0.0,0.0
68688370,2026-04-16 15:24:07,Open,Street Condition,Pothole,STATEN ISLAND,nan,40.609825867202424,-74.10543269516238,,nan,23788.714285714286,2762.0,2,0,9.229988510127315,4,0,0.7,4,29.3,1,Medium,14,0.006,0.994,0.0,0.0
68768606,2026-04-23 11:53:56,Open,Street Condition,Pothole,BROOKLYN,nan,40.67025648951579,-73.99202608565997,,nan,5664.555555555556,6673.0,9,1,2.3759491582754633,1,0,0.7,4,29.3,1,Medium,14,0.073,0.927,0.0,0.0
68657444,2026-04-13 09:13:06,Closed,Street Condition,Pothole,BROOKLYN,nan,40.61939737192231,-73.96956588163236,2026-04-23 08:27:00,nan,5664.555555555556,6673.0,16,0,12.487638973090277,1,0,0.7,4,29.3,1,Medium,14,0.001,0.999,0.0,0.0
68741920,2026-04-21 16:43:49,Open,Street Condition,Pothole,QUEENS,nan,40.734273296723934,-73.8625956125212,,nan,4959.1547619047615,4660.0,24,1,4.174641287905092,2,0,0.7,4,29.3,1,Medium,14,0.017,0.983,0.0,0.0
68647233,2026-04-12 21:37:34,Open,Street Condition,Pothole,BRONX,nan,40.903549941896955,-73.85482615644081,,nan,6677.6,6655.5,7,1,12.970648232349538,3,0,0.7,4,29.3,1,Medium,14,0.004,0.996,0.0,0.0
68640275,2026-04-12 19:13:44,Open,Street Condition,Pothole,STATEN ISLAND,nan,40.6070730741089,-74.09239835827645,,nan,23788.714285714286,2762.0,1,1,13.070532491608796,4,0,0.7,4,29.3,1,Medium,14,0.006,0.994,0.0,0.0
68601802,2026-04-08 15:58:12,Closed,Street Condition,Pothole,BROOKLYN,nan,40.61347533068813,-74.00377826456754,2026-04-09 12:55:00,nan,5664.555555555556,6673.0,8,1,17.20631952864583,1,0,0.7,4,29.3,1,Medium,14,0.461,0.539,0.0,0.0
68617076,2026-04-04 10:29:16,Closed,Street Condition,Pothole,QUEENS,nan,40.71059995970241,-73.8088960294562,2026-04-04 10:29:16,nan,4959.1547619047615,4660.0,7,1,21.434745454571758,2,0,0.7,4,29.2,1,Medium,14,0.006,0.994,0.0,0.0
68583242,2026-04-06 07:36:31,Closed,Street Condition,Pothole,QUEENS,nan,40.761217008162774,-73.8863970016137,2026-04-06 07:36:31,nan,4959.1547619047615,4660.0,7,0,19.554710732349537,2,0,0.7,4,29.2,1,Medium,14,0.013,0.987,0.0,0.0
68770021,2026-04-24 02:06:29,Open,Street Condition,Pothole,QUEENS,nan,40.75438938417203,-73.89652218284081,,nan,4959.1547619047615,4660.0,17,0,1.7839005471643519,2,0,0.7,4,29.2,1,Medium,14,0.013,0.987,0.0,0.0
68614451,2026-04-09 12:38:15,Closed,Street Condition,Pothole,QUEENS,nan,40.726960181320095,-73.84653020957778,2026-04-09 12:38:15,nan,4959.1547619047615,4660.0,9,1,16.3451736953125,2,0,0.7,4,29.2,1,Medium,14,0.003,0.997,0.0,0.0
68675872,2026-04-15 14:02:03,Closed,Street Condition,Pothole,QUEENS,nan,40.7402725268642,-73.89585124979992,2026-04-15 14:02:03,nan,4959.1547619047615,4660.0,23,0,10.286979250868056,2,0,0.7,4,29.2,1,Medium,14,0.001,0.999,0.0,0.0
68696700,2026-04-18 01:03:29,Closed,Street Condition,Pothole,QUEENS,nan,40.67948147234004,-73.7574034114413,2026-04-18 01:03:29,nan,4959.1547619047615,4660.0,11,0,7.827650547164351,2,0,0.7,4,29.2,1,Medium,14,0.001,0.999,0.0,0.0
68645011,2026-04-12 17:47:47,Closed,Street Condition,Pothole,BROOKLYN,nan,40.63047853362767,-73.98609359679054,2026-04-23 09:58:00,nan,5664.555555555556,6673.0,11,0,13.130219991608795,1,0,0.7,4,29.2,1,Medium,14,0.001,0.999,0.0,0.0
68746430,2026-04-21 15:22:09,Open,Street Condition,Pothole,BRONX,nan,40.82754862193643,-73.91846801673917,,nan,6677.6,6655.5,8,1,4.231354250868056,3,0,0.7,4,29.2,1,Medium,14,0.009,0.991,0.0,0.0
68712043,2026-04-18 14:00:56,Closed,Street Condition,Pothole,QUEENS,nan,40.757824102636256,-73.86099851810266,2026-04-18 20:45:00,nan,4959.1547619047615,4660.0,15,1,7.287754713831018,2,0,0.7,4,29.2,1,Medium,14,0.002,0.998,0.0,0.0
68700153,2026-04-17 05:43:01,Pending,Street Condition,Pothole,QUEENS,nan,40.74478208021145,-73.93260783965736,,nan,4959.1547619047615,4660.0,17,0,8.63353017679398,2,0,0.7,4,29.2,1,Medium,14,0.025,0.975,0.0,0.0
68599173,2026-04-08 15:20:08,Open,Street Condition,Pothole,STATEN ISLAND,nan,40.53592843844204,-74.15532278947795,,nan,23788.714285714286,2762.0,0,0,17.232754713831017,4,0,0.7,4,29.2,1,Medium,14,0.003,0.997,0.0,0.0
68712040,2026-04-17 16:18:07,Closed,Street Condition,Pothole,QUEENS,nan,40.746047570498,-73.89902892207441,2026-04-18 14:35:00,nan,4959.1547619047615,4660.0,9,0,8.192488510127314,2,0,0.7,4,29.2,1,Medium,14,0.007,0.993,0.0,0.0
68633767,2026-04-10 14:51:06,Closed,Street Condition,Pothole,QUEENS,nan,40.596538061032845,-73.76747394391735,2026-04-11 12:50:00,nan,4959.1547619047615,4660.0,10,0,15.252916750868055,2,0,0.7,4,29.2,1,Medium,14,0.001,0.999,0.0,0.0
68674932,2026-04-15 09:29:42,Open,Street Condition,Pothole,BROOKLYN,nan,40.676448835455936,-73.86453897126174,,nan,5664.555555555556,6673.0,13,0,10.4761111953125,1,0,0.7,4,29.2,1,Medium,14,0.0,1.0,0.0,0.0
68675873,2026-04-15 14:00:10,Closed,Street Condition,Pothole,QUEENS,nan,40.7402725268642,-73.89585124979992,2026-04-15 14:00:10,nan,4959.1547619047615,4660.0,23,0,10.288287121238426,2,0,0.7,4,29.2,1,Medium,14,0.001,0.999,0.0,0.0
68701074,2026-04-17 17:56:20,Closed,Street Condition,Pothole,QUEENS,nan,40.743700340673925,-73.92333787837586,2026-04-17 17:56:20,nan,4959.1547619047615,4660.0,15,0,8.124282491608795,2,0,0.7,4,29.2,1,Medium,14,0.001,0.999,0.0,0.0
68729573,2026-04-20 08:04:27,Closed,Street Condition,Pothole,QUEENS,nan,40.73135777466605,-73.89917385813844,2026-04-20 17:41:00,nan,4959.1547619047615,4660.0,12,1,5.535312584201389,2,0,0.7,4,29.2,1,Medium,14,0.008,0.992,0.0,0.0
68595025,2026-04-07 10:25:43,Open,Street Condition,Pothole,BROOKLYN,nan,40.63483725510674,-73.90496908837893,,nan,5664.555555555556,6673.0,7,1,18.437210732349538,1,0,0.7,4,29.2,1,Medium,14,0.033,0.967,0.0,0.0
68754899,2026-04-22 17:09:59,Closed,Street Condition,Pothole,BROOKLYN,nan,40.64432912509987,-73.91990626201557,2026-04-23 09:50:00,nan,5664.555555555556,6673.0,17,0,3.156469991608796,1,0,0.7,4,29.1,1,Medium,14,0.002,0.998,0.0,0.0
68548509,2026-04-03 11:45:05,Closed,Street Condition,Pothole,QUEENS,DECATUR STREET,40.694275589555886,-73.9018516025562,2026-04-15 12:35:00,nan,4959.1547619047615,3159.0,7,1,22.382094991608795,2,0,0.7,4,29.1,1,Medium,14,0.008,0.992,0.0,0.0
68632989,2026-04-11 08:35:56,Closed,Street Condition,Pothole,QUEENS,nan,40.66696247751433,-73.77077544154798,2026-04-18 07:40:00,nan,4959.1547619047615,4660.0,20,0,14.513449158275463,2,0,0.7,4,29.1,1,Medium,14,0.0,1.0,0.0,0.0
68742875,2026-04-20 07:00:00,Closed,Street Condition,Pothole,STATEN ISLAND,LANDIS AVENUE,40.6010290398076,-74.06891797475676,2026-04-21 12:35:00,nan,23788.714285714286,2762.0,2,1,5.580069528645833,4,0,0.7,4,29.1,1,Medium,14,0.001,0.999,0.0,0.0
68667081,2026-04-14 14:06:50,Open,Street Condition,Pothole,STATEN ISLAND,nan,40.56345223685677,-74.16974713844488,,nan,23788.714285714286,2762.0,4,1,11.283657491608796,4,0,0.7,4,29.1,1,Medium,14,0.003,0.997,0.0,0.0
68669692,2026-04-14 10:32:28,Closed,Street Condition,Pothole,QUEENS,nan,40.73996638301459,-73.89423145890211,2026-04-14 10:32:28,nan,4959.1547619047615,4660.0,29,0,11.432523232349537,2,0,0.7,4,29.1,1,Medium,14,0.007,0.993,0.0,0.0
68639101,2026-04-12 13:21:03,Open,Street Condition,Pothole,STATEN ISLAND,nan,40.57242260164918,-74.14110656256885,,nan,23788.714285714286,2762.0,0,1,13.315451473090278,4,0,0.7,4,29.1,1,Medium,14,0.004,0.996,0.0,0.0
68756134,2026-04-22 11:21:54,Open,Street Condition,Pothole,BROOKLYN,nan,40.66329536267918,-73.88978616703648,,nan,5664.555555555556,6673.0,21,1,3.398194528645833,1,0,0.7,4,29.1,1,Medium,14,0.002,0.998,0.0,0.0
68770023,2026-04-23 19:08:34,Open,Street Condition,Pothole,QUEENS,HORACE HARDING EXPRESSWAY,40.74102527782184,-73.79280064726649,,nan,4959.1547619047615,4660.0,11,1,2.0741204545717595,2,0,0.7,4,29.1,1,Medium,14,0.036,0.964,0.0,0.0
68747358,2026-04-21 16:08:49,Closed,Street Condition,Pothole,QUEENS,nan,40.74539248384297,-73.90661223789577,2026-04-21 18:45:00,nan,4959.1547619047615,4660.0,10,0,4.198946843460648,2,0,0.7,4,29.1,1,Medium,14,0.003,0.997,0.0,0.0
68717029,2026-04-18 10:21:08,Closed,Street Condition,Pothole,QUEENS,nan,40.68475276870048,-73.8607650341662,2026-04-18 10:21:08,nan,4959.1547619047615,4660.0,9,1,7.440393602719907,2,0,0.7,4,29.1,1,Medium,14,0.005,0.995,0.0,0.0
68700128,2026-04-17 12:24:28,Open,Street Condition,Pothole,STATEN ISLAND,nan,40.53309116630536,-74.18947400771796,,nan,23788.714285714286,2762.0,1,0,8.35474545457176,4,0,0.7,4,29.1,1,Medium,14,0.223,0.777,0.0,0.0
68600483,2026-04-08 10:29:05,Closed,Street Condition,Pothole,QUEENS,nan,40.72162824675368,-73.90311728088848,2026-04-18 08:30:00,nan,4959.1547619047615,4660.0,9,0,17.434872769386573,2,0,0.7,4,29.1,1,Medium,14,0.001,0.999,0.0,0.0
68758768,2026-04-22 10:02:00,Open,Street Condition,Pothole,BRONX,nan,40.804587114307076,-73.91212436203266,,nan,6677.6,6655.5,60,1,3.453680639756944,3,0,0.7,4,29.1,1,Medium,14,0.0,1.0,0.0,0.0
68528094,2026-04-01 08:42:31,Closed,Street Condition,Pothole,BROOKLYN,nan,40.628642957998856,-74.00592627047388,2026-04-03 14:10:00,nan,5664.555555555556,6673.0,5,1,24.508877399016207,1,0,0.7,4,29.1,1,Medium,14,0.029,0.971,0.0,0.0
68646123,2026-04-12 23:29:40,Closed,Street Condition,Pothole,QUEENS,nan,40.66601019569554,-73.78952997649682,2026-04-13 21:17:00,nan,4959.1547619047615,4660.0,20,0,12.892801010127314,2,0,0.7,4,29.1,1,Medium,14,0.0,1.0,0.0,0.0
68751690,2026-04-21 14:33:13,Closed,Street Condition,Pothole,BROOKLYN,THROOP AVENUE,40.694468128035034,-73.94323554504415,2026-04-22 06:00:00,nan,6510.428571428572,5795.0,9,1,4.265335732349537,1,0,0.7,4,29.1,1,Medium,14,0.002,0.998,0.0,0.0
68618435,2026-04-10 17:26:41,Closed,Street Condition,Pothole,BRONX,nan,40.85301827223642,-73.85121686739964,2026-04-10 17:26:41,nan,6677.6,6655.5,7,0,15.144872769386573,3,0,0.7,4,29.1,1,Medium,14,0.473,0.527,0.0,0.0
68600474,2026-04-08 17:33:56,Pending,Street Condition,Pothole,QUEENS,nan,40.71717004378632,-73.83493696618532,,nan,4959.1547619047615,4660.0,9,0,17.13983804716435,2,0,0.7,4,29.1,1,Medium,14,0.002,0.998,0.0,0.0
68732591,2026-04-20 11:20:24,Closed,Street Condition,Pothole,QUEENS,nan,40.73001773405,-73.82346751751783,2026-04-20 20:17:00,nan,4959.1547619047615,4660.0,12,0,5.3992361953125,2,0,0.7,4,29.1,1,Medium,14,0.006,0.994,0.0,0.0
68724895,2026-04-19 12:52:38,Open,Street Condition,Pothole,QUEENS,nan,40.74102824263403,-73.93430771337177,,nan,4959.1547619047615,4660.0,17,0,6.335185269386574,2,0,0.7,4,29.1,1,Medium,14,0.003,0.997,0.0,0.0
68756954,2026-04-22 14:07:14,Closed,Street Condition,Pothole,STATEN ISLAND,nan,40.6070730741089,-74.09239835827645,2026-04-22 14:07:14,nan,23788.714285714286,2762.0,1,1,3.2833797138310183,4,0,0.7,4,29.1,1,Medium,14,0.007,0.993,0.0,0.0
68647236,2026-04-12 21:34:45,Closed,Street Condition,Pothole,STATEN ISLAND,nan,40.57519340684877,-74.1007667923593,2026-04-18 12:10:00,nan,23788.714285714286,2762.0,0,0,12.972604250868056,4,0,0.7,4,29.0,1,Medium,14,0.008,0.992,0.0,0.0
68713745,2026-04-18 08:39:27,Open,Street Condition,Pothole,BROOKLYN,nan,40.67025648951579,-73.99202608565997,,nan,5664.555555555556,6673.0,9,1,7.5110070286458335,1,0,0.7,4,29.0,1,Medium,14,0.039,0.961,0.0,0.0
68658486,2026-04-13 21:39:40,Closed,Street Condition,Pothole,QUEENS,nan,40.76443696224299,-73.87357620617962,2026-04-13 21:39:40,nan,4959.1547619047615,4660.0,9,0,11.969189899016204,2,0,0.7,4,29.0,1,Medium,14,0.004,0.996,0.0,0.0
68613678,2026-04-09 20:05:39,Open,Street Condition,Pothole,BROOKLYN,nan,40.646276979116045,-73.96917524836513,,nan,5664.555555555556,6673.0,8,0,16.034479250868056,1,0,0.7,4,29.0,1,Medium,14,0.006,0.994,0.0,0.0
68622882,2026-04-10 12:24:22,Closed,Street Condition,Pothole,QUEENS,nan,40.68991733376831,-73.77789394110152,2026-04-15 21:25:00,nan,4959.1547619047615,4660.0,7,1,15.354814899016203,2,0,0.7,4,29.0,1,Medium,14,0.107,0.893,0.0,0.0
68754891,2026-04-22 17:36:44,Open,Street Condition,Pothole,QUEENS,nan,40.7325834170122,-73.86805111721684,,nan,4959.1547619047615,4660.0,44,1,3.1378936027199074,2,0,0.7,4,29.0,1,Medium,14,0.014,0.986,0.0,0.0
68553736,2026-04-03 07:38:48,Pending,Street Condition,Pothole,QUEENS,nan,40.69446951905633,-73.78146330384405,,nan,4959.1547619047615,4660.0,6,1,22.55312508420139,2,0,0.7,4,29.0,1,Medium,14,0.039,0.961,0.0,0.0
68686837,2026-04-16 16:17:19,Open,Street Condition,Pothole,QUEENS,nan,40.74686621387203,-73.87715718963072,,nan,4959.1547619047615,4660.0,30,0,9.19304406568287,2,0,0.7,4,29.0,1,Medium,14,0.005,0.995,0.0,0.0
68626306,2026-04-10 11:31:46,Closed,Street Condition,Pothole,QUEENS,nan,40.738900280315264,-73.7337746452388,2026-04-10 11:31:46,nan,4959.1547619047615,4660.0,9,0,15.39134267679398,2,0,0.7,4,29.0,1,Medium,14,0.007,0.993,0.0,0.0
68529489,2026-04-01 08:49:12,Closed,Street Condition,Pothole,BROOKLYN,nan,40.65794283192471,-73.9368656027231,2026-04-11 14:20:00,nan,5664.555555555556,6673.0,5,1,24.5042361953125,1,0,0.7,4,29.0,1,Medium,14,0.006,0.994,0.0,0.0
68540735,2026-04-02 10:55:37,Pending,Street Condition,Pothole,QUEENS,nan,40.71933732263064,-73.87303765732788,,nan,4959.1547619047615,4660.0,6,0,23.416446843460648,2,0,0.7,4,29.0,1,Medium,14,0.068,0.932,0.0,0.0
68643300,2026-04-12 18:39:24,Closed,Street Condition,Pothole,QUEENS,nan,40.7599300035456,-73.89845559346726,2026-04-12 18:39:24,nan,4959.1547619047615,4660.0,8,0,13.094375084201388,2,0,0.7,4,29.0,1,Medium,14,0.011,0.989,0.0,0.0
68671224,2026-04-14 07:49:59,Closed,Street Condition,Pothole,QUEENS,nan,40.7343762769571,-73.87341674191903,2026-04-14 07:49:59,nan,4959.1547619047615,4660.0,23,0,11.545358880497686,2,0,0.7,4,29.0,1,Medium,14,0.004,0.996,0.0,0.0
68766684,2026-04-23 08:35:33,Closed,Street Condition,Pothole,QUEENS,nan,40.66797715383524,-73.79813186630179,2026-04-23 20:22:00,nan,4959.1547619047615,4660.0,14,0,2.513715361979167,2,0,0.7,4,29.0,1,Medium,14,0.141,0.859,0.0,0.0
68714575,2026-04-18 18:45:26,Closed,Street Condition,Pothole,STATEN ISLAND,nan,40.53440150529732,-74.18546288535472,2026-04-18 18:45:26,nan,23788.714285714286,2762.0,0,0,7.0901852693865735,4,0,0.7,4,29.0,1,Medium,14,0.014,0.986,0.0,0.0
68593091,2026-04-06 15:33:39,Closed,Street Condition,Pothole,BROOKLYN,PENNSYLVANIA AVENUE,40.64507250981882,-73.87864906383643,2026-04-07 09:06:00,nan,2541.0,6673.0,11,0,19.223368139756943,1,0,0.7,4,29.0,1,Medium,14,0.0,1.0,0.0,0.0
68671895,2026-04-14 16:20:35,Closed,Street Condition,Pothole,QUEENS,nan,40.74788084248102,-73.85730194459506,2026-04-14 23:54:00,nan,4959.1547619047615,4660.0,9,0,11.190775547164352,2,0,0.7,4,29.0,1,Medium,14,0.007,0.993,0.0,0.0
68537624,2026-04-02 20:39:36,Closed,Street Condition,Pothole,QUEENS,nan,40.70327874865508,-73.73620712128428,2026-04-02 20:39:36,nan,4959.1547619047615,4660.0,7,1,23.010902861979165,2,0,0.7,4,29.0,1,Medium,14,0.004,0.996,0.0,0.0
68576005,2026-04-05 13:17:55,Closed,Street Condition,Pothole,QUEENS,nan,40.761217008162774,-73.8863970016137,2026-04-05 13:17:55,nan,4959.1547619047615,4660.0,7,0,20.317627399016203,2,0,0.7,4,29.0,1,Medium,14,0.007,0.993,0.0,0.0
68642159,2026-04-12 20:12:32,Closed,Street Condition,Pothole,QUEENS,nan,40.7599300035456,-73.89845559346726,2026-04-12 20:12:32,nan,4959.1547619047615,4660.0,8,0,13.029699158275463,2,0,0.7,4,29.0,1,Medium,14,0.012,0.988,0.0,0.0
68526202,2026-04-01 15:50:54,Closed,Street Condition,Pothole,QUEENS,nan,40.761217008162774,-73.8863970016137,2026-04-01 15:50:54,nan,4959.1547619047615,4660.0,7,0,24.211388973090276,2,0,0.7,4,29.0,1,Medium,14,0.006,0.994,0.0,0.0
68528091,2026-04-01 12:16:51,Closed,Street Condition,Pothole,BROOKLYN,nan,40.63129785980048,-74.03374325755804,2026-04-03 14:50:00,nan,5664.555555555556,6673.0,5,0,24.360034806423613,1,0,0.7,4,29.0,1,Medium,14,0.046,0.954,0.0,0.0
68618442,2026-04-11 01:27:27,Closed,Street Condition,Pothole,QUEENS,nan,40.733497309506575,-73.87036942449794,2026-04-11 01:27:27,nan,4959.1547619047615,4660.0,44,1,14.811007028645832,2,0,0.7,4,29.0,1,Medium,14,0.0,1.0,0.0,0.0
68734008,2026-04-20 09:03:49,Closed,Street Condition,Pothole,QUEENS,nan,40.68046187636432,-73.84307508173646,2026-04-20 19:39:00,nan,4959.1547619047615,4660.0,16,0,5.494085732349537,2,0,0.7,4,29.0,1,Medium,14,0.0,1.0,0.0,0.0
68526683,2026-04-01 16:07:33,Closed,Street Condition,Pothole,QUEENS,nan,40.68627254618037,-73.77380998188276,2026-04-13 12:16:00,nan,4959.1547619047615,4660.0,6,1,24.199826473090276,2,0,0.7,4,29.0,1,Medium,14,0.059,0.941,0.0,0.0
68530455,2026-04-01 10:13:15,Closed,Street Condition,Pothole,QUEENS,nan,40.750434776856515,-73.95147093093782,2026-04-01 19:55:00,nan,4959.1547619047615,4660.0,7,1,24.445868139756946,2,0,0.7,4,29.0,1,Medium,14,0.007,0.993,0.0,0.0
68655908,2026-04-13 09:55:00,Open,Street Condition,Pothole,BRONX,nan,40.85359405008968,-73.85948620758532,,nan,6677.6,6655.5,6,1,12.458541750868056,3,0,0.7,4,29.0,1,Medium,14,0.014,0.986,0.0,0.0
68663900,2026-04-14 23:28:52,Closed,Street Condition,Pothole,BROOKLYN,nan,40.69909044367837,-73.95607401194755,2026-04-23 09:50:00,nan,5664.555555555556,6673.0,35,1,10.89335656568287,1,0,0.7,4,29.0,1,Medium,14,0.001,0.999,0.0,0.0
68588895,2026-04-07 10:49:23,Closed,Street Condition,Pothole,QUEENS,nan,40.69446951905633,-73.78146330384405,2026-04-07 10:49:23,nan,4959.1547619047615,4660.0,6,1,18.42077554716435,2,0,0.7,4,29.0,1,Medium,14,0.02,0.98,0.0,0.0
68731117,2026-04-20 13:08:53,Closed,Street Condition,Pothole,QUEENS,nan,40.735655957402535,-73.85099901475667,2026-04-20 19:24:00,nan,4959.1547619047615,4660.0,17,1,5.323900547164351,2,0,0.7,4,29.0,1,Medium,14,0.006,0.994,0.0,0.0
68676403,2026-04-15 11:13:02,Open,Street Condition,Pothole,STATEN ISLAND,nan,40.541395897831435,-74.2120743894584,,nan,23788.714285714286,2762.0,2,0,10.40435193605324,4,0,0.7,4,29.0,1,Medium,14,0.001,0.999,0.0,0.0
68740485,2026-04-21 16:09:23,Pending,Street Condition,Pothole,QUEENS,nan,40.74377321626258,-73.91382854568447,,nan,4959.1547619047615,4660.0,14,0,4.19855332494213,2,0,0.7,4,28.9,1,Medium,14,0.002,0.998,0.0,0.0
68731123,2026-04-20 09:20:20,Closed,Street Condition,Pothole,QUEENS,nan,40.755363278356555,-73.88722633055772,2026-04-20 21:45:00,nan,4959.1547619047615,4660.0,11,0,5.48261582494213,2,0,0.7,4,28.9,1,Medium,14,0.004,0.996,0.0,0.0
68747967,2026-04-21 16:49:28,Open,Street Condition,Pothole,STATEN ISLAND,nan,40.587679542185526,-74.10973259904755,,nan,23788.714285714286,2762.0,1,0,4.1707176767939815,4,0,0.7,4,28.9,1,Medium,14,0.004,0.996,0.0,0.0
68734529,2026-04-20 03:31:17,Open,Street Condition,Pothole,BROOKLYN,nan,40.65264352756037,-73.94976894992234,,nan,5664.555555555556,6673.0,17,1,5.725011658275463,1,0,0.7,4,28.9,1,Medium,14,0.004,0.996,0.0,0.0
68608411,2026-04-09 16:43:31,Closed,Street Condition,Pothole,BROOKLYN,nan,40.600777584188776,-74.00940605360461,2026-04-11 09:00:00,nan,5664.555555555556,6673.0,6,1,16.174849621238426,1,0,0.7,4,28.9,1,Medium,14,0.05,0.95,0.0,0.0
68726642,2026-04-20 03:31:18,Closed,Street Condition,Pothole,BROOKLYN,nan,40.65264352756037,-73.94976894992234,2026-04-20 03:31:18,nan,5664.555555555556,6673.0,17,1,5.725000084201389,1,0,0.7,4,28.9,1,Medium,14,0.004,0.996,0.0,0.0
68744912,2026-04-21 17:18:43,Closed,Street Condition,Pothole,QUEENS,nan,40.7402725268642,-73.89585124979992,2026-04-21 20:45:00,nan,4959.1547619047615,4660.0,23,0,4.150405176793981,2,0,0.7,4,28.9,1,Medium,14,0.014,0.986,0.0,0.0
68583230,2026-04-06 16:33:26,Closed,Street Condition,Pothole,QUEENS,DECATUR STREET,40.694275589555886,-73.9018516025562,2026-04-06 16:33:26,nan,4959.1547619047615,3159.0,7,1,19.181851936053242,2,0,0.7,4,28.9,1,Medium,14,0.024,0.976,0.0,0.0
68643302,2026-04-12 17:53:33,Closed,Street Condition,Pothole,QUEENS,nan,40.726570171449424,-73.852639274396,2026-04-12 17:53:33,nan,4959.1547619047615,4660.0,9,0,13.126215361979167,2,0,0.7,4,28.9,1,Medium,14,0.003,0.997,0.0,0.0
68722440,2026-04-18 23:39:37,Closed,Street Condition,Pothole,BROOKLYN,nan,40.677862636645656,-73.93862413608063,2026-04-19 17:40:00,nan,5664.555555555556,6673.0,15,0,6.885891287905093,1,0,0.7,4,28.9,1,Medium,14,0.001,0.999,0.0,0.0
68768618,2026-04-23 14:07:58,Open,Street Condition,Pothole,STATEN ISLAND,nan,40.61015081224076,-74.1469668811833,,nan,23788.714285714286,2762.0,3,1,2.2828704545717593,4,0,0.7,4,28.9,1,Medium,14,0.003,0.997,0.0,0.0
68739002,2026-04-21 19:01:22,Open,Street Condition,Pothole,BROOKLYN,nan,40.678680082308965,-73.99042793097401,,nan,5664.555555555556,6673.0,12,1,4.079120454571759,1,0,0.7,4,28.9,1,Medium,14,0.012,0.988,0.0,0.0
68617631,2026-04-09 09:12:45,Pending,Street Condition,Pothole,QUEENS,nan,40.68157875416454,-73.76547563812336,,nan,4959.1547619047615,4660.0,8,1,16.48788202864583,2,0,0.7,4,28.9,1,Medium,14,0.004,0.996,0.0,0.0
68625474,2026-04-10 18:02:30,Closed,Street Condition,Pothole,BROOKLYN,nan,40.62856535018501,-74.02897564670356,2026-04-11 10:55:00,nan,5664.555555555556,6673.0,7,0,15.120000084201388,1,0,0.7,4,28.9,1,Medium,14,0.067,0.932,0.0,0.0
68625489,2026-04-10 15:37:48,Closed,Street Condition,Pothole,QUEENS,nan,40.74380799475082,-73.92425800481875,2026-04-22 10:06:00,nan,4959.1547619047615,4660.0,9,0,15.2204861953125,2,0,0.7,4,28.9,1,Medium,14,0.019,0.981,0.0,0.0
68726641,2026-04-20 03:31:18,Closed,Street Condition,Pothole,BROOKLYN,nan,40.65264352756037,-73.94976894992234,2026-04-20 03:31:18,nan,5664.555555555556,6673.0,17,1,5.725000084201389,1,0,0.7,4,28.9,1,Medium,14,0.004,0.996,0.0,0.0
68750323,2026-04-21 13:13:23,Closed,Street Condition,Pothole,BROOKLYN,KOSCIUSKO STREET,40.6907822595224,-73.9499169099646,2026-04-22 08:30:00,nan,5664.555555555556,6673.0,16,1,4.320775547164351,1,0,0.7,4,28.9,1,Medium,14,0.001,0.999,0.0,0.0
68680945,2026-04-15 21:23:34,Closed,Street Condition,Pothole,QUEENS,nan,40.73253307082606,-73.76564269207907,2026-04-18 11:00:00,nan,4959.1547619047615,4660.0,11,1,9.980370454571759,2,0,0.7,4,28.9,1,Medium,14,0.004,0.996,0.0,0.0
68681908,2026-04-15 08:04:11,Closed,Street Condition,Pothole,QUEENS,nan,40.69014333778544,-73.72958810738825,2026-04-15 20:44:00,nan,4959.1547619047615,4660.0,12,1,10.535497769386573,2,0,0.7,4,28.9,1,Medium,14,0.002,0.998,0.0,0.0
68586611,2026-04-07 07:15:30,Closed,Street Condition,Pothole,BRONX,nan,40.844698077201365,-73.82508599518363,2026-04-08 02:53:00,nan,6677.6,6655.5,5,1,18.569305639756944,3,0,0.7,4,28.9,1,Medium,14,0.045,0.954,0.0,0.0
68667107,2026-04-14 08:35:10,Pending,Street Condition,Pothole,QUEENS,nan,40.69091679076116,-73.72817863918132,,nan,4959.1547619047615,4660.0,43,1,11.51398156568287,2,0,0.7,4,28.9,1,Medium,14,0.0,1.0,0.0,0.0
68550606,2026-04-03 15:41:14,Closed,Street Condition,Pothole,QUEENS,nan,40.74408619853987,-73.71472803155868,2026-04-03 15:41:14,nan,4959.1547619047615,4660.0,7,0,22.21810193605324,2,0,0.7,4,28.9,1,Medium,14,0.026,0.974,0.0,0.0
68692774,2026-04-16 21:33:18,Open,Street Condition,Pothole,BROOKLYN,nan,40.62256612755413,-73.99798633216908,,nan,5664.555555555556,6673.0,16,1,8.9736111953125,1,0,0.7,4,28.9,1,Medium,14,0.017,0.983,0.0,0.0
68551898,2026-04-03 15:26:32,Closed,Street Condition,Pothole,QUEENS,DECATUR STREET,40.694275589555886,-73.9018516025562,2026-04-03 15:26:32,nan,4959.1547619047615,3159.0,7,1,22.228310269386572,2,0,0.7,4,28.9,1,Medium,14,0.014,0.985,0.0,0.0
68753526,2026-04-22 22:14:37,Open,Street Condition,Pothole,BROOKLYN,BRIDGE PARK DRIVE,40.69212711394258,-74.0005841762397,,nan,5664.555555555556,6673.0,33,0,2.9449190656828703,1,0,0.7,4,28.9,1,Medium,14,0.001,0.998,0.0,0.0
68748838,2026-04-21 07:42:36,Closed,Street Condition,Pothole,QUEENS,nan,40.725476145414376,-73.76557731286611,2026-04-21 16:22:00,nan,4959.1547619047615,4660.0,31,1,4.5504861953125,2,0,0.7,4,28.8,1,Medium,14,0.024,0.976,0.0,0.0
68730174,2026-04-20 08:38:50,Pending,Street Condition,Pothole,QUEENS,PALMETTO STREET,40.70060614655157,-73.90993523917614,,nan,4959.1547619047615,4660.0,28,1,5.511435269386574,2,0,0.7,4,28.8,1,Medium,14,0.018,0.982,0.0,0.0
68731125,2026-04-20 08:38:50,Closed,Street Condition,Pothole,QUEENS,PALMETTO STREET,40.70060614655157,-73.90993523917614,2026-04-20 08:38:50,nan,4959.1547619047615,4660.0,28,1,5.511435269386574,2,0,0.7,4,28.8,1,Medium,14,0.018,0.982,0.0,0.0
68715823,2026-04-18 09:09:25,Closed,Street Condition,Pothole,QUEENS,nan,40.7080488734209,-73.79542437019957,2026-04-18 09:09:25,nan,4959.1547619047615,4660.0,14,1,7.490196843460648,2,0,0.7,4,28.8,1,Medium,14,0.008,0.992,0.0,0.0
68682401,2026-04-15 20:45:46,Open,Street Condition,Pothole,BRONX,nan,40.830502628386846,-73.86161998020725,,nan,6677.6,6655.5,7,1,10.00662045457176,3,0,0.7,4,28.8,1,Medium,14,0.004,0.996,0.0,0.0
68606473,2026-04-08 11:14:31,Closed,Street Condition,Pothole,QUEENS,nan,40.75835361860583,-73.89440079050712,2026-04-08 11:14:31,nan,4959.1547619047615,4660.0,7,0,17.40332184346065,2,0,0.7,4,28.8,1,Medium,14,0.064,0.936,0.0,0.0
68603124,2026-04-08 11:46:35,Closed,Street Condition,Pothole,QUEENS,nan,40.726960181320095,-73.84653020957778,2026-04-18 13:00:00,nan,4959.1547619047615,4660.0,9,1,17.38105332494213,2,0,0.7,4,28.8,1,Medium,14,0.005,0.995,0.0,0.0
68646124,2026-04-12 18:02:39,Closed,Street Condition,Pothole,QUEENS,nan,40.722289717622814,-73.8673102806824,2026-04-18 10:37:00,nan,4959.1547619047615,4660.0,8,0,13.119895917534722,2,0,0.7,4,28.8,1,Medium,14,0.002,0.998,0.0,0.0
68722810,2026-04-20 01:05:09,Closed,Street Condition,Pothole,QUEENS,nan,40.67730404673019,-73.80456060836354,2026-04-20 21:45:00,nan,4959.1547619047615,4660.0,13,0,5.826493139756944,2,0,0.7,4,28.8,1,Medium,14,0.005,0.995,0.0,0.0
68764271,2026-04-23 16:26:33,Open,Street Condition,Pothole,QUEENS,nan,40.740426999845056,-73.89670264803654,,nan,4959.1547619047615,4660.0,27,0,2.1866320286458336,2,0,0.7,4,28.8,1,Medium,14,0.046,0.954,0.0,0.0
68646796,2026-04-12 14:34:47,Closed,Street Condition,Pothole,STATEN ISLAND,nan,40.534095480441856,-74.18629665794039,2026-04-12 14:34:47,nan,23788.714285714286,2762.0,0,0,13.264247769386573,4,0,0.7,4,28.8,1,Medium,14,0.008,0.992,0.0,0.0
68523587,2026-03-31 20:08:17,Closed,Street Condition,Pothole,QUEENS,nan,40.69302435225245,-73.78655983356012,2026-04-13 12:36:00,nan,4959.1547619047615,4660.0,6,1,25.032650547164355,2,0,0.7,3,28.8,1,Medium,14,0.021,0.979,0.0,0.0
68711220,2026-04-18 19:54:51,Closed,Street Condition,Pothole,QUEENS,nan,40.775367496509595,-73.90961749331873,2026-04-21 12:20:00,nan,4959.1547619047615,4660.0,11,0,7.041979250868056,2,0,0.7,4,28.8,1,Medium,14,0.006,0.994,0.0,0.0
68717464,2026-04-18 07:57:34,Pending,Street Condition,Pothole,QUEENS,nan,40.761890921188275,-73.82966410984885,,nan,4959.1547619047615,4660.0,27,1,7.540092676793981,2,0,0.7,4,28.8,1,Medium,14,0.033,0.967,0.0,0.0
68626294,2026-04-10 06:41:14,Closed,Street Condition,Pothole,BROOKLYN,nan,40.653190255883345,-73.96621323435924,2026-04-10 06:41:14,nan,5664.555555555556,6673.0,7,1,15.593101936053241,1,0,0.7,4,28.8,1,Medium,14,0.117,0.883,0.0,0.0
68715824,2026-04-18 03:59:33,Closed,Street Condition,Pothole,QUEENS,nan,40.67730404673019,-73.80456060836354,2026-04-18 23:24:00,nan,4959.1547619047615,4660.0,13,0,7.705382028645833,2,0,0.7,4,28.8,1,Medium,14,0.003,0.997,0.0,0.0
68743416,2026-04-21 15:23:07,Open,Street Condition,Pothole,BRONX,nan,40.8709125987586,-73.88099210376514,,nan,6677.6,6655.5,14,1,4.230682954571759,3,0,0.7,4,28.8,1,Medium,14,0.001,0.999,0.0,0.0
68719680,2026-04-19 07:13:53,Open,Street Condition,Pothole,BROOKLYN,nan,40.64314654900316,-73.9980109347352,,nan,5664.555555555556,6673.0,17,0,6.57042832494213,1,0,0.7,4,28.8,1,Medium,14,0.03,0.97,0.0,0.0
68704506,2026-04-17 15:12:48,Closed,Street Condition,Pothole,QUEENS,nan,40.76197072257963,-73.92538165997419,2026-04-21 10:50:00,nan,4959.1547619047615,4660.0,17,0,8.23784730642361,2,0,0.7,4,28.8,1,Medium,14,0.061,0.939,0.0,0.0
68728652,2026-04-21 01:43:44,Open,Street Condition,Pothole,BROOKLYN,nan,40.617525906792906,-73.94221317344399,,nan,5664.555555555556,6673.0,9,1,4.7996991582754625,1,0,0.7,4,28.7,1,Medium,14,0.022,0.978,0.0,0.0
68626702,2026-04-10 19:14:45,Closed,Street Condition,Pothole,BROOKLYN,nan,40.62954388793678,-73.96608109965275,2026-04-18 14:22:00,nan,5664.555555555556,6673.0,12,0,15.069826473090277,1,0,0.7,4,28.7,1,Medium,14,0.003,0.997,0.0,0.0
68721800,2026-04-19 16:41:45,Open,Street Condition,Pothole,QUEENS,nan,40.75206837822307,-73.92646831511476,,nan,4959.1547619047615,4660.0,18,0,6.176076473090277,2,0,0.7,4,28.7,1,Medium,14,0.012,0.988,0.0,0.0
68736952,2026-04-19 15:53:30,Closed,Street Condition,Pothole,BROOKLYN,BROOKLYN AVENUE,40.66130412133222,-73.9455164916134,2026-04-20 15:25:00,nan,5664.555555555556,10167.0,9,1,6.209583417534722,1,0,0.7,4,28.7,1,Medium,14,0.019,0.981,0.0,0.0
68756126,2026-04-22 15:54:07,Open,Street Condition,Pothole,QUEENS,nan,40.7402725268642,-73.89585124979992,,nan,4959.1547619047615,4660.0,23,0,3.209155176793981,2,0,0.7,4,28.7,1,Medium,14,0.036,0.964,0.0,0.0
68691308,2026-04-16 16:19:20,Open,Street Condition,Pothole,BROOKLYN,nan,40.6768082697723,-73.9557497994442,,nan,5664.555555555556,6673.0,7,1,9.191643602719907,1,0,0.7,4,28.7,1,Medium,14,0.046,0.954,0.0,0.0
68553201,2026-04-02 14:06:12,Closed,Street Condition,Pothole,QUEENS,108 STREET,40.682891136108275,-73.8334065370127,2026-04-03 12:45:00,nan,4959.1547619047615,4660.0,7,1,23.28409730642361,2,0,0.7,4,28.7,1,Medium,14,0.002,0.998,0.0,0.0
68597729,2026-04-08 16:48:34,Closed,Street Condition,Pothole,QUEENS,nan,40.692653226396544,-73.75460044967811,2026-04-18 08:00:00,nan,4959.1547619047615,4660.0,8,1,17.17134267679398,2,0,0.7,4,28.7,1,Medium,14,0.005,0.995,0.0,0.0
68713733,2026-04-18 19:12:42,Closed,Street Condition,Pothole,QUEENS,nan,40.746752386445245,-73.89232235884467,2026-04-23 10:50:00,nan,4959.1547619047615,4660.0,32,1,7.071250084201389,2,0,0.7,4,28.7,1,Medium,14,0.053,0.946,0.0,0.0
68717032,2026-04-18 04:17:07,Closed,Street Condition,Pothole,QUEENS,nan,40.67699930248896,-73.81964212203187,2026-04-18 04:17:07,nan,4959.1547619047615,4660.0,12,0,7.693182954571759,2,0,0.7,4,28.7,1,Medium,14,0.002,0.998,0.0,0.0
68533863,2026-04-01 20:56:54,Closed,Street Condition,Pothole,QUEENS,nan,40.69212936228362,-73.83483307985836,2026-04-11 09:03:00,nan,4959.1547619047615,4660.0,6,0,23.998888973090278,2,0,0.7,4,28.7,1,Medium,14,0.065,0.935,0.0,0.0
68731121,2026-04-17 09:40:18,Closed,Street Condition,Pothole,QUEENS,nan,40.760254468857475,-73.83492043902002,2026-04-18 13:08:00,nan,4959.1547619047615,4660.0,23,1,8.468750084201389,2,0,0.7,4,28.7,1,Medium,14,0.114,0.885,0.0,0.0
68606478,2026-04-08 07:51:04,Closed,Street Condition,Pothole,QUEENS,nan,40.58677820620502,-73.81464368111263,2026-04-08 07:51:04,nan,4959.1547619047615,4660.0,9,0,17.54460656568287,2,0,0.7,4,28.7,1,Medium,14,0.005,0.995,0.0,0.0
68736012,2026-04-20 18:41:45,Open,Street Condition,Pothole,STATEN ISLAND,nan,40.540333870026494,-74.17262065818653,,nan,23788.714285714286,2762.0,1,0,5.092743139756944,4,0,0.7,4,28.7,1,Medium,14,0.005,0.995,0.0,0.0
68609677,2026-04-04 09:24:22,Closed,Street Condition,Pothole,QUEENS,nan,40.76111911210022,-73.88732848779104,2026-04-11 21:47:00,nan,4959.1547619047615,4660.0,6,0,21.479814899016205,2,0,0.7,4,28.7,1,Medium,14,0.036,0.964,0.0,0.0
68700134,2026-04-17 20:04:03,Closed,Street Condition,Pothole,QUEENS,nan,40.761265587233325,-73.87499725675143,2026-04-23 09:53:00,nan,4959.1547619047615,4660.0,13,0,8.035590361979166,2,0,0.7,4,28.7,1,Medium,14,0.015,0.985,0.0,0.0
68591685,2026-04-07 08:28:47,Closed,Street Condition,Pothole,QUEENS,nan,40.761217008162774,-73.8863970016137,2026-04-07 08:28:47,nan,4959.1547619047615,4660.0,7,0,18.51841443605324,2,0,0.7,4,28.6,1,Medium,14,0.034,0.965,0.0,0.0
68536765,2026-04-01 13:00:10,Open,Street Condition,Pothole,BRONX,nan,40.86542336808975,-73.85476838715476,,nan,6677.6,6655.5,5,1,24.329953787905094,3,0,0.7,4,28.6,1,Medium,14,0.005,0.995,0.0,0.0
68667098,2026-04-14 22:54:06,Closed,Street Condition,Pothole,BROOKLYN,nan,40.676487398993885,-73.99872737127434,2026-04-16 10:10:00,nan,5664.555555555556,6673.0,12,1,10.91750008420139,1,0,0.7,4,28.6,1,Medium,14,0.032,0.968,0.0,0.0
68657433,2026-04-13 17:48:45,Closed,Street Condition,Pothole,QUEENS,nan,40.75307125129423,-73.79237698006892,2026-04-14 15:21:00,nan,4959.1547619047615,4660.0,8,0,12.129548695312499,2,0,0.7,4,28.6,1,Medium,14,0.002,0.998,0.0,0.0
68721378,2026-04-18 23:42:34,Closed,Street Condition,Pothole,BROOKLYN,nan,40.70665271548883,-73.95040633328112,2026-04-19 21:35:00,nan,5664.555555555556,6673.0,27,1,6.883842676793981,1,0,0.7,4,28.6,0,Low,30,0.585,0.414,0.0,0.0
68747357,2026-04-21 17:17:46,Closed,Street Condition,Pothole,QUEENS,nan,40.7343762769571,-73.87341674191903,2026-04-21 17:17:46,nan,4959.1547619047615,4660.0,23,0,4.151064899016204,2,0,0.7,4,28.6,1,Medium,14,0.231,0.769,0.0,0.0
68616296,2026-04-04 10:14:12,Closed,Street Condition,Pothole,BROOKLYN,nan,40.69455946412833,-73.90654640483562,2026-04-11 09:00:00,nan,5664.555555555556,6673.0,5,0,21.445208417534722,1,0,0.7,4,28.6,1,Medium,14,0.023,0.977,0.0,0.0
68769525,2026-04-22 16:11:06,Closed,Street Condition,Pothole,BROOKLYN,nan,40.59039133986666,-73.99153874884709,2026-04-23 13:10:00,nan,5664.555555555556,6673.0,11,1,3.1973611953125,1,0,0.7,4,28.6,1,Medium,14,0.011,0.989,0.0,0.0
68609183,2026-04-09 14:22:14,Closed,Street Condition,Pothole,QUEENS,nan,40.7599300035456,-73.89845559346726,2026-04-09 14:22:14,nan,4959.1547619047615,4660.0,8,0,16.272963047164353,2,0,0.7,4,28.6,1,Medium,14,0.013,0.987,0.0,0.0
68553205,2026-04-03 13:18:51,Closed,Street Condition,Pothole,QUEENS,nan,40.761217008162774,-73.8863970016137,2026-04-03 13:18:51,nan,4959.1547619047615,4660.0,7,0,22.316979250868055,2,0,0.7,4,28.6,1,Medium,14,0.013,0.987,0.0,0.0
68691320,2026-04-16 17:04:30,Closed,Street Condition,Pothole,STATEN ISLAND,nan,40.540587527713186,-74.2215341962543,2026-04-17 08:14:00,nan,23788.714285714286,2762.0,2,0,9.160277861979166,4,0,0.7,4,28.6,1,Medium,14,0.002,0.998,0.0,0.0
68674928,2026-04-15 15:02:10,Open,Street Condition,Pothole,BROOKLYN,nan,40.7007187813526,-73.92978882773821,,nan,5664.555555555556,6673.0,7,1,10.24523156568287,1,0,0.7,4,28.6,1,Medium,14,0.071,0.929,0.0,0.0
68525167,2026-04-01 02:15:39,Pending,Street Condition,Pothole,QUEENS,nan,40.67235473187952,-73.80267529428005,,nan,4959.1547619047615,4660.0,5,0,24.777534806423613,2,0,0.7,4,28.6,1,Medium,14,0.058,0.942,0.0,0.0
68732592,2026-04-17 09:54:09,Closed,Street Condition,Pothole,QUEENS,nan,40.743216338952784,-73.90716021602749,2026-04-18 11:10:00,nan,4959.1547619047615,4660.0,11,0,8.459132028645833,2,0,0.7,4,28.6,1,Medium,14,0.012,0.988,0.0,0.0
68583231,2026-04-06 16:32:41,Closed,Street Condition,Pothole,QUEENS,nan,40.761217008162774,-73.8863970016137,2026-04-06 16:32:41,nan,4959.1547619047615,4660.0,7,0,19.182372769386575,2,0,0.7,4,28.6,1,Medium,14,0.067,0.933,0.0,0.0
68736960,2026-04-17 09:53:30,Closed,Street Condition,Pothole,QUEENS,nan,40.75870642509298,-73.93791795808862,2026-04-18 09:00:00,nan,4959.1547619047615,4660.0,15,0,8.459583417534722,2,0,0.7,4,28.6,1,Medium,14,0.149,0.851,0.0,0.0
68767192,2026-04-23 12:49:52,Pending,Street Condition,Pothole,QUEENS,nan,40.74613471785544,-73.9417082442191,,nan,4959.1547619047615,4660.0,10,1,2.3371065656828707,2,0,0.7,4,28.6,1,Medium,14,0.01,0.99,0.0,0.0
68584684,2026-04-06 15:49:55,Closed,Street Condition,Pothole,QUEENS,nan,40.761217008162774,-73.8863970016137,2026-04-06 15:49:55,nan,4959.1547619047615,4660.0,7,0,19.21207184346065,2,0,0.7,4,28.6,1,Medium,14,0.067,0.933,0.0,0.0
68683357,2026-04-15 06:52:24,Closed,Street Condition,Pothole,QUEENS,nan,40.7402725268642,-73.89585124979992,2026-04-15 06:52:24,nan,4959.1547619047615,4660.0,23,0,10.58534730642361,2,0,0.7,4,28.5,1,Medium,14,0.001,0.999,0.0,0.0
68576532,2026-04-05 23:18:09,Closed,Street Condition,Pothole,QUEENS,nan,40.708265638229754,-73.89557663639876,2026-04-15 10:40:00,nan,4959.1547619047615,4660.0,7,0,19.9007986953125,2,0,0.7,4,28.5,1,Medium,14,0.01,0.99,0.0,0.0
68771510,2026-04-23 18:44:23,Open,Street Condition,Pothole,QUEENS,nan,40.7116289753834,-73.7293783023471,,nan,4959.1547619047615,4660.0,57,0,2.090914436053241,2,0,0.7,4,28.5,1,Medium,14,0.004,0.996,0.0,0.0
68617636,2026-04-09 11:07:08,Pending,Street Condition,Pothole,QUEENS,nan,40.72616002491308,-73.90011616052219,,nan,4959.1547619047615,4660.0,9,0,16.408449158275463,2,0,0.7,4,28.5,1,Medium,14,0.002,0.998,0.0,0.0
68654417,2026-04-13 11:40:00,Closed,Street Condition,Pothole,BROOKLYN,nan,40.73048634517696,-73.94624649368087,2026-04-16 12:20:00,nan,5664.555555555556,6673.0,7,0,12.385625084201388,1,0,0.7,4,28.5,1,Medium,14,0.405,0.595,0.0,0.0
68543258,2026-04-02 11:04:03,Closed,Street Condition,Pothole,QUEENS,nan,40.743305499960755,-73.93765082292556,2026-04-16 10:39:00,nan,4959.1547619047615,4660.0,7,1,23.410590361979168,2,0,0.7,4,28.5,1,Medium,14,0.002,0.998,0.0,0.0
68660022,2026-04-14 19:02:21,Closed,Street Condition,Pothole,STATEN ISLAND,nan,40.55189236936027,-74.17438497953906,2026-04-14 19:02:21,nan,23788.714285714286,2762.0,2,1,11.078437584201389,4,0,0.7,4,28.5,1,Medium,14,0.001,0.999,0.0,0.0
68771505,2026-04-23 11:26:25,Open,Street Condition,Pothole,STATEN ISLAND,nan,40.60514058539647,-74.09258655425113,,nan,23788.714285714286,2762.0,3,1,2.3950579545717594,4,0,0.7,4,28.5,1,Medium,14,0.003,0.997,0.0,0.0
68596377,2026-04-07 21:06:24,Closed,Street Condition,Pothole,QUEENS,nan,40.66640400481538,-73.74536818797739,2026-04-11 05:37:00,nan,4959.1547619047615,4660.0,25,1,17.992291750868056,2,0,0.7,4,28.5,1,Medium,14,0.0,1.0,0.0,0.0
68734539,2026-04-20 14:41:28,Pending,Street Condition,Pothole,QUEENS,nan,40.74855066375679,-73.8958130445512,,nan,4959.1547619047615,4660.0,45,0,5.25960656568287,2,0,0.7,4,28.5,1,Medium,14,0.005,0.995,0.0,0.0
68689832,2026-04-16 19:52:43,Closed,Street Condition,Pothole,QUEENS,nan,40.70299771958722,-73.91106809219384,2026-04-18 08:00:00,nan,4959.1547619047615,4660.0,14,1,9.043460732349537,2,0,0.7,4,28.5,1,Medium,14,0.001,0.999,0.0,0.0
68736958,2026-04-20 18:32:07,Closed,Street Condition,Pothole,QUEENS,nan,40.76004448372803,-73.89755299254857,2026-04-20 18:32:07,nan,4959.1547619047615,4660.0,11,0,5.099432954571759,2,0,0.7,4,28.5,1,Medium,14,0.031,0.969,0.0,0.0
68734535,2026-04-20 18:04:12,Pending,Street Condition,Pothole,QUEENS,nan,40.76004448372803,-73.89755299254857,,nan,4959.1547619047615,4660.0,11,0,5.118819528645833,2,0,0.7,4,28.5,1,Medium,14,0.031,0.969,0.0,0.0
68739899,2026-04-20 14:45:28,Closed,Street Condition,Pothole,QUEENS,nan,40.76016879310528,-73.83261043289514,2026-04-21 08:34:00,nan,4959.1547619047615,4660.0,34,1,5.256828787905093,2,0,0.7,4,28.5,1,Medium,14,0.014,0.986,0.0,0.0
68740475,2026-04-21 08:13:51,Open,Street Condition,Pothole,BROOKLYN,nan,40.64570363716766,-73.90143297324538,,nan,5664.555555555556,6673.0,15,0,4.5287848064236105,1,0,0.7,4,28.5,1,Medium,14,0.004,0.996,0.0,0.0
68699639,2026-04-17 12:32:13,Closed,Street Condition,Pothole,QUEENS,nan,40.74726127552869,-73.87444248255758,2026-04-17 20:45:00,nan,4959.1547619047615,4660.0,16,0,8.349363510127315,2,0,0.7,4,28.5,1,Medium,14,0.004,0.996,0.0,0.0
68521962,2026-03-31 16:55:01,Closed,Street Condition,Pothole,BROOKLYN,nan,40.65152093847471,-73.90945011598753,2026-04-21 09:51:00,nan,5664.555555555556,6673.0,6,0,25.166863510127317,1,0,0.7,3,28.5,1,Medium,14,0.049,0.951,0.0,0.0
68749437,2026-04-21 17:50:48,Open,Street Condition,Pothole,STATEN ISLAND,nan,40.579766298539575,-74.10379765978811,,nan,23788.714285714286,2762.0,1,0,4.128125084201389,4,0,0.7,4,28.5,1,Medium,14,0.007,0.992,0.0,0.0
68610473,2026-04-09 06:01:01,Closed,Street Condition,Pothole,BRONX,nan,40.89608250690141,-73.86691632989255,2026-04-09 06:01:01,nan,6677.6,6655.5,6,1,16.62103017679398,3,0,0.7,4,28.4,1,Medium,14,0.004,0.996,0.0,0.0
68614424,2026-04-09 06:04:04,Closed,Street Condition,Pothole,BRONX,nan,40.89608250690141,-73.86691632989255,2026-04-09 06:04:04,nan,6677.6,6655.5,6,1,16.618912121238427,3,0,0.7,4,28.4,1,Medium,14,0.004,0.996,0.0,0.0
68767184,2026-04-23 18:04:00,Open,Street Condition,Pothole,QUEENS,nan,40.7013909132085,-73.83152097537342,,nan,4959.1547619047615,4660.0,12,0,2.1189584175347225,2,0,0.7,4,28.4,1,Medium,14,0.011,0.989,0.0,0.0
68747359,2026-04-20 14:48:55,Closed,Street Condition,Pothole,QUEENS,nan,40.757523240224,-73.82913384300858,2026-04-21 10:24:00,nan,4959.1547619047615,4660.0,22,1,5.254432954571759,2,0,0.7,4,28.4,1,Medium,14,0.01,0.99,0.0,0.0
68760066,2026-04-22 19:39:58,Open,Street Condition,Pothole,QUEENS,nan,40.71679083109271,-73.83273380405444,,nan,4959.1547619047615,4660.0,28,0,3.0523148990162037,2,0,0.7,4,28.4,1,Medium,14,0.032,0.968,0.0,0.0
68768621,2026-04-23 21:23:50,Open,Street Condition,Pothole,QUEENS,nan,40.73294686877129,-73.86666122537298,,nan,4959.1547619047615,4660.0,34,1,1.9801852693865742,2,0,0.7,4,28.4,1,Medium,14,0.024,0.976,0.0,0.0
68674392,2026-04-15 07:27:42,Closed,Street Condition,Pothole,QUEENS,nan,40.7343762769571,-73.87341674191903,2026-04-15 17:24:00,nan,4959.1547619047615,4660.0,23,0,10.560833417534722,2,0,0.7,4,28.4,1,Medium,14,0.005,0.995,0.0,0.0
68593066,2026-04-07 15:08:44,Closed,Street Condition,Pothole,BRONX,nan,40.83647986270567,-73.89772801516538,2026-04-07 15:08:44,nan,6677.6,6655.5,4,1,18.240671380497684,3,0,0.7,4,28.4,1,Medium,14,0.016,0.984,0.0,0.0
68760078,2026-04-22 14:14:22,Open,Street Condition,Pothole,BROOKLYN,BROADWAY,40.69260383163042,-73.92750752930546,,nan,5664.555555555556,13110.0,13,0,3.2784260101273146,1,0,0.7,4,28.4,1,Medium,14,0.001,0.999,0.0,0.0
68714560,2026-04-18 14:09:21,Closed,Street Condition,Pothole,QUEENS,nan,40.756492970006335,-73.85879949156258,2026-04-18 21:44:00,nan,4959.1547619047615,4660.0,16,1,7.281909806423611,2,0,0.7,4,28.4,1,Medium,14,0.002,0.998,0.0,0.0
68662329,2026-04-14 10:20:34,Open,Street Condition,Pothole,BRONX,nan,40.82539670614824,-73.88327759218794,,nan,6677.6,6655.5,6,1,11.440787121238426,3,0,0.7,4,28.4,1,Medium,14,0.018,0.982,0.0,0.0
68741351,2026-04-20 14:49:23,Closed,Street Condition,Pothole,QUEENS,nan,40.75667186181392,-73.82879312184009,2026-04-21 10:39:00,nan,4959.1547619047615,4660.0,16,1,5.254108880497685,2,0,0.7,4,28.4,1,Medium,14,0.007,0.993,0.0,0.0
68646125,2026-04-12 16:29:26,Pending,Street Condition,Pothole,QUEENS,nan,40.7599300035456,-73.89845559346726,,nan,4959.1547619047615,4660.0,8,0,13.184629713831018,2,0,0.7,4,28.4,1,Medium,14,0.031,0.968,0.0,0.0
68605136,2026-04-08 14:14:09,Closed,Street Condition,Pothole,QUEENS,nan,40.761217008162774,-73.8863970016137,2026-04-08 14:14:09,nan,4959.1547619047615,4660.0,7,0,17.27857647309028,2,0,0.7,4,28.4,1,Medium,14,0.063,0.936,0.0,0.0
68753038,2026-04-21 14:32:49,Closed,Street Condition,Pothole,QUEENS,WOODSIDE AVENUE,40.743795594862256,-73.88589981919614,2026-04-22 08:45:00,nan,4959.1547619047615,10472.0,14,1,4.265613510127315,2,0,0.7,4,28.4,1,Medium,14,0.002,0.998,0.0,0.0
68697189,2026-04-17 12:29:46,Open,Street Condition,Pothole,STATEN ISLAND,nan,40.56276827638479,-74.1808664677,,nan,23788.714285714286,2762.0,4,0,8.351064899016203,4,0,0.7,4,28.4,1,Medium,14,0.002,0.998,0.0,0.0
68683871,2026-04-15 15:06:10,Open,Street Condition,Pothole,STATEN ISLAND,nan,40.59511213846311,-74.09127636499284,,nan,23788.714285714286,2762.0,1,1,10.242453787905092,4,0,0.7,4,28.4,1,Medium,14,0.04,0.96,0.0,0.0
68692287,2026-04-15 15:44:34,Closed,Street Condition,Pothole,BROOKLYN,nan,40.63047853362767,-73.98609359679054,2026-04-16 13:47:00,nan,5664.555555555556,6673.0,11,0,10.215787121238426,1,0,0.7,4,28.3,1,Medium,14,0.002,0.998,0.0,0.0
68753527,2026-04-22 14:32:00,Open,Street Condition,Pothole,BROOKLYN,nan,40.62977655180999,-73.99399437040576,,nan,5664.555555555556,6673.0,10,0,3.266180639756944,1,0,0.7,4,28.3,1,Medium,14,0.008,0.992,0.0,0.0
68540745,2026-04-02 04:31:57,Closed,Street Condition,Pothole,QUEENS,nan,40.76179577025723,-73.87797434805303,2026-04-10 12:54:00,nan,4959.1547619047615,4660.0,5,0,23.68288202864583,2,0,0.7,4,28.3,1,Medium,14,0.037,0.962,0.0,0.0
68682403,2026-04-15 12:18:13,Open,Street Condition,Pothole,BRONX,nan,40.817389295643494,-73.86012263841882,,nan,6677.6,6655.5,7,1,10.359085732349536,3,0,0.7,4,28.3,1,Medium,14,0.004,0.995,0.0,0.0
68682405,2026-04-15 10:55:42,Open,Street Condition,Pothole,BRONX,nan,40.87724199774324,-73.88657483344912,,nan,6677.6,6655.5,7,1,10.416388973090278,3,0,0.7,4,28.3,1,Medium,14,0.01,0.99,0.0,0.0
68725967,2026-04-19 09:08:30,Open,Street Condition,Pothole,STATEN ISLAND,nan,40.63466338210778,-74.1025283474756,,nan,23788.714285714286,2762.0,1,0,6.490833417534722,4,0,0.7,4,28.3,1,Medium,14,0.009,0.991,0.0,0.0
68678874,2026-04-15 07:55:24,Closed,Street Condition,Pothole,QUEENS,nan,40.75942796748809,-73.88417649447432,2026-04-15 21:54:00,nan,4959.1547619047615,4660.0,14,0,10.541597306423611,2,0,0.7,4,28.3,1,Medium,14,0.001,0.999,0.0,0.0
68680385,2026-04-15 07:34:27,Closed,Street Condition,Pothole,QUEENS,nan,40.725789943726326,-73.79174401191865,2026-04-15 15:00:00,nan,4959.1547619047615,4660.0,11,0,10.556145917534723,2,0,0.7,4,28.3,1,Medium,14,0.0,1.0,0.0,0.0
68671890,2026-04-14 23:10:38,Pending,Street Condition,Pothole,QUEENS,nan,40.76197072257963,-73.92538165997419,,nan,4959.1547619047615,4660.0,17,0,10.906018602719907,2,0,0.7,4,28.3,1,Medium,14,0.009,0.991,0.0,0.0
68686830,2026-04-16 19:32:35,Closed,Street Condition,Pothole,QUEENS,nan,40.74519919330473,-73.90859018646765,2026-04-19 20:22:00,nan,4959.1547619047615,4660.0,9,0,9.057442213831019,2,0,0.7,4,28.3,1,Medium,14,0.006,0.994,0.0,0.0
68674406,2026-04-14 16:24:07,Closed,Street Condition,Pothole,BROOKLYN,nan,40.70919250004041,-73.96847886888783,2026-04-15 12:00:00,nan,5664.555555555556,6673.0,7,1,11.188321843460647,1,0,0.7,4,28.3,1,Medium,14,0.033,0.966,0.0,0.0
68549310,2026-04-03 14:42:48,Closed,Street Condition,Pothole,QUEENS,nan,40.71059995970241,-73.8088960294562,2026-04-03 14:42:48,nan,4959.1547619047615,4660.0,7,1,22.258680639756943,2,0,0.7,4,28.3,1,Medium,14,0.096,0.904,0.0,0.0
68712481,2026-04-18 15:40:36,Open,Street Condition,Pothole,BROOKLYN,86 STREET,40.59281334706557,-73.97876328945328,,nan,5664.555555555556,6673.0,10,1,7.218541750868055,1,0,0.7,4,28.3,1,Medium,14,0.007,0.993,0.0,0.0
68754411,2026-04-22 08:12:56,Closed,Street Condition,Pothole,QUEENS,nan,40.76004448372803,-73.89755299254857,2026-04-22 17:54:00,nan,4959.1547619047615,4660.0,11,0,3.529421380497685,2,0,0.7,4,28.3,1,Medium,14,0.008,0.992,0.0,0.0
68652428,2026-04-13 09:56:23,Closed,Street Condition,Pothole,QUEENS,nan,40.763160557736015,-73.81638733639387,2026-04-13 15:11:00,nan,4959.1547619047615,4660.0,8,0,12.457581102719907,2,0,0.7,4,28.3,1,Medium,14,0.006,0.994,0.0,0.0
68756964,2026-04-22 03:05:25,Closed,Street Condition,Pothole,QUEENS,nan,40.7386450764329,-73.8873051469592,2026-04-22 21:45:00,nan,4959.1547619047615,4660.0,13,1,3.742974621238426,2,0,0.7,4,28.3,1,Medium,14,0.056,0.943,0.0,0.0
68540724,2026-04-02 16:44:24,Closed,Street Condition,Pothole,QUEENS,nan,40.67824151120116,-73.73411053453624,2026-04-16 11:20:00,nan,4959.1547619047615,4660.0,6,1,23.1742361953125,2,0,0.7,4,28.3,1,Medium,14,0.121,0.878,0.0,0.0
68592195,2026-04-07 18:37:55,Closed,Street Condition,Pothole,QUEENS,nan,40.74408619853987,-73.71472803155868,2026-04-15 12:25:00,nan,4959.1547619047615,4660.0,7,0,18.09540517679398,2,0,0.7,4,28.3,1,Medium,14,0.095,0.905,0.0,0.0
68580892,2026-04-06 16:13:12,Closed,Street Condition,Pothole,QUEENS,nan,40.744791406467726,-73.91742167156947,2026-04-18 10:26:00,nan,4959.1547619047615,4660.0,7,0,19.195902861979167,2,0,0.7,4,28.3,1,Medium,14,0.032,0.967,0.0,0.0
68678891,2026-04-14 15:30:38,Closed,Street Condition,Pothole,BROOKLYN,nan,40.70700184687184,-73.96728965050787,2026-04-15 12:10:00,nan,5664.555555555556,6673.0,7,1,11.225463047164352,1,0,0.7,4,28.2,1,Medium,14,0.016,0.984,0.0,0.0
68729563,2026-04-20 11:27:18,Closed,Street Condition,Pothole,QUEENS,nan,40.68226523856321,-73.8451331832496,2026-04-20 21:45:00,nan,4959.1547619047615,4660.0,9,0,5.394444528645833,2,0,0.7,4,28.2,1,Medium,14,0.008,0.992,0.0,0.0
68583764,2026-04-06 17:40:22,Open,Street Condition,Pothole,BRONX,nan,40.87954005515194,-73.85533422320003,,nan,6677.6,6655.5,7,1,19.13537045457176,3,0,0.7,4,28.2,1,Medium,14,0.004,0.996,0.0,0.0
68704028,2026-04-17 05:26:31,Closed,Street Condition,Pothole,QUEENS,nan,40.68913311308625,-73.82085332728514,2026-04-17 21:15:00,nan,4959.1547619047615,4660.0,8,1,8.644988510127314,2,0,0.7,4,28.2,1,Medium,14,0.249,0.751,0.0,0.0
68754886,2026-04-23 00:03:51,Pending,Street Condition,Pothole,QUEENS,nan,40.666151252493215,-73.80574316384484,,nan,4959.1547619047615,4660.0,17,0,2.869062584201389,2,0,0.7,4,28.2,1,Medium,14,0.009,0.991,0.0,0.0
68758772,2026-04-22 14:06:48,Open,Street Condition,Pothole,STATEN ISLAND,nan,40.58906464030454,-74.13862140175796,,nan,23788.714285714286,2762.0,1,0,3.2836806397569442,4,0,0.7,4,28.2,1,Medium,14,0.005,0.995,0.0,0.0
68617594,2026-04-04 13:50:10,Closed,Street Condition,Pothole,QUEENS,nan,40.68331854397321,-73.76527842457645,2026-04-14 15:18:00,nan,4959.1547619047615,4660.0,6,1,21.29523156568287,2,0,0.7,4,28.2,1,Medium,14,0.006,0.994,0.0,0.0
68689370,2026-04-16 23:12:17,Closed,Street Condition,Pothole,QUEENS,nan,40.74754222956121,-73.8887553620472,2026-04-16 23:12:17,nan,4959.1547619047615,4660.0,30,1,8.904872769386573,2,0,0.7,4,28.2,1,Medium,14,0.006,0.994,0.0,0.0
68519850,2026-03-31 12:57:45,Closed,Street Condition,Pothole,QUEENS,nan,40.74416744233457,-73.9124783278851,2026-03-31 12:57:45,nan,4959.1547619047615,4660.0,8,0,25.331632028645835,2,0,0.7,3,28.2,1,Medium,14,0.002,0.998,0.0,0.0
68680938,2026-04-15 18:31:14,Open,Street Condition,Pothole,BROOKLYN,nan,40.601088257464504,-73.95682990059771,,nan,5664.555555555556,6673.0,7,1,10.100046380497686,1,0,0.7,4,28.2,1,Medium,14,0.083,0.917,0.0,0.0
68635502,2026-04-11 12:37:41,Closed,Street Condition,Pothole,QUEENS,nan,40.67935108418468,-73.75034100595664,2026-04-18 12:52:00,nan,4959.1547619047615,4660.0,10,0,14.345567213831018,2,0,0.7,4,28.2,1,Medium,14,0.0,1.0,0.0,0.0
68635518,2026-04-11 15:35:56,Open,Street Condition,Pothole,STATEN ISLAND,nan,40.572024363270536,-74.12721147145633,,nan,23788.714285714286,2762.0,0,1,14.221782491608796,4,0,0.7,4,28.2,1,Medium,14,0.001,0.999,0.0,0.0
68699640,2026-04-17 11:53:00,Closed,Street Condition,Pothole,QUEENS,nan,40.695314114732966,-73.79910210930784,2026-04-17 21:47:00,nan,4959.1547619047615,4660.0,8,1,8.37659730642361,2,0,0.7,4,28.2,1,Medium,14,0.036,0.963,0.0,0.0
68542753,2026-04-02 20:13:55,Closed,Street Condition,Pothole,QUEENS,nan,40.71059995970241,-73.8088960294562,2026-04-02 20:13:55,nan,4959.1547619047615,4660.0,7,1,23.028738510127315,2,0,0.7,4,28.2,1,Medium,14,0.01,0.99,0.0,0.0
68725974,2026-04-19 21:18:07,Open,Street Condition,Pothole,QUEENS,nan,40.73161629594243,-73.85148071770303,,nan,4959.1547619047615,4660.0,15,0,5.984155176793982,2,0,0.7,4,28.2,1,Medium,14,0.002,0.998,0.0,0.0
68618446,2026-04-10 18:54:27,Closed,Street Condition,Pothole,QUEENS,nan,40.761217008162774,-73.8863970016137,2026-04-10 18:54:27,nan,4959.1547619047615,4660.0,7,0,15.0839236953125,2,0,0.7,4,28.2,1,Medium,14,0.138,0.862,0.0,0.0
68636281,2026-04-11 11:19:49,Closed,Street Condition,Pothole,QUEENS,nan,40.761217008162774,-73.8863970016137,2026-04-11 11:19:49,nan,4959.1547619047615,4660.0,7,0,14.399641287905093,2,0,0.7,4,28.2,1,Medium,14,0.137,0.862,0.0,0.0
68724910,2026-04-19 17:08:19,Closed,Street Condition,Pothole,QUEENS,nan,40.7343762769571,-73.87341674191903,2026-04-23 13:16:00,nan,4959.1547619047615,4660.0,23,0,6.157627399016204,2,0,0.7,4,28.2,1,Medium,14,0.144,0.856,0.0,0.0
68575224,2026-04-06 02:03:18,Closed,Street Condition,Pothole,QUEENS,nan,40.69131490562682,-73.86720965298079,2026-04-11 12:39:00,nan,4959.1547619047615,4660.0,6,0,19.7861111953125,2,0,0.7,4,28.2,1,Medium,14,0.112,0.888,0.0,0.0
68687870,2026-04-16 16:07:03,Closed,Street Condition,Pothole,STATEN ISLAND,nan,40.55734744941992,-74.1662156412323,2026-04-16 16:07:03,nan,23788.714285714286,2762.0,0,0,9.2001736953125,4,0,0.7,4,28.2,1,Medium,14,0.026,0.974,0.0,0.0
68731116,2026-04-20 16:41:29,Closed,Street Condition,Pothole,QUEENS,nan,40.7343762769571,-73.87341674191903,2026-04-20 16:41:29,nan,4959.1547619047615,4660.0,23,0,5.176261658275463,2,0,0.7,4,28.1,1,Medium,14,0.375,0.625,0.0,0.0
68551100,2026-04-03 13:09:06,Closed,Street Condition,Pothole,BROOKLYN,nan,40.712421437789565,-73.92386442232262,2026-04-10 13:36:00,nan,5664.555555555556,6673.0,5,0,22.32375008420139,1,0,0.7,4,28.1,1,Medium,14,0.035,0.965,0.0,0.0
68696695,2026-04-17 12:25:26,Closed,Street Condition,Pothole,STATEN ISLAND,nan,40.5337038558157,-74.18743956709913,2026-04-17 12:25:26,nan,23788.714285714286,2762.0,0,0,8.354074158275463,4,0,0.7,4,28.1,1,Medium,14,0.326,0.674,0.0,0.0
68700129,2026-04-17 10:13:36,Open,Street Condition,Pothole,STATEN ISLAND,nan,40.60142800559859,-74.09784625759521,,nan,23788.714285714286,2762.0,0,1,8.445625084201389,4,0,0.7,4,28.1,1,Medium,14,0.119,0.881,0.0,0.0
68513538,2026-03-31 13:16:17,Closed,Street Condition,Pothole,QUEENS,nan,40.68197293511323,-73.76629990904574,2026-03-31 16:24:00,nan,4959.1547619047615,4660.0,6,1,25.318761658275466,2,0,0.7,3,28.1,1,Medium,14,0.011,0.989,0.0,0.0
68731114,2026-04-20 10:02:40,Closed,Street Condition,Pothole,BRONX,nan,40.88107633375972,-73.87848591158738,2026-04-20 10:02:40,nan,6677.6,6655.5,23,0,5.453217676793981,3,0,0.7,4,28.1,1,Medium,14,0.001,0.999,0.0,0.0
68621091,2026-04-10 20:11:51,Closed,Street Condition,Pothole,QUEENS,nan,40.761217008162774,-73.8863970016137,2026-04-10 20:11:51,nan,4959.1547619047615,4660.0,7,0,15.0301736953125,2,0,0.7,4,28.1,1,Medium,14,0.138,0.862,0.0,0.0
68577480,2026-04-06 19:53:32,Closed,Street Condition,Pothole,QUEENS,nan,40.761217008162774,-73.8863970016137,2026-04-06 19:53:32,nan,4959.1547619047615,4660.0,7,0,19.042893602719907,2,0,0.7,4,28.1,1,Medium,14,0.082,0.918,0.0,0.0
68658971,2026-04-13 15:15:32,Closed,Street Condition,Pothole,QUEENS,nan,40.73564828767018,-73.85357902833027,2026-04-14 12:15:00,nan,4959.1547619047615,4660.0,8,1,12.235949158275464,2,0,0.7,4,28.1,1,Medium,14,0.012,0.988,0.0,0.0
68712482,2026-04-18 12:42:17,Open,Street Condition,Pothole,BROOKLYN,nan,40.679506400545804,-74.00768659284927,,nan,5664.555555555556,6673.0,4,0,7.342372769386574,1,0,0.7,4,28.1,1,Medium,14,0.163,0.837,0.0,0.0
68538139,2026-04-02 14:58:42,Closed,Street Condition,Pothole,QUEENS,nan,40.758549507542206,-73.89252708469657,2026-04-11 11:22:00,nan,4959.1547619047615,4660.0,7,0,23.24763897309028,2,0,0.7,4,28.1,1,Medium,14,0.003,0.997,0.0,0.0
68760067,2026-04-22 19:27:56,Open,Street Condition,Pothole,QUEENS,nan,40.75264157307053,-73.93987263381857,,nan,4959.1547619047615,4660.0,14,1,3.060671380497685,2,0,0.7,4,28.1,1,Medium,14,0.01,0.99,0.0,0.0
68533323,2026-04-01 07:35:16,Closed,Street Condition,Pothole,QUEENS,nan,40.670779247626925,-73.84787072096435,2026-04-01 07:35:16,nan,4959.1547619047615,4660.0,4,1,24.555578787905095,2,0,0.7,4,28.1,1,Medium,14,0.028,0.972,0.0,0.0
68700141,2026-04-17 06:21:34,Open,Street Condition,Pothole,BRONX,nan,40.836793833484165,-73.8466779881566,,nan,6677.6,6655.5,7,0,8.606759343460649,3,0,0.7,4,28.1,1,Medium,14,0.169,0.831,0.0,0.0
68750842,2026-04-22 07:30:53,Open,Street Condition,Pothole,BROOKLYN,nan,40.65883843396869,-73.92045830962955,,nan,5664.555555555556,6673.0,14,0,3.5586227693865737,1,0,0.7,4,28.1,1,Medium,14,0.004,0.996,0.0,0.0
68583228,2026-04-06 17:33:55,Closed,Street Condition,Pothole,QUEENS,nan,40.761217008162774,-73.8863970016137,2026-04-06 17:33:55,nan,4959.1547619047615,4660.0,7,0,19.139849621238426,2,0,0.7,4,28.1,1,Medium,14,0.067,0.933,0.0,0.0
68749441,2026-04-22 02:55:06,Closed,Street Condition,Pothole,QUEENS,nan,40.74089617616554,-73.89960689847297,2026-04-22 20:45:00,nan,4959.1547619047615,4660.0,32,1,3.7501389730902774,2,0,0.7,4,28.0,1,Medium,14,0.08,0.92,0.0,0.0
68612317,2026-04-04 17:42:05,Closed,Street Condition,Pothole,BROOKLYN,nan,40.68401900177931,-73.99623216083918,2026-04-15 16:35:00,nan,5664.555555555556,6673.0,5,0,21.13417832494213,1,0,0.7,4,28.0,1,Medium,14,0.036,0.964,0.0,0.0
68753048,2026-04-22 07:43:41,Closed,Street Condition,Pothole,QUEENS,nan,40.76236202437476,-73.81479038008845,2026-04-22 14:54:00,nan,4959.1547619047615,4660.0,12,0,3.549733880497685,2,0,0.7,4,28.0,1,Medium,14,0.073,0.927,0.0,0.0
68769521,2026-04-23 08:34:37,Closed,Street Condition,Pothole,QUEENS,nan,40.74102824263403,-73.93430771337177,2026-04-23 08:34:37,nan,4959.1547619047615,4660.0,17,0,2.514363510127315,2,0,0.7,4,28.0,1,Medium,14,0.001,0.999,0.0,0.0
68551117,2026-04-03 08:44:08,Closed,Street Condition,Pothole,QUEENS,nan,40.74960866670189,-73.70707462447979,2026-04-17 09:24:00,nan,4959.1547619047615,4660.0,3,0,22.50775471383102,2,0,0.7,4,28.0,1,Medium,14,0.25,0.75,0.0,0.0
68750321,2026-04-22 14:05:48,Closed,Street Condition,Pothole,BROOKLYN,nan,40.61040199919937,-73.95859226925326,2026-04-22 14:05:48,nan,5664.555555555556,6673.0,18,0,3.284375084201389,1,0,0.7,4,28.0,1,Medium,14,0.003,0.997,0.0,0.0
68626716,2026-04-10 15:21:12,Open,Street Condition,Pothole,STATEN ISLAND,nan,40.61612983868376,-74.16456464977226,,nan,23788.714285714286,2762.0,2,1,15.232013973090277,4,0,0.7,4,28.0,1,Medium,14,0.001,0.999,0.0,0.0
68739919,2026-04-22 00:25:14,Closed,Street Condition,Pothole,QUEENS,JAMAICA AVENUE,40.71318801257066,-73.76702732978129,2026-04-22 00:25:14,nan,4959.1547619047615,23413.0,12,1,3.8542130471643516,2,0,0.7,4,28.0,1,Medium,14,0.001,0.999,0.0,0.0
68740483,2026-04-21 21:50:06,Open,Street Condition,Pothole,QUEENS,JAMAICA AVENUE,40.71318801257066,-73.76702732978129,,nan,4959.1547619047615,23413.0,12,1,3.9619445286458332,2,0,0.7,4,28.0,1,Medium,14,0.001,0.999,0.0,0.0
68625024,2026-04-10 16:53:38,Closed,Street Condition,Pothole,QUEENS,nan,40.70501926897067,-73.87943080024438,2026-04-10 16:53:38,nan,4959.1547619047615,4660.0,7,1,15.167824158275463,2,0,0.7,4,28.0,1,Medium,14,0.13,0.87,0.0,0.0
68648491,2026-04-13 14:20:31,Open,Street Condition,Pothole,STATEN ISLAND,nan,40.53711701703829,-74.16700358331366,,nan,23788.714285714286,2762.0,0,0,12.27415517679398,4,0,0.7,4,28.0,1,Medium,14,0.049,0.951,0.0,0.0
68758295,2026-04-21 14:32:19,Closed,Street Condition,Pothole,QUEENS,WOODSIDE AVENUE,40.74369226980062,-73.88688881288014,2026-04-22 08:30:00,nan,4959.1547619047615,10472.0,17,1,4.265960732349537,2,0,0.7,4,28.0,1,Medium,14,0.001,0.999,0.0,0.0
68760081,2026-04-22 08:09:53,Pending,Street Condition,Pothole,QUEENS,nan,40.76144509539819,-73.87601487856993,,nan,4959.1547619047615,4660.0,13,0,3.5315394360532406,2,0,0.7,4,28.0,1,Medium,14,0.014,0.986,0.0,0.0
68677908,2026-04-15 17:19:24,Open,Street Condition,Pothole,BROOKLYN,nan,40.616420460017785,-73.97444426100346,,nan,5664.555555555556,6673.0,7,1,10.149930639756944,1,0,0.7,4,28.0,1,Medium,14,0.022,0.978,0.0,0.0
68516721,2026-03-31 22:13:50,Closed,Street Condition,Pothole,QUEENS,nan,40.7723696503659,-73.93284347894699,2026-03-31 22:13:50,nan,4959.1547619047615,4660.0,5,1,24.945463047164353,2,0,0.7,3,28.0,1,Medium,14,0.01,0.99,0.0,0.0
68763805,2026-04-23 08:39:03,Closed,Street Condition,Pothole,QUEENS,nan,40.74102824263403,-73.93430771337177,2026-04-23 08:39:03,nan,4959.1547619047615,4660.0,17,0,2.5112848064236113,2,0,0.7,4,28.0,1,Medium,14,0.001,0.999,0.0,0.0
68674913,2026-04-15 18:06:12,Closed,Street Condition,Pothole,QUEENS,nan,40.73920388783147,-73.9185400379831,2026-04-16 02:12:00,nan,4959.1547619047615,4660.0,8,1,10.117430639756945,2,0,0.7,4,28.0,1,Medium,14,0.029,0.971,0.0,0.0
68764269,2026-04-23 17:27:53,Open,Street Condition,Pothole,QUEENS,nan,40.75903640272996,-73.88789511644337,,nan,4959.1547619047615,4660.0,13,0,2.144039436053241,2,0,0.7,4,28.0,1,Medium,14,0.016,0.984,0.0,0.0
68729567,2026-04-17 09:41:14,Closed,Street Condition,Pothole,QUEENS,nan,40.744640341462166,-73.8335444492543,2026-04-18 13:51:00,nan,4959.1547619047615,4660.0,9,1,8.468101936053241,2,0,0.7,4,28.0,1,Medium,14,0.416,0.583,0.0,0.0
68628890,2026-04-10 11:59:35,Closed,Street Condition,Pothole,BROOKLYN,BELT PARKWAY,40.600953228782586,-74.00967616099794,2026-04-11 08:37:00,nan,5664.555555555556,6673.0,6,1,15.372025547164352,1,0,0.7,4,27.9,1,Medium,14,0.086,0.914,0.0,0.0
68597187,2026-04-08 07:39:27,Closed,Street Condition,Pothole,BROOKLYN,nan,40.65077151218486,-73.88479037474043,2026-04-11 08:20:00,nan,5664.555555555556,6673.0,8,0,17.5526736953125,1,0,0.7,4,27.9,1,Medium,14,0.004,0.996,0.0,0.0
68645002,2026-04-12 12:51:00,Closed,Street Condition,Pothole,QUEENS,nan,40.745945999814005,-73.95551260426583,2026-04-12 23:12:00,nan,4959.1547619047615,4660.0,9,1,13.336319528645832,2,0,0.7,4,27.9,1,Medium,14,0.007,0.993,0.0,0.0
68768623,2026-04-23 17:57:41,Open,Street Condition,Pothole,QUEENS,nan,40.69478294197407,-73.85256888997034,,nan,4959.1547619047615,4660.0,29,0,2.1233449916087963,2,0,0.7,4,27.9,1,Medium,14,0.062,0.938,0.0,0.0
68655412,2026-04-13 08:16:44,Closed,Street Condition,Pothole,BRONX,nan,40.8198786241704,-73.8577689862912,2026-04-13 08:16:44,nan,6677.6,6655.5,6,1,12.526782491608795,3,0,0.7,4,27.9,1,Medium,14,0.007,0.993,0.0,0.0
68721818,2026-04-19 17:25:49,Open,Street Condition,Pothole,QUEENS,nan,40.703026376782304,-73.80843805924262,,nan,4959.1547619047615,4660.0,22,1,6.145474621238426,2,0,0.7,4,27.9,1,Medium,14,0.003,0.997,0.0,0.0
68713743,2026-04-18 13:21:34,Open,Street Condition,Pothole,BROOKLYN,nan,40.62283237145697,-73.99793949446543,,nan,5664.555555555556,6673.0,17,1,7.315092676793982,1,0,0.7,4,27.9,1,Medium,14,0.334,0.666,0.0,0.0
68746432,2026-04-21 18:04:00,Open,Street Condition,Pothole,STATEN ISLAND,nan,40.58795718997715,-74.18783667289993,,nan,23788.714285714286,2762.0,0,0,4.118958417534722,4,0,0.7,4,27.9,1,Medium,14,0.003,0.997,0.0,0.0
68677359,2026-04-15 08:15:45,Closed,Street Condition,Pothole,QUEENS,nan,40.69091679076116,-73.72817863918132,2026-04-15 21:15:00,nan,4959.1547619047615,4660.0,43,1,10.527465361979166,2,0,0.7,4,27.9,1,Medium,14,0.0,1.0,0.0,0.0
68629349,2026-04-12 00:03:05,Closed,Street Condition,Pothole,QUEENS,nan,40.726570171449424,-73.852639274396,2026-04-18 12:23:00,nan,4959.1547619047615,4660.0,9,0,13.869594991608796,2,0,0.7,4,27.9,1,Medium,14,0.004,0.996,0.0,0.0
68585196,2026-04-06 21:53:24,Closed,Street Condition,Pothole,QUEENS,nan,40.75117133098466,-73.91519409018495,2026-04-16 21:45:00,nan,4959.1547619047615,4660.0,7,1,18.959652861979166,2,0,0.7,4,27.9,1,Medium,14,0.077,0.923,0.0,0.0
68517241,2026-03-31 14:44:30,Open,Street Condition,Pothole,BRONX,nan,40.84151184870163,-73.86176332952596,,nan,6677.6,6655.5,5,0,25.257500084201393,3,0,0.7,3,27.9,1,Medium,14,0.031,0.969,0.0,0.0
68605157,2026-04-08 09:08:30,Closed,Street Condition,Pothole,BRONX,nan,40.83647986270567,-73.89772801516538,2026-04-08 09:08:30,nan,6677.6,6655.5,4,1,17.490833417534724,3,0,0.7,4,27.9,1,Medium,14,0.039,0.961,0.0,0.0
68734527,2026-04-20 08:44:35,Open,Street Condition,Pothole,BROOKLYN,nan,40.64321760163222,-74.00869856643068,,nan,5664.555555555556,6673.0,8,0,5.507442213831018,1,0,0.7,4,27.9,1,Medium,14,0.009,0.99,0.0,0.0
68605682,2026-04-08 11:35:09,Closed,Street Condition,Pothole,QUEENS,nan,40.68033984965273,-73.80786507181286,2026-04-16 14:12:00,nan,4959.1547619047615,4660.0,7,0,17.388993139756945,2,0,0.7,4,27.9,1,Medium,14,0.058,0.942,0.0,0.0
68747965,2026-04-21 17:59:38,Open,Street Condition,Pothole,STATEN ISLAND,nan,40.58847412222246,-74.18728005913222,,nan,23788.714285714286,2762.0,0,0,4.121990824942129,4,0,0.7,4,27.9,1,Medium,14,0.003,0.997,0.0,0.0
68580907,2026-04-06 05:55:48,Closed,Street Condition,Pothole,QUEENS,nan,40.79271062050346,-73.84653393281916,2026-04-18 07:45:00,nan,4959.1547619047615,4660.0,5,1,19.624652861979165,2,0,0.7,4,27.8,1,Medium,14,0.134,0.865,0.0,0.0
68533337,2026-04-01 15:34:52,Closed,Street Condition,Pothole,BROOKLYN,nan,40.64171525158072,-73.93610624665195,2026-04-01 15:34:52,nan,5664.555555555556,6673.0,4,0,24.222523232349538,1,0,0.7,4,27.8,1,Medium,14,0.052,0.948,0.0,0.0
68750307,2026-04-22 13:06:05,Closed,Street Condition,Pothole,QUEENS,nan,40.70414756327418,-73.80758365976361,2026-04-22 16:55:00,nan,4959.1547619047615,4660.0,19,1,3.325844991608796,2,0,0.7,4,27.8,1,Medium,14,0.007,0.993,0.0,0.0
68660663,2026-04-14 18:55:33,Closed,Street Condition,Pothole,BROOKLYN,nan,40.69118413152543,-73.86805731855816,2026-04-17 12:22:00,nan,5664.555555555556,6673.0,7,0,11.08315980642361,1,0,0.7,4,27.8,1,Medium,14,0.028,0.972,0.0,0.0
68756122,2026-04-22 17:37:08,Open,Street Condition,Pothole,QUEENS,nan,40.73996638301459,-73.89423145890211,,nan,4959.1547619047615,4660.0,29,0,3.1376158249421295,2,0,0.7,4,27.8,0,Low,30,0.809,0.191,0.0,0.0
68590259,2026-04-07 17:41:55,Closed,Street Condition,Pothole,QUEENS,nan,40.78322772329927,-73.8386188868211,2026-04-07 17:41:55,nan,4959.1547619047615,4660.0,7,0,18.13429406568287,2,0,0.7,4,27.8,1,Medium,14,0.093,0.906,0.0,0.0
68674405,2026-04-14 16:24:39,Closed,Street Condition,Pothole,BROOKLYN,nan,40.724285234871346,-73.95772058597298,2026-04-15 12:15:00,nan,5664.555555555556,6673.0,7,1,11.187951473090278,1,0,0.7,4,27.8,1,Medium,14,0.026,0.974,0.0,0.0
68703033,2026-04-17 08:50:00,Pending,Street Condition,Pothole,QUEENS,nan,40.76197072257963,-73.92538165997419,,nan,4959.1547619047615,4660.0,17,0,8.503680639756944,2,0,0.7,4,27.8,0,Low,30,0.735,0.265,0.0,0.0
68698653,2026-04-17 18:20:12,Closed,Street Condition,Pothole,QUEENS,nan,40.72873319933602,-73.7371562931793,2026-04-21 13:20:00,nan,4959.1547619047615,4660.0,7,0,8.107708417534722,2,0,0.7,4,27.8,1,Medium,14,0.108,0.892,0.0,0.0
68576536,2026-04-05 10:39:03,Closed,Street Condition,Pothole,QUEENS,nan,40.7168423043129,-73.9110604415039,2026-04-15 09:40:00,nan,4959.1547619047615,4660.0,6,0,20.42795147309028,2,0,0.7,4,27.8,1,Medium,14,0.042,0.958,0.0,0.0
68593090,2026-04-06 15:41:17,Closed,Street Condition,Pothole,BROOKLYN,nan,40.62403674986958,-73.91968925570728,2026-04-07 15:40:00,nan,5664.555555555556,6673.0,6,0,19.21806721383102,1,0,0.7,4,27.8,1,Medium,14,0.051,0.949,0.0,0.0
68750312,2026-04-22 10:16:20,Closed,Street Condition,Pothole,QUEENS,nan,40.73477005155517,-73.87458148691805,2026-04-22 16:15:00,nan,4959.1547619047615,4660.0,22,0,3.4437269360532405,2,0,0.7,4,27.8,1,Medium,14,0.043,0.957,0.0,0.0
68549855,2026-04-03 08:33:41,Closed,Street Condition,Pothole,QUEENS,nan,40.744471367626446,-73.91150714496824,2026-04-16 09:25:00,nan,4959.1547619047615,4660.0,7,0,22.515011658275462,2,0,0.7,4,27.8,1,Medium,14,0.006,0.994,0.0,0.0
68593089,2026-04-06 15:42:37,Closed,Street Condition,Pothole,BROOKLYN,EAST   58 STREET,40.62496456915244,-73.91980341605095,2026-04-07 15:47:00,nan,5664.555555555556,6673.0,6,0,19.217141287905093,1,0,0.7,4,27.8,1,Medium,14,0.051,0.949,0.0,0.0
68620190,2026-04-10 09:45:38,Open,Street Condition,Pothole,BRONX,nan,40.87885161878043,-73.85571903390783,,nan,6677.6,6655.5,8,1,15.465046380497684,3,0,0.7,4,27.8,1,Medium,14,0.002,0.998,0.0,0.0
68771514,2026-04-23 08:40:50,Pending,Street Condition,Pothole,QUEENS,nan,40.7447332449159,-73.93358950294318,,nan,4959.1547619047615,4660.0,19,0,2.5100463804976854,2,0,0.7,4,27.8,1,Medium,14,0.001,0.999,0.0,0.0
68640284,2026-04-12 11:01:30,Closed,Street Condition,Pothole,QUEENS,nan,40.77597689723576,-73.82777946503842,2026-04-12 20:15:00,nan,4959.1547619047615,4660.0,8,0,13.4123611953125,2,0,0.7,4,27.7,1,Medium,14,0.021,0.978,0.0,0.0
68609715,2026-04-09 16:33:41,Closed,Street Condition,Pothole,QUEENS,nan,40.7690928388307,-73.82579360571758,2026-04-18 09:25:00,nan,4959.1547619047615,4660.0,8,0,16.18167832494213,2,0,0.7,4,27.7,1,Medium,14,0.007,0.993,0.0,0.0
68600485,2026-04-08 08:27:10,Closed,Street Condition,Pothole,QUEENS,nan,40.7457632635836,-73.9258040131222,2026-04-20 10:18:00,nan,4959.1547619047615,4660.0,8,0,17.519537121238425,2,0,0.7,4,27.7,1,Medium,14,0.003,0.997,0.0,0.0
68603129,2026-04-08 08:38:38,Closed,Street Condition,Pothole,QUEENS,nan,40.592728555716455,-73.79812170555323,2026-04-11 10:28:00,nan,4959.1547619047615,4660.0,6,1,17.51157415827546,2,0,0.7,4,27.7,1,Medium,14,0.06,0.94,0.0,0.0
68689846,2026-04-16 07:51:45,Closed,Street Condition,Pothole,BROOKLYN,nan,40.59819993606757,-73.9424855670156,2026-04-18 15:09:00,nan,5664.555555555556,6673.0,8,0,9.544132028645834,1,0,0.7,4,27.7,1,Medium,14,0.006,0.994,0.0,0.0
68528117,2026-04-01 18:27:00,Closed,Street Condition,Pothole,QUEENS,nan,40.680132124818265,-73.84686872082064,2026-04-11 10:45:00,nan,4959.1547619047615,4660.0,6,0,24.1029861953125,2,0,0.7,4,27.7,1,Medium,14,0.025,0.975,0.0,0.0
68595863,2026-04-06 12:28:30,Closed,Street Condition,Pothole,BROOKLYN,VARICK AVENUE,40.72396406586697,-73.93424877125369,2026-04-07 08:50:00,nan,5664.555555555556,1508.0,6,1,19.351944528645834,1,0,0.7,4,27.7,1,Medium,14,0.04,0.96,0.0,0.0
68672926,2026-04-14 14:57:27,Closed,Street Condition,Pothole,BROOKLYN,KNAPP STREET,40.59787126484802,-73.9336095412854,2026-04-15 13:49:00,nan,5664.555555555556,23422.0,4,0,11.248507028645832,1,0,0.7,4,27.7,1,Medium,14,0.029,0.971,0.0,0.0
68723461,2026-04-20 02:35:54,Closed,Street Condition,Pothole,BROOKLYN,nan,40.60194983071301,-73.99380961331761,2026-04-20 02:35:54,nan,5664.555555555556,6673.0,29,0,5.763472306423611,1,0,0.7,4,27.7,1,Medium,14,0.015,0.985,0.0,0.0
68760921,2026-04-23 08:22:12,Closed,Street Condition,Pothole,QUEENS,104 STREET,40.74848370744888,-73.8609891344078,2026-04-23 21:33:00,nan,4959.1547619047615,4660.0,18,1,2.5229861953125003,2,0,0.7,4,27.7,1,Medium,14,0.004,0.996,0.0,0.0
68621085,2026-04-10 11:22:03,Closed,Street Condition,Pothole,BRONX,nan,40.884399899656366,-73.85237261654099,2026-04-10 11:22:03,nan,6677.6,6655.5,6,1,15.398090361979166,3,0,0.7,4,27.7,1,Medium,14,0.057,0.942,0.0,0.0
68555060,2026-04-04 02:55:19,Pending,Street Condition,Pothole,QUEENS,nan,40.72444285430811,-73.91510543889461,,nan,4959.1547619047615,4660.0,5,0,21.749988510127313,2,0,0.7,4,27.6,1,Medium,14,0.166,0.834,0.0,0.0
68668071,2026-04-14 12:35:46,Closed,Street Condition,Pothole,QUEENS,nan,40.7599300035456,-73.89845559346726,2026-04-14 16:55:00,nan,4959.1547619047615,4660.0,8,0,11.346898232349536,2,0,0.7,4,27.6,1,Medium,14,0.069,0.931,0.0,0.0
68586104,2026-04-07 17:19:05,Closed,Street Condition,Pothole,QUEENS,nan,40.743305499960755,-73.93765082292556,2026-04-07 17:19:05,nan,4959.1547619047615,4660.0,7,1,18.15015054716435,2,0,0.7,4,27.6,1,Medium,14,0.018,0.982,0.0,0.0
68588893,2026-04-07 11:08:24,Closed,Street Condition,Pothole,QUEENS,nan,40.68129301808039,-73.82555426000988,2026-04-07 11:08:24,nan,4959.1547619047615,4660.0,5,1,18.407569528645833,2,0,0.7,4,27.6,1,Medium,14,0.053,0.947,0.0,0.0
68528095,2026-04-01 08:08:55,Closed,Street Condition,Pothole,BROOKLYN,nan,40.65639264753505,-73.97379102382558,2026-04-04 01:15:00,nan,5664.555555555556,6673.0,4,0,24.53221073234954,1,0,0.7,4,27.6,1,Medium,14,0.096,0.904,0.0,0.0
68740477,2026-04-21 14:44:38,Open,Street Condition,Pothole,BRONX,nan,40.877033540866954,-73.84636823281076,,nan,6677.6,6655.5,9,1,4.257407491608796,3,0,0.7,4,27.6,1,Medium,14,0.006,0.994,0.0,0.0
68578834,2026-04-04 12:37:05,Closed,Street Condition,Pothole,QUEENS,106 STREET,40.681476702748974,-73.83470442946626,2026-04-05 09:15:00,nan,4959.1547619047615,4660.0,5,1,21.345983880497684,2,0,0.7,4,27.6,1,Medium,14,0.015,0.985,0.0,0.0
68741933,2026-04-21 09:20:47,Open,Street Condition,Pothole,BRONX,nan,40.893404093843806,-73.85149178511355,,nan,6677.6,6655.5,8,0,4.482303324942129,3,0,0.7,4,27.6,1,Medium,14,0.007,0.993,0.0,0.0
68747381,2026-04-21 09:23:23,Closed,Street Condition,Pothole,BRONX,nan,40.893404093843806,-73.85149178511355,2026-04-21 09:23:23,nan,6677.6,6655.5,8,0,4.480497769386574,3,0,0.7,4,27.6,1,Medium,14,0.007,0.993,0.0,0.0
68753534,2026-04-22 07:52:44,Open,Street Condition,Pothole,BROOKLYN,nan,40.70110378324054,-73.9223842510617,,nan,5664.555555555556,6673.0,18,1,3.543449158275463,1,0,0.7,4,27.6,1,Medium,14,0.003,0.997,0.0,0.0
68592215,2026-04-07 18:10:28,Closed,Street Condition,Pothole,BROOKLYN,nan,40.693704610750274,-73.90504385367953,2026-04-13 13:05:00,nan,5664.555555555556,6673.0,5,1,18.114467676793982,1,0,0.7,4,27.6,1,Medium,14,0.044,0.956,0.0,0.0
68755689,2026-04-22 10:15:09,Closed,Street Condition,Pothole,QUEENS,nan,40.7402725268642,-73.89585124979992,2026-04-22 10:15:09,nan,4959.1547619047615,4660.0,23,0,3.4445486953124997,2,0,0.7,4,27.6,1,Medium,14,0.016,0.984,0.0,0.0
68745860,2026-04-21 09:26:00,Closed,Street Condition,Pothole,BRONX,nan,40.893404093843806,-73.85149178511355,2026-04-21 09:26:00,nan,6677.6,6655.5,8,0,4.478680639756944,3,0,0.7,4,27.6,1,Medium,14,0.007,0.993,0.0,0.0
68682412,2026-04-16 01:30:01,Closed,Street Condition,Pothole,QUEENS,nan,40.66706786430971,-73.79306643645447,2026-04-16 18:21:00,nan,4959.1547619047615,4660.0,8,0,9.809224621238426,2,0,0.7,4,27.6,1,Medium,14,0.005,0.995,0.0,0.0
68749440,2026-04-21 12:51:20,Closed,Street Condition,Pothole,STATEN ISLAND,nan,40.540587527713186,-74.2215341962543,2026-04-22 10:45:00,nan,23788.714285714286,2762.0,2,0,4.336088047164352,4,0,0.7,4,27.6,1,Medium,14,0.002,0.998,0.0,0.0
68709500,2026-04-17 16:03:07,Closed,Street Condition,Pothole,QUEENS,nan,40.69446951905633,-73.78146330384405,2026-04-18 14:50:00,nan,4959.1547619047615,4660.0,6,1,8.202905176793982,2,0,0.7,4,27.5,1,Medium,14,0.448,0.552,0.0,0.0
68692277,2026-04-16 06:24:59,Closed,Street Condition,Pothole,QUEENS,nan,40.72631790982883,-73.90178276378069,2026-04-16 19:51:00,nan,4959.1547619047615,4660.0,15,0,9.604386658275462,2,0,0.7,4,27.5,1,Medium,14,0.0,1.0,0.0,0.0
68575220,2026-04-06 08:34:04,Closed,Street Condition,Pothole,QUEENS,nan,40.709989066392616,-73.90474291733454,2026-04-18 14:15:00,nan,4959.1547619047615,4660.0,6,1,19.51474545457176,2,0,0.7,4,27.5,1,Medium,14,0.078,0.922,0.0,0.0
68729576,2026-04-20 07:15:08,Closed,Street Condition,Pothole,QUEENS,nan,40.66684822206101,-73.80400368382048,2026-04-20 19:24:00,nan,4959.1547619047615,4660.0,22,0,5.569560269386574,2,0,0.7,4,27.5,1,Medium,14,0.002,0.998,0.0,0.0
68672901,2026-04-14 15:00:51,Closed,Street Condition,Pothole,QUEENS,nan,40.71346114581336,-73.91521321258027,2026-04-15 08:50:00,nan,4959.1547619047615,4660.0,7,0,11.246145917534722,2,0,0.7,4,27.5,1,Medium,14,0.073,0.927,0.0,0.0
68636283,2026-04-11 11:04:01,Closed,Street Condition,Pothole,QUEENS,nan,40.7193491704373,-73.84262277024277,2026-04-11 11:04:01,nan,4959.1547619047615,4660.0,7,0,14.410613510127314,2,0,0.7,4,27.5,1,Medium,14,0.345,0.655,0.0,0.0
68732593,2026-04-17 09:53:05,Closed,Street Condition,Pothole,QUEENS,nan,40.7675816573985,-73.91088798914703,2026-04-18 08:30:00,nan,4959.1547619047615,4660.0,14,1,8.459872769386575,2,0,0.7,4,27.5,1,Medium,14,0.054,0.946,0.0,0.0
68707370,2026-04-18 01:13:26,Closed,Street Condition,Pothole,QUEENS,nan,40.70327874865508,-73.73620712128428,2026-04-18 13:54:00,nan,4959.1547619047615,4660.0,7,1,7.8207408249421295,2,0,0.7,4,27.5,1,Medium,14,0.141,0.859,0.0,0.0
68610495,2026-04-09 20:55:49,Closed,Street Condition,Pothole,QUEENS,nan,40.761217008162774,-73.8863970016137,2026-04-09 20:55:49,nan,4959.1547619047615,4660.0,7,0,15.999641287905092,2,0,0.7,4,27.5,1,Medium,14,0.157,0.843,0.0,0.0
68604423,2026-04-08 19:21:02,Closed,Street Condition,Pothole,BROOKLYN,nan,40.5970272594918,-73.95314881498462,2026-04-18 15:45:00,nan,5664.555555555556,6673.0,8,0,17.06546304716435,1,0,0.7,4,27.5,1,Medium,14,0.032,0.968,0.0,0.0
68586101,2026-04-07 20:40:24,Closed,Street Condition,Pothole,QUEENS,nan,40.69212936228362,-73.83483307985836,2026-04-07 20:40:24,nan,4959.1547619047615,4660.0,6,0,18.01034730642361,2,0,0.7,4,27.5,1,Medium,14,0.224,0.776,0.0,0.0
68614959,2026-04-09 15:45:31,Closed,Street Condition,Pothole,BROOKLYN,nan,40.620502053477814,-73.99859515891076,2026-04-11 12:30:00,nan,5664.555555555556,6673.0,7,1,16.215127399016204,1,0,0.7,4,27.5,1,Medium,14,0.496,0.504,0.0,0.0
68585210,2026-04-06 05:56:50,Closed,Street Condition,Pothole,QUEENS,nan,40.778615408499675,-73.83976021915419,2026-04-18 08:45:00,nan,4959.1547619047615,4660.0,6,0,19.623935269386575,2,0,0.7,4,27.5,1,Medium,14,0.351,0.648,0.0,0.0
68543251,2026-04-02 16:42:16,Closed,Street Condition,Pothole,QUEENS,nan,40.67929536753763,-73.73763596915745,2026-04-16 10:15:00,nan,4959.1547619047615,4660.0,5,1,23.17571767679398,2,0,0.7,4,27.5,1,Medium,14,0.229,0.77,0.0,0.0
68596384,2026-04-07 13:28:14,Closed,Street Condition,Pothole,QUEENS,nan,40.709965730961635,-73.73412827059632,2026-04-18 12:43:00,nan,4959.1547619047615,4660.0,7,0,18.31046304716435,2,0,0.7,4,27.5,1,Medium,14,0.027,0.973,0.0,0.0
68583785,2026-04-06 11:47:56,Closed,Street Condition,Pothole,QUEENS,nan,40.72792341486303,-73.87100083747289,2026-04-18 07:00:00,nan,4959.1547619047615,4660.0,7,0,19.38011582494213,2,0,0.7,4,27.5,1,Medium,14,0.19,0.81,0.0,0.0
68741359,2026-04-21 06:29:16,Closed,Street Condition,Pothole,QUEENS,nan,40.73203817756446,-73.81491796227877,2026-04-21 20:45:00,nan,4959.1547619047615,4660.0,14,1,4.601412121238425,2,0,0.7,4,27.5,0,Low,30,0.736,0.264,0.0,0.0
68668070,2026-04-14 12:40:07,Closed,Street Condition,Pothole,QUEENS,nan,40.76033839737429,-73.89475861598132,2026-04-14 12:40:07,nan,4959.1547619047615,4660.0,8,0,11.343877399016204,2,0,0.7,4,27.4,1,Medium,14,0.047,0.952,0.0,0.0
68616302,2026-04-09 17:28:19,Closed,Street Condition,Pothole,QUEENS,nan,40.761217008162774,-73.8863970016137,2026-04-15 21:17:00,nan,4959.1547619047615,4660.0,7,0,16.143738510127314,2,0,0.7,4,27.4,1,Medium,14,0.22,0.779,0.0,0.0
68634264,2026-04-11 19:47:44,Open,Street Condition,Pothole,BROOKLYN,nan,40.66017856648174,-73.90341918106874,,nan,5664.555555555556,6673.0,7,0,14.046921380497684,1,0,0.7,4,27.4,1,Medium,14,0.448,0.552,0.0,0.0
68737505,2026-04-20 17:09:22,Pending,Street Condition,Pothole,QUEENS,nan,40.7628902184556,-73.8055259956124,,nan,4959.1547619047615,4660.0,17,1,5.156898232349537,2,0,0.7,4,27.4,1,Medium,14,0.03,0.97,0.0,0.0
68536265,2026-04-01 07:31:59,Closed,Street Condition,Pothole,QUEENS,nan,40.663576835563255,-73.76468466532576,2026-04-01 19:51:00,nan,4959.1547619047615,4660.0,4,1,24.557858880497687,2,0,0.7,4,27.4,1,Medium,14,0.093,0.907,0.0,0.0
68753041,2026-04-22 10:17:09,Closed,Street Condition,Pothole,QUEENS,nan,40.7343762769571,-73.87341674191903,2026-04-22 10:17:09,nan,4959.1547619047615,4660.0,23,0,3.443159806423611,2,0,0.7,4,27.4,1,Medium,14,0.303,0.697,0.0,0.0
68684892,2026-04-15 15:39:22,Closed,Street Condition,Pothole,BROOKLYN,JEROME STREET,40.66976371152322,-73.88584622471096,2026-04-16 13:17:00,nan,5664.555555555556,1257.0,7,1,10.219398232349537,1,0,0.7,4,27.4,1,Medium,14,0.035,0.965,0.0,0.0
68607881,2026-04-09 12:33:30,Closed,Street Condition,Pothole,QUEENS,nan,40.761217008162774,-73.8863970016137,2026-04-09 12:33:30,nan,4959.1547619047615,4660.0,7,0,16.34847230642361,2,0,0.7,4,27.4,1,Medium,14,0.103,0.897,0.0,0.0
68745854,2026-04-20 15:48:04,Closed,Street Condition,Pothole,BROOKLYN,8 AVENUE,40.66921954728183,-73.9763165446147,2026-04-21 09:08:00,nan,5664.555555555556,6673.0,7,1,5.21335656568287,1,0,0.7,4,27.4,1,Medium,14,0.063,0.936,0.0,0.0
68543962,2026-04-02 13:40:18,Closed,Street Condition,Pothole,QUEENS,nan,40.74436324535859,-73.91370508145087,2026-04-02 13:40:18,nan,4959.1547619047615,4660.0,6,0,23.30208341753472,2,0,0.7,4,27.4,1,Medium,14,0.331,0.669,0.0,0.0
68747972,2026-04-21 07:46:45,Pending,Street Condition,Pothole,QUEENS,nan,40.70327874865508,-73.73620712128428,,nan,4959.1547619047615,4660.0,7,1,4.547604250868055,2,0,0.7,4,27.4,1,Medium,14,0.123,0.877,0.0,0.0
68601239,2026-04-09 00:23:54,Closed,Street Condition,Pothole,QUEENS,nan,40.761217008162774,-73.8863970016137,2026-04-09 00:23:54,nan,4959.1547619047615,4660.0,7,0,16.855138973090277,2,0,0.7,4,27.4,1,Medium,14,0.065,0.935,0.0,0.0
68610499,2026-04-09 15:33:57,Closed,Street Condition,Pothole,QUEENS,nan,40.761217008162774,-73.8863970016137,2026-04-09 15:33:57,nan,4959.1547619047615,4660.0,7,0,16.22315980642361,2,0,0.7,4,27.4,1,Medium,14,0.117,0.883,0.0,0.0
68677379,2026-04-14 14:57:47,Closed,Street Condition,Pothole,BROOKLYN,AVENUE J,40.628428283495815,-73.92352072516573,2026-04-15 14:20:00,nan,5664.555555555556,14024.0,6,0,11.248275547164353,1,0,0.7,4,27.4,1,Medium,14,0.012,0.988,0.0,0.0
68585209,2026-04-06 07:52:55,Closed,Street Condition,Pothole,QUEENS,nan,40.72421487973412,-73.91488926345671,2026-04-17 13:04:00,nan,4959.1547619047615,4660.0,6,0,19.54332184346065,2,0,0.7,4,27.4,1,Medium,14,0.236,0.764,0.0,0.0
68621093,2026-04-10 17:06:06,Closed,Street Condition,Pothole,QUEENS,nan,40.72792341486303,-73.87100083747289,2026-04-10 17:06:06,nan,4959.1547619047615,4660.0,7,0,15.159166750868055,2,0,0.7,4,27.4,1,Medium,14,0.245,0.755,0.0,0.0
68514078,2026-04-01 02:56:47,Closed,Street Condition,Pothole,QUEENS,nan,40.75702097925724,-73.83867155128311,2026-04-01 20:15:00,nan,4959.1547619047615,4660.0,3,1,24.7489699916088,2,0,0.7,4,27.4,1,Medium,14,0.066,0.933,0.0,0.0
68745843,2026-04-20 14:47:02,Closed,Street Condition,Pothole,QUEENS,38 AVENUE,40.76093681755649,-73.83038850148965,2026-04-21 09:17:00,nan,4959.1547619047615,4660.0,32,1,5.255740824942129,2,0,0.7,4,27.4,1,Medium,14,0.365,0.634,0.001,0.0
68615790,2026-04-09 11:06:33,Closed,Street Condition,Pothole,QUEENS,nan,40.761217008162774,-73.8863970016137,2026-04-09 11:06:33,nan,4959.1547619047615,4660.0,7,0,16.408854250868057,2,0,0.7,4,27.4,1,Medium,14,0.076,0.924,0.0,0.0
68761425,2026-04-23 20:58:14,Open,Street Condition,Pothole,STATEN ISLAND,nan,40.5675511458259,-74.1337392914252,,nan,23788.714285714286,2762.0,1,0,1.997963047164352,4,0,0.7,4,27.4,1,Medium,14,0.013,0.987,0.0,0.0
68770992,2026-04-23 16:43:23,Closed,Street Condition,Pothole,QUEENS,nan,40.76209494737895,-73.78728787699804,2026-04-23 20:22:00,nan,4959.1547619047615,4660.0,8,1,2.174942213831019,2,0,0.7,4,27.4,1,Medium,14,0.096,0.904,0.0,0.0
68686351,2026-04-15 14:54:12,Closed,Street Condition,Pothole,QUEENS,DALNY ROAD,40.715968014170286,-73.77933663813025,2026-04-16 10:40:00,nan,4959.1547619047615,4660.0,6,0,10.250763973090278,2,0,0.7,4,27.4,1,Medium,14,0.085,0.915,0.0,0.0
68631231,2026-04-10 15:09:44,Closed,Street Condition,Pothole,QUEENS,nan,40.74530813046468,-73.90752180062752,2026-04-11 14:30:00,nan,4959.1547619047615,4660.0,7,0,15.23997693605324,2,0,0.7,4,27.4,1,Medium,14,0.167,0.833,0.0,0.0
68728653,2026-04-21 01:34:55,Open,Street Condition,Pothole,BROOKLYN,nan,40.63963234562872,-73.95417823915444,,nan,5664.555555555556,6673.0,23,1,4.805821843460648,1,0,0.7,4,27.4,1,Medium,14,0.024,0.976,0.0,0.0
68745846,2026-04-21 12:07:03,Closed,Street Condition,Pothole,QUEENS,nan,40.689852673635386,-73.83779917108394,2026-04-21 21:45:00,nan,4959.1547619047615,4660.0,7,1,4.3668403619791665,2,0,0.7,4,27.4,1,Medium,14,0.081,0.919,0.0,0.0
68623737,2026-04-10 08:32:12,Closed,Street Condition,Pothole,BROOKLYN,nan,40.67760425245059,-73.90233760899243,2026-04-10 08:32:12,nan,5664.555555555556,6673.0,6,1,15.516041750868055,1,0,0.7,4,27.4,0,Low,30,0.577,0.423,0.0,0.0
68747366,2026-04-21 09:59:49,Closed,Street Condition,Pothole,QUEENS,nan,40.75264157307053,-73.93987263381857,2026-04-21 15:57:00,nan,4959.1547619047615,4660.0,14,1,4.455196843460648,2,0,0.7,4,27.4,1,Medium,14,0.047,0.953,0.0,0.0
68630528,2026-04-11 11:00:55,Closed,Street Condition,Pothole,QUEENS,nan,40.77309049734575,-73.911075579805,2026-04-18 10:30:00,nan,4959.1547619047615,4660.0,5,1,14.412766287905093,2,0,0.7,4,27.3,1,Medium,14,0.218,0.781,0.0,0.0
68671904,2026-04-14 07:36:14,Pending,Street Condition,Pothole,QUEENS,nan,40.733497309506575,-73.87036942449794,,nan,4959.1547619047615,4660.0,44,1,11.554907491608796,2,0,0.7,4,27.3,1,Medium,14,0.0,1.0,0.0,0.0
68697190,2026-04-17 10:56:48,Open,Street Condition,Pothole,STATEN ISLAND,nan,40.555666307905774,-74.21350157580163,,nan,23788.714285714286,2762.0,2,1,8.41562508420139,4,0,0.7,4,27.3,1,Medium,14,0.006,0.994,0.0,0.0
68538152,2026-04-02 08:55:14,Closed,Street Condition,Pothole,QUEENS,nan,40.76275984790348,-73.8895205029829,2026-04-11 11:05:00,nan,4959.1547619047615,4660.0,4,0,23.500046380497686,2,0,0.7,4,27.3,1,Medium,14,0.052,0.947,0.0,0.0
68677354,2026-04-15 12:02:30,Closed,Street Condition,Pothole,QUEENS,nan,40.68226523856321,-73.8451331832496,2026-04-15 12:02:30,nan,4959.1547619047615,4660.0,9,0,10.370000084201388,2,0,0.7,4,27.3,1,Medium,14,0.005,0.995,0.0,0.0
68713739,2026-04-18 19:17:00,Open,Street Condition,Pothole,BRONX,nan,40.87330196870147,-73.85363749509766,,nan,6677.6,6655.5,9,0,7.068263973090278,3,0,0.7,4,27.3,1,Medium,14,0.002,0.998,0.0,0.0
68614412,2026-04-09 09:10:34,Closed,Street Condition,Pothole,QUEENS,nan,40.68627254618037,-73.77380998188276,2026-04-09 09:10:34,nan,4959.1547619047615,4660.0,6,1,16.489398232349536,2,0,0.7,4,27.3,0,Low,30,0.686,0.314,0.0,0.0
68688388,2026-04-16 09:49:48,Open,Street Condition,Pothole,BROOKLYN,nan,40.61635334088733,-73.98244778153928,,nan,5664.555555555556,6673.0,7,1,9.462152861979167,1,0,0.7,4,27.3,1,Medium,14,0.032,0.968,0.0,0.0
68591687,2026-04-07 07:56:55,Closed,Street Condition,Pothole,QUEENS,nan,40.72792341486303,-73.87100083747289,2026-04-07 07:56:55,nan,4959.1547619047615,4660.0,7,0,18.54054406568287,2,0,0.7,4,27.3,1,Medium,14,0.185,0.815,0.0,0.0
68590265,2026-04-07 10:52:40,Closed,Street Condition,Pothole,QUEENS,nan,40.72792341486303,-73.87100083747289,2026-04-07 10:52:40,nan,4959.1547619047615,4660.0,7,0,18.418495454571758,2,0,0.7,4,27.3,1,Medium,14,0.138,0.861,0.0,0.0
68586108,2026-04-07 13:53:05,Closed,Street Condition,Pothole,QUEENS,nan,40.75557132920471,-73.9117631084856,2026-04-07 13:53:05,nan,4959.1547619047615,4660.0,4,0,18.293206102719907,2,0,0.7,4,27.3,1,Medium,14,0.287,0.713,0.0,0.0
68700151,2026-04-17 11:16:11,Pending,Street Condition,Pothole,QUEENS,nan,40.66563561959236,-73.75816027212049,,nan,4959.1547619047615,4660.0,29,1,8.40216443605324,2,0,0.7,4,27.3,1,Medium,14,0.066,0.934,0.0,0.0
68724904,2026-04-19 20:25:06,Closed,Street Condition,Pothole,STATEN ISLAND,nan,40.540587527713186,-74.2215341962543,2026-04-20 07:44:00,nan,23788.714285714286,2762.0,2,0,6.0209723064236105,4,0,0.7,4,27.3,1,Medium,14,0.001,0.999,0.0,0.0
68720339,2026-04-18 15:29:38,Closed,Street Condition,Pothole,QUEENS,nan,40.7107097820174,-73.79303916334497,2026-04-19 08:20:00,nan,4959.1547619047615,4660.0,19,0,7.226157491608796,2,0,0.7,4,27.3,1,Medium,14,0.002,0.998,0.0,0.0
68603137,2026-04-08 13:21:21,Open,Street Condition,Pothole,BRONX,nan,40.83637107970858,-73.83470627636198,,nan,6677.6,6655.5,4,0,17.315243139756944,3,0,0.7,4,27.3,1,Medium,14,0.115,0.885,0.0,0.0
68649953,2026-04-13 11:23:03,Closed,Street Condition,Pothole,BROOKLYN,nan,40.70890079120213,-73.96580266192987,2026-04-16 13:45:00,nan,5664.555555555556,6673.0,6,0,12.397395917534721,1,0,0.7,4,27.3,1,Medium,14,0.128,0.872,0.0,0.0
68543248,2026-04-02 20:36:46,Closed,Street Condition,Pothole,QUEENS,nan,40.66212217697171,-73.77015409281343,2026-04-16 08:55:00,nan,4959.1547619047615,4660.0,6,0,23.012870454571758,2,0,0.7,4,27.3,1,Medium,14,0.023,0.977,0.0,0.0
68679434,2026-04-15 10:37:13,Closed,Street Condition,Pothole,BROOKLYN,nan,40.63132920273728,-74.03879791951721,2026-04-22 14:00:00,nan,5664.555555555556,6673.0,4,0,10.429224621238426,1,0,0.7,4,27.3,0,Low,30,0.918,0.082,0.0,0.0
68598566,2026-04-08 20:38:53,Closed,Street Condition,Pothole,QUEENS,nan,40.73494869819789,-73.84542569708825,2026-04-08 20:38:53,nan,4959.1547619047615,4660.0,7,0,17.011400547164353,2,0,0.7,4,27.3,1,Medium,14,0.089,0.911,0.0,0.0
68748854,2026-04-21 06:54:18,Closed,Street Condition,Pothole,BROOKLYN,nan,40.62691815775337,-73.983215938756,2026-04-21 06:54:18,nan,5664.555555555556,6673.0,8,0,4.584027861979166,1,0,0.7,4,27.2,1,Medium,14,0.004,0.996,0.0,0.0
68692288,2026-04-15 13:34:42,Closed,Street Condition,Pothole,BROOKLYN,BAY   47 STREET,40.59131286399573,-73.98453910043746,2026-04-16 11:47:00,nan,5664.555555555556,6673.0,6,1,10.30597230642361,1,0,0.7,4,27.2,1,Medium,14,0.029,0.971,0.0,0.0
68529029,2026-04-01 08:39:54,Closed,Street Condition,Pothole,QUEENS,nan,40.75557132920471,-73.9117631084856,2026-04-01 08:39:54,nan,4959.1547619047615,4660.0,4,0,24.510694528645836,2,0,0.7,4,27.2,0,Low,30,0.699,0.299,0.001,0.0
68574668,2026-04-06 14:47:34,Closed,Street Condition,Pothole,QUEENS,nan,40.72792341486303,-73.87100083747289,2026-04-06 14:47:34,nan,4959.1547619047615,4660.0,7,0,19.25537045457176,2,0,0.7,4,27.2,1,Medium,14,0.19,0.81,0.0,0.0
68713276,2026-04-18 08:05:14,Closed,Street Condition,Pothole,QUEENS,nan,40.71645685646987,-73.73760151550351,2026-04-18 14:51:00,nan,4959.1547619047615,4660.0,8,1,7.5347686027199074,2,0,0.7,4,27.2,1,Medium,14,0.002,0.998,0.0,0.0
68742864,2026-04-20 01:04:02,Closed,Street Condition,Pothole,MANHATTAN,DYCKMAN STREET,40.86899942729567,-73.93152742807646,2026-04-22 01:00:00,nan,16591.571428571428,14161.0,1,0,5.827268602719907,0,0,0.7,4,27.2,1,Medium,14,0.01,0.989,0.001,0.0
68754885,2026-04-22 11:24:13,Open,Street Condition,Pothole,STATEN ISLAND,nan,40.52128013605739,-74.23945791984274,,nan,23788.714285714286,2762.0,1,0,3.396585732349537,4,0,0.7,4,27.2,1,Medium,14,0.013,0.987,0.0,0.0
68695656,2026-04-16 16:09:42,Open,Street Condition,Pothole,STATEN ISLAND,nan,40.555480204110104,-74.16484710477593,,nan,23788.714285714286,2762.0,2,0,9.198333417534721,4,0,0.7,4,27.2,1,Medium,14,0.002,0.998,0.0,0.0
68708272,2026-04-18 03:59:57,Closed,Street Condition,Pothole,QUEENS,nan,40.676460885090954,-73.80751212298135,2026-04-18 20:45:00,nan,4959.1547619047615,4660.0,8,0,7.705104250868056,2,0,0.7,4,27.2,1,Medium,14,0.066,0.934,0.0,0.0
68630522,2026-04-11 17:19:27,Closed,Street Condition,Pothole,QUEENS,nan,40.75024772557371,-73.95051102722711,2026-04-15 21:45:00,nan,4959.1547619047615,4660.0,7,1,14.149895917534723,2,0,0.7,4,27.2,0,Low,30,0.668,0.332,0.0,0.0
68728136,2026-04-17 09:37:56,Closed,Street Condition,Pothole,QUEENS,nan,40.77696327334447,-73.84801086453379,2026-04-18 09:05:00,nan,4959.1547619047615,4660.0,8,1,8.470393602719907,2,0,0.7,4,27.2,0,Low,30,0.857,0.143,0.0,0.0
68720725,2026-04-20 02:34:38,Open,Street Condition,Pothole,BROOKLYN,nan,40.597477924369905,-73.98645696038437,,nan,5664.555555555556,6673.0,22,1,5.764351936053241,1,0,0.7,4,27.2,1,Medium,14,0.006,0.994,0.0,0.0
68604414,2026-04-08 07:53:36,Closed,Street Condition,Pothole,QUEENS,nan,40.68580737540984,-73.77314811162732,2026-04-15 21:00:00,nan,4959.1547619047615,4660.0,5,1,17.54284730642361,2,0,0.7,4,27.2,1,Medium,14,0.459,0.541,0.0,0.0
68754900,2026-04-22 16:11:15,Open,Street Condition,Pothole,BROOKLYN,nan,40.682067421178,-73.89325246226335,,nan,5664.555555555556,6673.0,7,0,3.1972570286458333,1,0,0.7,4,27.2,1,Medium,14,0.073,0.927,0.0,0.0
68738421,2026-04-21 06:56:33,Closed,Street Condition,Pothole,BROOKLYN,nan,40.62691815775337,-73.983215938756,2026-04-21 06:56:33,nan,5664.555555555556,6673.0,8,0,4.582465361979167,1,0,0.7,4,27.2,1,Medium,14,0.004,0.996,0.0,0.0
68667099,2026-04-14 20:41:41,Closed,Street Condition,Pothole,BROOKLYN,nan,40.61516094373182,-74.02395962903049,2026-04-16 12:45:00,nan,5664.555555555556,6673.0,6,1,11.009456102719907,1,0,0.7,4,27.2,0,Low,30,0.859,0.141,0.0,0.0
68609675,2026-04-04 11:26:41,Closed,Street Condition,Pothole,QUEENS,nan,40.74723392291737,-73.70903394184133,2026-04-15 13:35:00,nan,4959.1547619047615,4660.0,5,0,21.394872769386573,2,0,0.7,4,27.2,1,Medium,14,0.108,0.892,0.0,0.0
68724903,2026-04-19 12:41:00,Closed,Street Condition,Pothole,BRONX,nan,40.8846860238732,-73.88984589103906,2026-04-22 03:02:00,nan,6677.6,6655.5,8,1,6.343263973090278,3,0,0.7,4,27.2,1,Medium,14,0.006,0.994,0.0,0.0
68683885,2026-04-15 20:48:23,Closed,Street Condition,Pothole,QUEENS,nan,40.7241881788816,-73.79087954447728,2026-04-16 21:45:00,nan,4959.1547619047615,4660.0,9,0,10.004803324942129,2,0,0.7,4,27.2,1,Medium,14,0.002,0.998,0.0,0.0
68756959,2026-04-22 08:58:05,Closed,Street Condition,Pothole,QUEENS,nan,40.7386450764329,-73.8873051469592,2026-04-22 08:58:05,nan,4959.1547619047615,4660.0,13,1,3.4980672138310185,2,0,0.7,4,27.1,1,Medium,14,0.045,0.955,0.0,0.0
68576549,2026-04-06 19:38:05,Open,Street Condition,Pothole,BROOKLYN,nan,40.693704610750274,-73.90504385367953,,nan,5664.555555555556,6673.0,5,1,19.053622769386575,1,0,0.7,4,27.1,1,Medium,14,0.177,0.823,0.0,0.0
68539452,2026-04-02 13:30:59,Closed,Street Condition,Pothole,QUEENS,nan,40.75397272648211,-73.72599030955537,2026-04-11 11:47:00,nan,4959.1547619047615,4660.0,5,1,23.308553324942128,2,0,0.7,4,27.1,1,Medium,14,0.498,0.502,0.0,0.0
68769541,2026-04-23 11:25:29,Closed,Street Condition,Pothole,QUEENS,nan,40.75765212948006,-73.74083946605715,2026-04-23 20:22:00,nan,4959.1547619047615,4660.0,22,1,2.3957061027199074,2,0,0.7,4,27.1,1,Medium,14,0.008,0.992,0.0,0.0
68665509,2026-04-14 16:23:38,Pending,Street Condition,Pothole,QUEENS,nan,40.74700886214913,-73.8602343215567,,nan,4959.1547619047615,4660.0,8,1,11.188657491608796,2,0,0.7,4,27.1,1,Medium,14,0.014,0.986,0.0,0.0
68713277,2026-04-18 08:02:21,Closed,Street Condition,Pothole,QUEENS,nan,40.667431988364136,-73.76675458345666,2026-04-18 08:02:21,nan,4959.1547619047615,4660.0,21,0,7.536770917534722,2,0,0.7,4,27.1,1,Medium,14,0.002,0.998,0.0,0.0
68754906,2026-04-22 08:08:11,Pending,Street Condition,Pothole,QUEENS,nan,40.743700340673925,-73.92333787837586,,nan,4959.1547619047615,4660.0,15,0,3.532719991608796,2,0,0.7,4,27.1,1,Medium,14,0.002,0.998,0.0,0.0
68526172,2026-04-01 08:17:15,Closed,Street Condition,Pothole,QUEENS,nan,40.73019349662973,-73.77757568527421,2026-04-01 21:45:00,nan,4959.1547619047615,4660.0,4,0,24.526423695312502,2,0,0.7,4,27.1,0,Low,30,0.641,0.359,0.0,0.0
68711225,2026-04-18 15:07:06,Open,Street Condition,Pothole,BROOKLYN,nan,40.65941591430308,-73.98009368334249,,nan,5664.555555555556,6673.0,8,1,7.241805639756945,1,0,0.7,4,27.1,1,Medium,14,0.019,0.981,0.0,0.0
68637953,2026-04-11 12:35:10,Closed,Street Condition,Pothole,QUEENS,nan,40.771996630244075,-73.93329875946658,2026-04-21 10:25:00,nan,4959.1547619047615,4660.0,6,0,14.347314899016203,2,0,0.7,4,27.1,0,Low,30,0.577,0.422,0.0,0.0
68612308,2026-04-08 15:45:34,Closed,Street Condition,Pothole,BROOKLYN,nan,40.58945163597641,-73.96051711597006,2026-04-11 14:31:00,nan,5664.555555555556,6673.0,6,0,17.215092676793983,1,0,0.7,4,27.1,1,Medium,14,0.398,0.602,0.0,0.0
68527599,2026-04-01 12:58:39,Closed,Street Condition,Pothole,QUEENS,nan,40.680132124818265,-73.84686872082064,2026-04-01 18:55:00,nan,4959.1547619047615,4660.0,6,0,24.331007028645836,2,0,0.7,4,27.1,1,Medium,14,0.024,0.975,0.0,0.0
68528122,2026-04-01 14:40:21,Pending,Street Condition,Pothole,QUEENS,nan,40.73770685502982,-73.88230174977016,,nan,4959.1547619047615,4660.0,5,0,24.260382028645832,2,0,0.7,4,27.1,1,Medium,14,0.311,0.689,0.0,0.0
68608382,2026-04-05 01:48:35,Closed,Street Condition,Pothole,QUEENS,nan,40.762022488991065,-73.7881833439899,2026-04-11 10:35:00,nan,4959.1547619047615,4660.0,6,1,20.796331102719908,2,0,0.7,4,27.1,1,Medium,14,0.088,0.911,0.0,0.0
68714572,2026-04-18 10:55:38,Closed,Street Condition,Pothole,BRONX,nan,40.91032302996876,-73.8976252276312,2026-04-18 10:55:38,nan,6677.6,6655.5,4,0,7.416435269386574,3,0,0.7,4,27.0,1,Medium,14,0.251,0.749,0.0,0.0
68744344,2026-04-21 09:24:52,Closed,Street Condition,Pothole,QUEENS,nan,40.71485996516194,-73.75921174784,2026-04-21 15:54:00,nan,4959.1547619047615,4660.0,8,0,4.479467676793981,2,0,0.7,4,27.0,1,Medium,14,0.011,0.989,0.0,0.0
68680399,2026-04-14 14:57:00,Closed,Street Condition,Pothole,BROOKLYN,86 STREET,40.59304946642858,-73.9791268826187,2026-04-15 13:15:00,nan,5664.555555555556,6673.0,8,1,11.248819528645834,1,0,0.7,4,27.0,1,Medium,14,0.009,0.991,0.0,0.0
68557166,2026-04-03 08:46:14,Closed,Street Condition,Pothole,QUEENS,nan,40.72710607909173,-73.80508201847246,2026-04-03 08:46:14,nan,4959.1547619047615,4660.0,6,0,22.506296380497684,2,0,0.7,4,27.0,0,Low,30,0.769,0.231,0.0,0.0
68621522,2026-04-10 17:33:34,Closed,Street Condition,Pothole,BROOKLYN,nan,40.59570850575166,-73.96506125122185,2026-04-11 15:09:00,nan,5664.555555555556,6673.0,8,0,15.140092676793982,1,0,0.7,4,27.0,1,Medium,14,0.005,0.995,0.0,0.0
68594435,2026-04-07 09:58:30,Closed,Street Condition,Pothole,QUEENS,nan,40.73177902884212,-73.77010866842208,2026-04-07 09:58:30,nan,4959.1547619047615,4660.0,5,1,18.4561111953125,2,0,0.7,4,27.0,1,Medium,14,0.184,0.816,0.0,0.0
68750313,2026-04-22 10:14:08,Closed,Street Condition,Pothole,QUEENS,nan,40.74089617616554,-73.89960689847297,2026-04-22 10:14:08,nan,4959.1547619047615,4660.0,32,1,3.445254713831018,2,0,0.7,4,27.0,1,Medium,14,0.065,0.935,0.0,0.0
68618916,2026-04-10 06:44:54,Open,Street Condition,Pothole,BRONX,nan,40.82155463945263,-73.87848621017984,,nan,6677.6,6655.5,5,1,15.590555639756944,3,0,0.7,4,27.0,1,Medium,14,0.049,0.951,0.0,0.0
68633769,2026-04-10 11:34:18,Closed,Street Condition,Pothole,QUEENS,111 AVENUE,40.678688683105655,-73.82768099271746,2026-04-11 10:05:00,nan,4959.1547619047615,4660.0,7,1,15.389583417534721,2,0,0.7,4,27.0,1,Medium,14,0.026,0.974,0.0,0.0
68608427,2026-04-09 11:37:45,Closed,Street Condition,Pothole,QUEENS,nan,40.770541186913114,-73.93204745242315,2026-04-15 21:53:00,nan,4959.1547619047615,4660.0,5,1,16.38718758420139,2,0,0.7,4,27.0,1,Medium,14,0.077,0.923,0.0,0.0
68580290,2026-04-06 19:56:10,Closed,Street Condition,Pothole,BROOKLYN,nan,40.677868575744306,-73.90331424666908,2026-04-06 19:56:10,nan,5664.555555555556,6673.0,6,1,19.041064899016202,1,0,0.7,4,27.0,1,Medium,14,0.028,0.972,0.0,0.0
68694234,2026-04-16 12:28:40,Pending,Street Condition,Pothole,BRONX,nan,40.8460538671837,-73.85687087002634,,nan,6677.6,6655.5,6,0,9.351828787905092,3,0,0.7,4,27.0,1,Medium,14,0.055,0.945,0.0,0.0
68680951,2026-04-15 12:03:28,Pending,Street Condition,Pothole,QUEENS,nan,40.7402661546192,-73.8706160766944,,nan,4959.1547619047615,4660.0,8,0,10.369328787905092,2,0,0.7,4,26.9,1,Medium,14,0.03,0.97,0.0,0.0
68605154,2026-04-08 16:20:48,Closed,Street Condition,Pothole,BRONX,nan,40.807538709491,-73.87979415864231,2026-04-08 16:20:48,nan,6677.6,6655.5,3,1,17.19062508420139,3,0,0.7,4,26.9,0,Low,30,0.58,0.42,0.0,0.0
68532374,2026-04-01 17:04:54,Closed,Street Condition,Pothole,QUEENS,nan,40.7559699636909,-73.91261080920236,2026-04-10 01:20:00,nan,4959.1547619047615,4660.0,5,0,24.16000008420139,2,0,0.7,4,26.9,1,Medium,14,0.18,0.82,0.0,0.0
68580874,2026-04-06 15:37:04,Closed,Street Condition,Pothole,BRONX,nan,40.89924867623676,-73.84608176187152,2026-04-09 02:32:00,nan,6677.6,6655.5,5,0,19.22099545457176,3,0,0.7,4,26.9,1,Medium,14,0.036,0.964,0.0,0.0
68671891,2026-04-14 18:57:35,Closed,Street Condition,Pothole,QUEENS,nan,40.592675338522646,-73.79907964334934,2026-04-15 21:44:00,nan,4959.1547619047615,4660.0,8,1,11.081747769386574,2,0,0.7,4,26.9,1,Medium,14,0.019,0.981,0.0,0.0
68555047,2026-04-03 11:01:13,Closed,Street Condition,Pothole,BROOKLYN,nan,40.72925660047586,-73.94604543563193,2026-04-10 15:00:00,nan,5664.555555555556,6673.0,3,0,22.41255795457176,1,0,0.7,4,26.9,1,Medium,14,0.064,0.936,0.0,0.0
68589425,2026-04-07 13:17:38,Closed,Street Condition,Pothole,QUEENS,nan,40.7756669684764,-73.84535645440398,2026-04-18 03:55:00,nan,4959.1547619047615,4660.0,5,1,18.317824158275464,2,0,0.7,4,26.9,1,Medium,14,0.185,0.815,0.0,0.0
68675885,2026-04-15 07:52:37,Closed,Street Condition,Pothole,QUEENS,nan,40.724316707492115,-73.80146436092937,2026-04-15 21:15:00,nan,4959.1547619047615,4660.0,8,0,10.54353017679398,2,0,0.7,4,26.9,1,Medium,14,0.014,0.986,0.0,0.0
68544504,2026-04-02 16:43:58,Closed,Street Condition,Pothole,QUEENS,nan,40.67797873939524,-73.73323910496808,2026-04-16 11:30:00,nan,4959.1547619047615,4660.0,5,1,23.174537121238426,2,0,0.7,4,26.9,0,Low,30,0.823,0.177,0.001,0.0
68596385,2026-04-07 11:29:57,Closed,Street Condition,Pothole,QUEENS,nan,40.59187655121632,-73.79135151065421,2026-04-18 07:35:00,nan,4959.1547619047615,4660.0,5,1,18.392604250868054,2,0,0.7,4,26.9,1,Medium,14,0.04,0.96,0.0,0.0
68538143,2026-04-02 12:30:23,Closed,Street Condition,Pothole,QUEENS,nan,40.74825576564681,-73.95223403094641,2026-04-10 03:51:00,nan,4959.1547619047615,4660.0,5,1,23.350636658275462,2,0,0.7,4,26.9,1,Medium,14,0.079,0.921,0.0,0.0
68617586,2026-04-09 08:14:13,Closed,Street Condition,Pothole,QUEENS,nan,40.75787299906427,-73.78849613580287,2026-04-18 10:25:00,nan,4959.1547619047615,4660.0,5,1,16.528530176793982,2,0,0.7,4,26.9,1,Medium,14,0.081,0.919,0.0,0.0
68592207,2026-04-07 10:36:18,Closed,Street Condition,Pothole,QUEENS,nan,40.67588507617097,-73.75576172429635,2026-04-18 11:57:00,nan,4959.1547619047615,4660.0,5,0,18.4298611953125,2,0,0.7,4,26.8,1,Medium,14,0.104,0.896,0.0,0.0
68577492,2026-04-06 08:20:07,Closed,Street Condition,Pothole,QUEENS,nan,40.73177902884212,-73.77010866842208,2026-04-06 08:20:07,nan,4959.1547619047615,4660.0,5,1,19.524432954571758,2,0,0.7,4,26.8,1,Medium,14,0.243,0.757,0.0,0.0
68549849,2026-04-03 12:07:42,Closed,Street Condition,Pothole,QUEENS,nan,40.724435644856605,-73.86929389395314,2026-04-11 12:50:00,nan,4959.1547619047615,4660.0,6,0,22.366388973090277,2,0,0.7,4,26.8,0,Low,30,0.52,0.48,0.0,0.0
68664873,2026-04-14 10:18:00,Closed,Street Condition,Pothole,QUEENS,DECATUR STREET,40.694275589555886,-73.9018516025562,2026-04-14 10:18:00,nan,4959.1547619047615,3159.0,7,1,11.442569528645834,2,0,0.7,4,26.8,1,Medium,14,0.438,0.562,0.0,0.0
68664875,2026-04-14 10:13:36,Closed,Street Condition,Pothole,QUEENS,DECATUR STREET,40.694275589555886,-73.9018516025562,2026-04-14 10:13:36,nan,4959.1547619047615,3159.0,7,1,11.445625084201389,2,0,0.7,4,26.8,1,Medium,14,0.438,0.562,0.0,0.0
68595838,2026-04-07 22:41:56,Closed,Street Condition,Pothole,QUEENS,nan,40.71059995970241,-73.8088960294562,2026-04-07 22:41:56,nan,4959.1547619047615,4660.0,7,1,17.92594915827546,2,0,0.7,4,26.8,1,Medium,14,0.138,0.862,0.0,0.0
68692275,2026-04-16 07:39:56,Closed,Street Condition,Pothole,QUEENS,nan,40.70327874865508,-73.73620712128428,2026-04-16 15:51:00,nan,4959.1547619047615,4660.0,7,1,9.552338047164351,2,0,0.7,4,26.8,1,Medium,14,0.179,0.821,0.0,0.0
68557730,2026-04-03 13:14:37,Closed,Street Condition,Pothole,QUEENS,nan,40.768935054292,-73.79190152081351,2026-04-10 05:00:00,nan,4959.1547619047615,4660.0,5,0,22.31991906568287,2,0,0.7,4,26.8,1,Medium,14,0.093,0.907,0.0,0.0
68589444,2026-04-07 10:17:20,Closed,Street Condition,Pothole,BROOKLYN,nan,40.710533123593514,-73.92826714743853,2026-04-13 09:30:00,nan,5664.555555555556,6673.0,5,1,18.443032491608797,1,0,0.7,4,26.8,1,Medium,14,0.074,0.926,0.0,0.0
68594422,2026-04-07 19:06:39,Closed,Street Condition,Pothole,BRONX,nan,40.86521081959857,-73.84335498011318,2026-04-07 19:06:39,nan,6677.6,6655.5,4,1,18.07545147309028,3,0,0.7,4,26.8,1,Medium,14,0.033,0.966,0.0,0.0
68575172,2026-04-05 16:17:45,Closed,Street Condition,Pothole,QUEENS,nan,40.68301904426333,-73.84236958946632,2026-04-11 13:52:00,nan,4959.1547619047615,4660.0,5,0,20.192743139756946,2,0,0.7,4,26.8,1,Medium,14,0.075,0.925,0.0,0.0
68635500,2026-04-11 14:50:38,Closed,Street Condition,Pothole,QUEENS,nan,40.727058400631655,-73.87063089613612,2026-04-18 10:34:00,nan,4959.1547619047615,4660.0,7,0,14.253240824942129,2,0,0.7,4,26.8,1,Medium,14,0.454,0.546,0.0,0.0
68537622,2026-04-02 21:19:40,Closed,Street Condition,Pothole,QUEENS,nan,40.7723696503659,-73.93284347894699,2026-04-02 21:19:40,nan,4959.1547619047615,4660.0,5,1,22.983078787905093,2,0,0.7,4,26.8,1,Medium,14,0.016,0.983,0.0,0.0
68611059,2026-04-09 13:37:13,Pending,Street Condition,Pothole,QUEENS,nan,40.76825754911106,-73.93202451143456,,nan,4959.1547619047615,4660.0,6,0,16.304224621238426,2,0,0.7,4,26.8,1,Medium,14,0.07,0.929,0.0,0.0
68577470,2026-04-05 15:02:02,Closed,Street Condition,Pothole,BROOKLYN,JAMAICA AVENUE,40.690301585349744,-73.8716073014804,2026-04-06 12:13:00,nan,5664.555555555556,17485.0,3,0,20.245324158275462,1,0,0.7,4,26.8,1,Medium,14,0.024,0.976,0.0,0.0
68614935,2026-04-04 19:30:18,Closed,Street Condition,Pothole,QUEENS,nan,40.75557132920471,-73.9117631084856,2026-04-11 23:54:00,nan,4959.1547619047615,4660.0,4,0,21.059027861979168,2,0,0.7,4,26.8,1,Medium,14,0.35,0.65,0.0,0.0
68715011,2026-04-18 08:31:22,Open,Street Condition,Pothole,BRONX,nan,40.90843715231184,-73.90367341887905,,nan,6677.6,6655.5,4,0,7.516620454571759,3,0,0.7,4,26.8,1,Medium,14,0.239,0.761,0.0,0.0
68587996,2026-04-07 04:34:38,Closed,Street Condition,Pothole,QUEENS,nan,40.77661409718856,-73.92152356998628,2026-04-18 09:40:00,nan,4959.1547619047615,4660.0,5,1,18.681018602719906,2,0,0.7,4,26.8,0,Low,30,0.823,0.177,0.0,0.0
68521998,2026-03-31 14:06:13,Pending,Street Condition,Pothole,QUEENS,nan,40.68355758033068,-73.78654326200936,,nan,4959.1547619047615,4660.0,5,0,25.28408573234954,2,0,0.7,3,26.7,1,Medium,14,0.027,0.973,0.0,0.0
68551114,2026-04-03 11:51:45,Closed,Street Condition,Pothole,QUEENS,nan,40.70935790757104,-73.80804473916429,2026-04-06 20:45:00,nan,4959.1547619047615,4660.0,6,1,22.377465361979166,2,0,0.7,4,26.7,0,Low,30,0.638,0.362,0.0,0.0
68617615,2026-04-04 18:19:15,Closed,Street Condition,Pothole,BROOKLYN,nan,40.63791027463391,-73.97863363844351,2026-04-17 01:25:00,nan,5664.555555555556,6673.0,5,0,21.108368139756944,1,0,0.7,4,26.7,1,Medium,14,0.201,0.799,0.0,0.0
68753537,2026-04-22 10:14:39,Pending,Street Condition,Pothole,QUEENS,nan,40.74742855581354,-73.94384365214525,,nan,4959.1547619047615,4660.0,14,1,3.444895917534722,2,0,0.7,4,26.7,1,Medium,14,0.004,0.996,0.0,0.0
68641456,2026-04-12 18:51:39,Closed,Street Condition,Pothole,QUEENS,nan,40.75497515811921,-73.93105630084379,2026-04-12 23:21:00,nan,4959.1547619047615,4660.0,6,0,13.085868139756943,2,0,0.7,4,26.7,1,Medium,14,0.156,0.844,0.0,0.0
68713264,2026-04-17 14:23:27,Closed,Street Condition,Pothole,QUEENS,nan,40.70327874865508,-73.73620712128428,2026-04-18 10:08:00,nan,4959.1547619047615,4660.0,7,1,8.272118139756945,2,0,0.7,4,26.7,1,Medium,14,0.149,0.851,0.0,0.0
68551111,2026-04-03 13:07:59,Closed,Street Condition,Pothole,QUEENS,nan,40.68673223772658,-73.77447909138424,2026-04-11 20:54:00,nan,4959.1547619047615,4660.0,5,1,22.324525547164352,2,0,0.7,4,26.7,1,Medium,14,0.12,0.88,0.0,0.0
68602532,2026-04-08 15:18:41,Closed,Street Condition,Pothole,QUEENS,nan,40.73177902884212,-73.77010866842208,2026-04-08 15:18:41,nan,4959.1547619047615,4660.0,5,1,17.233761658275462,2,0,0.7,4,26.7,1,Medium,14,0.39,0.61,0.0,0.0
68770022,2026-04-23 19:17:03,Open,Street Condition,Pothole,QUEENS,nan,40.757824102636256,-73.86099851810266,,nan,4959.1547619047615,4660.0,15,1,2.0682292508680558,2,0,0.7,4,26.7,1,Medium,14,0.004,0.996,0.0,0.0
68765219,2026-04-23 16:34:26,Closed,Street Condition,Pothole,STATEN ISLAND,nan,40.53440150529732,-74.18546288535472,2026-04-23 16:34:26,nan,23788.714285714286,2762.0,0,0,2.1811574916087966,4,0,0.7,4,26.7,1,Medium,14,0.016,0.984,0.0,0.0
68600477,2026-04-08 16:30:44,Closed,Street Condition,Pothole,QUEENS,nan,40.7193491704373,-73.84262277024277,2026-04-18 14:10:00,nan,4959.1547619047615,4660.0,7,0,17.18372693605324,2,0,0.7,4,26.7,1,Medium,14,0.119,0.881,0.0,0.0
68577451,2026-04-05 19:51:10,Closed,Street Condition,Pothole,QUEENS,nan,40.75035193912702,-73.8188371854531,2026-04-05 19:51:10,nan,4959.1547619047615,4660.0,5,1,20.044537121238427,2,0,0.7,4,26.7,1,Medium,14,0.089,0.911,0.0,0.0
68597191,2026-04-08 15:29:21,Closed,Street Condition,Pothole,BRONX,nan,40.91013023416746,-73.90321511472008,2026-04-08 15:29:21,nan,6677.6,6655.5,3,0,17.226354250868056,3,0,0.7,4,26.7,1,Medium,14,0.189,0.811,0.0,0.0
68612289,2026-04-04 11:47:53,Closed,Street Condition,Pothole,QUEENS,nan,40.7153978159305,-73.90332834527159,2026-04-11 09:21:00,nan,4959.1547619047615,4660.0,5,0,21.38015054716435,2,0,0.7,4,26.7,1,Medium,14,0.041,0.959,0.0,0.0
68626305,2026-04-10 12:06:56,Closed,Street Condition,Pothole,QUEENS,nan,40.72792341486303,-73.87100083747289,2026-04-10 12:06:56,nan,4959.1547619047615,4660.0,7,0,15.366921380497685,2,0,0.7,4,26.7,1,Medium,14,0.253,0.747,0.0,0.0
68606477,2026-04-08 08:23:46,Closed,Street Condition,Pothole,QUEENS,nan,40.743305499960755,-73.93765082292556,2026-04-08 08:23:46,nan,4959.1547619047615,4660.0,7,1,17.521898232349535,2,0,0.7,4,26.7,1,Medium,14,0.032,0.968,0.0,0.0
68749434,2026-04-21 13:09:55,Open,Street Condition,Pothole,BRONX,nan,40.878497131726824,-73.83301767783914,,nan,6677.6,6655.5,7,1,4.323182954571759,3,0,0.7,4,26.7,1,Medium,14,0.063,0.937,0.0,0.0
68607083,2026-04-08 22:31:03,Closed,Street Condition,Pothole,QUEENS,nan,40.69355141536431,-73.78365522448765,2026-04-18 13:06:00,nan,4959.1547619047615,4660.0,4,1,16.933507028645835,2,0,0.7,4,26.6,1,Medium,14,0.259,0.741,0.0,0.0
68618452,2026-04-10 07:43:04,Closed,Street Condition,Pothole,QUEENS,nan,40.68129301808039,-73.82555426000988,2026-04-10 07:43:04,nan,4959.1547619047615,4660.0,5,1,15.550162121238426,2,0,0.7,4,26.6,1,Medium,14,0.1,0.9,0.0,0.0
68686352,2026-04-15 14:53:41,Closed,Street Condition,Pothole,QUEENS,67 ROAD,40.712061840349435,-73.87895635152918,2026-04-16 08:25:00,nan,4959.1547619047615,428.0,8,0,10.251122769386575,2,0,0.7,4,26.6,1,Medium,14,0.008,0.992,0.0,0.0
68687873,2026-04-16 23:23:23,Closed,Street Condition,Pothole,QUEENS,nan,40.7599300035456,-73.89845559346726,2026-04-16 23:23:23,nan,4959.1547619047615,4660.0,8,0,8.89716443605324,2,0,0.7,4,26.6,0,Low,30,0.652,0.347,0.0,0.0
68527605,2026-04-01 11:08:13,Closed,Street Condition,Pothole,QUEENS,nan,40.71110044169828,-73.73941892170747,2026-04-01 21:45:00,nan,4959.1547619047615,4660.0,2,1,24.407696843460652,2,0,0.7,4,26.6,1,Medium,14,0.24,0.76,0.0,0.0
68597742,2026-04-08 08:04:58,Closed,Street Condition,Pothole,QUEENS,nan,40.7581123635306,-73.94086033518265,2026-04-15 20:45:00,nan,4959.1547619047615,4660.0,7,0,17.534953787905092,2,0,0.7,4,26.6,1,Medium,14,0.05,0.95,0.0,0.0
68732596,2026-04-20 09:19:36,Closed,Street Condition,Pothole,QUEENS,nan,40.7226204989034,-73.90152485228404,2026-04-20 18:24:00,nan,4959.1547619047615,4660.0,8,0,5.483125084201388,2,0,0.7,4,26.6,1,Medium,14,0.03,0.97,0.0,0.0
68699630,2026-04-17 09:21:24,Closed,Street Condition,Pothole,STATEN ISLAND,nan,40.53716529880288,-74.15406647939025,2026-04-17 09:21:24,nan,23788.714285714286,2762.0,0,0,8.48187508420139,4,0,0.7,4,26.6,1,Medium,14,0.363,0.636,0.0,0.0
68555824,2026-04-02 15:30:57,Closed,Street Condition,Pothole,BROOKLYN,AVENUE D,40.64166622380843,-73.93679092061923,2026-04-03 14:16:00,nan,5664.555555555556,13676.0,4,0,23.225243139756945,1,0,0.7,4,26.6,1,Medium,14,0.04,0.96,0.0,0.0
68668724,2026-04-15 00:21:07,Closed,Street Condition,Pothole,QUEENS,nan,40.75827569385723,-73.93335220513019,2026-04-15 09:11:00,nan,4959.1547619047615,4660.0,9,1,10.857071843460648,2,0,0.7,4,26.6,0,Low,30,0.717,0.283,0.0,0.0
68753042,2026-04-22 10:07:15,Closed,Street Condition,Pothole,QUEENS,nan,40.66771482722385,-73.77791380299317,2026-04-22 10:07:15,nan,4959.1547619047615,4660.0,8,1,3.450034806423611,2,0,0.7,4,26.6,1,Medium,14,0.121,0.879,0.0,0.0
68611796,2026-04-09 19:55:08,Closed,Street Condition,Pothole,QUEENS,nan,40.68129301808039,-73.82555426000988,2026-04-09 19:55:08,nan,4959.1547619047615,4660.0,5,1,16.041782491608796,2,0,0.7,4,26.6,1,Medium,14,0.085,0.914,0.0,0.0
68765756,2026-04-23 12:45:39,Pending,Street Condition,Pothole,QUEENS,nan,40.66815676189572,-73.79725176618784,,nan,4959.1547619047615,4660.0,14,0,2.340034806423611,2,0,0.7,4,26.6,0,Low,30,0.61,0.39,0.0,0.0
68694221,2026-04-16 22:01:49,Closed,Street Condition,Pothole,QUEENS,nan,40.7599300035456,-73.89845559346726,2026-04-17 20:45:00,nan,4959.1547619047615,4660.0,8,0,8.95380795457176,2,0,0.7,4,26.6,1,Medium,14,0.107,0.893,0.0,0.0
68586121,2026-04-06 15:39:48,Closed,Street Condition,Pothole,BROOKLYN,EAST   43 STREET,40.642223060753935,-73.93614900035908,2026-04-07 13:40:00,nan,5664.555555555556,6673.0,5,0,19.21909730642361,1,0,0.7,4,26.6,1,Medium,14,0.28,0.72,0.0,0.0
68544530,2026-04-02 06:39:50,Closed,Street Condition,Pothole,BROOKLYN,nan,40.61937294702822,-73.90815734896078,2026-04-03 09:47:00,nan,5664.555555555556,6673.0,4,0,23.59407415827546,1,0,0.7,4,26.6,1,Medium,14,0.014,0.986,0.0,0.0
68757443,2026-04-22 19:26:27,Open,Street Condition,Pothole,STATEN ISLAND,nan,40.55309488361409,-74.14232882778624,,nan,23788.714285714286,2762.0,1,1,3.0617014730902774,4,0,0.7,4,26.6,1,Medium,14,0.01,0.99,0.0,0.0
68582310,2026-04-06 20:52:01,Closed,Street Condition,Pothole,BROOKLYN,nan,40.63899616194136,-74.03645312000006,2026-04-11 07:55:00,nan,5664.555555555556,6673.0,4,0,19.00228017679398,1,0,0.7,4,26.6,0,Low,30,0.784,0.215,0.0,0.0
68727203,2026-04-21 00:21:18,Open,Street Condition,Pothole,BROOKLYN,nan,40.67634313622726,-73.91092698207576,,nan,5664.555555555556,6673.0,31,1,4.856944528645833,1,0,0.7,4,26.6,0,Low,30,0.763,0.237,0.0,0.0
68617627,2026-04-09 15:21:37,Closed,Street Condition,Pothole,QUEENS,nan,40.75208070444776,-73.88189377037399,2026-04-15 20:54:00,nan,4959.1547619047615,4660.0,7,0,16.231724621238424,2,0,0.7,4,26.6,1,Medium,14,0.054,0.946,0.0,0.0
68610498,2026-04-09 17:08:21,Closed,Street Condition,Pothole,QUEENS,nan,40.69355141536431,-73.78365522448765,2026-04-09 17:08:21,nan,4959.1547619047615,4660.0,4,1,16.157604250868054,2,0,0.7,4,26.6,0,Low,30,0.519,0.481,0.0,0.0
68529045,2026-03-31 15:47:27,Closed,Street Condition,Pothole,BROOKLYN,EAST   40 STREET,40.63402548622376,-73.93817085789546,2026-04-01 15:00:00,nan,5664.555555555556,6673.0,5,1,25.213784806423615,1,0,0.7,3,26.6,0,Low,30,0.779,0.221,0.0,0.0
68756958,2026-04-22 10:04:41,Closed,Street Condition,Pothole,QUEENS,nan,40.66771482722385,-73.77791380299317,2026-04-22 16:02:00,nan,4959.1547619047615,4660.0,8,1,3.4518172138310184,2,0,0.7,4,26.6,1,Medium,14,0.121,0.879,0.0,0.0
68595014,2026-04-07 04:23:44,Closed,Street Condition,Pothole,QUEENS,nan,40.772569218272544,-73.79349317863857,2026-04-18 07:45:00,nan,4959.1547619047615,4660.0,4,0,18.68858804716435,2,0,0.7,4,26.6,1,Medium,14,0.116,0.884,0.0,0.0
68690823,2026-04-15 13:35:06,Closed,Street Condition,Pothole,BROOKLYN,RIDGE BOULEVARD,40.63465866308299,-74.02943946629897,2026-04-16 12:15:00,nan,5664.555555555556,13968.0,5,0,10.305694528645834,1,0,0.7,4,26.6,0,Low,30,0.842,0.158,0.0,0.0
68608413,2026-04-08 15:10:40,Closed,Street Condition,Pothole,BROOKLYN,nan,40.61480371733282,-74.00597906958563,2026-04-11 11:30:00,nan,5664.555555555556,6673.0,4,1,17.23932878790509,1,0,0.7,4,26.5,0,Low,30,0.778,0.222,0.0,0.0
68523556,2026-03-31 16:54:50,Open,Street Condition,Pothole,BRONX,nan,40.87415234943149,-73.84692450722021,,nan,6677.6,6655.5,5,1,25.166990824942133,3,0,0.7,3,26.5,1,Medium,14,0.019,0.981,0.0,0.0
68612334,2026-04-09 12:23:38,Pending,Street Condition,Pothole,QUEENS,nan,40.75576377023543,-73.91216711454034,,nan,4959.1547619047615,4660.0,4,0,16.35532415827546,2,0,0.7,4,26.5,0,Low,30,0.701,0.299,0.0,0.0
68765225,2026-04-23 15:11:04,Closed,Street Condition,Pothole,QUEENS,MAIN STREET,40.708826028869424,-73.81683998514882,2026-04-23 21:44:00,nan,4959.1547619047615,26446.0,5,1,2.239051010127315,2,0,0.7,4,26.5,1,Medium,14,0.06,0.94,0.0,0.0
68754890,2026-04-22 18:31:54,Closed,Street Condition,Pothole,QUEENS,nan,40.761217008162774,-73.8863970016137,2026-04-23 13:12:00,nan,4959.1547619047615,4660.0,7,0,3.099583417534722,2,0,0.7,4,26.5,1,Medium,14,0.135,0.865,0.0,0.0
68650952,2026-04-13 07:56:15,Closed,Street Condition,Pothole,QUEENS,nan,40.761217008162774,-73.8863970016137,2026-04-13 07:56:15,nan,4959.1547619047615,4660.0,7,0,12.541007028645833,2,0,0.7,4,26.5,1,Medium,14,0.214,0.786,0.0,0.0
68656950,2026-04-13 08:54:07,Closed,Street Condition,Pothole,QUEENS,nan,40.761217008162774,-73.8863970016137,2026-04-13 08:54:07,nan,4959.1547619047615,4660.0,7,0,12.500821843460647,2,0,0.7,4,26.5,1,Medium,14,0.214,0.786,0.0,0.0
68529503,2026-04-01 18:09:00,Pending,Street Condition,Pothole,QUEENS,nan,40.70768417366226,-73.72797681142353,,nan,4959.1547619047615,4660.0,4,0,24.1154861953125,2,0,0.7,4,26.5,1,Medium,14,0.046,0.954,0.0,0.0
68580880,2026-04-05 10:47:03,Open,Street Condition,Pothole,BRONX,nan,40.848820518883535,-73.85466367078077,,nan,6677.6,6655.5,4,0,20.422395917534722,3,0,0.7,4,26.5,1,Medium,14,0.16,0.84,0.0,0.0
68609157,2026-04-09 16:42:17,Closed,Street Condition,Pothole,BRONX,nan,40.8901582076212,-73.90443411050143,2026-04-09 16:42:17,nan,6677.6,6655.5,4,1,16.175706102719907,3,0,0.7,4,26.4,0,Low,30,0.648,0.352,0.0,0.0
68666497,2026-04-14 09:15:33,Closed,Street Condition,Pothole,QUEENS,nan,40.761217008162774,-73.8863970016137,2026-04-14 09:15:33,nan,4959.1547619047615,4660.0,7,0,11.48593758420139,2,0,0.7,4,26.4,1,Medium,14,0.25,0.75,0.0,0.0
68698648,2026-04-17 09:20:02,Open,Street Condition,Pothole,STATEN ISLAND,nan,40.53662383645062,-74.15461207264778,,nan,23788.714285714286,2762.0,0,0,8.482824158275463,4,0,0.7,4,26.4,0,Low,30,0.583,0.417,0.0,0.0
68770031,2026-04-23 12:37:30,Pending,Street Condition,Pothole,QUEENS,nan,40.76535886057919,-73.74428230406164,,nan,4959.1547619047615,4660.0,13,0,2.3456945286458333,2,0,0.7,4,26.4,1,Medium,14,0.042,0.957,0.0,0.0
68680923,2026-04-15 15:44:37,Closed,Street Condition,Pothole,QUEENS,nan,40.73177902884212,-73.77010866842208,2026-04-18 10:05:00,nan,4959.1547619047615,4660.0,5,1,10.215752399016203,2,0,0.7,4,26.4,0,Low,30,0.573,0.427,0.0,0.0
68671222,2026-04-14 08:27:29,Closed,Street Condition,Pothole,QUEENS,nan,40.71059995970241,-73.8088960294562,2026-04-14 21:14:00,nan,4959.1547619047615,4660.0,7,1,11.519317213831018,2,0,0.7,4,26.4,1,Medium,14,0.217,0.783,0.0,0.0
68730161,2026-04-20 15:16:59,Open,Street Condition,Pothole,BRONX,nan,40.82382747730287,-73.86162302215389,,nan,6677.6,6655.5,7,1,5.234942213831018,3,0,0.7,4,26.4,1,Medium,14,0.015,0.985,0.0,0.0
68633781,2026-04-10 10:55:17,Closed,Street Condition,Pothole,BROOKLYN,nan,40.696871780931275,-73.92302388382295,2026-04-11 07:40:00,nan,5664.555555555556,6673.0,5,1,15.41667832494213,1,0,0.7,4,26.4,0,Low,30,0.935,0.065,0.0,0.0
68654418,2026-04-13 11:08:15,Closed,Street Condition,Pothole,BROOKLYN,nan,40.62899327936505,-73.98363692284553,2026-04-23 09:42:00,nan,5664.555555555556,6673.0,4,0,12.4076736953125,1,0,0.7,4,26.4,1,Medium,14,0.128,0.871,0.0,0.0
68580324,2026-04-05 23:53:59,Closed,Street Condition,Pothole,QUEENS,nan,40.68973616714039,-73.74728757941112,2026-04-05 23:53:59,nan,4959.1547619047615,4660.0,5,0,19.87591443605324,2,0,0.7,4,26.4,0,Low,30,0.524,0.476,0.0,0.0
68538942,2026-04-02 20:33:50,Closed,Street Condition,Pothole,QUEENS,nan,40.672258770779074,-73.77296708186967,2026-04-02 20:33:50,nan,4959.1547619047615,4660.0,4,1,23.014907491608795,2,0,0.7,4,26.4,1,Medium,14,0.033,0.967,0.0,0.0
68692291,2026-04-16 14:10:14,Closed,Street Condition,Pothole,BRONX,CITY ISLAND AVENUE,40.85320563464353,-73.78991723542136,2026-04-16 14:10:14,nan,6677.6,14609.0,2,0,9.281296380497684,3,0,0.7,4,26.4,1,Medium,14,0.2,0.799,0.001,0.0
68696714,2026-04-16 13:28:44,Closed,Street Condition,Pothole,BROOKLYN,PENNSYLVANIA AVENUE,40.65173564976063,-73.88550947903215,2026-04-17 13:05:00,nan,2541.0,6673.0,12,1,9.31011582494213,1,0,0.7,4,26.4,1,Medium,14,0.005,0.995,0.0,0.0
68521982,2026-03-31 23:39:52,Closed,Street Condition,Pothole,QUEENS,nan,40.717764242379474,-73.9180503814313,2026-04-11 08:55:00,nan,4959.1547619047615,4660.0,4,1,24.885717676793984,2,0,0.7,3,26.4,1,Medium,14,0.389,0.61,0.0,0.0
68544521,2026-04-02 08:59:12,Pending,Street Condition,Pothole,QUEENS,nan,40.77391962283647,-73.89807682612206,,nan,4959.1547619047615,4660.0,4,1,23.497291750868055,2,0,0.7,4,26.4,1,Medium,14,0.052,0.948,0.0,0.0
68614939,2026-04-04 14:30:52,Closed,Street Condition,Pothole,QUEENS,CROCHERON AVENUE,40.763471558343205,-73.79110275397157,2026-04-11 21:47:00,nan,4959.1547619047615,6464.0,6,1,21.266967676793982,2,0,0.7,4,26.4,1,Medium,14,0.433,0.566,0.001,0.0
68579412,2026-04-06 19:10:32,Closed,Street Condition,Pothole,QUEENS,nan,40.77861394041561,-73.84068095520466,2026-04-18 09:05:00,nan,4959.1547619047615,4660.0,6,0,19.072754713831017,2,0,0.7,4,26.4,1,Medium,14,0.335,0.665,0.0,0.0
68626302,2026-04-10 13:11:20,Closed,Street Condition,Pothole,QUEENS,nan,40.75787299906427,-73.78849613580287,2026-04-10 13:11:20,nan,4959.1547619047615,4660.0,5,1,15.322199158275463,2,0,0.7,4,26.4,1,Medium,14,0.107,0.893,0.0,0.0
68634259,2026-04-10 13:17:34,Closed,Street Condition,Pothole,QUEENS,80 STREET,40.76370328118182,-73.88873197890942,2026-04-11 13:17:34,nan,4959.1547619047615,4660.0,5,0,15.317870454571759,2,0,0.7,4,26.4,1,Medium,14,0.297,0.703,0.0,0.0
68706878,2026-04-17 11:14:54,Closed,Street Condition,Pothole,QUEENS,nan,40.66595410725681,-73.76083014436087,2026-04-17 16:12:00,nan,4959.1547619047615,4660.0,26,1,8.403055639756944,2,0,0.7,4,26.3,1,Medium,14,0.038,0.962,0.0,0.0
68547172,2026-04-02 15:59:43,Closed,Street Condition,Pothole,QUEENS,nan,40.73208935386238,-73.88603893423445,2026-04-11 13:30:00,nan,4959.1547619047615,4660.0,6,0,23.205266287905093,2,0,0.7,4,26.3,1,Medium,14,0.427,0.572,0.0,0.0
68698663,2026-04-17 06:30:22,Closed,Street Condition,Pothole,BROOKLYN,nan,40.58957257336781,-73.9839022169243,2026-04-18 18:23:00,nan,5664.555555555556,6673.0,5,0,8.600648232349537,1,0,0.7,4,26.3,1,Medium,14,0.178,0.821,0.0,0.0
68608426,2026-04-09 12:17:05,Closed,Street Condition,Pothole,QUEENS,nan,40.592579272695254,-73.80065702137888,2026-04-18 08:36:00,nan,4959.1547619047615,4660.0,7,1,16.359872769386573,2,0,0.7,4,26.3,1,Medium,14,0.061,0.939,0.0,0.0
68594980,2026-04-07 08:17:21,Open,Street Condition,Pothole,BRONX,nan,40.86790982269396,-73.86828877723781,,nan,6677.6,6655.5,6,0,18.526354250868057,3,0,0.7,4,26.3,1,Medium,14,0.01,0.99,0.0,0.0
68680381,2026-04-15 09:19:36,Closed,Street Condition,Pothole,QUEENS,nan,40.680185715731525,-73.84589153815574,2026-04-15 21:55:00,nan,4959.1547619047615,4660.0,7,0,10.483125084201388,2,0,0.7,4,26.3,1,Medium,14,0.236,0.764,0.0,0.0
68704526,2026-04-17 11:00:51,Pending,Street Condition,Pothole,QUEENS,nan,40.75307125129423,-73.79237698006892,,nan,4959.1547619047615,4660.0,8,0,8.412812584201388,2,0,0.7,4,26.3,1,Medium,14,0.475,0.525,0.0,0.0
68684872,2026-04-16 18:30:06,Closed,Street Condition,Pothole,QUEENS,nan,40.761217008162774,-73.8863970016137,2026-04-16 18:30:06,nan,4959.1547619047615,4660.0,7,0,9.100833417534721,2,0,0.7,4,26.3,1,Medium,14,0.192,0.807,0.0,0.0
68617614,2026-04-04 18:20:26,Closed,Street Condition,Pothole,BROOKLYN,nan,40.63806648054788,-73.97734367687498,2026-04-23 09:10:00,nan,5664.555555555556,6673.0,5,0,21.107546380497684,1,0,0.7,4,26.3,0,Low,30,0.638,0.362,0.0,0.0
68518268,2026-03-31 13:08:33,Closed,Street Condition,Pothole,QUEENS,nan,40.78623198245659,-73.79781666157713,2026-03-31 13:08:33,nan,4959.1547619047615,4660.0,4,0,25.324132028645835,2,0,0.7,3,26.3,1,Medium,14,0.113,0.887,0.0,0.0
68729556,2026-04-20 10:17:37,Closed,Street Condition,Pothole,BRONX,nan,40.82539670614824,-73.88327759218794,2026-04-20 10:17:37,nan,6677.6,6655.5,6,1,5.442835732349537,3,0,0.7,4,26.3,1,Medium,14,0.031,0.968,0.0,0.0
68765215,2026-04-23 09:21:20,Closed,Street Condition,Pothole,BRONX,nan,40.877033540866954,-73.84636823281076,2026-04-23 09:21:20,nan,6677.6,6655.5,9,1,2.481921380497685,3,0,0.7,4,26.3,1,Medium,14,0.033,0.967,0.0,0.0
68594985,2026-04-07 19:52:38,Closed,Street Condition,Pothole,QUEENS,nan,40.59556179514364,-73.74710027476236,2026-04-11 08:31:00,nan,4959.1547619047615,4660.0,7,0,18.043518602719907,2,0,0.7,4,26.3,1,Medium,14,0.452,0.548,0.0,0.0
68761426,2026-04-23 16:37:16,Open,Street Condition,Pothole,STATEN ISLAND,nan,40.53336160269037,-74.18859699207627,,nan,23788.714285714286,2762.0,1,0,2.1791898990162037,4,0,0.7,4,26.3,1,Medium,14,0.009,0.99,0.0,0.0
68521993,2026-03-31 16:54:51,Closed,Street Condition,Pothole,QUEENS,nan,40.78785189992459,-73.8400810547182,2026-04-14 08:30:00,nan,4959.1547619047615,4660.0,4,0,25.166979250868057,2,0,0.7,3,26.2,1,Medium,14,0.046,0.954,0.0,0.0
68538141,2026-04-02 14:16:35,Closed,Street Condition,Pothole,QUEENS,nan,40.70790105157003,-73.85110072972483,2026-04-06 21:45:00,nan,4959.1547619047615,4660.0,6,0,23.276886658275462,2,0,0.7,4,26.2,1,Medium,14,0.021,0.979,0.0,0.0
68765208,2026-04-23 06:46:06,Closed,Street Condition,Pothole,QUEENS,nan,40.71822688567068,-73.81514029543717,2026-04-23 06:46:06,nan,4959.1547619047615,4660.0,9,1,2.5897223064236115,2,0,0.7,4,26.2,0,Low,30,0.675,0.324,0.0,0.0
68661643,2026-04-14 17:10:00,Closed,Street Condition,Pothole,QUEENS,nan,40.761217008162774,-73.8863970016137,2026-04-14 17:10:00,nan,4959.1547619047615,4660.0,7,0,11.156458417534722,2,0,0.7,4,26.2,1,Medium,14,0.137,0.863,0.0,0.0
68744346,2026-04-21 08:16:58,Closed,Street Condition,Pothole,QUEENS,nan,40.70566482104637,-73.86507111185703,2026-04-21 18:21:00,nan,4959.1547619047615,4660.0,7,1,4.526620454571759,2,0,0.7,4,26.2,1,Medium,14,0.205,0.795,0.0,0.0
68662334,2026-04-14 17:43:19,Pending,Street Condition,Pothole,QUEENS,nan,40.750119075321,-73.80727041758703,,nan,4959.1547619047615,4660.0,7,0,11.133321843460648,2,0,0.7,4,26.2,1,Medium,14,0.47,0.53,0.0,0.0
68680931,2026-04-15 09:11:37,Open,Street Condition,Pothole,MANHATTAN,nan,40.87249773707309,-73.91717267927005,,nan,16591.571428571428,6876.0,1,0,10.48866906568287,0,0,0.7,4,26.2,1,Medium,14,0.019,0.979,0.001,0.0
68681916,2026-04-15 08:53:28,Closed,Street Condition,Pothole,BRONX,nan,40.89608250690141,-73.86691632989255,2026-04-15 08:53:28,nan,6677.6,6655.5,6,1,10.501273232349536,3,0,0.7,4,26.2,1,Medium,14,0.012,0.988,0.0,0.0
68614449,2026-04-09 13:22:42,Closed,Street Condition,Pothole,QUEENS,nan,40.724435644856605,-73.86929389395314,2026-04-09 13:22:42,nan,4959.1547619047615,4660.0,6,0,16.314305639756945,2,0,0.7,4,26.2,1,Medium,14,0.122,0.878,0.0,0.0
68661635,2026-04-13 22:48:18,Closed,Street Condition,Pothole,BRONX,nan,40.86203226292979,-73.80213781465784,2026-04-14 20:40:00,nan,6677.6,6655.5,4,1,11.921527861979166,3,0,0.7,4,26.2,1,Medium,14,0.247,0.752,0.0,0.0
68640963,2026-04-11 14:06:52,Closed,Street Condition,Pothole,BROOKLYN,MANHATTAN AVENUE,40.73221912961767,-73.95458002946677,2026-04-12 07:30:00,nan,3291.0,9726.0,7,0,14.283634343460648,1,0,0.7,4,26.2,0,Low,30,0.753,0.247,0.0,0.0
68661636,2026-04-13 22:43:43,Closed,Street Condition,Pothole,BRONX,nan,40.86203226292979,-73.80213781465784,2026-04-14 17:00:00,nan,6677.6,6655.5,4,1,11.924710732349537,3,0,0.7,4,26.2,1,Medium,14,0.247,0.752,0.0,0.0
68743415,2026-04-21 15:11:08,Open,Street Condition,Pothole,BROOKLYN,nan,40.70700184687184,-73.96728965050787,,nan,5664.555555555556,6673.0,7,1,4.239004713831019,1,0,0.7,4,26.2,1,Medium,14,0.024,0.976,0.0,0.0
68751686,2026-04-22 08:11:03,Closed,Street Condition,Pothole,QUEENS,nan,40.76179577025723,-73.87797434805303,2026-04-22 15:17:00,nan,4959.1547619047615,4660.0,5,0,3.5307292508680552,2,0,0.7,4,26.2,0,Low,30,0.508,0.492,0.0,0.0
68666499,2026-04-14 07:28:51,Closed,Street Condition,Pothole,QUEENS,HOLLIS AVENUE,40.70676774823251,-73.75372613185054,2026-04-14 23:25:00,nan,4959.1547619047615,8454.0,5,0,11.56003480642361,2,0,0.7,4,26.2,1,Medium,14,0.088,0.912,0.0,0.0
68599152,2026-04-08 16:52:08,Closed,Street Condition,Pothole,QUEENS,nan,40.75016099104143,-73.90433538539963,2026-04-20 12:39:00,nan,4959.1547619047615,4660.0,5,0,17.16886582494213,2,0,0.7,4,26.2,1,Medium,14,0.388,0.612,0.0,0.0
68767188,2026-04-23 16:16:06,Open,Street Condition,Pothole,QUEENS,nan,40.729965515167414,-73.91173206869868,,nan,4959.1547619047615,4660.0,34,1,2.193888973090278,2,0,0.7,4,26.2,1,Medium,14,0.022,0.978,0.0,0.0
68539469,2026-04-02 07:12:43,Closed,Street Condition,Pothole,BROOKLYN,nan,40.65436351124894,-74.01504663727803,2026-04-03 13:10:00,nan,5664.555555555556,6673.0,3,0,23.571238510127316,1,0,0.7,4,26.2,1,Medium,14,0.012,0.988,0.0,0.0
68621105,2026-04-10 07:35:13,Closed,Street Condition,Pothole,QUEENS,nan,40.724435644856605,-73.86929389395314,2026-04-10 07:35:13,nan,4959.1547619047615,4660.0,6,0,15.555613510127314,2,0,0.7,4,26.2,1,Medium,14,0.173,0.827,0.0,0.0
68629360,2026-04-11 21:07:01,Open,Street Condition,Pothole,BROOKLYN,nan,40.606906054797825,-73.97048633747791,,nan,5664.555555555556,6673.0,7,1,13.991863510127315,1,0,0.7,4,26.2,0,Low,30,0.817,0.183,0.0,0.0
68660030,2026-04-14 13:39:06,Closed,Street Condition,Pothole,QUEENS,nan,40.768935054292,-73.79190152081351,2026-04-14 21:02:00,nan,4959.1547619047615,4660.0,5,0,11.302916750868055,2,0,0.7,4,26.2,1,Medium,14,0.116,0.883,0.0,0.0
68666482,2026-04-13 22:50:23,Closed,Street Condition,Pothole,BRONX,nan,40.86203226292979,-73.80213781465784,2026-04-14 20:40:00,nan,6677.6,6655.5,4,1,11.920081102719907,3,0,0.7,4,26.2,1,Medium,14,0.247,0.752,0.0,0.0
68526201,2026-04-01 16:37:52,Closed,Street Condition,Pothole,QUEENS,nan,40.78623198245659,-73.79781666157713,2026-04-01 16:37:52,nan,4959.1547619047615,4660.0,4,0,24.17877323234954,2,0,0.7,4,26.1,0,Low,30,0.744,0.255,0.001,0.0
68685350,2026-04-17 01:26:10,Pending,Street Condition,Pothole,QUEENS,nan,40.70327874865508,-73.73620712128428,,nan,4959.1547619047615,4660.0,7,1,8.811898232349536,2,0,0.7,4,26.1,1,Medium,14,0.282,0.718,0.0,0.0
68692762,2026-04-16 23:23:48,Open,Street Condition,Pothole,QUEENS,nan,40.73905612370156,-73.81811009842293,,nan,4959.1547619047615,4660.0,6,0,8.896875084201389,2,0,0.7,4,26.1,0,Low,30,0.543,0.457,0.0,0.0
68623740,2026-04-10 17:27:28,Closed,Street Condition,Pothole,QUEENS,nan,40.69131490562682,-73.86720965298079,2026-04-10 17:27:28,nan,4959.1547619047615,4660.0,6,0,15.144328787905092,2,0,0.7,4,26.1,0,Low,30,0.686,0.314,0.0,0.0
68602534,2026-04-08 06:55:29,Closed,Street Condition,Pothole,QUEENS,nan,40.70790105157003,-73.85110072972483,2026-04-08 06:55:29,nan,4959.1547619047615,4660.0,6,0,17.583206102719906,2,0,0.7,4,26.1,1,Medium,14,0.051,0.948,0.0,0.0
68744347,2026-04-21 08:09:40,Closed,Street Condition,Pothole,QUEENS,nan,40.67760864696448,-73.83234897421124,2026-04-21 18:26:00,nan,4959.1547619047615,4660.0,7,0,4.531689899016204,2,0,0.7,4,26.1,1,Medium,14,0.305,0.695,0.0,0.0
68538135,2026-04-02 20:36:56,Closed,Street Condition,Pothole,QUEENS,nan,40.68129301808039,-73.82555426000988,2026-04-14 15:18:00,nan,4959.1547619047615,4660.0,5,1,23.01275471383102,2,0,0.7,4,26.1,1,Medium,14,0.041,0.959,0.0,0.0
68606500,2026-04-08 21:46:10,Closed,Street Condition,Pothole,QUEENS,nan,40.72792341486303,-73.87100083747289,2026-04-08 21:46:10,nan,4959.1547619047615,4660.0,7,0,16.964676010127313,2,0,0.7,4,26.1,1,Medium,14,0.492,0.508,0.0,0.0
68536778,2026-04-01 12:47:03,Pending,Street Condition,Pothole,QUEENS,nan,40.74233726718891,-73.92929748483328,,nan,4959.1547619047615,4660.0,5,0,24.33906258420139,2,0,0.7,4,26.1,1,Medium,14,0.148,0.852,0.0,0.0
68610454,2026-04-09 07:23:34,Closed,Street Condition,Pothole,QUEENS,nan,40.72792341486303,-73.87100083747289,2026-04-09 07:23:34,nan,4959.1547619047615,4660.0,7,0,16.56370378790509,2,0,0.7,4,26.1,1,Medium,14,0.285,0.715,0.0,0.0
68601240,2026-04-09 00:19:16,Closed,Street Condition,Pothole,QUEENS,nan,40.72792341486303,-73.87100083747289,2026-04-09 00:19:16,nan,4959.1547619047615,4660.0,7,0,16.85835656568287,2,0,0.7,4,26.1,0,Low,30,0.523,0.476,0.0,0.0
68595840,2026-04-07 19:10:31,Closed,Street Condition,Pothole,QUEENS,nan,40.680132124818265,-73.84686872082064,2026-04-07 19:10:31,nan,4959.1547619047615,4660.0,6,0,18.072766287905093,2,0,0.7,4,26.0,1,Medium,14,0.037,0.963,0.0,0.0
68613655,2026-04-04 19:47:38,Closed,Street Condition,Pothole,QUEENS,nan,40.77780199337012,-73.91307320847268,2026-04-11 21:45:00,nan,4959.1547619047615,4660.0,3,0,21.046990824942128,2,0,0.7,4,26.0,1,Medium,14,0.401,0.599,0.0,0.0
68759638,2026-04-22 16:20:38,Closed,Street Condition,Pothole,BROOKLYN,nan,40.70700184687184,-73.96728965050787,2026-04-22 16:20:38,nan,5664.555555555556,6673.0,7,1,3.1907408249421296,1,0,0.7,4,26.0,1,Medium,14,0.066,0.934,0.0,0.0
68587975,2026-04-07 20:47:14,Closed,Street Condition,Pothole,QUEENS,nan,40.71991044772078,-73.80903888702578,2026-04-15 21:45:00,nan,4959.1547619047615,4660.0,5,0,18.00560193605324,2,0,0.7,4,26.0,1,Medium,14,0.227,0.773,0.0,0.0
68621092,2026-04-10 17:08:11,Closed,Street Condition,Pothole,QUEENS,nan,40.724435644856605,-73.86929389395314,2026-04-10 17:08:11,nan,4959.1547619047615,4660.0,6,0,15.157719991608795,2,0,0.7,4,26.0,1,Medium,14,0.145,0.855,0.0,0.0
68543255,2026-04-02 12:39:57,Closed,Street Condition,Pothole,QUEENS,nan,40.7701369980061,-73.82655985916531,2026-04-11 14:55:00,nan,4959.1547619047615,4660.0,5,0,23.343993139756943,2,0,0.7,4,26.0,1,Medium,14,0.419,0.58,0.001,0.0
68661660,2026-04-14 07:47:41,Closed,Street Condition,Pothole,QUEENS,nan,40.72412012824127,-73.85561748802189,2026-04-14 15:27:00,nan,4959.1547619047615,4660.0,7,0,11.546956102719907,2,0,0.7,4,26.0,0,Low,30,0.667,0.332,0.0,0.0
68690805,2026-04-16 23:13:55,Closed,Street Condition,Pothole,QUEENS,nan,40.761217008162774,-73.8863970016137,2026-04-16 23:13:55,nan,4959.1547619047615,4660.0,7,0,8.903738510127315,2,0,0.7,4,26.0,1,Medium,14,0.243,0.756,0.0,0.0
68602530,2026-04-08 17:10:42,Closed,Street Condition,Pothole,QUEENS,nan,40.69131490562682,-73.86720965298079,2026-04-08 17:10:42,nan,4959.1547619047615,4660.0,6,0,17.15597230642361,2,0,0.7,4,26.0,1,Medium,14,0.359,0.641,0.0,0.0
68606485,2026-04-08 22:16:46,Closed,Street Condition,Pothole,BROOKLYN,nan,40.65940423773266,-73.95049191925592,2026-04-08 22:16:46,nan,5664.555555555556,6673.0,5,0,16.943426010127315,1,0,0.7,4,26.0,0,Low,30,0.598,0.402,0.0,0.0
68606486,2026-04-08 19:58:01,Closed,Street Condition,Pothole,BROOKLYN,nan,40.65940423773266,-73.95049191925592,2026-04-08 19:58:01,nan,5664.555555555556,6673.0,5,0,17.039780176793982,1,0,0.7,4,26.0,0,Low,30,0.514,0.486,0.0,0.0
68639098,2026-04-12 15:00:43,Closed,Street Condition,Pothole,BRONX,nan,40.81828808607556,-73.81097489556502,2026-04-21 12:10:00,nan,6677.6,6655.5,5,0,13.246238510127315,3,0,0.7,4,25.9,1,Medium,14,0.374,0.626,0.0,0.0
68556358,2026-04-03 16:18:09,Open,Street Condition,Pothole,BRONX,nan,40.89443344600313,-73.91004516966163,,nan,6677.6,6655.5,2,1,22.192465361979167,3,0,0.7,4,25.9,0,Low,30,0.772,0.227,0.0,0.0
68724538,2026-04-18 15:30:11,Closed,Street Condition,Pothole,QUEENS,JAMAICA AVENUE,40.69528908579785,-73.84102792208682,2026-04-19 08:55:00,nan,4959.1547619047615,23413.0,6,0,7.225775547164352,2,0,0.7,4,25.9,1,Medium,14,0.034,0.965,0.0,0.0
68582321,2026-04-06 16:45:57,Open,Street Condition,Pothole,BRONX,nan,40.8652491296537,-73.84530360089977,,nan,6677.6,6655.5,3,0,19.173159806423612,3,0,0.7,4,25.9,1,Medium,14,0.301,0.699,0.0,0.0
68542751,2026-04-02 21:06:38,Closed,Street Condition,Pothole,QUEENS,nan,40.69104664978981,-73.73922324000723,2026-04-02 21:06:38,nan,4959.1547619047615,4660.0,2,0,22.99212971383102,2,0,0.7,4,25.9,1,Medium,14,0.283,0.717,0.0,0.0
68617625,2026-04-09 15:52:12,Closed,Street Condition,Pothole,QUEENS,nan,40.68509877182678,-73.76072902749495,2026-04-18 09:05:00,nan,4959.1547619047615,4660.0,4,1,16.210486195312498,2,0,0.7,4,25.9,1,Medium,14,0.345,0.655,0.0,0.0
68548513,2026-04-03 08:56:48,Pending,Street Condition,Pothole,QUEENS,nan,40.68337716117407,-73.76042512611521,,nan,4959.1547619047615,4660.0,3,1,22.498958417534723,2,0,0.7,4,25.9,1,Medium,14,0.364,0.635,0.0,0.0
68641470,2026-04-12 09:23:28,Closed,Street Condition,Pothole,BROOKLYN,nan,40.6332903676771,-73.9764337780509,2026-04-23 09:30:00,nan,5664.555555555556,6673.0,5,0,13.480439899016204,1,0,0.7,4,25.9,0,Low,30,0.768,0.232,0.0,0.0
68593074,2026-04-07 19:29:11,Closed,Street Condition,Pothole,QUEENS,nan,40.73177902884212,-73.77010866842208,2026-04-07 19:29:11,nan,4959.1547619047615,4660.0,5,1,18.05980332494213,2,0,0.7,4,25.9,1,Medium,14,0.287,0.713,0.0,0.0
68580296,2026-04-06 19:14:36,Closed,Street Condition,Pothole,BRONX,nan,40.8652491296537,-73.84530360089977,2026-04-06 19:14:36,nan,6677.6,6655.5,3,0,19.069930639756944,3,0,0.7,4,25.9,1,Medium,14,0.111,0.889,0.0,0.0
68701090,2026-04-17 09:54:24,Closed,Street Condition,Pothole,QUEENS,nan,40.70566482104637,-73.86507111185703,2026-04-17 16:54:00,nan,4959.1547619047615,4660.0,7,1,8.458958417534722,2,0,0.7,4,25.9,1,Medium,14,0.339,0.661,0.0,0.0
68709977,2026-04-18 19:20:34,Open,Street Condition,Pothole,QUEENS,nan,40.744791406467726,-73.91742167156947,,nan,4959.1547619047615,4660.0,7,0,7.065787121238426,2,0,0.7,4,25.8,1,Medium,14,0.211,0.789,0.0,0.0
68723874,2026-04-20 01:03:13,Closed,Street Condition,Pothole,QUEENS,nan,40.66704156939636,-73.79218337141249,2026-04-20 16:24:00,nan,4959.1547619047615,4660.0,8,0,5.827835732349537,2,0,0.7,4,25.8,1,Medium,14,0.019,0.981,0.0,0.0
68648477,2026-04-13 19:32:54,Pending,Street Condition,Pothole,QUEENS,nan,40.70566482104637,-73.86507111185703,,nan,4959.1547619047615,4660.0,7,1,12.057222306423611,2,0,0.7,4,25.8,1,Medium,14,0.107,0.893,0.0,0.0
68715816,2026-04-18 17:55:05,Closed,Street Condition,Pothole,QUEENS,nan,40.761217008162774,-73.8863970016137,2026-04-18 17:55:05,nan,4959.1547619047615,4660.0,7,0,7.125150547164352,2,0,0.7,4,25.8,1,Medium,14,0.421,0.579,0.0,0.0
68586114,2026-04-07 06:47:03,Closed,Street Condition,Pothole,QUEENS,CROCHERON AVENUE,40.763471558343205,-73.79110275397157,2026-04-07 06:47:03,nan,4959.1547619047615,6464.0,6,1,18.58906258420139,2,0,0.7,4,25.8,1,Medium,14,0.058,0.942,0.0,0.0
68658493,2026-04-13 11:54:12,Closed,Street Condition,Pothole,QUEENS,nan,40.592579272695254,-73.80065702137888,2026-04-13 11:54:12,nan,4959.1547619047615,4660.0,7,1,12.375763973090278,2,0,0.7,4,25.8,1,Medium,14,0.427,0.573,0.0,0.0
68771500,2026-04-23 22:49:14,Open,Street Condition,Pothole,BROOKLYN,nan,40.61910563757932,-73.95830950968423,,nan,5664.555555555556,6673.0,10,1,1.9208797138310187,1,0,0.7,4,25.8,1,Medium,14,0.359,0.641,0.0,0.0
68719253,2026-04-19 22:38:23,Closed,Street Condition,Pothole,QUEENS,nan,40.761217008162774,-73.8863970016137,2026-04-19 22:38:23,nan,4959.1547619047615,4660.0,7,0,5.928414436053241,2,0,0.7,4,25.8,0,Low,30,0.541,0.459,0.0,0.0
68589423,2026-04-07 15:10:32,Closed,Street Condition,Pothole,QUEENS,LANG SQUARE,40.71855350602558,-73.90239665131912,2026-04-08 21:22:00,nan,4959.1547619047615,4660.0,5,0,18.239421380497685,2,0,0.7,4,25.8,1,Medium,14,0.077,0.923,0.0,0.0
68765209,2026-04-23 22:55:47,Closed,Street Condition,Pothole,BROOKLYN,nan,40.61910563757932,-73.95830950968423,2026-04-23 22:55:47,nan,5664.555555555556,6673.0,10,1,1.9163311027199075,1,0,0.7,4,25.8,1,Medium,14,0.359,0.641,0.0,0.0
68611764,2026-04-04 11:40:54,Closed,Street Condition,Pothole,QUEENS,nan,40.74584421351302,-73.70653178846892,2026-04-04 11:40:54,nan,4959.1547619047615,4660.0,2,0,21.385000084201387,2,0,0.7,4,25.7,1,Medium,14,0.388,0.612,0.0,0.0
68757453,2026-04-22 20:14:32,Open,Street Condition,Pothole,BROOKLYN,nan,40.60419461792944,-73.9721765349984,,nan,5664.555555555556,6673.0,8,0,3.028310269386574,1,0,0.7,4,25.7,1,Medium,14,0.041,0.959,0.0,0.0
68708759,2026-04-18 15:19:55,Open,Street Condition,Pothole,BRONX,nan,40.84640620296094,-73.84288601836784,,nan,6677.6,6655.5,4,1,7.232905176793981,3,0,0.7,4,25.7,1,Medium,14,0.277,0.723,0.0,0.0
68532373,2026-04-01 18:01:37,Pending,Street Condition,Pothole,QUEENS,nan,40.70775744565842,-73.73112532642455,,nan,4959.1547619047615,4660.0,3,0,24.120613510127313,2,0,0.7,4,25.7,1,Medium,14,0.121,0.879,0.0,0.0
68758300,2026-04-22 08:12:07,Closed,Street Condition,Pothole,QUEENS,nan,40.761217008162774,-73.8863970016137,2026-04-22 08:12:07,nan,4959.1547619047615,4660.0,7,0,3.5299885101273145,2,0,0.7,4,25.7,1,Medium,14,0.218,0.782,0.0,0.0
68590818,2026-04-07 19:58:12,Closed,Street Condition,Pothole,QUEENS,nan,40.59527053038889,-73.74820682671742,2026-04-15 14:50:00,nan,4959.1547619047615,4660.0,6,0,18.039652861979167,2,0,0.7,4,25.7,1,Medium,14,0.11,0.89,0.0,0.0
68752196,2026-04-22 16:16:07,Open,Street Condition,Pothole,QUEENS,nan,40.701188190518074,-73.74147011103045,,nan,4959.1547619047615,4660.0,8,1,3.1938773990162037,2,0,0.7,4,25.7,1,Medium,14,0.033,0.967,0.0,0.0
68628024,2026-04-10 18:58:49,Closed,Street Condition,Pothole,QUEENS,nan,40.670403057293704,-73.85628891962003,2026-04-18 09:15:00,nan,4959.1547619047615,4660.0,4,1,15.080891287905093,2,0,0.7,4,25.7,1,Medium,14,0.216,0.784,0.0,0.0
68756128,2026-04-22 12:24:45,Open,Street Condition,Pothole,QUEENS,nan,40.686396242283834,-73.78244528042602,,nan,4959.1547619047615,4660.0,5,0,3.3545486953125,2,0,0.7,4,25.7,1,Medium,14,0.156,0.844,0.0,0.0
68631232,2026-04-10 14:50:33,Closed,Street Condition,Pothole,QUEENS,BEACH CHANNEL DRIVE,40.59957813559521,-73.7642044148772,2026-04-11 11:43:00,nan,4959.1547619047615,4660.0,6,0,15.2532986953125,2,0,0.7,4,25.7,1,Medium,14,0.082,0.918,0.0,0.0
68751687,2026-04-22 07:47:12,Closed,Street Condition,Pothole,QUEENS,nan,40.761217008162774,-73.8863970016137,2026-04-22 14:24:00,nan,4959.1547619047615,4660.0,7,0,3.5472917508680553,2,0,0.7,4,25.7,1,Medium,14,0.218,0.782,0.0,0.0
68609719,2026-04-09 14:52:29,Closed,Street Condition,Pothole,QUEENS,nan,40.68599374684717,-73.83992149832302,2026-04-14 15:21:00,nan,4959.1547619047615,4660.0,5,1,16.25195610271991,2,0,0.7,4,25.7,0,Low,30,0.749,0.25,0.0,0.0
68587980,2026-04-07 15:40:12,Closed,Street Condition,Pothole,QUEENS,nan,40.71034788473819,-73.87524063101554,2026-04-18 12:00:00,nan,4959.1547619047615,4660.0,5,0,18.218819528645835,2,0,0.7,4,25.7,1,Medium,14,0.09,0.91,0.0,0.0
68540233,2026-04-02 15:38:29,Closed,Street Condition,Pothole,BROOKLYN,nan,40.65436351124894,-74.01504663727803,2026-04-02 15:38:29,nan,5664.555555555556,6673.0,3,0,23.220011658275464,1,0,0.7,4,25.6,1,Medium,14,0.025,0.975,0.0,0.0
68590273,2026-04-06 15:41:54,Closed,Street Condition,Pothole,BROOKLYN,nan,40.621940934743634,-73.91751602698812,2026-04-07 15:45:00,nan,5664.555555555556,6673.0,4,1,19.217638973090278,1,0,0.7,4,25.6,1,Medium,14,0.077,0.923,0.0,0.0
68578828,2026-04-05 19:31:44,Closed,Street Condition,Pothole,QUEENS,nan,40.76089914291656,-73.81313395939272,2026-04-05 19:31:44,nan,4959.1547619047615,4660.0,5,1,20.058032491608795,2,0,0.7,4,25.6,1,Medium,14,0.379,0.621,0.0,0.0
68616262,2026-04-04 13:57:50,Pending,Street Condition,Pothole,QUEENS,nan,40.7515860835717,-73.74570669268,,nan,4959.1547619047615,4660.0,4,1,21.289907491608798,2,0,0.7,4,25.6,1,Medium,14,0.047,0.953,0.0,0.0
68640954,2026-04-12 17:58:56,Closed,Street Condition,Pothole,QUEENS,nan,40.72792341486303,-73.87100083747289,2026-04-12 17:58:56,nan,4959.1547619047615,4660.0,7,0,13.122476936053241,2,0,0.7,4,25.6,1,Medium,14,0.465,0.535,0.0,0.0
68631746,2026-04-11 22:35:20,Closed,Street Condition,Pothole,BROOKLYN,nan,40.62040194766659,-73.96048439959483,2026-04-18 14:33:00,nan,5664.555555555556,6673.0,5,0,13.930532491608796,1,0,0.7,4,25.6,0,Low,30,0.803,0.197,0.0,0.0
68521953,2026-03-31 15:20:35,Closed,Street Condition,Pothole,QUEENS,nan,40.69268154931825,-73.76963044293633,2026-04-13 13:00:00,nan,4959.1547619047615,4660.0,1,0,25.23244221383102,2,0,0.7,3,25.6,1,Medium,14,0.111,0.889,0.0,0.0
68670253,2026-04-14 18:57:08,Closed,Street Condition,Pothole,QUEENS,nan,40.59532656654049,-73.78091638747061,2026-04-15 14:52:00,nan,4959.1547619047615,4660.0,6,1,11.082060269386574,2,0,0.7,4,25.6,1,Medium,14,0.097,0.903,0.0,0.0
68526199,2026-03-31 23:00:23,Closed,Street Condition,Pothole,QUEENS,43 STREET,40.77260586040554,-73.902364365426,2026-04-01 22:25:00,nan,4959.1547619047615,4660.0,3,1,24.913136658275466,2,0,0.7,3,25.6,1,Medium,14,0.036,0.963,0.0,0.0
68583740,2026-04-05 14:18:40,Closed,Street Condition,Pothole,QUEENS,nan,40.76089914291656,-73.81313395939272,2026-04-18 13:20:00,nan,4959.1547619047615,4660.0,5,1,20.275439899016202,2,0,0.7,4,25.6,1,Medium,14,0.39,0.61,0.001,0.0
68574626,2026-04-05 20:33:17,Closed,Street Condition,Pothole,QUEENS,nan,40.76089914291656,-73.81313395939272,2026-04-05 20:33:17,nan,4959.1547619047615,4660.0,5,1,20.01528943605324,2,0,0.7,4,25.6,1,Medium,14,0.379,0.621,0.0,0.0
68609678,2026-04-09 16:43:25,Open,Street Condition,Pothole,BRONX,nan,40.891070382072485,-73.9022771742948,,nan,6677.6,6655.5,2,1,16.17491906568287,3,0,0.7,4,25.6,1,Medium,14,0.469,0.53,0.0,0.0
68617633,2026-04-09 11:48:30,Pending,Street Condition,Pothole,QUEENS,nan,40.75011201290421,-73.9154047703965,,nan,4959.1547619047615,4660.0,5,1,16.37972230642361,2,0,0.7,4,25.6,1,Medium,14,0.471,0.529,0.0,0.0
68626300,2026-04-10 17:54:11,Closed,Street Condition,Pothole,QUEENS,nan,40.69212936228362,-73.83483307985836,2026-04-10 17:54:11,nan,4959.1547619047615,4660.0,6,0,15.125775547164352,2,0,0.7,4,25.6,0,Low,30,0.754,0.246,0.0,0.0
68609190,2026-04-09 11:49:49,Closed,Street Condition,Pothole,QUEENS,nan,40.75011201290421,-73.9154047703965,2026-04-09 11:49:49,nan,4959.1547619047615,4660.0,5,1,16.37880795457176,2,0,0.7,4,25.6,1,Medium,14,0.471,0.529,0.0,0.0
68672913,2026-04-15 07:01:50,Closed,Street Condition,Pothole,QUEENS,nan,40.744791406467726,-73.91742167156947,2026-04-15 07:01:50,nan,4959.1547619047615,4660.0,7,0,10.578796380497685,2,0,0.7,4,25.6,1,Medium,14,0.133,0.867,0.0,0.0
68666494,2026-04-14 11:23:36,Closed,Street Condition,Pothole,QUEENS,nan,40.69212936228362,-73.83483307985836,2026-04-14 22:12:00,nan,4959.1547619047615,4660.0,6,0,11.397013973090278,2,0,0.7,4,25.6,1,Medium,14,0.457,0.543,0.0,0.0
68637485,2026-04-10 15:34:07,Closed,Street Condition,Pothole,QUEENS,BEACH CHANNEL DRIVE,40.59955619207154,-73.76421169445064,2026-04-11 11:36:00,nan,4959.1547619047615,4660.0,6,0,15.22304406568287,2,0,0.7,4,25.6,1,Medium,14,0.105,0.895,0.0,0.0
68734542,2026-04-20 09:49:12,Pending,Street Condition,Pothole,QUEENS,nan,40.75256715716645,-73.87724773707222,,nan,4959.1547619047615,4660.0,8,0,5.462569528645833,2,0,0.7,4,25.6,0,Low,30,0.527,0.473,0.0,0.0
68629350,2026-04-11 15:57:01,Closed,Street Condition,Pothole,QUEENS,nan,40.7200215469545,-73.818327993429,2026-04-15 20:15:00,nan,4959.1547619047615,4660.0,6,1,14.207141287905092,2,0,0.7,4,25.6,1,Medium,14,0.207,0.792,0.0,0.0
68758770,2026-04-22 17:24:13,Open,Street Condition,Pothole,STATEN ISLAND,nan,40.621530421841186,-74.10758729695573,,nan,23788.714285714286,2762.0,0,1,3.146585732349537,4,0,0.7,4,25.5,1,Medium,14,0.005,0.995,0.0,0.0
68703032,2026-04-17 13:57:27,Pending,Street Condition,Pothole,QUEENS,nan,40.724435644856605,-73.86929389395314,,nan,4959.1547619047615,4660.0,6,0,8.2901736953125,2,0,0.7,4,25.5,1,Medium,14,0.348,0.652,0.0,0.0
68748830,2026-04-21 12:44:33,Closed,Street Condition,Pothole,QUEENS,nan,40.67948667677669,-73.85721034043854,2026-04-21 20:11:00,nan,4959.1547619047615,4660.0,7,0,4.3407986953124995,2,0,0.7,4,25.5,1,Medium,14,0.316,0.684,0.0,0.0
68668080,2026-04-14 08:22:07,Closed,Street Condition,Pothole,QUEENS,nan,40.749294544422526,-73.9429470170874,2026-04-14 11:15:00,nan,4959.1547619047615,4660.0,7,1,11.52304406568287,2,0,0.7,4,25.5,0,Low,30,0.758,0.242,0.0,0.0
68582337,2026-04-06 16:19:00,Closed,Street Condition,Pothole,QUEENS,nan,40.75019841861824,-73.91348458153087,2026-04-17 13:24:00,nan,4959.1547619047615,4660.0,5,1,19.19187508420139,2,0,0.7,4,25.5,0,Low,30,0.711,0.289,0.0,0.0
68581753,2026-04-06 17:31:38,Closed,Street Condition,Pothole,BRONX,nan,40.91013023416746,-73.90321511472008,2026-04-06 17:31:38,nan,6677.6,6655.5,3,0,19.141435269386573,3,0,0.7,4,25.5,1,Medium,14,0.282,0.717,0.001,0.0
68745845,2026-04-21 12:45:46,Closed,Street Condition,Pothole,QUEENS,nan,40.67948667677669,-73.85721034043854,2026-04-21 12:45:46,nan,4959.1547619047615,4660.0,7,0,4.339953787905093,2,0,0.7,4,25.5,1,Medium,14,0.316,0.684,0.0,0.0
68577473,2026-04-06 17:58:37,Closed,Street Condition,Pothole,BRONX,nan,40.91013023416746,-73.90321511472008,2026-04-06 17:58:37,nan,6677.6,6655.5,3,0,19.12269684346065,3,0,0.7,4,25.5,1,Medium,14,0.282,0.717,0.001,0.0
68746439,2026-04-21 07:18:11,Pending,Street Condition,Pothole,QUEENS,nan,40.66561616016431,-73.81756420980112,,nan,4959.1547619047615,4660.0,10,1,4.5674422138310184,2,0,0.7,4,25.5,0,Low,30,0.863,0.137,0.0,0.0
68617600,2026-04-04 15:42:15,Closed,Street Condition,Pothole,BRONX,PAULDING AVENUE,40.844263931054066,-73.85221230252998,2026-04-10 07:00:00,nan,6677.6,6655.5,3,0,21.217395917534724,3,0,0.7,4,25.5,0,Low,30,0.823,0.177,0.0,0.0
68769526,2026-04-23 14:59:37,Closed,Street Condition,Pothole,BROOKLYN,nan,40.639297275955855,-73.98408839571341,2026-04-23 14:59:37,nan,5664.555555555556,6673.0,4,0,2.247002399016204,1,0,0.7,4,25.4,1,Medium,14,0.308,0.692,0.0,0.0
68664878,2026-04-14 08:39:12,Closed,Street Condition,Pothole,QUEENS,nan,40.72792341486303,-73.87100083747289,2026-04-14 08:39:12,nan,4959.1547619047615,4660.0,7,0,11.511180639756944,2,0,0.7,4,25.4,0,Low,30,0.778,0.222,0.0,0.0
68644522,2026-04-12 23:28:09,Closed,Street Condition,Pothole,QUEENS,nan,40.74729882640561,-73.82899044260391,2026-04-12 23:28:09,nan,4959.1547619047615,4660.0,7,1,12.893854250868054,2,0,0.7,4,25.4,1,Medium,14,0.094,0.906,0.0,0.0
68656936,2026-04-13 20:29:58,Closed,Street Condition,Pothole,QUEENS,nan,40.761217008162774,-73.8863970016137,2026-04-13 20:29:58,nan,4959.1547619047615,4660.0,7,0,12.017592676793981,2,0,0.7,4,25.4,1,Medium,14,0.1,0.899,0.0,0.0
68753515,2026-04-22 19:32:52,Open,Street Condition,Pothole,STATEN ISLAND,nan,40.56405630631611,-74.18727279113348,,nan,23788.714285714286,2762.0,2,0,3.057245454571759,4,0,0.7,4,25.4,1,Medium,14,0.002,0.998,0.0,0.0
68575213,2026-04-06 15:39:27,Closed,Street Condition,Pothole,QUEENS,nan,40.699970236738224,-73.7635067276373,2026-04-15 14:55:00,nan,4959.1547619047615,4660.0,5,1,19.219340361979167,2,0,0.7,4,25.4,0,Low,30,0.767,0.233,0.0,0.0
68661646,2026-04-14 15:21:54,Closed,Street Condition,Pothole,QUEENS,nan,40.70768417366226,-73.72797681142353,2026-04-14 15:21:54,nan,4959.1547619047615,4660.0,4,0,11.231527861979167,2,0,0.7,4,25.4,1,Medium,14,0.132,0.868,0.0,0.0
68590264,2026-04-07 11:17:19,Closed,Street Condition,Pothole,QUEENS,nan,40.70775744565842,-73.73112532642455,2026-04-07 11:17:19,nan,4959.1547619047615,4660.0,3,0,18.401377399016205,2,0,0.7,4,25.4,1,Medium,14,0.179,0.821,0.0,0.0
68648490,2026-04-13 16:24:35,Open,Street Condition,Pothole,BRONX,nan,40.81304707050153,-73.8600631255296,,nan,6677.6,6655.5,3,0,12.187997769386573,3,0,0.7,4,25.4,0,Low,30,0.576,0.424,0.0,0.0
68628029,2026-04-10 16:12:42,Closed,Street Condition,Pothole,QUEENS,nan,40.68623957380662,-73.83905914257357,2026-04-14 15:21:00,nan,4959.1547619047615,4660.0,6,0,15.196250084201388,2,0,0.7,4,25.4,0,Low,30,0.777,0.223,0.0,0.0
68745844,2026-04-21 13:40:25,Closed,Street Condition,Pothole,QUEENS,nan,40.761217008162774,-73.8863970016137,2026-04-21 18:55:00,nan,4959.1547619047615,4660.0,7,0,4.302002399016203,2,0,0.7,4,25.4,1,Medium,14,0.411,0.589,0.0,0.0
68649950,2026-04-13 16:17:04,Open,Street Condition,Pothole,BROOKLYN,nan,40.59997629625578,-74.00664393591754,,nan,5664.555555555556,6673.0,5,1,12.193217676793981,1,0,0.7,4,25.4,0,Low,30,0.913,0.087,0.0,0.0
68683353,2026-04-15 09:31:35,Closed,Street Condition,Pothole,QUEENS,nan,40.68129301808039,-73.82555426000988,2026-04-15 12:12:00,nan,4959.1547619047615,4660.0,5,1,10.47480332494213,2,0,0.7,4,25.4,0,Low,30,0.553,0.447,0.0,0.0
68649486,2026-04-13 10:03:32,Closed,Street Condition,Pothole,STATEN ISLAND,nan,40.56198930836635,-74.10557673975921,2026-04-13 10:03:32,nan,23788.714285714286,2762.0,1,0,12.452615824942129,4,0,0.7,4,25.3,1,Medium,14,0.066,0.934,0.0,0.0
68622393,2026-04-10 18:56:12,Closed,Street Condition,Pothole,BROOKLYN,nan,40.65794283192471,-73.9368656027231,2026-04-10 18:56:12,nan,5664.555555555556,6673.0,5,1,15.082708417534722,1,0,0.7,4,25.3,1,Medium,14,0.298,0.702,0.0,0.0
68711230,2026-04-18 11:45:29,Pending,Street Condition,Pothole,QUEENS,nan,40.78515812969033,-73.84121056770114,,nan,4959.1547619047615,4660.0,7,0,7.3818172138310185,2,0,0.7,4,25.3,0,Low,30,0.741,0.258,0.0,0.0
68738412,2026-04-21 08:49:30,Closed,Street Condition,Pothole,QUEENS,nan,40.761217008162774,-73.8863970016137,2026-04-21 08:49:30,nan,4959.1547619047615,4660.0,7,0,4.504027861979166,2,0,0.7,4,25.3,1,Medium,14,0.46,0.539,0.0,0.0
68657448,2026-04-13 10:03:05,Closed,Street Condition,Pothole,STATEN ISLAND,nan,40.56198930836635,-74.10557673975921,2026-04-18 10:10:00,nan,23788.714285714286,2762.0,1,0,12.45292832494213,4,0,0.7,4,25.3,1,Medium,14,0.066,0.934,0.0,0.0
68756969,2026-04-21 14:38:14,Closed,Street Condition,Pothole,BROOKLYN,nan,40.676553646181766,-73.8626532447999,2026-04-22 12:45:00,nan,5664.555555555556,6673.0,6,0,4.26185193605324,1,0,0.7,4,25.3,1,Medium,14,0.269,0.731,0.0,0.0
68731697,2026-04-20 21:51:05,Closed,Street Condition,Pothole,QUEENS,nan,40.761217008162774,-73.8863970016137,2026-04-20 23:45:00,nan,4959.1547619047615,4660.0,7,0,4.961261658275463,2,0,0.7,4,25.3,1,Medium,14,0.404,0.596,0.0,0.0
68649466,2026-04-13 09:31:41,Closed,Street Condition,Pothole,QUEENS,nan,40.74762067552447,-73.95650396930826,2026-04-13 09:31:41,nan,4959.1547619047615,4660.0,6,0,12.474733880497684,2,0,0.7,4,25.3,1,Medium,14,0.11,0.89,0.0,0.0
68514068,2026-03-31 19:10:08,Open,Street Condition,Pothole,BROOKLYN,nan,40.727794673835525,-73.93724320414177,,nan,5664.555555555556,6673.0,0,1,25.0730324916088,1,0,0.7,3,25.3,0,Low,30,0.506,0.493,0.001,0.0
68654428,2026-04-13 08:40:52,Pending,Street Condition,Pothole,QUEENS,nan,40.74762067552447,-73.95650396930826,,nan,4959.1547619047615,4660.0,6,0,12.510023232349537,2,0,0.7,4,25.3,1,Medium,14,0.11,0.89,0.0,0.0
68656946,2026-04-13 10:43:17,Closed,Street Condition,Pothole,QUEENS,nan,40.72792341486303,-73.87100083747289,2026-04-13 10:43:17,nan,4959.1547619047615,4660.0,7,0,12.425011658275462,2,0,0.7,4,25.3,0,Low,30,0.626,0.374,0.0,0.0
68706882,2026-04-17 08:39:43,Closed,Street Condition,Pothole,QUEENS,nan,40.59924332746669,-73.75248426592958,2026-04-17 16:54:00,nan,4959.1547619047615,4660.0,9,0,8.510821843460647,2,0,0.7,4,25.3,0,Low,30,0.913,0.087,0.0,0.0
68523592,2026-03-31 16:44:59,Open,Street Condition,Pothole,QUEENS,nan,40.75016099104143,-73.90433538539963,,nan,4959.1547619047615,4660.0,5,0,25.17383110271991,2,0,0.7,3,25.3,0,Low,30,0.828,0.172,0.0,0.0
68617588,2026-04-04 18:04:16,Closed,Street Condition,Pothole,QUEENS,nan,40.66198468660634,-73.85618811087808,2026-04-14 15:20:00,nan,4959.1547619047615,4660.0,4,0,21.118773232349536,2,0,0.7,4,25.3,1,Medium,14,0.398,0.602,0.0,0.0
68629348,2026-04-12 00:46:59,Pending,Street Condition,Pothole,QUEENS,nan,40.70580928772878,-73.82734037876067,,nan,4959.1547619047615,4660.0,5,1,13.839108880497685,2,0,0.7,4,25.3,1,Medium,14,0.402,0.598,0.0,0.0
68585206,2026-04-06 12:11:17,Closed,Street Condition,Pothole,QUEENS,nan,40.70931586628101,-73.73440859953097,2026-04-17 12:31:00,nan,4959.1547619047615,4660.0,4,0,19.363900547164352,2,0,0.7,4,25.3,0,Low,30,0.745,0.254,0.0,0.0
68680952,2026-04-15 09:56:22,Pending,Street Condition,Pothole,QUEENS,nan,40.66343214568916,-73.74078741169663,,nan,4959.1547619047615,4660.0,6,1,10.45759267679398,2,0,0.7,4,25.3,1,Medium,14,0.151,0.849,0.0,0.0
68556363,2026-04-03 19:15:07,Pending,Street Condition,Pothole,QUEENS,nan,40.77699700790245,-73.81478939209954,,nan,4959.1547619047615,4660.0,4,0,22.069571843460647,2,0,0.7,4,25.3,0,Low,30,0.751,0.248,0.001,0.0
68621099,2026-04-10 13:10:27,Closed,Street Condition,Pothole,QUEENS,nan,40.680132124818265,-73.84686872082064,2026-04-10 13:10:27,nan,4959.1547619047615,4660.0,6,0,15.322812584201388,2,0,0.7,4,25.3,1,Medium,14,0.162,0.838,0.0,0.0
68673432,2026-04-15 17:04:32,Pending,Street Condition,Pothole,QUEENS,nan,40.676113611708814,-73.8488247372634,,nan,4959.1547619047615,4660.0,5,0,10.160254713831018,2,0,0.7,4,25.2,1,Medium,14,0.366,0.634,0.0,0.0
68541981,2026-04-02 20:32:54,Closed,Street Condition,Pothole,QUEENS,nan,40.68973616714039,-73.74728757941112,2026-04-14 10:45:00,nan,4959.1547619047615,4660.0,5,0,23.015555639756943,2,0,0.7,4,25.2,0,Low,30,0.609,0.391,0.0,0.0
68683341,2026-04-15 17:58:28,Closed,Street Condition,Pothole,QUEENS,nan,40.676113611708814,-73.8488247372634,2026-04-15 17:58:28,nan,4959.1547619047615,4660.0,5,0,10.122801010127315,2,0,0.7,4,25.2,1,Medium,14,0.366,0.634,0.0,0.0
68579373,2026-04-05 13:40:59,Closed,Street Condition,Pothole,QUEENS,nan,40.71381648205454,-73.92083999438904,2026-04-11 21:44:00,nan,4959.1547619047615,4660.0,3,1,20.301608880497685,2,0,0.7,4,25.2,0,Low,30,0.557,0.443,0.0,0.0
68545347,2026-04-03 01:54:32,Closed,Street Condition,Pothole,QUEENS,nan,40.68973616714039,-73.74728757941112,2026-04-03 01:54:32,nan,4959.1547619047615,4660.0,5,0,22.792199158275462,2,0,0.7,4,25.2,0,Low,30,0.621,0.379,0.0,0.0
68592199,2026-04-07 13:35:05,Closed,Street Condition,Pothole,QUEENS,nan,40.76731099149876,-73.89887755163284,2026-04-18 11:15:00,nan,4959.1547619047615,4660.0,3,0,18.305706102719906,2,0,0.7,4,25.2,1,Medium,14,0.352,0.647,0.0,0.0
68647239,2026-04-12 17:57:12,Closed,Street Condition,Pothole,QUEENS,nan,40.71060222440439,-73.82772113031032,2026-04-13 20:05:00,nan,4959.1547619047615,4660.0,5,1,13.123680639756945,2,0,0.7,4,25.2,1,Medium,14,0.183,0.817,0.0,0.0
68549821,2026-04-03 23:28:45,Closed,Street Condition,Pothole,BROOKLYN,nan,40.61457928418196,-74.02279602685425,2026-04-09 16:40:00,nan,5664.555555555556,6673.0,3,1,21.89343758420139,1,0,0.7,4,25.2,1,Medium,14,0.032,0.968,0.0,0.0
68540220,2026-04-02 20:54:31,Closed,Street Condition,Pothole,QUEENS,nan,40.68973616714039,-73.74728757941112,2026-04-02 20:54:31,nan,4959.1547619047615,4660.0,5,0,23.00054406568287,2,0,0.7,4,25.2,0,Low,30,0.609,0.391,0.0,0.0
68618449,2026-04-10 17:22:43,Closed,Street Condition,Pothole,QUEENS,nan,40.7590540604679,-73.79502225980788,2026-04-10 17:22:43,nan,4959.1547619047615,4660.0,5,1,15.147627399016203,2,0,0.7,4,25.2,1,Medium,14,0.416,0.583,0.0,0.0
68640957,2026-04-12 17:01:16,Closed,Street Condition,Pothole,QUEENS,nan,40.73177902884212,-73.77010866842208,2026-04-12 17:01:16,nan,4959.1547619047615,4660.0,5,1,13.162523232349537,2,0,0.7,4,25.2,0,Low,30,0.67,0.33,0.0,0.0
68646127,2026-04-12 14:15:48,Closed,Street Condition,Pothole,QUEENS,nan,40.73177902884212,-73.77010866842208,2026-04-13 05:21:00,nan,4959.1547619047615,4660.0,5,1,13.277430639756945,2,0,0.7,4,25.2,0,Low,30,0.67,0.33,0.0,0.0
68643303,2026-04-12 13:38:47,Closed,Street Condition,Pothole,QUEENS,nan,40.734300926235,-73.75519759871486,2026-04-12 13:38:47,nan,4959.1547619047615,4660.0,4,0,13.303136658275463,2,0,0.7,4,25.2,0,Low,30,0.666,0.334,0.0,0.0
68720340,2026-04-19 11:46:33,Closed,Street Condition,Pothole,QUEENS,nan,40.761217008162774,-73.8863970016137,2026-04-19 11:46:33,nan,4959.1547619047615,4660.0,7,0,6.381076473090277,2,0,0.7,4,25.2,0,Low,30,0.622,0.377,0.0,0.0
68576004,2026-04-05 13:46:27,Closed,Street Condition,Pothole,QUEENS,nan,40.71381648205454,-73.92083999438904,2026-04-05 13:46:27,nan,4959.1547619047615,4660.0,3,1,20.297812584201388,2,0,0.7,4,25.2,0,Low,30,0.557,0.443,0.0,0.0
68634999,2026-04-11 21:53:41,Closed,Street Condition,Pothole,QUEENS,nan,40.734300926235,-73.75519759871486,2026-04-11 21:53:41,nan,4959.1547619047615,4660.0,4,0,13.959456102719907,2,0,0.7,4,25.2,1,Medium,14,0.332,0.668,0.0,0.0
68610497,2026-04-09 17:40:01,Closed,Street Condition,Pothole,QUEENS,nan,40.75016099104143,-73.90433538539963,2026-04-09 17:40:01,nan,4959.1547619047615,4660.0,5,0,16.135613510127314,2,0,0.7,4,25.1,0,Low,30,0.707,0.293,0.0,0.0
68541508,2026-04-02 07:30:39,Closed,Street Condition,Pothole,QUEENS,nan,40.56090606971587,-73.91548600085787,2026-04-02 07:30:39,nan,4959.1547619047615,4660.0,2,0,23.55878480642361,2,0,0.7,4,25.1,1,Medium,14,0.211,0.788,0.0,0.0
68674939,2026-04-15 09:18:08,Pending,Street Condition,Pothole,QUEENS,nan,40.680132124818265,-73.84686872082064,,nan,4959.1547619047615,4660.0,6,0,10.484143602719907,2,0,0.7,4,25.1,0,Low,30,0.573,0.427,0.0,0.0
68683880,2026-04-15 09:47:19,Open,Street Condition,Pothole,BROOKLYN,nan,40.62091387130242,-73.97529625702678,,nan,5664.555555555556,6673.0,5,0,10.463877399016203,1,0,0.7,4,25.1,1,Medium,14,0.241,0.759,0.0,0.0
68632978,2026-04-11 20:25:21,Closed,Street Condition,Pothole,QUEENS,nan,40.778616899523335,-73.83886114728601,2026-04-18 02:15:00,nan,4959.1547619047615,4660.0,5,0,14.0207986953125,2,0,0.7,4,25.1,0,Low,30,0.673,0.326,0.0,0.0
68614943,2026-04-04 09:54:51,Open,Street Condition,Pothole,QUEENS,nan,40.710529775849224,-73.91526383254329,,nan,4959.1547619047615,4660.0,3,0,21.45864591753472,2,0,0.7,4,25.1,1,Medium,14,0.134,0.866,0.0,0.0
68584690,2026-04-02 09:02:19,Closed,Street Condition,Pothole,QUEENS,nan,40.572042157602915,-73.85754801014599,2026-04-03 10:24:00,nan,4959.1547619047615,4660.0,1,0,23.495127399016205,2,0,0.7,4,25.1,1,Medium,14,0.193,0.807,0.0,0.0
68680942,2026-04-16 01:24:48,Closed,Street Condition,Pothole,QUEENS,nan,40.71966167857218,-73.78767222620871,2026-04-16 19:02:00,nan,4959.1547619047615,4660.0,5,0,9.812847306423611,2,0,0.7,4,25.1,1,Medium,14,0.167,0.833,0.0,0.0
68623735,2026-04-10 10:03:51,Closed,Street Condition,Pothole,BRONX,nan,40.82243617228965,-73.85513680161803,2026-04-10 10:03:51,nan,6677.6,6655.5,3,0,15.452395917534721,3,0,0.7,4,25.1,0,Low,30,0.948,0.052,0.0,0.0
68764280,2026-04-23 17:00:46,Pending,Street Condition,Pothole,QUEENS,nan,40.7011425259486,-73.73826768972376,,nan,4959.1547619047615,4660.0,7,1,2.162870454571759,2,0,0.7,4,25.1,1,Medium,14,0.151,0.849,0.0,0.0
68532354,2026-04-01 11:32:10,Closed,Street Condition,Pothole,BROOKLYN,nan,40.60507304993444,-73.94276775205265,2026-04-03 11:45:00,nan,5664.555555555556,6673.0,3,1,24.391064899016207,1,0,0.7,4,25.0,1,Medium,14,0.073,0.927,0.0,0.0
68729562,2026-04-20 14:19:58,Closed,Street Condition,Pothole,QUEENS,nan,40.761217008162774,-73.8863970016137,2026-04-20 17:36:00,nan,4959.1547619047615,4660.0,7,0,5.274537121238426,2,0,0.7,4,25.0,1,Medium,14,0.469,0.531,0.0,0.0
68713740,2026-04-18 21:11:41,Open,Street Condition,Pothole,BROOKLYN,nan,40.682909171511966,-73.9847990951186,,nan,5664.555555555556,6673.0,5,0,6.9886227693865735,1,0,0.7,4,25.0,0,Low,30,0.528,0.472,0.0,0.0
68729560,2026-04-19 15:11:21,Closed,Street Condition,Pothole,QUEENS,nan,40.70501926897067,-73.87943080024438,2026-04-20 08:36:00,nan,4959.1547619047615,4660.0,7,1,6.238854250868055,2,0,0.7,4,25.0,0,Low,30,0.681,0.319,0.0,0.0
68749431,2026-04-21 16:29:34,Open,Street Condition,Pothole,BROOKLYN,nan,40.65794283192471,-73.9368656027231,,nan,5664.555555555556,6673.0,5,1,4.184537121238426,1,0,0.7,4,25.0,1,Medium,14,0.339,0.661,0.0,0.0
68541496,2026-04-02 20:51:31,Closed,Street Condition,Pothole,QUEENS,120 AVENUE,40.689195495037985,-73.7536395872249,2026-04-02 20:51:31,nan,4959.1547619047615,2825.0,5,0,23.002627399016202,2,0,0.7,4,25.0,1,Medium,14,0.296,0.704,0.0,0.0
68661644,2026-04-14 15:59:38,Closed,Street Condition,Pothole,QUEENS,nan,40.72792341486303,-73.87100083747289,2026-04-14 15:59:38,nan,4959.1547619047615,4660.0,7,0,11.205324158275463,2,0,0.7,4,25.0,1,Medium,14,0.468,0.532,0.0,0.0
68761434,2026-04-23 16:41:16,Pending,Street Condition,Pothole,QUEENS,nan,40.761877551332226,-73.78997427212825,,nan,4959.1547619047615,4660.0,5,1,2.176412121238426,2,0,0.7,4,25.0,1,Medium,14,0.41,0.59,0.0,0.0
68594433,2026-04-07 11:10:47,Closed,Street Condition,Pothole,QUEENS,nan,40.68152506310864,-73.82472439718683,2026-04-07 11:10:47,nan,4959.1547619047615,4660.0,3,1,18.40591443605324,2,0,0.7,4,25.0,0,Low,30,0.662,0.338,0.0,0.0
68672906,2026-04-15 09:30:32,Closed,Street Condition,Pothole,QUEENS,nan,40.68175985794817,-73.8239017322567,2026-04-15 21:02:00,nan,4959.1547619047615,4660.0,5,1,10.475532491608796,2,0,0.7,4,25.0,0,Low,30,0.563,0.437,0.0,0.0
68625479,2026-04-10 06:45:55,Open,Street Condition,Pothole,BRONX,nan,40.82180518508304,-73.87663225452138,,nan,6677.6,6655.5,3,1,15.589849621238425,3,0,0.7,4,25.0,0,Low,30,0.916,0.084,0.0,0.0
68680382,2026-04-15 09:17:51,Closed,Street Condition,Pothole,QUEENS,nan,40.707554859160936,-73.87377425768258,2026-04-15 17:11:00,nan,4959.1547619047615,4660.0,7,0,10.484340361979166,2,0,0.7,4,25.0,1,Medium,14,0.055,0.945,0.0,0.0
68650947,2026-04-13 10:36:05,Closed,Street Condition,Pothole,QUEENS,nan,40.75787299906427,-73.78849613580287,2026-04-13 10:36:05,nan,4959.1547619047615,4660.0,5,1,12.430011658275463,2,0,0.7,4,25.0,1,Medium,14,0.181,0.819,0.0,0.0
68656949,2026-04-13 10:18:07,Closed,Street Condition,Pothole,QUEENS,nan,40.75787299906427,-73.78849613580287,2026-04-13 10:18:07,nan,4959.1547619047615,4660.0,5,1,12.442488510127314,2,0,0.7,4,25.0,1,Medium,14,0.181,0.819,0.0,0.0
68555837,2026-04-03 16:49:34,Closed,Street Condition,Pothole,QUEENS,nan,40.742162732300706,-73.80443169997793,2026-04-03 16:49:34,nan,4959.1547619047615,4660.0,4,0,22.170648232349535,2,0,0.7,4,25.0,0,Low,30,0.524,0.475,0.0,0.0
68523547,2026-03-31 14:55:38,Closed,Street Condition,Pothole,QUEENS,nan,40.7143995934852,-73.89797665860704,2026-04-11 08:30:00,nan,4959.1547619047615,4660.0,5,0,25.24976860271991,2,0,0.7,3,25.0,0,Low,30,0.929,0.07,0.0,0.0
68605135,2026-04-08 14:48:39,Closed,Street Condition,Pothole,QUEENS,nan,40.78623198245659,-73.79781666157713,2026-04-08 14:48:39,nan,4959.1547619047615,4660.0,4,0,17.254618139756943,2,0,0.7,4,25.0,0,Low,30,0.915,0.085,0.0,0.0
68593604,2026-04-07 11:08:56,Open,Street Condition,Pothole,BRONX,nan,40.8155892372239,-73.82257217887148,,nan,6677.6,6655.5,2,0,18.407199158275464,3,0,0.7,4,25.0,0,Low,30,0.961,0.039,0.0,0.0
68597743,2026-04-08 07:56:21,Closed,Street Condition,Pothole,QUEENS,nan,40.67655069259074,-73.76837387183488,2026-04-18 10:30:00,nan,4959.1547619047615,4660.0,5,0,17.540937584201387,2,0,0.7,4,24.9,1,Medium,14,0.294,0.706,0.0,0.0
68714554,2026-04-17 16:01:05,Closed,Street Condition,Pothole,QUEENS,nan,40.70737699885929,-73.86228315375102,2026-04-18 12:15:00,nan,4959.1547619047615,4660.0,5,1,8.204317213831018,2,0,0.7,4,24.9,1,Medium,14,0.321,0.679,0.0,0.0
68744934,2026-04-22 00:27:16,Closed,Street Condition,Pothole,QUEENS,nan,40.70327874865508,-73.73620712128428,2026-04-22 18:00:00,nan,4959.1547619047615,4660.0,7,1,3.8528010101273145,2,0,0.7,4,24.9,0,Low,30,0.718,0.282,0.0,0.0
68526165,2026-04-01 12:42:57,Closed,Street Condition,Pothole,QUEENS,nan,40.73019349662973,-73.77757568527421,2026-04-01 12:42:57,nan,4959.1547619047615,4660.0,4,0,24.341909806423615,2,0,0.7,4,24.9,0,Low,30,0.73,0.27,0.0,0.0
68728655,2026-04-20 17:04:39,Open,Street Condition,Pothole,BROOKLYN,nan,40.611084664840085,-73.99831442850846,,nan,5664.555555555556,6673.0,6,0,5.1601736953124995,1,0,0.7,4,24.9,0,Low,30,0.958,0.042,0.0,0.0
68643804,2026-04-13 02:00:57,Pending,Street Condition,Pothole,QUEENS,nan,40.66290085740794,-73.76836720263869,,nan,4959.1547619047615,4660.0,7,0,12.787743139756945,2,0,0.7,4,24.9,0,Low,30,0.67,0.33,0.0,0.0
68689848,2026-04-16 14:16:15,Open,Street Condition,Pothole,BRONX,nan,40.84647151776735,-73.78620120980652,,nan,6677.6,6655.5,3,0,9.277118139756944,3,0,0.7,4,24.9,0,Low,30,0.668,0.332,0.0,0.0
68587979,2026-04-07 18:30:52,Closed,Street Condition,Pothole,QUEENS,nan,40.74180802614262,-73.71583123253906,2026-04-15 12:15:00,nan,4959.1547619047615,4660.0,4,0,18.100301010127314,2,0,0.7,4,24.9,0,Low,30,0.737,0.263,0.0,0.0
68757448,2026-04-22 15:58:23,Open,Street Condition,Pothole,QUEENS,nan,40.73177902884212,-73.77010866842208,,nan,4959.1547619047615,4660.0,5,1,3.2061922138310184,2,0,0.7,4,24.9,1,Medium,14,0.37,0.63,0.0,0.0
68647945,2026-04-14 00:06:47,Pending,Street Condition,Pothole,QUEENS,nan,40.68973616714039,-73.74728757941112,2026-04-14 00:06:47,nan,4959.1547619047615,4660.0,5,0,11.867025547164351,2,0,0.7,4,24.9,0,Low,30,0.657,0.343,0.0,0.0
68675884,2026-04-15 07:53:11,Closed,Street Condition,Pothole,QUEENS,nan,40.68509877182678,-73.76072902749495,2026-04-15 07:53:11,nan,4959.1547619047615,4660.0,4,1,10.543136658275463,2,0,0.7,4,24.9,1,Medium,14,0.328,0.672,0.0,0.0
68618912,2026-04-10 19:14:02,Closed,Street Condition,Pothole,BROOKLYN,nan,40.62091387130242,-73.97529625702678,2026-04-11 08:40:00,nan,5664.555555555556,6673.0,5,0,15.070324158275463,1,0,0.7,4,24.9,1,Medium,14,0.117,0.882,0.0,0.0
68674937,2026-04-15 20:52:49,Pending,Street Condition,Pothole,QUEENS,nan,40.72052498694646,-73.8072189102586,,nan,4959.1547619047615,4660.0,6,0,10.001724621238425,2,0,0.7,4,24.9,1,Medium,14,0.311,0.689,0.0,0.0
68582298,2026-04-05 19:07:40,Closed,Street Condition,Pothole,QUEENS,nan,40.708657799862344,-73.73470338338866,2026-04-18 13:03:00,nan,4959.1547619047615,4660.0,3,0,20.074745454571758,2,0,0.7,4,24.9,0,Low,30,0.667,0.333,0.0,0.0
68642166,2026-04-11 22:43:22,Closed,Street Condition,Pothole,BROOKLYN,nan,40.62970989234464,-73.90485389908439,2026-04-12 19:25:00,nan,5664.555555555556,6673.0,7,1,13.924953787905093,1,0,0.7,4,24.9,0,Low,30,0.805,0.195,0.0,0.0
68750826,2026-04-22 11:09:40,Open,Street Condition,Pothole,BRONX,nan,40.875588584674254,-73.89407357779507,,nan,6677.6,6655.5,4,0,3.4066898990162033,3,0,0.7,4,24.8,0,Low,30,0.957,0.043,0.0,0.0
68589416,2026-04-08 02:02:04,Closed,Street Condition,Pothole,QUEENS,nan,40.7787145358747,-73.82488741742266,2026-04-18 09:05:00,nan,4959.1547619047615,4660.0,4,0,17.78696767679398,2,0,0.7,4,24.8,0,Low,30,0.813,0.187,0.0,0.0
68731127,2026-04-20 08:16:57,Closed,Street Condition,Pothole,QUEENS,nan,40.761217008162774,-73.8863970016137,2026-04-20 08:16:57,nan,4959.1547619047615,4660.0,7,0,5.5266320286458335,2,0,0.7,4,24.8,1,Medium,14,0.371,0.628,0.0,0.0
68683344,2026-04-15 15:01:49,Closed,Street Condition,Pothole,QUEENS,nan,40.72792341486303,-73.87100083747289,2026-04-15 15:01:49,nan,4959.1547619047615,4660.0,7,0,10.245474621238426,2,0,0.7,4,24.8,0,Low,30,0.6,0.4,0.0,0.0
68675880,2026-04-15 10:13:41,Closed,Street Condition,Pothole,QUEENS,nan,40.72792341486303,-73.87100083747289,2026-04-15 10:13:41,nan,4959.1547619047615,4660.0,7,0,10.44556721383102,2,0,0.7,4,24.8,0,Low,30,0.551,0.449,0.0,0.0
68754405,2026-04-22 11:11:53,Closed,Street Condition,Pothole,BRONX,nan,40.875588584674254,-73.89407357779507,2026-04-22 11:11:53,nan,6677.6,6655.5,4,0,3.4051505471643515,3,0,0.7,4,24.8,0,Low,30,0.957,0.043,0.0,0.0
68596387,2026-04-07 09:46:49,Closed,Street Condition,Pothole,QUEENS,nan,40.68300410621669,-73.7605382383076,2026-04-15 14:56:00,nan,4959.1547619047615,4660.0,3,1,18.464224621238426,2,0,0.7,4,24.8,0,Low,30,0.813,0.187,0.0,0.0
68639798,2026-04-12 15:03:06,Closed,Street Condition,Pothole,QUEENS,nan,40.7515860835717,-73.74570669268,2026-04-12 15:03:06,nan,4959.1547619047615,4660.0,4,1,13.244583417534722,2,0,0.7,4,24.8,1,Medium,14,0.498,0.502,0.0,0.0
68692270,2026-04-16 10:48:27,Closed,Street Condition,Pothole,QUEENS,nan,40.691279180753845,-73.74624320450889,2026-04-16 19:57:00,nan,4959.1547619047615,4660.0,6,0,9.4214236953125,2,0,0.7,4,24.8,1,Medium,14,0.222,0.778,0.0,0.0
68753034,2026-04-22 11:12:24,Closed,Street Condition,Pothole,BRONX,nan,40.875588584674254,-73.89407357779507,2026-04-22 11:12:24,nan,6677.6,6655.5,4,0,3.404791750868055,3,0,0.7,4,24.8,0,Low,30,0.957,0.043,0.0,0.0
68640280,2026-04-13 01:58:54,Pending,Street Condition,Pothole,QUEENS,nan,40.66028603798031,-73.7429766464903,,nan,4959.1547619047615,4660.0,6,0,12.789166750868056,2,0,0.7,4,24.7,1,Medium,14,0.168,0.832,0.0,0.0
68750316,2026-04-22 08:27:14,Closed,Street Condition,Pothole,QUEENS,nan,40.70401886512142,-73.89794565875476,2026-04-22 15:22:00,nan,4959.1547619047615,4660.0,8,1,3.5194908249421295,2,0,0.7,4,24.7,1,Medium,14,0.357,0.642,0.0,0.0
68688394,2026-04-16 06:19:14,Open,Street Condition,Pothole,BRONX,nan,40.839087458372646,-73.84391883604151,,nan,6677.6,6655.5,3,0,9.608379713831019,3,0,0.7,4,24.7,0,Low,30,0.937,0.063,0.0,0.0
68577484,2026-04-06 17:20:10,Closed,Street Condition,Pothole,QUEENS,nan,40.72604688081713,-73.82400117727384,2026-04-06 17:20:10,nan,4959.1547619047615,4660.0,4,0,19.149398232349537,2,0,0.7,4,24.7,0,Low,30,0.649,0.351,0.0,0.0
68589422,2026-04-07 17:01:46,Closed,Street Condition,Pothole,QUEENS,nan,40.6675748180031,-73.82569467462247,2026-04-16 14:13:00,nan,4959.1547619047615,4660.0,3,1,18.162176010127315,2,0,0.7,4,24.7,0,Low,30,0.729,0.27,0.0,0.0
68550603,2026-04-03 18:54:32,Closed,Street Condition,Pothole,QUEENS,nan,40.73996996115008,-73.7609469677333,2026-04-03 18:54:32,nan,4959.1547619047615,4660.0,3,0,22.08386582494213,2,0,0.7,4,24.7,1,Medium,14,0.181,0.819,0.0,0.0
68611798,2026-04-09 14:47:52,Closed,Street Condition,Pothole,QUEENS,nan,40.69335210250701,-73.90040331190272,2026-04-09 20:32:00,nan,4959.1547619047615,4660.0,4,1,16.255162121238424,2,0,0.7,4,24.7,0,Low,30,0.925,0.074,0.0,0.0
68597175,2026-04-08 14:49:59,Closed,Street Condition,Pothole,QUEENS,nan,40.79489618302466,-73.8222264426401,2026-04-08 14:49:59,nan,4959.1547619047615,4660.0,3,1,17.25369221383102,2,0,0.7,4,24.7,0,Low,30,0.896,0.103,0.0,0.0
68536290,2026-04-01 10:54:36,Closed,Street Condition,Pothole,BRONX,nan,40.86526411435674,-73.84624719067614,2026-04-01 10:54:36,nan,6677.6,6655.5,1,1,24.41715286197917,3,0,0.7,4,24.6,1,Medium,14,0.339,0.66,0.001,0.0
68574674,2026-04-05 23:56:33,Closed,Street Condition,Pothole,QUEENS,120 AVENUE,40.689195495037985,-73.7536395872249,2026-04-05 23:56:33,nan,4959.1547619047615,2825.0,5,0,19.874132028645832,2,0,0.7,4,24.6,0,Low,30,0.617,0.382,0.0,0.0
68691318,2026-04-16 14:14:51,Open,Street Condition,Pothole,BRONX,nan,40.84724606470096,-73.78649149044661,,nan,6677.6,6655.5,2,0,9.278090361979167,3,0,0.7,4,24.6,1,Medium,14,0.451,0.548,0.0,0.0
68583733,2026-04-05 20:41:00,Closed,Street Condition,Pothole,QUEENS,nan,40.7590540604679,-73.79502225980788,2026-04-15 21:45:00,nan,4959.1547619047615,4660.0,5,1,20.009930639756945,2,0,0.7,4,24.6,1,Medium,14,0.494,0.505,0.001,0.0
68626748,2026-04-10 08:36:40,Closed,Street Condition,Pothole,QUEENS,nan,40.70660667688688,-73.76196831798403,2026-04-18 09:52:00,nan,4959.1547619047615,4660.0,5,0,15.512939899016203,2,0,0.7,4,24.6,0,Low,30,0.823,0.177,0.0,0.0
68687882,2026-04-16 07:42:03,Closed,Street Condition,Pothole,QUEENS,nan,40.73177902884212,-73.77010866842208,2026-04-16 07:42:03,nan,4959.1547619047615,4660.0,5,1,9.550868139756945,2,0,0.7,4,24.6,0,Low,30,0.788,0.212,0.0,0.0
68767177,2026-04-23 12:51:20,Open,Street Condition,Pothole,BROOKLYN,nan,40.639297275955855,-73.98408839571341,,nan,5664.555555555556,6673.0,4,0,2.336088047164352,1,0,0.7,4,24.6,1,Medium,14,0.367,0.632,0.0,0.0
68609179,2026-04-04 07:48:34,Closed,Street Condition,Pothole,BROOKLYN,nan,40.62147413119333,-73.95071097029123,2026-04-09 10:45:00,nan,5664.555555555556,6673.0,2,1,21.54634267679398,1,0,0.7,4,24.6,0,Low,30,0.908,0.092,0.0,0.0
68647959,2026-04-13 08:16:00,Closed,Street Condition,Pothole,QUEENS,nan,40.734300926235,-73.75519759871486,2026-04-13 08:16:00,nan,4959.1547619047615,4660.0,4,0,12.527291750868056,2,0,0.7,4,24.6,0,Low,30,0.731,0.269,0.0,0.0
68680927,2026-04-15 13:43:38,Open,Street Condition,Pothole,BRONX,nan,40.86281999816562,-73.82598553733978,,nan,6677.6,6655.5,4,0,10.299768602719908,3,0,0.7,4,24.6,0,Low,30,0.886,0.114,0.0,0.0
68668729,2026-04-14 15:23:13,Closed,Street Condition,Pothole,QUEENS,nan,40.705490887638646,-73.72788837873111,2026-04-15 22:44:00,nan,4959.1547619047615,4660.0,3,0,11.230613510127315,2,0,0.7,4,24.5,0,Low,30,0.917,0.083,0.0,0.0
68726651,2026-04-20 09:11:35,Closed,Street Condition,Pothole,QUEENS,nan,40.73365866054303,-73.9000688373264,2026-04-20 18:51:00,nan,4959.1547619047615,4660.0,5,1,5.488692213831018,2,0,0.7,4,24.5,0,Low,30,0.968,0.032,0.0,0.0
68673439,2026-04-15 16:27:41,Open,Street Condition,Pothole,BRONX,nan,40.84954856236909,-73.85304636935012,,nan,6677.6,6655.5,4,0,10.185844991608796,3,0,0.7,4,24.5,0,Low,30,0.927,0.073,0.0,0.0
68713262,2026-04-17 15:55:31,Closed,Street Condition,Pothole,QUEENS,nan,40.70931586628101,-73.73440859953097,2026-04-18 12:29:00,nan,4959.1547619047615,4660.0,4,0,8.20818295457176,2,0,0.7,4,24.5,0,Low,30,0.557,0.443,0.0,0.0
68663277,2026-04-14 09:24:59,Closed,Street Condition,Pothole,QUEENS,nan,40.68266446695532,-73.77588097574849,2026-04-14 09:24:59,nan,4959.1547619047615,4660.0,4,0,11.479386658275462,2,0,0.7,4,24.5,0,Low,30,0.849,0.151,0.0,0.0
68535297,2026-04-01 14:28:57,Closed,Street Condition,Pothole,QUEENS,nan,40.68337716117407,-73.76042512611521,2026-04-13 13:28:00,nan,4959.1547619047615,4660.0,3,1,24.2682986953125,2,0,0.7,4,24.5,1,Medium,14,0.5,0.5,0.0,0.0
68542756,2026-04-02 16:44:10,Closed,Street Condition,Pothole,QUEENS,nan,40.734300926235,-73.75519759871486,2026-04-02 16:44:10,nan,4959.1547619047615,4660.0,4,0,23.174398232349535,2,0,0.7,4,24.5,0,Low,30,0.644,0.356,0.0,0.0
68668077,2026-04-14 09:23:25,Closed,Street Condition,Pothole,QUEENS,nan,40.68266446695532,-73.77588097574849,2026-04-14 23:21:00,nan,4959.1547619047615,4660.0,4,0,11.480474621238425,2,0,0.7,4,24.5,0,Low,30,0.849,0.151,0.0,0.0
68657430,2026-04-13 20:17:31,Pending,Street Condition,Pothole,QUEENS,nan,40.6836524800872,-73.77442100089847,,nan,4959.1547619047615,4660.0,4,1,12.026238510127314,2,0,0.7,4,24.5,1,Medium,14,0.346,0.654,0.0,0.0
68733072,2026-04-20 11:59:17,Open,Street Condition,Pothole,BROOKLYN,nan,40.65464959047161,-73.97326552451699,,nan,5664.555555555556,6673.0,5,0,5.372233880497685,1,0,0.7,4,24.5,0,Low,30,0.917,0.083,0.0,0.0
68643817,2026-04-12 13:24:34,Closed,Street Condition,Pothole,BROOKLYN,nan,40.657517956864154,-74.00819584933578,2026-04-14 14:35:00,nan,5664.555555555556,6673.0,3,0,13.313009343460648,1,0,0.7,4,24.5,0,Low,30,0.913,0.087,0.0,0.0
68529066,2026-04-01 14:22:38,Closed,Street Condition,Pothole,QUEENS,nan,40.79489618302466,-73.8222264426401,2026-04-01 14:22:38,nan,4959.1547619047615,4660.0,3,1,24.272685269386578,2,0,0.7,4,24.4,1,Medium,14,0.301,0.698,0.001,0.0
68552425,2026-04-03 19:40:54,Closed,Street Condition,Pothole,QUEENS,nan,40.755716945719335,-73.7892176585466,2026-04-10 00:25:00,nan,4959.1547619047615,4660.0,2,0,22.051666750868055,2,0,0.7,4,24.4,0,Low,30,0.657,0.342,0.001,0.0
68657451,2026-04-13 14:20:46,Pending,Street Condition,Pothole,QUEENS,nan,40.728021635398605,-73.7105538077066,,nan,4959.1547619047615,4660.0,6,1,12.27398156568287,2,0,0.7,4,24.4,0,Low,30,0.601,0.398,0.0,0.0
68555839,2026-04-03 13:37:40,Closed,Street Condition,Pothole,QUEENS,nan,40.68645287530594,-73.76117488518368,2026-04-03 13:37:40,nan,4959.1547619047615,4660.0,3,1,22.303912121238426,2,0,0.7,4,24.4,0,Low,30,0.679,0.321,0.0,0.0
68636286,2026-04-11 07:47:15,Closed,Street Condition,Pothole,QUEENS,nan,40.7590540604679,-73.79502225980788,2026-04-11 07:47:15,nan,4959.1547619047615,4660.0,5,1,14.547257028645832,2,0,0.7,4,24.4,1,Medium,14,0.268,0.732,0.0,0.0
68690811,2026-04-16 11:35:28,Closed,Street Condition,Pothole,QUEENS,nan,40.71669633231478,-73.76058312857381,2026-04-16 21:45:00,nan,4959.1547619047615,4660.0,5,0,9.388773232349537,2,0,0.7,4,24.4,0,Low,30,0.746,0.254,0.0,0.0
68578832,2026-04-05 17:19:30,Closed,Street Condition,Pothole,QUEENS,nan,40.74723392291737,-73.70903394184133,2026-04-05 17:19:30,nan,4959.1547619047615,4660.0,5,0,20.1498611953125,2,0,0.7,4,24.4,0,Low,30,0.779,0.221,0.0,0.0
68668078,2026-04-14 08:37:07,Closed,Street Condition,Pothole,QUEENS,nan,40.74998017257995,-73.91162614778652,2026-04-14 20:15:00,nan,4959.1547619047615,4660.0,4,0,11.512627399016203,2,0,0.7,4,24.4,1,Medium,14,0.278,0.722,0.0,0.0
68607073,2026-04-08 15:43:08,Closed,Street Condition,Pothole,BROOKLYN,nan,40.625071483235466,-73.98771940727147,2026-04-18 14:35:00,nan,5664.555555555556,6673.0,4,0,17.216782491608797,1,0,0.7,4,24.4,0,Low,30,0.614,0.386,0.0,0.0
68611023,2026-04-04 09:19:51,Closed,Street Condition,Pothole,QUEENS,nan,40.752403329861195,-73.75944058191111,2026-04-11 21:41:00,nan,4959.1547619047615,4660.0,2,1,21.482951473090278,2,0,0.7,4,24.4,1,Medium,14,0.085,0.915,0.0,0.0
68605708,2026-04-08 21:13:46,Closed,Street Condition,Pothole,QUEENS,nan,40.732715197410585,-73.79492287052375,2026-04-18 07:30:00,nan,4959.1547619047615,4660.0,3,0,16.987176010127314,2,0,0.7,4,24.4,1,Medium,14,0.348,0.652,0.0,0.0
68553197,2026-04-03 19:41:50,Closed,Street Condition,Pothole,QUEENS,nan,40.755716945719335,-73.7892176585466,2026-04-03 19:41:50,nan,4959.1547619047615,4660.0,2,0,22.051018602719907,2,0,0.7,4,24.4,0,Low,30,0.657,0.342,0.001,0.0
68597189,2026-04-08 22:47:27,Closed,Street Condition,Pothole,BRONX,nan,40.86531728934466,-73.84910325175186,2026-04-08 22:47:27,nan,6677.6,6655.5,2,1,16.922118139756943,3,0,0.7,4,24.4,0,Low,30,0.917,0.082,0.0,0.0
68520443,2026-03-31 18:15:40,Pending,Street Condition,Pothole,QUEENS,nan,40.7515860835717,-73.74570669268,,nan,4959.1547619047615,4660.0,4,1,25.110856565682873,2,0,0.7,3,24.3,0,Low,30,0.731,0.268,0.0,0.0
68751678,2026-04-22 11:24:07,Closed,Street Condition,Pothole,BRONX,nan,40.884399899656366,-73.85237261654099,2026-04-22 11:24:07,nan,6677.6,6655.5,6,1,3.396655176793981,3,0,0.7,4,24.3,1,Medium,14,0.13,0.87,0.0,0.0
68660029,2026-04-14 14:33:38,Closed,Street Condition,Pothole,QUEENS,nan,40.76072441242055,-73.87207798972129,2026-04-14 17:15:00,nan,4959.1547619047615,4660.0,6,1,11.265046380497685,2,0,0.7,4,24.3,0,Low,30,0.786,0.214,0.0,0.0
68576571,2026-04-06 18:44:29,Closed,Street Condition,Pothole,QUEENS,nan,40.73635569678721,-73.84876022643942,2026-04-13 13:39:00,nan,4959.1547619047615,4660.0,4,1,19.090844991608797,2,0,0.7,4,24.3,1,Medium,14,0.355,0.645,0.0,0.0
68685369,2026-04-16 14:13:52,Open,Street Condition,Pothole,BRONX,nan,40.849690593698234,-73.7874306634545,,nan,6677.6,6655.5,2,0,9.278773232349536,3,0,0.7,4,24.3,0,Low,30,0.89,0.11,0.0,0.0
68549307,2026-04-04 00:28:00,Closed,Street Condition,Pothole,QUEENS,nan,40.74584421351302,-73.70653178846892,2026-04-04 00:28:00,nan,4959.1547619047615,4660.0,2,0,21.852291750868055,2,0,0.7,4,24.3,0,Low,30,0.623,0.377,0.0,0.0
68576038,2026-04-06 20:25:16,Closed,Street Condition,Pothole,QUEENS,nan,40.710529775849224,-73.91526383254329,2026-04-06 20:25:16,nan,4959.1547619047615,4660.0,3,0,19.02085656568287,2,0,0.7,4,24.3,0,Low,30,0.744,0.256,0.0,0.0
68663892,2026-04-14 15:59:19,Closed,Street Condition,Pothole,QUEENS,nan,40.7504660966887,-73.79216493866147,2026-04-15 02:54:00,nan,4959.1547619047615,4660.0,3,0,11.20554406568287,2,0,0.7,4,24.3,1,Medium,14,0.319,0.68,0.0,0.0
68640285,2026-04-12 03:51:01,Closed,Street Condition,Pothole,QUEENS,nan,40.71779364576859,-73.90965949431525,2026-04-12 19:54:00,nan,4959.1547619047615,4660.0,4,0,13.711307954571758,2,0,0.7,4,24.3,1,Medium,14,0.331,0.669,0.0,0.0
68750833,2026-04-22 18:11:26,Closed,Street Condition,Pothole,QUEENS,nan,40.750119075321,-73.80727041758703,2026-04-23 13:15:00,nan,4959.1547619047615,4660.0,7,0,3.113796380497685,2,0,0.7,4,24.3,1,Medium,14,0.445,0.555,0.0,0.0
68521988,2026-03-31 18:31:51,Closed,Street Condition,Pothole,QUEENS,nan,40.7515860835717,-73.74570669268,2026-04-11 13:10:00,nan,4959.1547619047615,4660.0,4,1,25.09961813975695,2,0,0.7,3,24.3,0,Low,30,0.731,0.268,0.0,0.0
68701555,2026-04-17 12:15:25,Pending,Street Condition,Pothole,QUEENS,nan,40.75557132920471,-73.9117631084856,,nan,4959.1547619047615,4660.0,4,0,8.361030176793982,2,0,0.7,4,24.3,0,Low,30,0.879,0.121,0.0,0.0
68583243,2026-04-06 00:00:38,Closed,Street Condition,Pothole,QUEENS,nan,40.686700351371954,-73.73744096893489,2026-04-06 00:00:38,nan,4959.1547619047615,4660.0,3,0,19.871296380497686,2,0,0.7,4,24.3,0,Low,30,0.977,0.023,0.0,0.0
68742863,2026-04-21 03:39:43,Closed,Street Condition,Pothole,QUEENS,nan,40.67235473187952,-73.80267529428005,2026-04-21 21:45:00,nan,4959.1547619047615,4660.0,5,0,4.719155176793981,2,0,0.7,4,24.3,0,Low,30,0.86,0.14,0.0,0.0
68533865,2026-04-01 18:39:30,Closed,Street Condition,Pothole,QUEENS,nan,40.68645287530594,-73.76117488518368,2026-04-11 07:29:00,nan,4959.1547619047615,4660.0,3,1,24.094305639756943,2,0,0.7,4,24.2,0,Low,30,0.886,0.114,0.0,0.0
68549841,2026-04-03 17:43:26,Closed,Street Condition,Pothole,QUEENS,nan,40.67169436643357,-73.81662832695501,2026-04-11 15:05:00,nan,4959.1547619047615,4660.0,1,0,22.133240824942128,2,0,0.7,4,24.2,0,Low,30,0.991,0.009,0.0,0.0
68751680,2026-04-22 13:20:04,Closed,Street Condition,Pothole,QUEENS,nan,40.73177902884212,-73.77010866842208,2026-04-22 19:24:00,nan,4959.1547619047615,4660.0,5,1,3.316134343460648,2,0,0.7,4,24.2,1,Medium,14,0.399,0.601,0.0,0.0
68607834,2026-04-04 16:13:27,Closed,Street Condition,Pothole,QUEENS,nan,40.742162732300706,-73.80443169997793,2026-04-04 16:13:27,nan,4959.1547619047615,4660.0,4,0,21.195729250868055,2,0,0.7,4,24.2,0,Low,30,0.677,0.322,0.0,0.0
68731700,2026-04-20 15:52:36,Closed,Street Condition,Pothole,QUEENS,nan,40.670072853241955,-73.73285256232646,2026-04-20 23:24:00,nan,4959.1547619047615,4660.0,5,1,5.210208417534722,2,0,0.7,4,24.2,0,Low,30,0.884,0.116,0.0,0.0
68620200,2026-04-10 18:20:42,Closed,Street Condition,Pothole,QUEENS,nan,40.69515779701562,-73.84539533831932,2026-04-14 15:21:00,nan,4959.1547619047615,4660.0,4,0,15.1073611953125,2,0,0.7,4,24.2,0,Low,30,0.913,0.087,0.0,0.0
68694236,2026-04-16 10:48:10,Open,Street Condition,Pothole,BRONX,nan,40.88355535875855,-73.83475531834866,,nan,6677.6,6655.5,4,1,9.421620454571759,3,0,0.7,4,24.2,0,Low,30,0.874,0.126,0.0,0.0
68617083,2026-04-09 14:01:24,Closed,Street Condition,Pothole,BRONX,nan,40.86526411435674,-73.84624719067614,2026-04-09 14:01:24,nan,6677.6,6655.5,1,1,16.287430639756945,3,0,0.7,4,24.2,0,Low,30,0.977,0.023,0.0,0.0
68658967,2026-04-13 19:59:54,Closed,Street Condition,Pothole,QUEENS,nan,40.68167430985592,-73.83279304191575,2026-04-14 00:12:00,nan,4959.1547619047615,4660.0,4,1,12.03847230642361,2,0,0.7,4,24.2,0,Low,30,0.503,0.497,0.0,0.0
68738413,2026-04-21 07:43:12,Closed,Street Condition,Pothole,QUEENS,nan,40.73177902884212,-73.77010866842208,2026-04-21 14:55:00,nan,4959.1547619047615,4660.0,5,1,4.5500695286458335,2,0,0.7,4,24.2,0,Low,30,0.574,0.426,0.0,0.0
68535298,2026-04-01 13:43:03,Pending,Street Condition,Pothole,QUEENS,BEACH   17 STREET,40.61267461798297,-73.77150211716418,,nan,4959.1547619047615,4660.0,1,0,24.300173695312502,2,0,0.7,4,24.2,0,Low,30,0.608,0.392,0.0,0.0
68576537,2026-04-05 10:37:01,Closed,Street Condition,Pothole,QUEENS,nan,40.6905156554249,-73.73746561065535,2026-04-18 12:58:00,nan,4959.1547619047615,4660.0,0,0,20.429363510127313,2,0,0.7,4,24.2,0,Low,30,0.985,0.015,0.0,0.0
68655904,2026-04-13 08:42:13,Closed,Street Condition,Pothole,BROOKLYN,nan,40.64351719125751,-73.89649233622994,2026-04-15 14:54:00,nan,5664.555555555556,6673.0,5,0,12.509085732349536,1,0,0.7,4,24.2,0,Low,30,0.966,0.034,0.0,0.0
68701091,2026-04-17 09:41:10,Closed,Street Condition,Pothole,QUEENS,nan,40.727058400631655,-73.87063089613612,2026-04-17 09:41:10,nan,4959.1547619047615,4660.0,7,0,8.468148232349536,2,0,0.7,4,24.2,0,Low,30,0.809,0.191,0.0,0.0
68628008,2026-04-10 13:20:42,Open,Street Condition,Pothole,BROOKLYN,nan,40.66236972279966,-73.92685554676966,,nan,5664.555555555556,6673.0,4,0,15.315694528645833,1,0,0.7,4,24.2,0,Low,30,0.934,0.066,0.0,0.0
68520447,2026-03-31 16:46:28,Closed,Street Condition,Pothole,QUEENS,nan,40.69595062654502,-73.8623680620651,2026-04-01 15:00:00,nan,4959.1547619047615,4660.0,3,0,25.172801010127316,2,0,0.7,3,24.2,0,Low,30,0.561,0.438,0.0,0.0
68607833,2026-04-04 17:11:12,Closed,Street Condition,Pothole,QUEENS,nan,40.742162732300706,-73.80443169997793,2026-04-04 17:11:12,nan,4959.1547619047615,4660.0,4,0,21.15562508420139,2,0,0.7,4,24.2,0,Low,30,0.677,0.322,0.0,0.0
68605133,2026-04-08 16:53:16,Closed,Street Condition,Pothole,QUEENS,nan,40.73996996115008,-73.7609469677333,2026-04-08 16:53:16,nan,4959.1547619047615,4660.0,3,0,17.168078787905092,2,0,0.7,4,24.1,0,Low,30,0.577,0.423,0.0,0.0
68603113,2026-04-08 19:03:02,Closed,Street Condition,Pothole,QUEENS,nan,40.711167279848354,-73.80190030368095,2026-04-11 10:47:00,nan,4959.1547619047615,4660.0,3,1,17.077963047164353,2,0,0.7,4,24.1,0,Low,30,0.745,0.255,0.0,0.0
68706875,2026-04-17 12:59:55,Closed,Street Condition,Pothole,QUEENS,nan,40.69908372014608,-73.75824450519117,2026-04-17 20:15:00,nan,4959.1547619047615,4660.0,4,1,8.330127399016204,2,0,0.7,4,24.1,0,Low,30,0.843,0.157,0.0,0.0
68603839,2026-04-08 10:35:58,Closed,Street Condition,Pothole,QUEENS,nan,40.7143995934852,-73.89797665860704,2026-04-08 10:35:58,nan,4959.1547619047615,4660.0,5,0,17.430092676793983,2,0,0.7,4,24.1,0,Low,30,0.572,0.428,0.0,0.0
68717027,2026-04-17 14:19:58,Closed,Street Condition,Pothole,QUEENS,nan,40.70966887101507,-73.7448566461469,2026-04-18 07:30:00,nan,4959.1547619047615,4660.0,5,0,8.274537121238426,2,0,0.7,4,24.1,0,Low,30,0.864,0.136,0.0,0.0
68577483,2026-04-06 17:34:14,Closed,Street Condition,Pothole,QUEENS,nan,40.71381648205454,-73.92083999438904,2026-04-06 17:34:14,nan,4959.1547619047615,4660.0,3,1,19.139629713831017,2,0,0.7,4,24.1,0,Low,30,0.892,0.108,0.0,0.0
68719667,2026-04-19 15:02:21,Open,Street Condition,Pothole,QUEENS,nan,40.681799995281445,-73.76094637603065,,nan,4959.1547619047615,4660.0,5,0,6.245104250868056,2,0,0.7,4,24.1,1,Medium,14,0.26,0.74,0.0,0.0
68655401,2026-04-13 07:42:38,Closed,Street Condition,Pothole,QUEENS,nan,40.68973616714039,-73.74728757941112,2026-04-13 07:42:38,nan,4959.1547619047615,4660.0,5,0,12.550463047164351,2,0,0.7,4,24.1,0,Low,30,0.938,0.062,0.0,0.0
68714559,2026-04-17 14:20:23,Closed,Street Condition,Pothole,QUEENS,nan,40.7080843817315,-73.7432828865909,2026-04-18 07:50:00,nan,4959.1547619047615,4660.0,4,0,8.274247769386573,2,0,0.7,4,24.0,0,Low,30,0.885,0.114,0.0,0.0
68609718,2026-04-09 14:53:49,Closed,Street Condition,Pothole,QUEENS,nan,40.66889549232034,-73.82238924714795,2026-04-18 12:45:00,nan,4959.1547619047615,4660.0,2,1,16.251030176793982,2,0,0.7,4,24.0,1,Medium,14,0.402,0.598,0.0,0.0
68769542,2026-04-23 11:25:17,Closed,Street Condition,Pothole,QUEENS,nan,40.78459054813257,-73.85410694271488,2026-04-23 18:32:00,nan,4959.1547619047615,4660.0,5,0,2.3958449916087963,2,0,0.7,4,24.0,0,Low,30,0.935,0.065,0.0,0.0
68529501,2026-04-01 19:46:07,Pending,Street Condition,Pothole,QUEENS,nan,40.68625095400348,-73.76847358848285,,nan,4959.1547619047615,4660.0,1,1,24.04804406568287,2,0,0.7,4,24.0,0,Low,30,0.961,0.039,0.0,0.0
68721816,2026-04-20 01:04:17,Closed,Street Condition,Pothole,QUEENS,nan,40.67653726779321,-73.80723069755034,2026-04-20 21:47:00,nan,4959.1547619047615,4660.0,6,0,5.827094991608796,2,0,0.7,4,24.0,0,Low,30,0.833,0.167,0.0,0.0
68644536,2026-04-12 19:43:19,Closed,Street Condition,Pothole,BROOKLYN,nan,40.5988707652351,-73.97693566102312,2026-04-12 19:43:19,nan,5664.555555555556,6673.0,3,0,13.049988510127315,1,0,0.7,4,24.0,1,Medium,14,0.478,0.522,0.0,0.0
68643814,2026-04-12 19:42:00,Open,Street Condition,Pothole,BROOKLYN,nan,40.5988707652351,-73.97693566102312,,nan,5664.555555555556,6673.0,3,0,13.050902861979166,1,0,0.7,4,24.0,1,Medium,14,0.478,0.522,0.0,0.0
68739003,2026-04-21 17:15:39,Open,Street Condition,Pothole,BROOKLYN,nan,40.70328773388541,-73.9506396609423,,nan,5664.555555555556,6673.0,6,0,4.152534806423611,1,0,0.7,4,24.0,0,Low,30,0.876,0.124,0.0,0.0
68601225,2026-04-08 19:27:42,Closed,Street Condition,Pothole,QUEENS,nan,40.68337716117407,-73.76042512611521,2026-04-08 19:27:42,nan,4959.1547619047615,4660.0,3,1,17.06083341753472,2,0,0.7,4,24.0,0,Low,30,0.842,0.158,0.0,0.0
68590816,2026-04-07 20:20:00,Closed,Street Condition,Pothole,QUEENS,nan,40.7492951641803,-73.74864244662199,2026-04-11 13:24:00,nan,4959.1547619047615,4660.0,5,0,18.02451397309028,2,0,0.7,4,24.0,0,Low,30,0.807,0.193,0.0,0.0
68542752,2026-04-02 20:41:39,Closed,Street Condition,Pothole,QUEENS,nan,40.702959936700005,-73.74330622684492,2026-04-02 20:41:39,nan,4959.1547619047615,4660.0,1,1,23.009479250868054,2,0,0.7,4,24.0,0,Low,30,0.964,0.036,0.0,0.0
68760077,2026-04-22 15:56:02,Open,Street Condition,Pothole,BROOKLYN,nan,40.5923045556018,-73.97389179117302,,nan,5664.555555555556,6673.0,5,1,3.207824158275463,1,0,0.7,4,24.0,0,Low,30,0.897,0.103,0.0,0.0
68667093,2026-04-14 16:16:52,Closed,Street Condition,Pothole,QUEENS,nan,40.69335210250701,-73.90040331190272,2026-04-14 21:55:00,nan,4959.1547619047615,4660.0,4,1,11.19335656568287,2,0,0.7,4,24.0,0,Low,30,0.957,0.043,0.0,0.0
68539446,2026-04-02 16:43:13,Closed,Street Condition,Pothole,QUEENS,nan,40.677715960981,-73.73236768226718,2026-04-16 11:40:00,nan,4959.1547619047615,4660.0,2,1,23.17505795457176,2,0,0.7,4,24.0,0,Low,30,0.951,0.049,0.0,0.0
68677380,2026-04-14 14:56:39,Closed,Street Condition,Pothole,BROOKLYN,PLUMB BEACH,40.58315949966937,-73.9211604683732,2026-04-15 10:55:00,nan,5664.555555555556,6673.0,4,1,11.249062584201388,1,0,0.7,4,24.0,0,Low,30,0.93,0.07,0.0,0.0
68587986,2026-04-07 11:07:23,Closed,Street Condition,Pothole,QUEENS,nan,40.6795460362876,-73.82469715045208,2026-04-15 15:44:00,nan,4959.1547619047615,4660.0,3,1,18.40827554716435,2,0,0.7,4,24.0,0,Low,30,0.7,0.3,0.0,0.0
68734537,2026-04-20 17:06:43,Pending,Street Condition,Pothole,QUEENS,nan,40.75425200055923,-73.8135315930549,,nan,4959.1547619047615,4660.0,6,1,5.158738510127314,2,0,0.7,4,24.0,0,Low,30,0.66,0.34,0.0,0.0
68729570,2026-04-17 09:37:25,Closed,Street Condition,Pothole,QUEENS,nan,40.77574353756954,-73.84720127258007,2026-04-18 08:22:00,nan,4959.1547619047615,4660.0,6,1,8.470752399016204,2,0,0.7,4,24.0,0,Low,30,0.961,0.039,0.0,0.0
68683354,2026-04-15 09:26:32,Closed,Street Condition,Pothole,QUEENS,nan,40.67983364880765,-73.85159604202171,2026-04-15 12:02:00,nan,4959.1547619047615,4660.0,5,0,10.478310269386574,2,0,0.7,4,24.0,0,Low,30,0.794,0.206,0.0,0.0
68653899,2026-04-13 15:25:20,Closed,Street Condition,Pothole,QUEENS,nan,40.68973616714039,-73.74728757941112,2026-04-13 15:25:20,nan,4959.1547619047615,4660.0,5,0,12.229143602719907,2,0,0.7,4,23.9,0,Low,30,0.827,0.172,0.0,0.0
68767179,2026-04-23 11:52:35,Open,Street Condition,Pothole,BROOKLYN,nan,40.64041698115748,-73.98292068162121,,nan,5664.555555555556,6673.0,4,0,2.3768866582754633,1,0,0.7,4,23.9,0,Low,30,0.894,0.105,0.0,0.0
68543254,2026-04-02 14:10:34,Pending,Street Condition,Pothole,QUEENS,nan,40.734300926235,-73.75519759871486,,nan,4959.1547619047615,4660.0,4,0,23.281064899016204,2,0,0.7,4,23.9,0,Low,30,0.716,0.283,0.0,0.0
68605160,2026-04-08 23:02:09,Closed,Street Condition,Pothole,QUEENS,nan,40.67655069259074,-73.76837387183488,2026-04-08 23:02:09,nan,4959.1547619047615,4660.0,5,0,16.911909806423612,2,0,0.7,4,23.9,0,Low,30,0.6,0.4,0.0,0.0
68693703,2026-04-17 01:29:29,Closed,Street Condition,Pothole,QUEENS,nan,40.73177902884212,-73.77010866842208,2026-04-17 01:29:29,nan,4959.1547619047615,4660.0,5,1,8.809594991608796,2,0,0.7,4,23.9,0,Low,30,0.811,0.189,0.0,0.0
68538949,2026-04-02 09:31:11,Closed,Street Condition,Pothole,QUEENS,nan,40.65740589843868,-73.7450601378565,2026-04-02 09:31:11,nan,4959.1547619047615,4660.0,3,1,23.47508110271991,2,0,0.7,4,23.9,0,Low,30,0.967,0.032,0.0,0.0
68727210,2026-04-20 17:11:53,Closed,Street Condition,Pothole,QUEENS,nan,40.75437733601926,-73.82339574270421,2026-04-20 21:45:00,nan,4959.1547619047615,4660.0,6,0,5.155150547164352,2,0,0.7,4,23.9,0,Low,30,0.888,0.112,0.0,0.0
68635009,2026-04-11 10:19:46,Closed,Street Condition,Pothole,BRONX,nan,40.86526411435674,-73.84624719067614,2026-04-11 10:19:46,nan,6677.6,6655.5,1,1,14.441342676793981,3,0,0.7,4,23.9,0,Low,30,0.951,0.049,0.0,0.0
68649462,2026-04-10 11:53:10,Closed,Street Condition,Pothole,QUEENS,nan,40.75301438357151,-73.95040069214215,2026-04-11 11:35:00,nan,4959.1547619047615,4660.0,4,1,15.37648156568287,2,0,0.7,4,23.9,0,Low,30,0.969,0.031,0.0,0.0
68756957,2026-04-22 11:37:36,Closed,Street Condition,Pothole,QUEENS,nan,40.75033192262583,-73.77906400612461,2026-04-22 16:11:00,nan,4959.1547619047615,4660.0,4,0,3.3872917508680556,2,0,0.7,4,23.9,1,Medium,14,0.223,0.777,0.0,0.0
68581773,2026-04-02 09:03:11,Closed,Street Condition,Pothole,QUEENS,nan,40.57334470189203,-73.85437036883812,2026-04-03 10:31:00,nan,4959.1547619047615,4660.0,0,0,23.49452554716435,2,0,0.7,4,23.9,0,Low,30,0.891,0.109,0.0,0.0
68692267,2026-04-16 13:19:15,Closed,Street Condition,Pothole,QUEENS,nan,40.75016099104143,-73.90433538539963,2026-04-16 13:19:15,nan,4959.1547619047615,4660.0,5,0,9.316701473090278,2,0,0.7,4,23.9,0,Low,30,0.889,0.111,0.0,0.0
68652425,2026-04-13 12:56:36,Closed,Street Condition,Pothole,QUEENS,nan,40.681799995281445,-73.76094637603065,2026-04-13 21:45:00,nan,4959.1547619047615,4660.0,5,0,12.332430639756945,2,0,0.7,4,23.9,0,Low,30,0.504,0.496,0.0,0.0
68694239,2026-04-16 14:37:01,Pending,Street Condition,Pothole,QUEENS,nan,40.725285005911296,-73.79332221175959,,nan,4959.1547619047615,4660.0,5,0,9.262696843460647,2,0,0.7,4,23.9,1,Medium,14,0.357,0.643,0.0,0.0
68757446,2026-04-22 17:35:51,Open,Street Condition,Pothole,QUEENS,nan,40.772698926203056,-73.93268428972686,,nan,4959.1547619047615,4660.0,6,1,3.138507028645833,2,0,0.7,4,23.9,0,Low,30,0.559,0.441,0.0,0.0
68702532,2026-04-17 09:56:26,Closed,Street Condition,Pothole,QUEENS,nan,40.70737699885929,-73.86228315375102,2026-04-17 20:45:00,nan,4959.1547619047615,4660.0,5,1,8.457546380497686,2,0,0.7,4,23.8,0,Low,30,0.65,0.35,0.0,0.0
68757464,2026-04-22 07:01:25,Open,Street Condition,Pothole,BROOKLYN,nan,40.67145862767658,-73.99102377731397,,nan,5664.555555555556,6673.0,8,1,3.5790857323495366,1,0,0.7,4,23.8,0,Low,30,0.876,0.124,0.0,0.0
68725960,2026-04-19 12:36:13,Closed,Street Condition,Pothole,QUEENS,nan,40.78530883338041,-73.84302658086442,2026-04-23 08:40:00,nan,4959.1547619047615,4660.0,6,0,6.346585732349537,2,0,0.7,4,23.8,0,Low,30,0.927,0.073,0.0,0.0
68595844,2026-04-07 16:02:37,Closed,Street Condition,Pothole,QUEENS,nan,40.69595062654502,-73.8623680620651,2026-04-07 16:02:37,nan,4959.1547619047615,4660.0,3,0,18.203252399016204,2,0,0.7,4,23.8,1,Medium,14,0.394,0.605,0.0,0.0
68647248,2026-04-12 16:21:37,Closed,Street Condition,Pothole,BROOKLYN,nan,40.624164384774794,-73.91775103468464,2026-04-15 14:32:00,nan,5664.555555555556,6673.0,4,0,13.19005795457176,1,0,0.7,4,23.8,0,Low,30,0.648,0.352,0.0,0.0
68589429,2026-04-07 09:50:18,Closed,Street Condition,Pothole,QUEENS,nan,40.68050689681497,-73.81431826764042,2026-04-15 21:45:00,nan,4959.1547619047615,4660.0,3,0,18.461805639756943,2,0,0.7,4,23.8,0,Low,30,0.788,0.212,0.0,0.0
68667086,2026-04-14 20:28:11,Closed,Street Condition,Pothole,QUEENS,nan,40.74165064549895,-73.71656808379508,2026-04-15 01:24:00,nan,4959.1547619047615,4660.0,4,0,11.018831102719908,2,0,0.7,4,23.8,0,Low,30,0.918,0.081,0.0,0.0
68587454,2026-04-07 16:25:21,Closed,Street Condition,Pothole,QUEENS,nan,40.69595062654502,-73.8623680620651,2026-04-07 16:25:21,nan,4959.1547619047615,4660.0,3,0,18.187465361979168,2,0,0.7,4,23.8,1,Medium,14,0.394,0.605,0.0,0.0
68541979,2026-04-02 23:31:25,Closed,Street Condition,Pothole,QUEENS,nan,40.57367032191216,-73.8535741393341,2026-04-03 11:26:00,nan,4959.1547619047615,4660.0,0,0,22.891585732349537,2,0,0.7,4,23.8,0,Low,30,0.926,0.074,0.0,0.0
68706874,2026-04-17 15:40:57,Closed,Street Condition,Pothole,QUEENS,nan,40.75016099104143,-73.90433538539963,2026-04-17 15:40:57,nan,4959.1547619047615,4660.0,5,0,8.2182986953125,2,0,0.7,4,23.7,0,Low,30,0.858,0.142,0.0,0.0
68709984,2026-04-18 09:02:36,Pending,Street Condition,Pothole,QUEENS,nan,40.767573165435294,-73.90051253498888,,nan,4959.1547619047615,4660.0,4,1,7.494930639756944,2,0,0.7,4,23.7,0,Low,30,0.952,0.048,0.0,0.0
68628005,2026-04-10 19:15:45,Closed,Street Condition,Pothole,BROOKLYN,nan,40.640976829259785,-73.98233680987919,2026-04-11 12:40:00,nan,5664.555555555556,6673.0,4,0,15.069132028645834,1,0,0.7,4,23.7,0,Low,30,0.86,0.14,0.0,0.0
68597744,2026-04-08 07:54:51,Closed,Street Condition,Pothole,QUEENS,nan,40.68527890014995,-73.77239993054968,2026-04-18 14:25:00,nan,4959.1547619047615,4660.0,2,1,17.541979250868057,2,0,0.7,4,23.7,0,Low,30,0.904,0.096,0.0,0.0
68534834,2026-04-01 16:32:25,Closed,Street Condition,Pothole,QUEENS,nan,40.79489618302466,-73.8222264426401,2026-04-01 16:32:25,nan,4959.1547619047615,4660.0,3,1,24.18255795457176,2,0,0.7,4,23.7,0,Low,30,0.71,0.289,0.001,0.0
68721379,2026-04-18 23:40:22,Closed,Street Condition,Pothole,BROOKLYN,nan,40.63746938921128,-73.9191722621787,2026-04-19 19:40:00,nan,5664.555555555556,6673.0,5,0,6.885370454571759,1,0,0.7,4,23.7,0,Low,30,0.955,0.045,0.0,0.0
68578042,2026-04-06 14:04:31,Closed,Street Condition,Pothole,QUEENS,nan,40.66550889637562,-73.85611562995088,2026-04-15 16:45:00,nan,4959.1547619047615,4660.0,3,0,19.285266287905092,2,0,0.7,4,23.7,0,Low,30,0.964,0.036,0.0,0.0
68654406,2026-04-13 21:34:31,Closed,Street Condition,Pothole,QUEENS,nan,40.7515860835717,-73.74570669268,2026-04-18 13:46:00,nan,4959.1547619047615,4660.0,4,1,11.972766287905092,2,0,0.7,4,23.7,0,Low,30,0.732,0.268,0.0,0.0
68661656,2026-04-14 09:29:00,Closed,Street Condition,Pothole,QUEENS,nan,40.68152506310864,-73.82472439718683,2026-04-14 21:15:00,nan,4959.1547619047615,4660.0,3,1,11.476597306423612,2,0,0.7,4,23.7,0,Low,30,0.978,0.022,0.0,0.0
68588890,2026-04-07 12:40:13,Closed,Street Condition,Pothole,QUEENS,nan,40.56090606971587,-73.91548600085787,2026-04-07 12:40:13,nan,4959.1547619047615,4660.0,2,0,18.34380795457176,2,0,0.7,4,23.7,0,Low,30,0.816,0.184,0.0,0.0
68590829,2026-04-07 09:21:08,Closed,Street Condition,Pothole,QUEENS,nan,40.75062163970736,-73.79471976879985,2026-04-18 14:05:00,nan,4959.1547619047615,4660.0,2,0,18.482060269386572,2,0,0.7,4,23.6,0,Low,30,0.932,0.068,0.0,0.0
68695679,2026-04-16 14:16:54,Open,Street Condition,Pothole,BRONX,nan,40.847883282409455,-73.7867316153141,,nan,6677.6,6655.5,1,0,9.276666750868054,3,0,0.7,4,23.6,0,Low,30,0.981,0.019,0.0,0.0
68587976,2026-04-07 20:39:17,Closed,Street Condition,Pothole,QUEENS,nan,40.71573982765754,-73.83672612656912,2026-04-18 10:49:00,nan,4959.1547619047615,4660.0,3,0,18.011122769386574,2,0,0.7,4,23.6,1,Medium,14,0.379,0.621,0.0,0.0
68555063,2026-04-03 19:36:00,Closed,Street Condition,Pothole,QUEENS,nan,40.78140900291806,-73.77816649796233,2026-04-11 04:44:00,nan,4959.1547619047615,4660.0,3,0,22.055069528645834,2,0,0.7,4,23.6,0,Low,30,0.803,0.196,0.001,0.0
68693721,2026-04-16 06:32:06,Closed,Street Condition,Pothole,QUEENS,LINDEN BOULEVARD,40.69312423892186,-73.7727842442327,2026-04-16 16:02:00,nan,4959.1547619047615,29111.0,1,1,9.599444528645833,2,0,0.7,4,23.6,0,Low,30,0.988,0.012,0.0,0.0
68586638,2026-04-07 17:27:12,Closed,Street Condition,Pothole,BROOKLYN,nan,40.631743496914915,-73.96070465822963,2026-04-09 11:55:00,nan,5664.555555555556,6673.0,1,1,18.144513973090277,1,0,0.7,4,23.6,0,Low,30,0.991,0.009,0.0,0.0
68579414,2026-04-06 17:45:03,Pending,Street Condition,Pothole,QUEENS,nan,40.6914308473891,-73.78870329207166,,nan,4959.1547619047615,4660.0,2,1,19.132118139756944,2,0,0.7,4,23.6,0,Low,30,0.914,0.086,0.0,0.0
68524598,2026-03-31 21:04:47,Closed,Street Condition,Pothole,BRONX,nan,40.911324184299175,-73.90656718994754,2026-03-31 21:04:47,nan,6677.6,6655.5,0,0,24.993414436053243,3,0,0.7,3,23.6,0,Low,30,0.943,0.057,0.001,0.0
68689834,2026-04-16 18:28:16,Closed,Street Condition,Pothole,QUEENS,nan,40.69335210250701,-73.90040331190272,2026-04-18 08:55:00,nan,4959.1547619047615,4660.0,4,1,9.10210656568287,2,0,0.7,4,23.6,0,Low,30,0.98,0.02,0.0,0.0
68549294,2026-04-02 12:55:02,Closed,Street Condition,Pothole,BROOKLYN,nan,40.65211681836906,-73.89983419346432,2026-04-03 14:15:00,nan,5664.555555555556,6673.0,2,0,23.333518602719906,1,0,0.7,4,23.6,0,Low,30,0.872,0.128,0.0,0.0
68698186,2026-04-17 07:09:56,Closed,Street Condition,Pothole,QUEENS,nan,40.73177902884212,-73.77010866842208,2026-04-17 07:09:56,nan,4959.1547619047615,4660.0,5,1,8.573171380497685,2,0,0.7,4,23.6,0,Low,30,0.95,0.049,0.0,0.0
68589437,2026-04-07 19:03:22,Open,Street Condition,Pothole,BROOKLYN,nan,40.57760753484884,-73.94629033523653,,nan,5664.555555555556,6673.0,1,0,18.07773156568287,1,0,0.7,4,23.6,0,Low,30,0.992,0.008,0.0,0.0
68713270,2026-04-18 12:38:43,Closed,Street Condition,Pothole,QUEENS,nan,40.73030244945585,-73.81089975144742,2026-04-18 17:51:00,nan,4959.1547619047615,4660.0,7,1,7.344849621238426,2,0,0.7,4,23.6,0,Low,30,0.64,0.36,0.0,0.0
68577485,2026-04-06 14:15:24,Closed,Street Condition,Pothole,QUEENS,nan,40.71818218795277,-73.78032496285253,2026-04-06 14:15:24,nan,4959.1547619047615,4660.0,1,0,19.277708417534722,2,0,0.7,4,23.6,0,Low,30,0.953,0.047,0.0,0.0
68676417,2026-04-15 10:05:32,Pending,Street Condition,Pothole,QUEENS,nan,40.66028603798031,-73.7429766464903,,nan,4959.1547619047615,4660.0,6,0,10.45122693605324,2,0,0.7,4,23.6,0,Low,30,0.583,0.417,0.0,0.0
68720714,2026-04-19 15:52:15,Closed,Street Condition,Pothole,QUEENS,nan,40.74284474607124,-73.85121029044512,2026-04-19 20:22:00,nan,4959.1547619047615,4660.0,7,1,6.210451473090278,2,0,0.7,4,23.6,0,Low,30,0.821,0.179,0.0,0.0
68728134,2026-04-20 12:04:56,Closed,Street Condition,Pothole,QUEENS,nan,40.69383063541603,-73.82886433473595,2026-04-20 18:22:00,nan,4959.1547619047615,4660.0,4,0,5.368310269386574,2,0,0.7,4,23.5,0,Low,30,0.781,0.219,0.0,0.0
68649962,2026-04-13 10:16:57,Pending,Street Condition,Pothole,QUEENS,nan,40.75809204251098,-73.79580489539882,,nan,4959.1547619047615,4660.0,5,1,12.4432986953125,2,0,0.7,4,23.5,0,Low,30,0.839,0.161,0.0,0.0
68731122,2026-04-20 09:29:24,Closed,Street Condition,Pothole,QUEENS,nan,40.71714314761746,-73.88504360047885,2026-04-20 17:24:00,nan,4959.1547619047615,4660.0,4,0,5.476319528645833,2,0,0.7,4,23.5,0,Low,30,0.539,0.461,0.0,0.0
68734517,2026-04-21 01:41:39,Open,Street Condition,Pothole,BROOKLYN,nan,40.62333996767628,-73.95594014700089,,nan,5664.555555555556,6673.0,4,1,4.801145917534722,1,0,0.7,4,23.5,0,Low,30,0.886,0.114,0.0,0.0
68580320,2026-04-02 09:05:40,Closed,Street Condition,Pothole,QUEENS,nan,40.57896033297838,-73.83975324220017,2026-04-03 11:06:00,nan,4959.1547619047615,4660.0,2,0,23.492801010127316,2,0,0.7,4,23.5,0,Low,30,0.906,0.094,0.0,0.0
68542005,2026-04-02 09:30:34,Closed,Street Condition,Pothole,BRONX,nan,40.83320166044467,-73.81701073542892,2026-04-06 09:21:00,nan,6677.6,6655.5,1,0,23.475509343460647,3,0,0.7,4,23.5,0,Low,30,0.911,0.088,0.001,0.0
68645000,2026-04-12 16:26:54,Pending,Street Condition,Pothole,QUEENS,nan,40.76196800333389,-73.89693997607289,,nan,4959.1547619047615,4660.0,4,0,13.186388973090278,2,0,0.7,4,23.5,0,Low,30,0.917,0.083,0.0,0.0
68652421,2026-04-14 00:05:54,Closed,Street Condition,Pothole,QUEENS,nan,40.69104664978981,-73.73922324000723,2026-04-14 00:05:54,nan,4959.1547619047615,4660.0,2,0,11.867638973090278,2,0,0.7,4,23.5,0,Low,30,0.723,0.277,0.0,0.0
68683342,2026-04-15 16:50:31,Closed,Street Condition,Pothole,QUEENS,nan,40.5986012593936,-73.75904404725512,2026-04-15 16:50:31,nan,4959.1547619047615,4660.0,4,0,10.169988510127315,2,0,0.7,4,23.4,0,Low,30,0.95,0.05,0.0,0.0
68644527,2026-04-12 10:38:00,Closed,Street Condition,Pothole,QUEENS,nan,40.73635569678721,-73.84876022643942,2026-04-12 10:38:00,nan,4959.1547619047615,4660.0,4,1,13.428680639756944,2,0,0.7,4,23.4,1,Medium,14,0.493,0.507,0.0,0.0
68538132,2026-04-03 01:55:51,Closed,Street Condition,Pothole,QUEENS,nan,40.686700351371954,-73.73744096893489,2026-04-17 13:14:00,nan,4959.1547619047615,4660.0,3,0,22.79128480642361,2,0,0.7,4,23.4,0,Low,30,0.947,0.053,0.0,0.0
68547166,2026-04-02 23:34:36,Closed,Street Condition,Pothole,QUEENS,nan,40.57698098336431,-73.8455140957301,2026-04-03 11:16:00,nan,4959.1547619047615,4660.0,1,0,22.88937508420139,2,0,0.7,4,23.4,0,Low,30,0.988,0.012,0.0,0.0
68541504,2026-04-02 14:25:57,Closed,Street Condition,Pothole,QUEENS,nan,40.79489618302466,-73.8222264426401,2026-04-02 14:25:57,nan,4959.1547619047615,4660.0,3,1,23.270382028645834,2,0,0.7,4,23.4,0,Low,30,0.775,0.224,0.001,0.0
68677893,2026-04-15 16:49:20,Closed,Street Condition,Pothole,QUEENS,nan,40.5986012593936,-73.75904404725512,2026-04-16 07:51:00,nan,4959.1547619047615,4660.0,4,0,10.170810269386575,2,0,0.7,4,23.4,0,Low,30,0.95,0.05,0.0,0.0
68649933,2026-04-13 20:16:40,Closed,Street Condition,Pothole,QUEENS,nan,40.66838918993619,-73.75197173485634,2026-04-18 12:58:00,nan,4959.1547619047615,4660.0,6,0,12.026828787905092,2,0,0.7,4,23.4,1,Medium,14,0.452,0.548,0.0,0.0
68601226,2026-04-08 18:58:47,Closed,Street Condition,Pothole,QUEENS,nan,40.65740589843868,-73.7450601378565,2026-04-08 18:58:47,nan,4959.1547619047615,4660.0,3,1,17.08091443605324,2,0,0.7,4,23.4,0,Low,30,0.99,0.01,0.0,0.0
68603118,2026-04-08 15:23:49,Closed,Street Condition,Pothole,QUEENS,nan,40.79242766702253,-73.79985277111172,2026-04-17 23:17:00,nan,4959.1547619047615,4660.0,1,0,17.230196843460647,2,0,0.7,4,23.4,0,Low,30,0.992,0.008,0.0,0.0
68658495,2026-04-13 10:26:32,Closed,Street Condition,Pothole,QUEENS,nan,40.74689076643809,-73.92079708579764,2026-04-13 17:21:00,nan,4959.1547619047615,4660.0,5,0,12.436643602719908,2,0,0.7,4,23.4,0,Low,30,0.866,0.134,0.0,0.0
68547178,2026-04-02 10:30:00,Closed,Street Condition,Pothole,QUEENS,nan,40.73957786828187,-73.82355766286622,2026-04-16 09:40:00,nan,4959.1547619047615,4660.0,2,0,23.4342361953125,2,0,0.7,4,23.4,0,Low,30,0.959,0.041,0.0,0.0
68527601,2026-04-01 12:21:23,Closed,Street Condition,Pothole,QUEENS,nan,40.79242766702253,-73.79985277111172,2026-04-01 13:15:00,nan,4959.1547619047615,4660.0,1,0,24.356886658275464,2,0,0.7,4,23.4,0,Low,30,0.57,0.429,0.001,0.0
68607837,2026-04-04 11:24:35,Closed,Street Condition,Pothole,QUEENS,nan,40.745450902026576,-73.70837407659698,2026-04-04 11:24:35,nan,4959.1547619047615,4660.0,2,0,21.396331102719905,2,0,0.7,4,23.4,0,Low,30,0.91,0.09,0.0,0.0
68515695,2026-03-31 23:43:08,Open,Street Condition,Pothole,BRONX,nan,40.871267551085054,-73.85754697853388,,nan,6677.6,6655.5,1,0,24.883449158275464,3,0,0.7,3,23.3,0,Low,30,0.648,0.351,0.001,0.0
68609722,2026-04-09 09:19:23,Pending,Street Condition,Pothole,QUEENS,nan,40.70437688710146,-73.74236663429497,,nan,4959.1547619047615,4660.0,3,0,16.48327554716435,2,0,0.7,4,23.3,0,Low,30,0.966,0.034,0.0,0.0
68678898,2026-04-15 19:47:30,Closed,Street Condition,Pothole,QUEENS,nan,40.67655069259074,-73.76837387183488,2026-04-15 19:47:30,nan,4959.1547619047615,4660.0,5,0,10.047083417534722,2,0,0.7,4,23.3,0,Low,30,0.672,0.328,0.0,0.0
68679410,2026-04-15 13:19:29,Open,Street Condition,Pothole,BRONX,nan,40.82629209397202,-73.81631430280669,,nan,6677.6,6655.5,2,0,10.31653943605324,3,0,0.7,4,23.3,0,Low,30,0.968,0.032,0.0,0.0
68672932,2026-04-15 20:55:48,Closed,Street Condition,Pothole,QUEENS,nan,40.71714314761746,-73.88504360047885,2026-04-15 20:55:48,nan,4959.1547619047615,4660.0,4,0,9.999652861979166,2,0,0.7,4,23.3,0,Low,30,0.821,0.179,0.0,0.0
68532369,2026-04-01 21:01:01,Closed,Street Condition,Pothole,QUEENS,nan,40.69595062654502,-73.8623680620651,2026-04-02 14:21:00,nan,4959.1547619047615,4660.0,3,0,23.99603017679398,2,0,0.7,4,23.3,0,Low,30,0.644,0.355,0.0,0.0
68618934,2026-04-10 10:49:19,Closed,Street Condition,Pothole,QUEENS,nan,40.67300930175192,-73.81332974114285,2026-04-18 12:51:00,nan,4959.1547619047615,4660.0,2,0,15.420821843460647,2,0,0.7,4,23.3,0,Low,30,0.962,0.038,0.0,0.0
68577490,2026-04-02 09:05:14,Closed,Street Condition,Pothole,QUEENS,nan,40.577855981554265,-73.8430497660341,2026-04-03 10:55:00,nan,4959.1547619047615,4660.0,1,0,23.49310193605324,2,0,0.7,4,23.3,0,Low,30,0.953,0.047,0.0,0.0
68583239,2026-04-02 09:02:41,Closed,Street Condition,Pothole,QUEENS,nan,40.572693440753746,-73.85595920498334,2026-04-03 10:28:00,nan,4959.1547619047615,4660.0,0,0,23.494872769386575,2,0,0.7,4,23.3,1,Medium,14,0.28,0.72,0.0,0.0
68587443,2026-04-07 18:48:41,Closed,Street Condition,Pothole,BRONX,nan,40.87961276699893,-73.91448783018329,2026-04-07 18:48:41,nan,6677.6,6655.5,1,0,18.08792832494213,3,0,0.7,4,23.3,0,Low,30,0.985,0.015,0.0,0.0
68590243,2026-04-07 18:52:53,Closed,Street Condition,Pothole,BRONX,nan,40.87961276699893,-73.91448783018329,2026-04-07 18:52:53,nan,6677.6,6655.5,1,0,18.085011658275462,3,0,0.7,4,23.3,0,Low,30,0.985,0.015,0.0,0.0
68532341,2026-04-01 10:28:55,Closed,Street Condition,Pothole,QUEENS,nan,40.57718957962207,-73.86052488685198,2026-04-06 07:55:00,nan,4959.1547619047615,4660.0,1,0,24.43498851012732,2,0,0.7,4,23.2,0,Low,30,0.981,0.019,0.0,0.0
68583793,2026-04-05 23:54:30,Closed,Street Condition,Pothole,QUEENS,nan,40.667754995834834,-73.74561896586661,2026-04-15 21:45:00,nan,4959.1547619047615,4660.0,0,1,19.875555639756943,2,0,0.7,4,23.2,0,Low,30,0.997,0.003,0.0,0.0
68651441,2026-04-13 18:47:35,Open,Street Condition,Pothole,QUEENS,nan,40.76033418554274,-73.73499569870101,,nan,4959.1547619047615,4660.0,1,1,12.088692213831019,2,0,0.7,4,23.2,0,Low,30,0.985,0.015,0.0,0.0
68673459,2026-04-15 10:01:26,Pending,Street Condition,Pothole,QUEENS,nan,40.66086948840343,-73.74244455869922,,nan,4959.1547619047615,4660.0,5,0,10.454074158275462,2,0,0.7,4,23.2,0,Low,30,0.977,0.023,0.0,0.0
68533321,2026-04-01 09:15:19,Closed,Street Condition,Pothole,QUEENS,nan,40.7134517495979,-73.85170515860698,2026-04-01 21:45:00,nan,4959.1547619047615,4660.0,1,1,24.486099621238427,2,0,0.7,4,23.2,0,Low,30,0.933,0.066,0.0,0.0
68606498,2026-04-08 23:17:00,Closed,Street Condition,Pothole,QUEENS,nan,40.69595062654502,-73.8623680620651,2026-04-08 23:17:00,nan,4959.1547619047615,4660.0,3,0,16.90159730642361,2,0,0.7,4,23.2,0,Low,30,0.868,0.132,0.0,0.0
68649956,2026-04-14 01:32:33,Closed,Street Condition,Pothole,BRONX,nan,40.89934182709327,-73.87301575910902,2026-04-23 13:00:00,nan,6677.6,6655.5,3,1,11.807465361979167,3,0,0.7,4,23.2,0,Low,30,0.956,0.044,0.0,0.0
68747957,2026-04-21 16:35:30,Open,Street Condition,Pothole,BROOKLYN,nan,40.685025557355495,-73.98611827771147,,nan,5664.555555555556,6673.0,4,1,4.180416750868055,1,0,0.7,4,23.2,0,Low,30,0.899,0.101,0.0,0.0
68583237,2026-04-06 10:00:23,Closed,Street Condition,Pothole,QUEENS,nan,40.56090606971587,-73.91548600085787,2026-04-06 10:00:23,nan,4959.1547619047615,4660.0,2,0,19.45480332494213,2,0,0.7,4,23.2,0,Low,30,0.846,0.154,0.0,0.0
68755691,2026-04-22 08:57:16,Closed,Street Condition,Pothole,QUEENS,nan,40.71639543104653,-73.88666097941558,2026-04-22 17:24:00,nan,4959.1547619047615,4660.0,4,0,3.498634343460648,2,0,0.7,4,23.2,0,Low,30,0.734,0.266,0.0,0.0
68756960,2026-04-22 07:51:51,Closed,Street Condition,Pothole,QUEENS,nan,40.761472474274335,-73.81807776112568,2026-04-22 20:05:00,nan,4959.1547619047615,4660.0,6,0,3.544062584201389,2,0,0.7,4,23.2,0,Low,30,0.839,0.16,0.0,0.0
68736011,2026-04-20 08:22:26,Open,Street Condition,Pothole,BRONX,nan,40.91013023416746,-73.90321511472008,,nan,6677.6,6655.5,3,0,5.522824158275463,3,0,0.7,4,23.2,0,Low,30,0.855,0.145,0.0,0.0
68580318,2026-04-06 12:56:09,Closed,Street Condition,Pothole,QUEENS,nan,40.69595062654502,-73.8623680620651,2026-04-06 12:56:09,nan,4959.1547619047615,4660.0,3,0,19.332743139756943,2,0,0.7,4,23.2,0,Low,30,0.948,0.052,0.0,0.0
68673431,2026-04-15 17:37:30,Pending,Street Condition,Pothole,QUEENS,nan,40.73699349160567,-73.8104838310263,,nan,4959.1547619047615,4660.0,4,0,10.137361195312499,2,0,0.7,4,23.2,0,Low,30,0.835,0.164,0.0,0.0
68580321,2026-04-02 09:04:02,Closed,Street Condition,Pothole,QUEENS,nan,40.57630247836717,-73.84716436359967,2026-04-03 10:45:00,nan,4959.1547619047615,4660.0,2,0,23.493935269386572,2,0,0.7,4,23.2,1,Medium,14,0.459,0.541,0.0,0.0
68586110,2026-04-07 10:37:58,Closed,Street Condition,Pothole,QUEENS,nan,40.74814528813921,-73.7134546909416,2026-04-07 10:37:58,nan,4959.1547619047615,4660.0,4,0,18.428703787905093,2,0,0.7,4,23.2,0,Low,30,0.929,0.071,0.0,0.0
68535295,2026-04-01 15:30:42,Closed,Street Condition,Pothole,QUEENS,nan,40.5842242605398,-73.81385512349091,2026-04-11 08:30:00,nan,4959.1547619047615,4660.0,1,1,24.225416750868057,2,0,0.7,4,23.1,0,Low,30,0.948,0.052,0.0,0.0
68647953,2026-04-10 11:52:04,Closed,Street Condition,Pothole,QUEENS,nan,40.75416125406995,-73.949403647964,2026-04-11 10:17:00,nan,4959.1547619047615,4660.0,4,1,15.377245454571758,2,0,0.7,4,23.1,0,Low,30,0.962,0.038,0.0,0.0
68656944,2026-04-10 11:53:39,Closed,Street Condition,Pothole,QUEENS,nan,40.75416125406995,-73.949403647964,2026-04-13 21:15:00,nan,4959.1547619047615,4660.0,4,1,15.376145917534721,2,0,0.7,4,23.1,0,Low,30,0.962,0.038,0.0,0.0
68586112,2026-04-07 07:53:16,Closed,Street Condition,Pothole,QUEENS,nan,40.69595062654502,-73.8623680620651,2026-04-07 07:53:16,nan,4959.1547619047615,4660.0,3,0,18.543078787905092,2,0,0.7,4,23.1,0,Low,30,0.768,0.232,0.0,0.0
68576044,2026-04-06 09:57:08,Closed,Street Condition,Pothole,QUEENS,nan,40.727629622880755,-73.84427730525874,2026-04-06 09:57:08,nan,4959.1547619047615,4660.0,3,1,19.457060269386574,2,0,0.7,4,23.1,0,Low,30,0.555,0.444,0.0,0.0
68597173,2026-04-08 14:54:51,Closed,Street Condition,Pothole,QUEENS,nan,40.742162732300706,-73.80443169997793,2026-04-08 14:54:51,nan,4959.1547619047615,4660.0,4,0,17.25031258420139,2,0,0.7,4,23.1,0,Low,30,0.851,0.149,0.0,0.0
68654420,2026-04-13 20:05:25,Closed,Street Condition,Pothole,BRONX,nan,40.88418500438301,-73.83361818805416,2026-04-14 09:11:00,nan,6677.6,6655.5,1,1,12.034641287905092,3,0,0.7,4,23.1,0,Low,30,0.78,0.22,0.0,0.0
68734536,2026-04-20 17:25:43,Closed,Street Condition,Pothole,QUEENS,nan,40.736747328189146,-73.87303695919547,2026-04-20 22:15:00,nan,4959.1547619047615,4660.0,5,0,5.14554406568287,2,0,0.7,4,23.1,0,Low,30,0.939,0.06,0.0,0.0
68580897,2026-04-06 14:01:50,Closed,Street Condition,Pothole,QUEENS,nan,40.665644845581454,-73.8550880258652,2026-04-18 07:20:00,nan,4959.1547619047615,4660.0,0,0,19.287129713831018,2,0,0.7,4,23.1,0,Low,30,1.0,0.0,0.0,0.0
68579422,2026-04-06 05:15:50,Closed,Street Condition,Pothole,QUEENS,nan,40.69595062654502,-73.8623680620651,2026-04-08 21:22:00,nan,4959.1547619047615,4660.0,3,0,19.652407491608795,2,0,0.7,4,23.1,0,Low,30,0.877,0.123,0.0,0.0
68603128,2026-04-08 09:41:36,Closed,Street Condition,Pothole,QUEENS,61 AVENUE,40.75666979425952,-73.73255940165791,2026-04-11 13:56:00,nan,4959.1547619047615,4660.0,2,0,17.46784730642361,2,0,0.7,4,23.1,0,Low,30,0.968,0.032,0.0,0.0
68707378,2026-04-17 15:23:05,Closed,Street Condition,Pothole,QUEENS,nan,40.72875318060496,-73.7536412731013,2026-04-22 13:08:00,nan,4959.1547619047615,4660.0,3,1,8.230706102719907,2,0,0.7,4,23.1,0,Low,30,0.983,0.017,0.0,0.0
68582347,2026-04-06 06:27:33,Pending,Street Condition,Pothole,QUEENS,nan,40.69595062654502,-73.8623680620651,,nan,4959.1547619047615,4660.0,3,0,19.602604250868055,2,0,0.7,4,23.1,0,Low,30,0.877,0.123,0.0,0.0
68614443,2026-04-03 14:38:35,Closed,Street Condition,Pothole,BROOKLYN,FERRIS STREET,40.67856952529223,-74.01636803069738,2026-04-04 13:45:00,nan,5664.555555555556,6673.0,1,0,22.261608880497686,1,0,0.7,4,23.1,0,Low,30,0.932,0.068,0.0,0.0
68609716,2026-04-09 16:06:46,Closed,Street Condition,Pothole,QUEENS,nan,40.73124757611127,-73.79384854944942,2026-04-18 08:50:00,nan,4959.1547619047615,4660.0,3,0,16.200370454571758,2,0,0.7,4,23.1,0,Low,30,0.676,0.324,0.0,0.0
68653912,2026-04-13 07:43:09,Closed,Street Condition,Pothole,QUEENS,nan,40.69104664978981,-73.73922324000723,2026-04-13 07:43:09,nan,4959.1547619047615,4660.0,2,0,12.550104250868054,2,0,0.7,4,23.1,0,Low,30,0.918,0.082,0.0,0.0
68580905,2026-04-06 08:04:03,Closed,Street Condition,Pothole,QUEENS,nan,40.69595062654502,-73.8623680620651,2026-04-08 20:55:00,nan,4959.1547619047615,4660.0,3,0,19.535590361979168,2,0,0.7,4,23.1,0,Low,30,0.877,0.123,0.0,0.0
68630536,2026-04-11 06:16:17,Open,Street Condition,Pothole,BRONX,nan,40.90057438618776,-73.84004496706454,,nan,6677.6,6655.5,1,0,14.610428324942129,3,0,0.7,4,23.1,0,Low,30,0.967,0.033,0.0,0.0
68548511,2026-04-03 09:12:00,Closed,Street Condition,Pothole,QUEENS,nan,40.652564629491025,-73.74654903024499,2026-04-18 12:25:00,nan,4959.1547619047615,4660.0,0,1,22.488402861979168,2,0,0.7,4,23.0,0,Low,30,0.999,0.001,0.0,0.0
68744919,2026-04-21 21:27:57,Closed,Street Condition,Pothole,BROOKLYN,nan,40.66604218758701,-73.86353278874398,2026-04-22 06:00:00,nan,5664.555555555556,6673.0,5,0,3.9773264730902778,1,0,0.7,4,23.0,0,Low,30,0.91,0.09,0.0,0.0
68527627,2026-04-01 14:42:33,Closed,Street Condition,Pothole,QUEENS,nan,40.71709573119292,-73.85737867757948,2026-04-01 14:42:33,nan,4959.1547619047615,4660.0,0,0,24.258854250868055,2,0,0.7,4,23.0,0,Low,30,0.989,0.011,0.0,0.0
68528120,2026-04-01 14:38:26,Closed,Street Condition,Pothole,QUEENS,nan,40.71701035750025,-73.85714798812285,2026-04-11 07:45:00,nan,4959.1547619047615,4660.0,0,0,24.261713047164353,2,0,0.7,4,23.0,0,Low,30,0.989,0.011,0.0,0.0
68532382,2026-04-01 14:31:25,Pending,Street Condition,Pothole,QUEENS,nan,40.71709573119292,-73.85737867757948,,nan,4959.1547619047615,4660.0,0,0,24.266585732349537,2,0,0.7,4,23.0,0,Low,30,0.989,0.011,0.0,0.0
68767186,2026-04-23 17:24:22,Open,Street Condition,Pothole,QUEENS,nan,40.728021635398605,-73.7105538077066,,nan,4959.1547619047615,4660.0,6,1,2.1464815656828704,2,0,0.7,4,23.0,0,Low,30,0.956,0.044,0.0,0.0
68595841,2026-04-07 18:30:45,Closed,Street Condition,Pothole,QUEENS,nan,40.69595062654502,-73.8623680620651,2026-04-07 18:30:45,nan,4959.1547619047615,4660.0,3,0,18.100382028645832,2,0,0.7,4,23.0,0,Low,30,0.554,0.446,0.0,0.0
68765214,2026-04-23 10:27:45,Closed,Street Condition,Pothole,BRONX,nan,40.8901582076212,-73.90443411050143,2026-04-23 10:27:45,nan,6677.6,6655.5,4,1,2.4357986953125,3,0,0.7,4,23.0,0,Low,30,0.974,0.026,0.0,0.0
68762377,2026-04-23 10:27:29,Closed,Street Condition,Pothole,BRONX,nan,40.8901582076212,-73.90443411050143,2026-04-23 10:27:29,nan,6677.6,6655.5,4,1,2.435983880497685,3,0,0.7,4,23.0,0,Low,30,0.974,0.026,0.0,0.0
68594443,2026-04-06 15:30:54,Closed,Street Condition,Pothole,BROOKLYN,FREEPORT LOOP,40.64584423999384,-73.88171065919408,2026-04-07 08:00:00,nan,5664.555555555556,6673.0,3,0,19.225277861979166,1,0,0.7,4,23.0,0,Low,30,0.958,0.042,0.0,0.0
68744342,2026-04-21 10:32:51,Closed,Street Condition,Pothole,QUEENS,nan,40.69082859158544,-73.83310544006672,2026-04-21 21:45:00,nan,4959.1547619047615,4660.0,3,0,4.432257028645833,2,0,0.7,4,22.9,0,Low,30,0.97,0.03,0.0,0.0
68588014,2026-04-07 10:54:44,Closed,Street Condition,Pothole,BROOKLYN,nan,40.58997037716614,-73.93606214302312,2026-04-11 18:49:00,nan,5664.555555555556,6673.0,1,1,18.417060269386575,1,0,0.7,4,22.9,0,Low,30,0.987,0.013,0.0,0.0
68623749,2026-04-10 10:52:16,Closed,Street Condition,Pothole,QUEENS,nan,40.78140900291806,-73.77816649796233,2026-04-10 10:52:16,nan,4959.1547619047615,4660.0,3,0,15.418773232349537,2,0,0.7,4,22.9,0,Low,30,0.978,0.022,0.0,0.0
68613693,2026-04-09 08:09:58,Pending,Street Condition,Pothole,QUEENS,nan,40.789238622350105,-73.80485316800791,,nan,4959.1547619047615,4660.0,3,0,16.53148156568287,2,0,0.7,4,22.9,0,Low,30,0.953,0.047,0.0,0.0
68624218,2026-04-10 13:56:19,Closed,Street Condition,Pothole,QUEENS,nan,40.71714314761746,-73.88504360047885,2026-04-18 13:52:00,nan,4959.1547619047615,4660.0,4,0,15.290960732349538,2,0,0.7,4,22.9,0,Low,30,0.852,0.148,0.0,0.0
68682419,2026-04-15 20:42:42,Pending,Street Condition,Pothole,QUEENS,nan,40.7515860835717,-73.74570669268,,nan,4959.1547619047615,4660.0,4,1,10.008750084201388,2,0,0.7,4,22.9,0,Low,30,0.966,0.034,0.0,0.0
68744933,2026-04-22 00:30:17,Pending,Street Condition,Pothole,QUEENS,nan,40.73177902884212,-73.77010866842208,,nan,4959.1547619047615,4660.0,5,1,3.850706102719907,2,0,0.7,4,22.9,0,Low,30,0.85,0.15,0.0,0.0
68637954,2026-04-11 10:43:44,Closed,Street Condition,Pothole,QUEENS,nan,40.7174165472844,-73.91930979013569,2026-04-13 09:45:00,nan,4959.1547619047615,4660.0,4,1,14.424699158275462,2,0,0.7,4,22.9,0,Low,30,0.852,0.148,0.0,0.0
68747386,2026-04-22 00:31:00,Closed,Street Condition,Pothole,QUEENS,nan,40.73177902884212,-73.77010866842208,2026-04-22 00:31:01,nan,4959.1547619047615,4660.0,5,1,3.850208417534722,2,0,0.7,4,22.9,0,Low,30,0.85,0.15,0.0,0.0
68680924,2026-04-15 15:40:15,Closed,Street Condition,Pothole,QUEENS,nan,40.705490887638646,-73.72788837873111,2026-04-17 03:32:00,nan,4959.1547619047615,4660.0,3,0,10.218784806423612,2,0,0.7,4,22.9,0,Low,30,0.97,0.03,0.0,0.0
68655392,2026-04-13 12:53:22,Closed,Street Condition,Pothole,QUEENS,nan,40.68337716117407,-73.76042512611521,2026-04-13 12:53:22,nan,4959.1547619047615,4660.0,3,1,12.334676010127314,2,0,0.7,4,22.9,0,Low,30,0.928,0.072,0.0,0.0
68730172,2026-04-20 09:21:19,Pending,Street Condition,Pothole,QUEENS,nan,40.720742559105794,-73.90091433902221,,nan,4959.1547619047615,4660.0,4,0,5.481932954571759,2,0,0.7,4,22.8,0,Low,30,0.859,0.141,0.0,0.0
68753047,2026-04-22 07:44:04,Closed,Street Condition,Pothole,QUEENS,nan,40.598582144603384,-73.79288618157572,2026-04-22 15:02:00,nan,4959.1547619047615,4660.0,3,0,3.5494676767939812,2,0,0.7,4,22.8,0,Low,30,0.998,0.002,0.0,0.0
68616301,2026-04-09 17:41:25,Closed,Street Condition,Pothole,QUEENS,POWER ROAD,40.76822264209847,-73.76138347002832,2026-04-15 21:47:00,nan,4959.1547619047615,4660.0,3,0,16.134641287905094,2,0,0.7,4,22.8,0,Low,30,0.946,0.054,0.0,0.0
68587997,2026-04-07 03:41:08,Closed,Street Condition,Pothole,QUEENS,nan,40.79714341431061,-73.82000284392701,2026-04-18 01:49:00,nan,4959.1547619047615,4660.0,1,1,18.718171380497687,2,0,0.7,4,22.8,0,Low,30,0.991,0.009,0.0,0.0
68651445,2026-04-13 15:25:50,Closed,Street Condition,Pothole,QUEENS,nan,40.69104664978981,-73.73922324000723,2026-04-18 13:27:00,nan,4959.1547619047615,4660.0,2,0,12.228796380497686,2,0,0.7,4,22.8,0,Low,30,0.78,0.22,0.0,0.0
68608409,2026-04-09 19:55:32,Closed,Street Condition,Pothole,BROOKLYN,nan,40.60562178201948,-74.01315574540845,2026-04-11 08:00:00,nan,5664.555555555556,6673.0,2,1,16.041504713831017,1,0,0.7,4,22.8,0,Low,30,0.907,0.093,0.0,0.0
68577493,2026-04-06 07:46:46,Closed,Street Condition,Pothole,QUEENS,nan,40.74256703423045,-73.70334523891631,2026-04-06 07:46:46,nan,4959.1547619047615,4660.0,2,0,19.547592676793982,2,0,0.7,4,22.8,0,Low,30,0.995,0.005,0.0,0.0
68622866,2026-04-10 08:33:57,Open,Street Condition,Pothole,BRONX,HENRY HUDSON BRIDGE,40.878163110876486,-73.9215700525966,,nan,6677.6,6655.5,1,0,15.514826473090277,3,0,0.7,4,22.8,0,Low,30,0.995,0.005,0.0,0.0
68649457,2026-04-14 01:48:39,Closed,Street Condition,Pothole,QUEENS,nan,40.6795460362876,-73.82469715045208,2026-04-14 01:48:39,nan,4959.1547619047615,4660.0,3,1,11.79628480642361,2,0,0.7,4,22.8,0,Low,30,0.982,0.018,0.0,0.0
68696699,2026-04-18 01:15:38,Closed,Street Condition,Pothole,QUEENS,nan,40.73177902884212,-73.77010866842208,2026-04-18 01:15:38,nan,4959.1547619047615,4660.0,5,1,7.819213047164352,2,0,0.7,4,22.7,0,Low,30,0.884,0.116,0.0,0.0
68717031,2026-04-18 07:18:18,Closed,Street Condition,Pothole,QUEENS,nan,40.73177902884212,-73.77010866842208,2026-04-18 07:18:18,nan,4959.1547619047615,4660.0,5,1,7.5673611953124995,2,0,0.7,4,22.7,0,Low,30,0.884,0.116,0.0,0.0
68653907,2026-04-13 08:56:04,Closed,Street Condition,Pothole,QUEENS,nan,40.761703638150195,-73.88174675411298,2026-04-13 21:15:00,nan,4959.1547619047615,4660.0,4,0,12.499467676793982,2,0,0.7,4,22.7,0,Low,30,0.813,0.187,0.0,0.0
68547175,2026-04-02 12:38:29,Pending,Street Condition,Pothole,QUEENS,nan,40.74317075749195,-73.7624692239386,,nan,4959.1547619047615,4660.0,2,0,23.345011658275464,2,0,0.7,4,22.7,0,Low,30,0.968,0.032,0.0,0.0
68654416,2026-04-13 13:06:13,Closed,Street Condition,Pothole,BROOKLYN,nan,40.62572768265902,-74.02715158069623,2026-04-23 16:00:00,nan,5664.555555555556,6673.0,3,0,12.325752399016203,1,0,0.7,4,22.7,0,Low,30,0.946,0.054,0.0,0.0
68614933,2026-04-04 22:44:34,Closed,Street Condition,Pothole,QUEENS,nan,40.704130415856206,-73.76983252706262,2026-04-14 15:17:00,nan,4959.1547619047615,4660.0,1,0,20.92412045457176,2,0,0.7,4,22.7,0,Low,30,0.989,0.011,0.0,0.0
68552434,2026-04-03 12:06:22,Closed,Street Condition,Pothole,QUEENS,nan,40.7143224573878,-73.88056107094457,2026-04-11 13:42:00,nan,4959.1547619047615,4660.0,2,0,22.367314899016204,2,0,0.7,4,22.7,0,Low,30,0.984,0.016,0.0,0.0
68555838,2026-04-03 15:51:08,Closed,Street Condition,Pothole,QUEENS,nan,40.74584421351302,-73.70653178846892,2026-04-03 15:51:08,nan,4959.1547619047615,4660.0,2,0,22.21122693605324,2,0,0.7,4,22.7,0,Low,30,0.888,0.111,0.0,0.0
68521450,2026-03-31 16:35:26,Closed,Street Condition,Pothole,QUEENS,nan,40.56090606971587,-73.91548600085787,2026-03-31 16:35:26,nan,4959.1547619047615,4660.0,2,0,25.180463047164356,2,0,0.7,3,22.7,0,Low,30,0.724,0.276,0.0,0.0
68727212,2026-04-20 16:49:39,Pending,Street Condition,Pothole,QUEENS,nan,40.73770685502982,-73.88230174977016,,nan,4959.1547619047615,4660.0,5,0,5.170590361979166,2,0,0.7,4,22.7,0,Low,30,0.876,0.124,0.0,0.0
68555835,2026-04-03 18:13:56,Closed,Street Condition,Pothole,QUEENS,nan,40.72621434011151,-73.92051499056612,2026-04-03 18:13:56,nan,4959.1547619047615,4660.0,3,0,22.112060269386575,2,0,0.7,4,22.7,0,Low,30,0.936,0.063,0.0,0.0
68701075,2026-04-17 16:50:46,Closed,Street Condition,Pothole,QUEENS,nan,40.67655069259074,-73.76837387183488,2026-04-17 16:50:46,nan,4959.1547619047615,4660.0,5,0,8.169814899016204,2,0,0.7,4,22.6,0,Low,30,0.898,0.102,0.0,0.0
68768609,2026-04-23 10:18:43,Open,Street Condition,Pothole,BROOKLYN,nan,40.685025557355495,-73.98611827771147,,nan,5664.555555555556,6673.0,4,1,2.4420718434606483,1,0,0.7,4,22.6,0,Low,30,0.92,0.08,0.0,0.0
68540739,2026-04-02 08:41:05,Pending,Street Condition,Pothole,QUEENS,nan,40.77657174491696,-73.84259946181277,,nan,4959.1547619047615,4660.0,1,1,23.509872769386575,2,0,0.7,4,22.6,0,Low,30,0.752,0.247,0.001,0.0
68710778,2026-04-17 14:20:41,Closed,Street Condition,Pothole,QUEENS,nan,40.708657799862344,-73.73470338338866,2026-04-18 08:00:00,nan,4959.1547619047615,4660.0,3,0,8.27403943605324,2,0,0.7,4,22.6,0,Low,30,0.946,0.054,0.0,0.0
68582313,2026-04-06 16:07:09,Closed,Street Condition,Pothole,BROOKLYN,nan,40.68216496256353,-73.88900864409592,2026-04-17 11:30:00,nan,5664.555555555556,6673.0,2,0,19.200104250868055,1,0,0.7,4,22.6,0,Low,30,0.989,0.011,0.0,0.0
68664883,2026-04-14 06:32:21,Closed,Street Condition,Pothole,QUEENS,nan,40.70279438166465,-73.83213055212143,2026-04-14 06:32:21,nan,4959.1547619047615,4660.0,2,0,11.599270917534723,2,0,0.7,4,22.6,0,Low,30,0.998,0.002,0.0,0.0
68514082,2026-03-31 19:23:32,Closed,Street Condition,Pothole,QUEENS,nan,40.72635943797056,-73.7385655188514,2026-04-11 21:44:00,nan,4959.1547619047615,4660.0,3,0,25.063726936053243,2,0,0.7,3,22.6,0,Low,30,0.971,0.029,0.0,0.0
68576040,2026-04-06 15:10:06,Closed,Street Condition,Pothole,QUEENS,nan,40.69595062654502,-73.8623680620651,2026-04-06 15:10:06,nan,4959.1547619047615,4660.0,3,0,19.239722306423612,2,0,0.7,4,22.6,0,Low,30,0.948,0.052,0.0,0.0
68538136,2026-04-02 19:41:11,Closed,Street Condition,Pothole,QUEENS,nan,40.71740017110295,-73.8571940488088,2026-04-06 21:15:00,nan,4959.1547619047615,4660.0,0,0,23.051469991608798,2,0,0.7,4,22.6,0,Low,30,0.99,0.01,0.0,0.0
68593078,2026-04-07 07:54:38,Closed,Street Condition,Pothole,QUEENS,nan,40.56090606971587,-73.91548600085787,2026-04-07 07:54:38,nan,4959.1547619047615,4660.0,2,0,18.542129713831017,2,0,0.7,4,22.6,0,Low,30,0.878,0.122,0.0,0.0
68553734,2026-04-03 11:01:40,Closed,Street Condition,Pothole,QUEENS,nan,40.700904984625176,-73.7304857574349,2026-04-17 11:10:00,nan,4959.1547619047615,4660.0,0,1,22.41224545457176,2,0,0.7,4,22.5,0,Low,30,0.996,0.004,0.0,0.0
68643809,2026-04-12 12:14:08,Pending,Street Condition,Pothole,QUEENS,nan,40.73508059707355,-73.77689182464756,,nan,4959.1547619047615,4660.0,3,0,13.361921380497686,2,0,0.7,4,22.5,0,Low,30,0.845,0.155,0.0,0.0
68609712,2026-04-09 17:19:23,Closed,Street Condition,Pothole,QUEENS,nan,40.69181891151148,-73.78778252718091,2026-04-18 13:14:00,nan,4959.1547619047615,4660.0,2,1,16.149942213831018,2,0,0.7,4,22.5,0,Low,30,0.92,0.08,0.0,0.0
68652442,2026-04-13 09:44:15,Closed,Street Condition,Pothole,BRONX,CHARLES J CRIMI ROAD,40.85924525413997,-73.81812844453063,2026-04-13 09:44:15,nan,6677.6,6655.5,3,0,12.466007028645834,3,0,0.7,4,22.5,0,Low,30,0.567,0.433,0.0,0.0
68649467,2026-04-13 06:24:02,Closed,Street Condition,Pothole,QUEENS,nan,40.71755172836099,-73.73152231260185,2026-04-13 21:44:00,nan,4959.1547619047615,4660.0,4,0,12.605046380497685,2,0,0.7,4,22.5,0,Low,30,0.872,0.128,0.0,0.0
68652968,2026-04-13 09:42:47,Open,Street Condition,Pothole,BRONX,CHARLES J CRIMI ROAD,40.85924525413997,-73.81812844453063,,nan,6677.6,6655.5,3,0,12.467025547164353,3,0,0.7,4,22.5,0,Low,30,0.567,0.433,0.0,0.0
68626747,2026-04-10 08:41:28,Closed,Street Condition,Pothole,QUEENS,nan,40.69595062654502,-73.8623680620651,2026-04-11 21:45:00,nan,4959.1547619047615,4660.0,3,0,15.509606565682871,2,0,0.7,4,22.5,0,Low,30,0.98,0.02,0.0,0.0
68541507,2026-04-02 09:23:34,Closed,Street Condition,Pothole,QUEENS,nan,40.73267668386468,-73.79333897585512,2026-04-02 09:23:34,nan,4959.1547619047615,4660.0,2,0,23.48037045457176,2,0,0.7,4,22.4,0,Low,30,0.95,0.05,0.0,0.0
68537631,2026-04-02 09:22:56,Closed,Street Condition,Pothole,QUEENS,nan,40.73267668386468,-73.79333897585512,2026-04-02 09:22:56,nan,4959.1547619047615,4660.0,2,0,23.480810269386573,2,0,0.7,4,22.4,0,Low,30,0.95,0.05,0.0,0.0
68768626,2026-04-23 16:35:46,Pending,Street Condition,Pothole,QUEENS,nan,40.76716486557058,-73.7608782354292,,nan,4959.1547619047615,4660.0,4,1,2.1802315656828704,2,0,0.7,4,22.4,0,Low,30,0.957,0.043,0.0,0.0
68585199,2026-04-06 16:38:14,Closed,Street Condition,Pothole,QUEENS,nan,40.724984679574874,-73.79421427324037,2026-04-18 08:20:00,nan,4959.1547619047615,4660.0,1,0,19.178518602719908,2,0,0.7,4,22.4,0,Low,30,0.998,0.002,0.0,0.0
68664870,2026-04-14 12:55:08,Closed,Street Condition,Pothole,QUEENS,nan,40.71381648205454,-73.92083999438904,2026-04-14 12:55:08,nan,4959.1547619047615,4660.0,3,1,11.333449158275462,2,0,0.7,4,22.4,0,Low,30,0.971,0.029,0.0,0.0
68657437,2026-04-13 16:34:13,Closed,Street Condition,Pothole,QUEENS,nan,40.68093513107675,-73.73572945243734,2026-04-13 22:15:00,nan,4959.1547619047615,4660.0,4,1,12.181307954571759,2,0,0.7,4,22.4,0,Low,30,0.921,0.079,0.0,0.0
68618917,2026-04-10 12:04:58,Closed,Street Condition,Pothole,BROOKLYN,nan,40.65378153969385,-74.01563034650034,2026-04-16 20:45:00,nan,5664.555555555556,6673.0,2,0,15.368287121238426,1,0,0.7,4,22.4,0,Low,30,0.998,0.002,0.0,0.0
68632980,2026-04-11 18:02:07,Closed,Street Condition,Pothole,QUEENS,nan,40.727629622880755,-73.84427730525874,2026-04-18 13:25:00,nan,4959.1547619047615,4660.0,3,1,14.120266287905093,2,0,0.7,4,22.4,1,Medium,14,0.439,0.561,0.0,0.0
68651446,2026-04-13 15:24:18,Closed,Street Condition,Pothole,QUEENS,nan,40.705490887638646,-73.72788837873111,2026-04-14 21:02:00,nan,4959.1547619047615,4660.0,3,0,12.2298611953125,2,0,0.7,4,22.4,0,Low,30,0.81,0.19,0.0,0.0
68557722,2026-04-04 00:20:11,Closed,Street Condition,Pothole,QUEENS,nan,40.741777683528355,-73.70700800971741,2026-04-15 08:45:00,nan,4959.1547619047615,4660.0,1,0,21.857719991608796,2,0,0.7,4,22.4,0,Low,30,0.984,0.016,0.0,0.0
68646122,2026-04-12 23:31:27,Closed,Street Condition,Pothole,QUEENS,nan,40.76670792041144,-73.86959721031349,2026-04-13 23:45:00,nan,4959.1547619047615,4660.0,4,1,12.891562584201388,2,0,0.7,4,22.4,0,Low,30,0.883,0.117,0.0,0.0
68705920,2026-04-17 15:29:48,Closed,Street Condition,Pothole,QUEENS,nan,40.755716945719335,-73.7892176585466,2026-04-22 09:00:00,nan,4959.1547619047615,4660.0,2,0,8.226041750868056,2,0,0.7,4,22.4,0,Low,30,0.971,0.029,0.0,0.0
68681911,2026-04-15 07:31:28,Closed,Street Condition,Pothole,QUEENS,nan,40.742162732300706,-73.80443169997793,2026-04-15 12:45:00,nan,4959.1547619047615,4660.0,4,0,10.558217676793982,2,0,0.7,4,22.4,0,Low,30,0.933,0.067,0.0,0.0
68712486,2026-04-18 10:43:36,Pending,Street Condition,Pothole,QUEENS,nan,40.70790105157003,-73.85110072972483,,nan,4959.1547619047615,4660.0,6,0,7.424791750868056,2,0,0.7,4,22.4,1,Medium,14,0.199,0.801,0.0,0.0
68617622,2026-04-09 17:31:25,Closed,Street Condition,Pothole,QUEENS,nan,40.594823217487374,-73.79833502034373,2026-04-18 08:18:00,nan,4959.1547619047615,4660.0,3,1,16.141585732349537,2,0,0.7,4,22.4,0,Low,30,0.905,0.095,0.0,0.0
68677358,2026-04-15 11:23:45,Closed,Street Condition,Pothole,QUEENS,nan,40.78544475577318,-73.77867666007816,2026-04-15 21:55:00,nan,4959.1547619047615,4660.0,2,1,10.396909806423611,2,0,0.7,4,22.3,0,Low,30,0.989,0.011,0.0,0.0
68683378,2026-04-14 14:55:13,Closed,Street Condition,Pothole,BROOKLYN,FOSTER AVENUE,40.65219083951529,-73.89973317397195,2026-04-15 09:20:00,nan,5664.555555555556,15647.0,2,0,11.250057954571759,1,0,0.7,4,22.3,0,Low,30,0.986,0.014,0.0,0.0
68530938,2026-04-01 14:05:11,Closed,Street Condition,Pothole,QUEENS,nan,40.7351092337755,-73.82524738301379,2026-04-11 21:45:00,nan,4959.1547619047615,4660.0,0,0,24.284803324942132,2,0,0.7,4,22.3,0,Low,30,0.991,0.009,0.0,0.0
68606470,2026-04-08 13:32:49,Closed,Street Condition,Pothole,QUEENS,nan,40.652564629491025,-73.74654903024499,2026-04-08 13:32:49,nan,4959.1547619047615,4660.0,0,1,17.30728017679398,2,0,0.7,4,22.3,0,Low,30,0.999,0.001,0.0,0.0
68649458,2026-04-13 18:19:17,Closed,Street Condition,Pothole,QUEENS,nan,40.653025211183135,-73.73894299197293,2026-04-13 18:19:17,nan,4959.1547619047615,4660.0,2,1,12.108344991608796,2,0,0.7,4,22.3,0,Low,30,0.924,0.076,0.0,0.0
68588896,2026-04-07 10:42:29,Closed,Street Condition,Pothole,QUEENS,nan,40.652564629491025,-73.74654903024499,2026-04-07 10:42:29,nan,4959.1547619047615,4660.0,0,1,18.42556721383102,2,0,0.7,4,22.3,0,Low,30,0.999,0.001,0.0,0.0
68655397,2026-04-13 10:26:42,Closed,Street Condition,Pothole,QUEENS,nan,40.75794654400149,-73.78670193105889,2026-04-13 12:00:00,nan,4959.1547619047615,4660.0,4,1,12.436527861979167,2,0,0.7,4,22.3,0,Low,30,0.717,0.283,0.0,0.0
68657432,2026-04-13 18:18:36,Closed,Street Condition,Pothole,QUEENS,nan,40.653025211183135,-73.73894299197293,2026-04-18 11:07:00,nan,4959.1547619047615,4660.0,2,1,12.108819528645833,2,0,0.7,4,22.3,0,Low,30,0.924,0.076,0.0,0.0
68607838,2026-04-04 08:32:43,Closed,Street Condition,Pothole,QUEENS,nan,40.765873898427245,-73.80888904929692,2026-04-04 08:32:43,nan,4959.1547619047615,4660.0,2,1,21.51568295457176,2,0,0.7,4,22.3,0,Low,30,0.921,0.078,0.0,0.0
68683351,2026-04-15 11:25:03,Closed,Street Condition,Pothole,QUEENS,nan,40.787198413472126,-73.7799889137467,2026-04-15 23:21:00,nan,4959.1547619047615,4660.0,2,1,10.396007028645833,2,0,0.7,4,22.3,0,Low,30,0.975,0.025,0.0,0.0
68588886,2026-04-07 18:28:12,Closed,Street Condition,Pothole,QUEENS,nan,40.74584421351302,-73.70653178846892,2026-04-07 18:28:12,nan,4959.1547619047615,4660.0,2,0,18.102152861979167,2,0,0.7,4,22.3,0,Low,30,0.981,0.019,0.0,0.0
68596383,2026-04-07 17:37:38,Closed,Street Condition,Pothole,QUEENS,260 STREET,40.74814528813921,-73.7134546909416,2026-04-09 21:45:00,nan,4959.1547619047615,4660.0,4,0,18.137268602719907,2,0,0.7,4,22.3,0,Low,30,0.892,0.108,0.0,0.0
68732590,2026-04-20 14:07:24,Closed,Street Condition,Pothole,QUEENS,CROCHERON AVENUE,40.763471558343205,-73.79110275397157,2026-04-20 15:14:00,nan,4959.1547619047615,6464.0,6,1,5.2832639730902775,2,0,0.7,4,22.2,0,Low,30,0.522,0.478,0.0,0.0
68663907,2026-04-14 13:31:53,Pending,Street Condition,Pothole,QUEENS,nan,40.72030388803784,-73.73233735891611,,nan,4959.1547619047615,4660.0,3,0,11.307928324942129,2,0,0.7,4,22.2,0,Low,30,0.954,0.046,0.0,0.0
68597757,2026-04-08 23:44:09,Closed,Street Condition,Pothole,QUEENS,nan,40.65691746118003,-73.74636309830915,2026-04-18 10:20:00,nan,4959.1547619047615,4660.0,2,1,16.882743139756943,2,0,0.7,4,22.2,0,Low,30,0.986,0.014,0.0,0.0
68677891,2026-04-15 17:14:03,Closed,Street Condition,Pothole,QUEENS,nan,40.73330040629176,-73.82522686896588,2026-04-16 02:54:00,nan,4959.1547619047615,4660.0,2,0,10.153645917534723,2,0,0.7,4,22.2,0,Low,30,0.998,0.002,0.0,0.0
68556362,2026-04-03 21:48:31,Closed,Street Condition,Pothole,QUEENS,nan,40.74193295150507,-73.79695147470842,2026-04-10 15:54:00,nan,4959.1547619047615,4660.0,2,1,21.96304406568287,2,0,0.7,4,22.2,0,Low,30,0.989,0.011,0.0,0.0
68727204,2026-04-20 15:38:10,Open,Street Condition,Pothole,BROOKLYN,nan,40.63003051902655,-73.93580039824596,,nan,5664.555555555556,6673.0,2,0,5.22023156568287,1,0,0.7,4,22.2,0,Low,30,0.999,0.001,0.0,0.0
68657442,2026-04-13 13:05:13,Closed,Street Condition,Pothole,BROOKLYN,nan,40.58106207019991,-74.00070560577348,2026-04-18 19:40:00,nan,5664.555555555556,6673.0,2,1,12.326446843460648,1,0,0.7,4,22.1,0,Low,30,0.998,0.002,0.0,0.0
68599159,2026-04-08 07:49:21,Closed,Street Condition,Pothole,QUEENS,nan,40.679892820889535,-73.85065851418706,2026-04-18 09:00:00,nan,4959.1547619047615,4660.0,2,0,17.5457986953125,2,0,0.7,4,22.1,0,Low,30,0.973,0.027,0.0,0.0
68528116,2026-04-01 18:29:56,Pending,Street Condition,Pothole,QUEENS,nan,40.70721936018754,-73.7649309656248,,nan,4959.1547619047615,4660.0,0,0,24.100949158275462,2,0,0.7,4,22.1,0,Low,30,0.992,0.008,0.0,0.0
68580297,2026-04-06 17:55:53,Closed,Street Condition,Pothole,BRONX,nan,40.911324184299175,-73.90656718994754,2026-04-06 17:55:53,nan,6677.6,6655.5,0,0,19.124594991608795,3,0,0.7,4,22.1,0,Low,30,0.998,0.002,0.0,0.0
68660665,2026-04-14 16:03:13,Open,Street Condition,Pothole,BROOKLYN,OCEAN AVENUE,40.63226850896585,-73.93759243607215,,nan,1410.142857142857,42188.0,3,0,11.202835732349536,1,0,0.7,4,22.1,0,Low,30,0.977,0.023,0.0,0.0
68754419,2026-04-22 13:03:55,Closed,Street Condition,Pothole,BROOKLYN,nan,40.62371600734448,-73.99313035650445,2026-04-22 13:03:55,nan,5664.555555555556,6673.0,6,0,3.327349621238426,1,0,0.7,4,22.1,0,Low,30,0.932,0.068,0.0,0.0
68597736,2026-04-08 09:51:01,Closed,Street Condition,Pothole,QUEENS,nan,40.73509778196285,-73.75048936181707,2026-04-11 11:08:00,nan,4959.1547619047615,4660.0,2,1,17.461307954571758,2,0,0.7,4,22.1,0,Low,30,0.989,0.011,0.0,0.0
68635004,2026-04-11 13:49:26,Closed,Street Condition,Pothole,QUEENS,nan,40.73996996115008,-73.7609469677333,2026-04-11 13:49:26,nan,4959.1547619047615,4660.0,3,0,14.29574082494213,2,0,0.7,4,22.1,0,Low,30,0.775,0.225,0.0,0.0
68722814,2026-04-19 18:11:05,Open,Street Condition,Pothole,QUEENS,nan,40.67677966122087,-73.85889616001818,,nan,4959.1547619047615,4660.0,3,0,6.114039436053241,2,0,0.7,4,22.1,0,Low,30,0.992,0.008,0.0,0.0
68528113,2026-04-01 20:19:35,Pending,Street Condition,Pothole,QUEENS,nan,40.7365996915829,-73.75328028443148,,nan,4959.1547619047615,4660.0,0,1,24.02480332494213,2,0,0.7,4,22.1,0,Low,30,0.999,0.001,0.0,0.0
68588899,2026-04-07 07:30:43,Closed,Street Condition,Pothole,QUEENS,nan,40.72621434011151,-73.92051499056612,2026-04-07 07:30:43,nan,4959.1547619047615,4660.0,3,0,18.558738510127316,2,0,0.7,4,22.1,0,Low,30,0.97,0.03,0.0,0.0
68609725,2026-04-09 13:13:15,Pending,Street Condition,Pothole,QUEENS,nan,40.76788792409486,-73.80202039920825,,nan,4959.1547619047615,4660.0,3,0,16.320868139756943,2,0,0.7,4,22.1,0,Low,30,0.923,0.077,0.0,0.0
68544514,2026-04-02 11:25:56,Closed,Street Condition,Pothole,QUEENS,nan,40.718271552655914,-73.8826282742592,2026-04-11 13:25:00,nan,4959.1547619047615,4660.0,1,0,23.395393602719906,2,0,0.7,4,22.1,0,Low,30,0.957,0.043,0.0,0.0
68667085,2026-04-14 22:52:28,Pending,Street Condition,Pothole,QUEENS,nan,40.59585602867145,-73.79259576791172,,nan,4959.1547619047615,4660.0,4,1,10.918634343460647,2,0,0.7,4,22.1,0,Low,30,0.874,0.126,0.0,0.0
68584660,2026-04-06 19:44:22,Closed,Street Condition,Pothole,BROOKLYN,nan,40.692849737663245,-73.90354134105293,2026-04-06 19:44:22,nan,5664.555555555556,6673.0,2,1,19.049259343460648,1,0,0.7,4,22.1,0,Low,30,0.978,0.022,0.0,0.0
68757459,2026-04-22 13:01:57,Open,Street Condition,Pothole,BROOKLYN,nan,40.62371600734448,-73.99313035650445,,nan,5664.555555555556,6673.0,6,0,3.3287153619791665,1,0,0.7,4,22.1,0,Low,30,0.932,0.068,0.0,0.0
68548503,2026-04-03 17:57:15,Closed,Street Condition,Pothole,QUEENS,nan,40.739650579375336,-73.74636931913592,2026-04-11 13:45:00,nan,4959.1547619047615,4660.0,2,1,22.123645917534724,2,0,0.7,4,22.0,0,Low,30,0.968,0.031,0.0,0.0
68644996,2026-04-13 01:50:39,Pending,Street Condition,Pothole,QUEENS,nan,40.70622105961461,-73.7279142526118,,nan,4959.1547619047615,4660.0,3,0,12.794895917534722,2,0,0.7,4,22.0,0,Low,30,0.913,0.087,0.0,0.0
68600502,2026-04-08 20:56:23,Closed,Street Condition,Pothole,QUEENS,nan,40.74505480723582,-73.71021274603943,2026-04-15 12:50:00,nan,4959.1547619047615,4660.0,3,0,16.999247769386574,2,0,0.7,4,22.0,0,Low,30,0.97,0.03,0.0,0.0
68647242,2026-04-12 15:27:49,Closed,Street Condition,Pothole,QUEENS,nan,40.70279438166465,-73.83213055212143,2026-04-13 03:00:00,nan,4959.1547619047615,4660.0,2,0,13.22741906568287,2,0,0.7,4,22.0,0,Low,30,0.998,0.002,0.0,0.0
68610458,2026-04-04 17:04:48,Closed,Street Condition,Pothole,QUEENS,nan,40.71887403582905,-73.82349342643373,2026-04-04 17:04:48,nan,4959.1547619047615,4660.0,1,1,21.160069528645835,2,0,0.7,4,22.0,0,Low,30,0.989,0.011,0.0,0.0
68584651,2026-04-04 17:00:21,Closed,Street Condition,Pothole,QUEENS,nan,40.71887403582905,-73.82349342643373,2026-04-06 18:20:00,nan,4959.1547619047615,4660.0,1,1,21.16315980642361,2,0,0.7,4,22.0,0,Low,30,0.989,0.011,0.0,0.0
68533345,2026-04-01 14:05:25,Closed,Street Condition,Pothole,BRONX,nan,40.911324184299175,-73.90656718994754,2026-04-01 14:05:25,nan,6677.6,6655.5,0,0,24.284641287905096,3,0,0.7,4,22.0,0,Low,30,0.989,0.011,0.0,0.0
68735442,2026-04-20 10:22:09,Closed,Street Condition,Pothole,QUEENS,nan,40.741370151875635,-73.79379196763273,2026-04-20 19:21:00,nan,4959.1547619047615,4660.0,4,1,5.439687584201389,2,0,0.7,4,22.0,0,Low,30,0.944,0.056,0.0,0.0
68551105,2026-04-04 00:18:40,Closed,Street Condition,Pothole,QUEENS,nan,40.74198115713489,-73.70607245003795,2026-04-15 09:00:00,nan,4959.1547619047615,4660.0,0,0,21.858773232349538,2,0,0.7,4,21.9,0,Low,30,0.994,0.006,0.0,0.0
68771504,2026-04-23 11:07:30,Open,Street Condition,Pothole,BRONX,nan,40.903577942236154,-73.91260121815054,,nan,6677.6,6655.5,1,1,2.4081945286458333,3,0,0.7,4,21.9,0,Low,30,0.999,0.001,0.0,0.0
68514053,2026-03-31 15:25:24,Closed,Street Condition,Pothole,QUEENS,nan,40.56090606971587,-73.91548600085787,2026-04-04 22:33:00,nan,4959.1547619047615,4660.0,2,0,25.229097306423615,2,0,0.7,3,21.9,0,Low,30,0.724,0.276,0.0,0.0
68664880,2026-04-14 07:45:44,Closed,Street Condition,Pothole,QUEENS,nan,40.727629622880755,-73.84427730525874,2026-04-14 07:45:44,nan,4959.1547619047615,4660.0,3,1,11.548310269386574,2,0,0.7,4,21.9,0,Low,30,0.957,0.043,0.0,0.0
68586622,2026-04-07 13:03:16,Closed,Street Condition,Pothole,QUEENS,nan,40.73989480211379,-73.71578165445742,2026-04-18 07:52:00,nan,4959.1547619047615,4660.0,2,0,18.327801010127313,2,0,0.7,4,21.9,0,Low,30,0.991,0.009,0.0,0.0
68621104,2026-04-10 09:42:45,Closed,Street Condition,Pothole,QUEENS,nan,40.724984679574874,-73.79421427324037,2026-04-10 09:42:45,nan,4959.1547619047615,4660.0,1,0,15.4670486953125,2,0,0.7,4,21.9,0,Low,30,0.993,0.007,0.0,0.0
68695192,2026-04-16 07:38:46,Closed,Street Condition,Pothole,QUEENS,nan,40.705490887638646,-73.72788837873111,2026-04-16 07:38:46,nan,4959.1547619047615,4660.0,3,0,9.553148232349537,2,0,0.7,4,21.9,0,Low,30,0.98,0.02,0.0,0.0
68672897,2026-04-15 15:39:06,Closed,Street Condition,Pothole,QUEENS,nan,40.68848534557373,-73.76582995965448,2026-04-15 15:39:06,nan,4959.1547619047615,4660.0,3,1,10.219583417534722,2,0,0.7,4,21.9,0,Low,30,0.934,0.066,0.0,0.0
68630049,2026-04-11 15:52:21,Closed,Street Condition,Pothole,BROOKLYN,nan,40.68216496256353,-73.88900864409592,2026-04-11 15:52:21,nan,5664.555555555556,6673.0,2,0,14.210382028645833,1,0,0.7,4,21.9,0,Low,30,0.973,0.027,0.0,0.0
68685373,2026-04-16 11:24:23,Pending,Street Condition,Pothole,QUEENS,nan,40.72261647635472,-73.8121878570701,,nan,4959.1547619047615,4660.0,3,0,9.396469991608797,2,0,0.7,4,21.9,0,Low,30,0.973,0.027,0.0,0.0
68698185,2026-04-17 09:24:45,Closed,Street Condition,Pothole,BRONX,nan,40.81916263363138,-73.87981290417615,2026-04-17 09:24:45,nan,6677.6,6655.5,0,0,8.4795486953125,3,0,0.7,4,21.9,0,Low,30,0.999,0.001,0.0,0.0
68606501,2026-04-08 21:11:54,Closed,Street Condition,Pothole,QUEENS,nan,40.73267668386468,-73.79333897585512,2026-04-08 21:11:54,nan,4959.1547619047615,4660.0,2,0,16.98847230642361,2,0,0.7,4,21.9,0,Low,30,0.97,0.03,0.0,0.0
68704509,2026-04-17 08:56:58,Closed,Street Condition,Pothole,BRONX,nan,40.81916263363138,-73.87981290417615,2026-04-21 09:55:00,nan,6677.6,6655.5,0,0,8.49884267679398,3,0,0.7,4,21.9,0,Low,30,0.999,0.001,0.0,0.0
68580851,2026-04-04 07:58:38,Closed,Street Condition,Pothole,QUEENS,nan,40.719247438641474,-73.81144699051096,2026-04-16 12:53:00,nan,4959.1547619047615,4660.0,1,0,21.53935193605324,2,0,0.7,4,21.9,0,Low,30,0.985,0.015,0.0,0.0
68765213,2026-04-23 13:36:55,Closed,Street Condition,Pothole,BRONX,nan,40.84954856236909,-73.85304636935012,2026-04-23 13:36:55,nan,6677.6,6655.5,4,0,2.3044329545717592,3,0,0.7,4,21.8,0,Low,30,0.982,0.018,0.0,0.0
68734007,2026-04-17 09:39:53,Closed,Street Condition,Pothole,QUEENS,nan,40.79595431371528,-73.8267562471417,2026-04-18 12:10:00,nan,4959.1547619047615,4660.0,2,0,8.46903943605324,2,0,0.7,4,21.8,0,Low,30,1.0,0.0,0.0,0.0
68660655,2026-04-14 15:27:13,Pending,Street Condition,Pothole,QUEENS,nan,40.68848534557373,-73.76582995965448,,nan,4959.1547619047615,4660.0,3,1,11.227835732349536,2,0,0.7,4,21.8,0,Low,30,0.917,0.083,0.0,0.0
68538941,2026-04-02 20:52:05,Closed,Street Condition,Pothole,QUEENS,120 AVENUE,40.68979035953715,-73.75201112204483,2026-04-02 20:52:05,nan,4959.1547619047615,2825.0,4,0,23.002233880497684,2,0,0.7,4,21.8,0,Low,30,0.82,0.179,0.0,0.0
68541986,2026-04-02 14:07:12,Closed,Street Condition,Pothole,QUEENS,nan,40.71818218795277,-73.78032496285253,2026-04-16 10:15:00,nan,4959.1547619047615,4660.0,1,0,23.283402861979166,2,0,0.7,4,21.8,0,Low,30,0.917,0.082,0.0,0.0
68592194,2026-04-07 19:48:10,Closed,Street Condition,Pothole,QUEENS,nan,40.723726878244726,-73.88409423177573,2026-04-18 09:59:00,nan,4959.1547619047615,4660.0,2,0,18.04662045457176,2,0,0.7,4,21.7,0,Low,30,0.957,0.043,0.0,0.0
68721804,2026-04-19 09:52:35,Closed,Street Condition,Pothole,QUEENS,nan,40.758982755971395,-73.87074576429843,2026-04-23 12:39:00,nan,4959.1547619047615,4660.0,4,1,6.460219991608796,2,0,0.7,4,21.7,0,Low,30,0.986,0.014,0.0,0.0
68685366,2026-04-16 08:10:58,Closed,Street Condition,Pothole,BROOKLYN,nan,40.632028059794536,-74.03344819888213,2026-04-22 12:22:00,nan,5664.555555555556,6673.0,2,0,9.530787121238426,1,0,0.7,4,21.7,0,Low,30,0.999,0.001,0.0,0.0
68637488,2026-04-11 13:14:19,Closed,Street Condition,Pothole,QUEENS,nan,40.71818218795277,-73.78032496285253,2026-04-21 18:45:00,nan,4959.1547619047615,4660.0,1,0,14.320127399016204,2,0,0.7,4,21.7,0,Low,30,0.511,0.488,0.0,0.0
68530936,2026-04-01 16:14:14,Pending,Street Condition,Pothole,QUEENS,nan,40.72621434011151,-73.92051499056612,,nan,4959.1547619047615,4660.0,3,0,24.195185269386574,2,0,0.7,4,21.7,0,Low,30,0.946,0.053,0.0,0.0
68532372,2026-04-01 18:10:39,Closed,Street Condition,Pothole,QUEENS,nan,40.706953993315146,-73.72794732947887,2026-04-11 23:51:00,nan,4959.1547619047615,4660.0,1,0,24.114340361979167,2,0,0.7,4,21.7,0,Low,30,0.898,0.102,0.0,0.0
68763804,2026-04-23 10:05:05,Closed,Street Condition,Pothole,QUEENS,nan,40.72604688081713,-73.82400117727384,2026-04-23 20:33:00,nan,4959.1547619047615,4660.0,4,0,2.451539436053241,2,0,0.7,4,21.7,0,Low,30,0.959,0.041,0.0,0.0
68749436,2026-04-21 10:04:33,Open,Street Condition,Pothole,BRONX,nan,40.83320166044467,-73.81701073542892,,nan,6677.6,6655.5,1,0,4.451909806423611,3,0,0.7,4,21.7,0,Low,30,0.997,0.003,0.0,0.0
68689854,2026-04-16 12:56:12,Pending,Street Condition,Pothole,QUEENS,nan,40.72609830306609,-73.91942555346964,,nan,4959.1547619047615,4660.0,3,0,9.332708417534722,2,0,0.7,4,21.7,0,Low,30,0.985,0.015,0.0,0.0
68710777,2026-04-17 14:21:25,Closed,Street Condition,Pothole,QUEENS,nan,40.686700351371954,-73.73744096893489,2026-04-18 11:30:00,nan,4959.1547619047615,4660.0,3,0,8.273530176793981,2,0,0.7,4,21.7,0,Low,30,0.994,0.006,0.0,0.0
68525175,2026-03-31 18:12:47,Closed,Street Condition,Pothole,QUEENS,nan,40.74584421351302,-73.70653178846892,2026-04-11 09:03:00,nan,4959.1547619047615,4660.0,2,0,25.112858880497686,2,0,0.7,3,21.7,0,Low,30,0.913,0.087,0.0,0.0
68689386,2026-04-16 10:00:34,Closed,Street Condition,Pothole,BROOKLYN,nan,40.632028059794536,-74.03344819888213,2026-04-16 10:00:34,nan,5664.555555555556,6673.0,2,0,9.454676010127315,1,0,0.7,4,21.7,0,Low,30,0.999,0.001,0.0,0.0
68750314,2026-04-22 09:25:32,Closed,Street Condition,Pothole,QUEENS,nan,40.7117223570224,-73.74627719803875,2026-04-22 12:15:00,nan,4959.1547619047615,4660.0,5,0,3.4790047138310185,2,0,0.7,4,21.7,0,Low,30,0.924,0.076,0.0,0.0
68576031,2026-04-06 13:25:11,Closed,Street Condition,Pothole,BRONX,nan,40.911324184299175,-73.90656718994754,2026-04-06 13:25:11,nan,6677.6,6655.5,0,0,19.312581102719907,3,0,0.7,4,21.6,0,Low,30,0.998,0.002,0.0,0.0
68647232,2026-04-12 21:40:02,Open,Street Condition,Pothole,BRONX,nan,40.911324184299175,-73.90656718994754,,nan,6677.6,6655.5,0,0,12.968935269386574,3,0,0.7,4,21.6,0,Low,30,0.987,0.013,0.0,0.0
68581774,2026-04-02 09:01:29,Closed,Street Condition,Pothole,QUEENS,nan,40.57134706357576,-73.8592412624737,2026-04-03 10:20:00,nan,4959.1547619047615,4660.0,1,0,23.495706102719907,2,0,0.7,4,21.6,0,Low,30,0.835,0.165,0.0,0.0
68531851,2026-04-01 11:05:28,Closed,Street Condition,Pothole,QUEENS,nan,40.70788145680786,-73.7652280027867,2026-04-01 23:15:00,nan,4959.1547619047615,4660.0,0,0,24.40960656568287,2,0,0.7,4,21.6,0,Low,30,0.931,0.068,0.0,0.0
68683343,2026-04-15 15:41:42,Closed,Street Condition,Pothole,QUEENS,nan,40.69104664978981,-73.73922324000723,2026-04-15 15:41:42,nan,4959.1547619047615,4660.0,2,0,10.217777861979167,2,0,0.7,4,21.6,0,Low,30,0.958,0.042,0.0,0.0
68714552,2026-04-18 16:36:57,Closed,Street Condition,Pothole,QUEENS,nan,40.73310025376501,-73.70869153283712,2026-04-18 21:45:00,nan,4959.1547619047615,4660.0,3,1,7.179409806423611,2,0,0.7,4,21.6,0,Low,30,0.997,0.003,0.0,0.0
68590254,2026-04-07 20:05:06,Closed,Street Condition,Pothole,QUEENS,nan,40.5842242605398,-73.81385512349091,2026-04-07 20:05:06,nan,4959.1547619047615,4660.0,1,1,18.0348611953125,2,0,0.7,4,21.5,0,Low,30,0.988,0.012,0.0,0.0
68547965,2026-04-02 12:51:26,Closed,Street Condition,Pothole,BROOKLYN,nan,40.62406197204175,-73.90589942743428,2026-04-03 08:35:00,nan,5664.555555555556,6673.0,0,1,23.336018602719907,1,0,0.7,4,21.5,0,Low,30,0.916,0.083,0.0,0.0
68679415,2026-04-15 11:48:28,Open,Street Condition,Pothole,BRONX,nan,40.90336032499629,-73.9115669025736,,nan,6677.6,6655.5,1,1,10.37974545457176,3,0,0.7,4,21.5,0,Low,30,0.977,0.023,0.0,0.0
68730169,2026-04-20 15:14:45,Pending,Street Condition,Pothole,QUEENS,nan,40.66227596883908,-73.85427353727108,,nan,4959.1547619047615,4660.0,4,0,5.236493139756944,2,0,0.7,4,21.5,0,Low,30,0.974,0.026,0.0,0.0
68722815,2026-04-19 17:46:25,Open,Street Condition,Pothole,QUEENS,nan,40.76453326003775,-73.74085240008004,,nan,4959.1547619047615,4660.0,3,0,6.131169065682871,2,0,0.7,4,21.5,0,Low,30,0.996,0.004,0.0,0.0
68577452,2026-04-05 18:54:05,Closed,Street Condition,Pothole,QUEENS,nan,40.74584421351302,-73.70653178846892,2026-04-05 18:54:05,nan,4959.1547619047615,4660.0,2,0,20.08417832494213,2,0,0.7,4,21.4,0,Low,30,0.981,0.018,0.0,0.0
68683882,2026-04-16 00:43:53,Closed,Street Condition,Pothole,QUEENS,48 STREET,40.72308583847206,-73.92127633942825,2026-04-16 16:54:00,nan,4959.1547619047615,4660.0,3,1,9.841261658275462,2,0,0.7,4,21.4,0,Low,30,0.988,0.012,0.0,0.0
68583737,2026-04-05 17:09:00,Closed,Street Condition,Pothole,QUEENS,nan,40.74256703423045,-73.70334523891631,2026-04-15 09:15:00,nan,4959.1547619047615,4660.0,2,0,20.157152861979167,2,0,0.7,4,21.4,0,Low,30,0.988,0.012,0.0,0.0
68608429,2026-04-09 07:29:33,Pending,Street Condition,Pothole,QUEENS,nan,40.684221822216784,-73.75102947040288,,nan,4959.1547619047615,4660.0,3,0,16.5595486953125,2,0,0.7,4,21.4,0,Low,30,0.974,0.026,0.0,0.0
68619759,2026-04-10 08:42:56,Closed,Street Condition,Pothole,QUEENS,nan,40.71580653703652,-73.88791732478406,2026-04-10 08:42:56,nan,4959.1547619047615,4660.0,2,0,15.508588047164352,2,0,0.7,4,21.4,0,Low,30,0.987,0.013,0.0,0.0
68747961,2026-04-21 11:56:13,Open,Street Condition,Pothole,BRONX,nan,40.85748409656854,-73.90966857566818,,nan,6677.6,6655.5,5,1,4.374363510127314,3,0,0.7,4,21.4,0,Low,30,0.81,0.19,0.0,0.0
68708268,2026-04-17 15:42:37,Closed,Street Condition,Pothole,QUEENS,nan,40.79242766702253,-73.79985277111172,2026-04-18 08:30:00,nan,4959.1547619047615,4660.0,1,0,8.217141287905092,2,0,0.7,4,21.4,0,Low,30,0.999,0.001,0.0,0.0
68628043,2026-04-10 07:41:12,Closed,Street Condition,Pothole,QUEENS,nan,40.71580653703652,-73.88791732478406,2026-04-18 09:41:00,nan,4959.1547619047615,4660.0,2,0,15.551458417534722,2,0,0.7,4,21.4,0,Low,30,0.987,0.013,0.0,0.0
68626736,2026-04-10 12:37:17,Closed,Street Condition,Pothole,QUEENS,nan,40.73193070813031,-73.80795445692593,2026-04-18 09:15:00,nan,4959.1547619047615,4660.0,2,1,15.345844991608796,2,0,0.7,4,21.4,0,Low,30,0.987,0.013,0.0,0.0
68584693,2026-04-05 23:57:36,Closed,Street Condition,Pothole,QUEENS,120 AVENUE,40.68979035953715,-73.75201112204483,2026-04-05 23:57:36,nan,4959.1547619047615,2825.0,4,0,19.873402861979166,2,0,0.7,4,21.3,0,Low,30,0.82,0.18,0.0,0.0
68643808,2026-04-12 13:00:22,Closed,Street Condition,Pothole,QUEENS,nan,40.71827799347932,-73.8635701318199,2026-04-18 10:45:00,nan,4959.1547619047615,4660.0,3,0,13.329814899016203,2,0,0.7,4,21.3,0,Low,30,0.937,0.063,0.0,0.0
68692276,2026-04-16 07:37:06,Closed,Street Condition,Pothole,QUEENS,nan,40.68848534557373,-73.76582995965448,2026-04-16 20:45:00,nan,4959.1547619047615,4660.0,3,1,9.554305639756944,2,0,0.7,4,21.3,0,Low,30,0.942,0.058,0.0,0.0
68671894,2026-04-14 16:32:55,Pending,Street Condition,Pothole,QUEENS,nan,40.715773343301734,-73.87437554332324,,nan,4959.1547619047615,4660.0,3,0,11.182210732349537,2,0,0.7,4,21.3,0,Low,30,0.94,0.06,0.0,0.0
68688391,2026-04-16 18:37:08,Open,Street Condition,Pothole,BRONX,nan,40.88556908592054,-73.91876212877358,,nan,6677.6,6655.5,0,0,9.095949158275463,3,0,0.7,4,21.3,0,Low,30,0.997,0.003,0.0,0.0
68646131,2026-04-12 19:30:42,Closed,Street Condition,Pothole,BROOKLYN,nan,40.602895218797755,-73.94039282196016,2026-04-18 19:15:00,nan,5664.555555555556,6673.0,1,0,13.058750084201389,1,0,0.7,4,21.3,0,Low,30,0.985,0.015,0.0,0.0
68536775,2026-04-01 17:15:22,Pending,Street Condition,Pothole,QUEENS,nan,40.73267668386468,-73.79333897585512,,nan,4959.1547619047615,4660.0,2,0,24.15273156568287,2,0,0.7,4,21.3,0,Low,30,0.969,0.031,0.0,0.0
68701097,2026-04-17 20:21:08,Closed,Street Condition,Pothole,BROOKLYN,nan,40.65152093847471,-73.90945011598753,2026-04-17 20:21:08,nan,5664.555555555556,6673.0,6,0,8.02372693605324,1,0,0.7,4,21.2,0,Low,30,0.92,0.08,0.0,0.0
68762885,2026-04-23 09:11:38,Pending,Street Condition,Pothole,QUEENS,nan,40.59801616352458,-73.76545946281247,,nan,4959.1547619047615,4660.0,5,0,2.4886574916087962,2,0,0.7,4,21.2,0,Low,30,0.968,0.032,0.0,0.0
68526688,2026-04-01 14:45:58,Pending,Street Condition,Pothole,QUEENS,nan,40.71630524808546,-73.85518710687637,,nan,4959.1547619047615,4660.0,0,0,24.25648156568287,2,0,0.7,4,21.2,0,Low,30,0.985,0.015,0.0,0.0
68741368,2026-04-21 13:14:37,Closed,Street Condition,Pothole,BRONX,nan,40.867592291055104,-73.85094201799178,2026-04-21 13:14:37,nan,6677.6,6655.5,1,1,4.31991906568287,3,0,0.7,4,21.2,0,Low,30,0.998,0.002,0.0,0.0
68586624,2026-04-07 09:13:49,Closed,Street Condition,Pothole,QUEENS,nan,40.735383778821856,-73.75977987258848,2026-04-11 13:03:00,nan,4959.1547619047615,4660.0,0,0,18.487141287905093,2,0,0.7,4,21.1,0,Low,30,0.996,0.004,0.0,0.0
68698178,2026-04-18 01:14:17,Closed,Street Condition,Pothole,QUEENS,nan,40.69104664978981,-73.73922324000723,2026-04-18 01:14:17,nan,4959.1547619047615,4660.0,2,0,7.820150547164352,2,0,0.7,4,21.1,0,Low,30,0.971,0.029,0.0,0.0
68697192,2026-04-17 17:30:17,Closed,Street Condition,Pothole,QUEENS,nan,40.67513022869253,-73.74314295684815,2026-04-21 09:14:00,nan,4959.1547619047615,4660.0,3,0,8.142372769386574,2,0,0.7,4,21.1,0,Low,30,0.998,0.002,0.0,0.0
68675900,2026-04-13 07:13:15,Closed,Street Condition,Pothole,BROOKLYN,nan,40.65734788840061,-73.97404293877959,2026-04-14 12:40:00,nan,5664.555555555556,6673.0,2,0,12.570868139756945,1,0,0.7,4,21.1,0,Low,30,0.997,0.003,0.0,0.0
68533835,2026-04-01 10:37:21,Closed,Street Condition,Pothole,QUEENS,nan,40.554941261958575,-73.92700194375414,2026-04-03 09:44:00,nan,4959.1547619047615,4660.0,0,0,24.429132028645835,2,0,0.7,4,21.1,0,Low,30,0.955,0.045,0.0,0.0
68620208,2026-04-10 09:09:18,Closed,Street Condition,Pothole,QUEENS,nan,40.777478486976,-73.91730892308352,2026-04-21 12:05:00,nan,4959.1547619047615,4660.0,2,0,15.490277861979166,2,0,0.7,4,21.0,0,Low,30,0.985,0.015,0.0,0.0
68528093,2026-04-01 09:09:49,Closed,Street Condition,Pothole,BROOKLYN,nan,40.700429753078254,-73.97359338775009,2026-04-03 22:00:00,nan,5664.555555555556,6673.0,0,0,24.489919065682873,1,0,0.7,4,21.0,0,Low,30,0.936,0.063,0.0,0.0
68581771,2026-04-02 09:04:32,Closed,Street Condition,Pothole,QUEENS,nan,40.577298273432376,-73.84469260010341,2026-04-03 10:48:00,nan,4959.1547619047615,4660.0,0,0,23.49358804716435,2,0,0.7,4,21.0,0,Low,30,0.992,0.008,0.0,0.0
68766685,2026-04-23 08:09:26,Closed,Street Condition,Pothole,QUEENS,nan,40.67138040380559,-73.73211552600739,2026-04-23 21:22:00,nan,4959.1547619047615,4660.0,6,1,2.5318519360532408,2,0,0.7,4,21.0,0,Low,30,0.967,0.033,0.0,0.0
68698651,2026-04-17 21:41:38,Open,Street Condition,Pothole,QUEENS,nan,40.74236903519986,-73.70426635588636,,nan,4959.1547619047615,4660.0,2,0,7.967824158275462,2,0,0.7,4,21.0,0,Low,30,0.999,0.001,0.0,0.0
68596379,2026-04-07 18:42:25,Closed,Street Condition,Pothole,QUEENS,nan,40.74239143454491,-73.71312216978781,2026-04-15 11:00:00,nan,4959.1547619047615,4660.0,2,0,18.09228017679398,2,0,0.7,4,21.0,0,Low,30,0.998,0.002,0.0,0.0
68699644,2026-04-17 14:09:03,Closed,Street Condition,Pothole,BRONX,nan,40.81085579919087,-73.80464889849709,2026-04-17 14:09:03,nan,6677.6,6655.5,0,0,8.282118139756944,3,0,0.7,4,21.0,0,Low,30,0.998,0.002,0.0,0.0
68689829,2026-04-17 01:22:51,Pending,Street Condition,Pothole,QUEENS,nan,40.68848534557373,-73.76582995965448,,nan,4959.1547619047615,4660.0,3,1,8.814201473090277,2,0,0.7,4,21.0,0,Low,30,0.914,0.086,0.0,0.0
68706870,2026-04-18 01:12:25,Closed,Street Condition,Pothole,QUEENS,nan,40.705490887638646,-73.72788837873111,2026-04-18 01:12:25,nan,4959.1547619047615,4660.0,3,0,7.821446843460648,2,0,0.7,4,20.9,0,Low,30,0.984,0.016,0.0,0.0
68543273,2026-04-02 10:46:24,Open,Street Condition,Pothole,BRONX,nan,40.81100702163253,-73.80480379110641,,nan,6677.6,6655.5,0,0,23.42284730642361,3,0,0.7,4,20.9,0,Low,30,0.993,0.007,0.0,0.0
68752187,2026-04-22 10:16:28,Open,Street Condition,Pothole,BRONX,nan,40.84618224066082,-73.81927377623515,,nan,6677.6,6655.5,1,0,3.443634343460648,3,0,0.7,4,20.9,0,Low,30,0.997,0.003,0.0,0.0
68583240,2026-04-02 09:00:04,Closed,Street Condition,Pothole,QUEENS,nan,40.569404139963865,-73.86413334947258,2026-04-03 09:08:00,nan,4959.1547619047615,4660.0,1,0,23.496689899016204,2,0,0.7,4,20.9,0,Low,30,0.905,0.095,0.0,0.0
68680383,2026-04-15 08:43:34,Closed,Street Condition,Pothole,QUEENS,144 STREET,40.78934040885278,-73.82553839333063,2026-04-15 14:14:00,nan,4959.1547619047615,238.0,2,1,10.508148232349537,2,0,0.7,4,20.9,0,Low,30,0.995,0.005,0.0,0.0
68668076,2026-04-14 09:36:41,Closed,Street Condition,Pothole,QUEENS,nan,40.71580653703652,-73.88791732478406,2026-04-14 09:36:41,nan,4959.1547619047615,4660.0,2,0,11.471261658275463,2,0,0.7,4,20.9,0,Low,30,0.996,0.004,0.0,0.0
68608388,2026-04-04 08:34:37,Closed,Street Condition,Pothole,QUEENS,nan,40.76513892061859,-73.79955933867802,2026-04-15 20:15:00,nan,4959.1547619047615,4660.0,1,1,21.514363510127314,2,0,0.7,4,20.9,0,Low,30,0.978,0.022,0.0,0.0
68768605,2026-04-23 13:45:50,Open,Street Condition,Pothole,BROOKLYN,nan,40.63145625797648,-73.99224688651346,,nan,5664.555555555556,6673.0,4,0,2.2982408249421296,1,0,0.7,4,20.9,0,Low,30,0.954,0.046,0.0,0.0
68629363,2026-04-11 15:43:25,Closed,Street Condition,Pothole,BROOKLYN,nan,40.647600666352886,-73.88148051696534,2026-04-21 11:47:00,nan,5664.555555555556,6673.0,2,0,14.216585732349538,1,0,0.7,4,20.9,0,Low,30,0.991,0.009,0.0,0.0
68538145,2026-04-02 11:01:16,Closed,Street Condition,Pothole,QUEENS,nan,40.726158038136774,-73.88614648969293,2026-04-11 09:55:00,nan,4959.1547619047615,4660.0,1,0,23.412523232349535,2,0,0.7,4,20.9,0,Low,30,0.972,0.028,0.0,0.0
68587984,2026-04-07 12:36:40,Closed,Street Condition,Pothole,QUEENS,nan,40.71645668932115,-73.85777324586378,2026-04-13 13:40:00,nan,4959.1547619047615,4660.0,1,0,18.346273232349535,2,0,0.7,4,20.8,0,Low,30,0.996,0.004,0.0,0.0
68696706,2026-04-17 14:04:11,Closed,Street Condition,Pothole,BRONX,nan,40.80988231004594,-73.8035571940226,2026-04-17 14:04:11,nan,6677.6,6655.5,0,0,8.285497769386573,3,0,0.7,4,20.8,0,Low,30,0.999,0.001,0.0,0.0
68710783,2026-04-18 04:00:34,Closed,Street Condition,Pothole,QUEENS,nan,40.67679651926412,-73.80633585709849,2026-04-18 19:54:00,nan,4959.1547619047615,4660.0,3,0,7.704676010127314,2,0,0.7,4,20.8,0,Low,30,0.996,0.004,0.0,0.0
68642161,2026-04-12 08:50:58,Closed,Street Condition,Pothole,QUEENS,nan,40.74193295150507,-73.79695147470842,2026-04-12 08:50:58,nan,4959.1547619047615,4660.0,2,1,13.503009343460647,2,0,0.7,4,20.8,0,Low,30,0.994,0.006,0.0,0.0
68743411,2026-04-21 17:33:43,Closed,Street Condition,Pothole,QUEENS,nan,40.670779247626925,-73.84787072096435,2026-04-21 19:22:00,nan,4959.1547619047615,4660.0,4,1,4.139988510127314,2,0,0.7,4,20.8,0,Low,30,0.832,0.168,0.0,0.0
68755685,2026-04-21 14:42:49,Closed,Street Condition,Pothole,QUEENS,nan,40.56090606971587,-73.91548600085787,2026-04-22 08:45:00,nan,4959.1547619047615,4660.0,2,0,4.25866906568287,2,0,0.7,4,20.8,0,Low,30,0.993,0.007,0.0,0.0
68621534,2026-04-10 09:41:24,Closed,Street Condition,Pothole,BROOKLYN,nan,40.62323731950507,-73.91490635543148,2026-04-11 13:00:00,nan,5664.555555555556,6673.0,1,0,15.4679861953125,1,0,0.7,4,20.8,0,Low,30,0.988,0.012,0.0,0.0
68717026,2026-04-17 15:01:44,Closed,Street Condition,Pothole,QUEENS,nan,40.74395677663896,-73.70583276749498,2026-04-18 14:30:00,nan,4959.1547619047615,4660.0,0,0,8.245532491608795,2,0,0.7,4,20.7,0,Low,30,1.0,0.0,0.0,0.0
68640953,2026-04-13 01:52:56,Closed,Street Condition,Pothole,QUEENS,nan,40.68527890014995,-73.77239993054968,2026-04-13 01:52:56,nan,4959.1547619047615,4660.0,2,1,12.793310269386573,2,0,0.7,4,20.7,0,Low,30,0.961,0.039,0.0,0.0
68536287,2026-04-01 12:19:21,Closed,Street Condition,Pothole,BRONX,nan,40.911324184299175,-73.90656718994754,2026-04-01 12:19:21,nan,6677.6,6655.5,0,0,24.358298695312502,3,0,0.7,4,20.7,0,Low,30,0.995,0.005,0.0,0.0
68578878,2026-04-05 08:58:43,Closed,Street Condition,Pothole,QUEENS,nan,40.569404139963865,-73.86413334947258,2026-04-06 08:59:00,nan,4959.1547619047615,4660.0,1,0,20.497627399016203,2,0,0.7,4,20.7,0,Low,30,0.992,0.008,0.0,0.0
68673460,2026-04-15 09:20:23,Pending,Street Condition,Pothole,QUEENS,nan,40.680064787457326,-73.8478351171216,,nan,4959.1547619047615,4660.0,0,0,10.482581102719907,2,0,0.7,4,20.7,0,Low,30,1.0,0.0,0.0,0.0
68684882,2026-04-16 07:40:20,Closed,Street Condition,Pothole,QUEENS,nan,40.69104664978981,-73.73922324000723,2026-04-16 07:40:20,nan,4959.1547619047615,4660.0,2,0,9.552060269386574,2,0,0.7,4,20.6,0,Low,30,0.976,0.024,0.0,0.0
68679409,2026-04-15 18:15:52,Open,Street Condition,Pothole,BRONX,nan,40.845291456674005,-73.85299794452786,,nan,6677.6,6655.5,0,0,10.110717676793982,3,0,0.7,4,20.6,0,Low,30,0.998,0.002,0.0,0.0
68723864,2026-04-19 09:06:44,Open,Street Condition,Pothole,QUEENS,nan,40.70437089225541,-73.83282628104124,,nan,4959.1547619047615,4660.0,2,1,6.492060269386574,2,0,0.7,4,20.6,0,Low,30,0.999,0.001,0.0,0.0
68722439,2026-04-19 13:23:41,Closed,Street Condition,Pothole,QUEENS,nan,40.586317414785896,-73.8065226354865,2026-04-19 13:23:41,nan,4959.1547619047615,4660.0,1,0,6.313622769386574,2,0,0.7,4,20.6,0,Low,30,1.0,0.0,0.0,0.0
68724909,2026-04-19 19:25:01,Closed,Street Condition,Pothole,QUEENS,nan,40.74895077676582,-73.79053112919027,2026-04-22 08:20:00,nan,4959.1547619047615,4660.0,3,0,6.062696843460648,2,0,0.7,4,20.6,0,Low,30,0.958,0.042,0.0,0.0
68671216,2026-04-14 12:33:43,Closed,Street Condition,Pothole,QUEENS,nan,40.74256703423045,-73.70334523891631,2026-04-14 12:33:43,nan,4959.1547619047615,4660.0,2,0,11.348321843460647,2,0,0.7,4,20.6,0,Low,30,0.998,0.002,0.0,0.0
68648481,2026-04-13 22:33:03,Open,Street Condition,Pothole,BROOKLYN,nan,40.72792795154911,-73.94011501822816,,nan,5664.555555555556,6673.0,1,0,11.932118139756945,1,0,0.7,4,20.6,0,Low,30,0.988,0.012,0.0,0.0
68645677,2026-04-12 17:25:55,Closed,Street Condition,Pothole,QUEENS,nan,40.74256703423045,-73.70334523891631,2026-04-12 17:25:55,nan,4959.1547619047615,4660.0,2,0,13.14540517679398,2,0,0.7,4,20.6,0,Low,30,0.996,0.004,0.0,0.0
68576538,2026-04-05 00:58:19,Closed,Street Condition,Pothole,QUEENS,nan,40.73108132164628,-73.7739970491349,2026-04-18 11:25:00,nan,4959.1547619047615,4660.0,0,0,20.831238510127314,2,0,0.7,4,20.6,0,Low,30,0.997,0.003,0.0,0.0
68610453,2026-04-09 07:50:53,Closed,Street Condition,Pothole,QUEENS,nan,40.652564629491025,-73.74654903024499,2026-04-09 07:50:53,nan,4959.1547619047615,4660.0,0,1,16.544733880497684,2,0,0.7,4,20.6,0,Low,30,0.999,0.001,0.0,0.0
68670269,2026-04-14 15:03:57,Pending,Street Condition,Pothole,QUEENS,nan,40.77927979314408,-73.9008741728962,,nan,4959.1547619047615,4660.0,2,0,11.243993139756943,2,0,0.7,4,20.6,0,Low,30,0.997,0.003,0.0,0.0
68680380,2026-04-15 11:19:43,Closed,Street Condition,Pothole,QUEENS,nan,40.68625095400348,-73.76847358848285,2026-04-15 11:19:43,nan,4959.1547619047615,4660.0,1,1,10.399710732349536,2,0,0.7,4,20.5,0,Low,30,0.999,0.001,0.0,0.0
68668068,2026-04-13 14:51:15,Closed,Street Condition,Pothole,QUEENS,228 STREET,40.66322624671581,-73.75070413351055,2026-04-14 12:48:00,nan,4959.1547619047615,4660.0,4,0,12.252812584201388,2,0,0.7,4,20.5,0,Low,30,0.98,0.02,0.0,0.0
68628040,2026-04-10 10:11:18,Closed,Street Condition,Pothole,QUEENS,nan,40.77091676389419,-73.88904124299525,2026-04-18 12:35:00,nan,4959.1547619047615,4660.0,1,0,15.44722230642361,2,0,0.7,4,20.5,0,Low,30,0.992,0.008,0.0,0.0
68735441,2026-04-20 10:55:51,Closed,Street Condition,Pothole,QUEENS,nan,40.56090606971587,-73.91548600085787,2026-04-20 23:12:00,nan,4959.1547619047615,4660.0,2,0,5.416284806423611,2,0,0.7,4,20.5,0,Low,30,0.994,0.006,0.0,0.0
68713266,2026-04-18 14:12:58,Closed,Street Condition,Pothole,QUEENS,nan,40.56090606971587,-73.91548600085787,2026-04-18 21:45:00,nan,4959.1547619047615,4660.0,2,0,7.2793982323495365,2,0,0.7,4,20.4,0,Low,30,0.994,0.006,0.0,0.0
68587983,2026-04-07 13:04:34,Closed,Street Condition,Pothole,QUEENS,nan,40.74336274351488,-73.70861418133741,2026-04-15 10:25:00,nan,4959.1547619047615,4660.0,2,0,18.326898232349535,2,0,0.7,4,20.4,0,Low,30,0.999,0.001,0.0,0.0
68741371,2026-04-21 06:38:32,Closed,Street Condition,Pothole,BRONX,nan,40.81916263363138,-73.87981290417615,2026-04-21 06:38:32,nan,6677.6,6655.5,0,0,4.59497693605324,3,0,0.7,4,20.4,0,Low,30,0.999,0.001,0.0,0.0
68733080,2026-04-20 11:18:04,Pending,Street Condition,Pothole,QUEENS,nan,40.73193070813031,-73.80795445692593,,nan,4959.1547619047615,4660.0,2,1,5.40085656568287,2,0,0.7,4,20.4,0,Low,30,0.999,0.001,0.0,0.0
68739012,2026-04-21 11:33:25,Pending,Street Condition,Pothole,QUEENS,nan,40.66550889637562,-73.85611562995088,,nan,4959.1547619047615,4660.0,3,0,4.3901968434606475,2,0,0.7,4,20.3,0,Low,30,0.996,0.004,0.0,0.0
68547169,2026-04-02 16:42:15,Closed,Street Condition,Pothole,QUEENS,nan,40.7744159282469,-73.7978525366638,2026-04-14 13:17:00,nan,4959.1547619047615,4660.0,1,0,23.175729250868056,2,0,0.7,4,20.3,0,Low,30,0.97,0.03,0.0,0.0
68590253,2026-04-08 01:05:41,Closed,Street Condition,Pothole,QUEENS,nan,40.719247438641474,-73.81144699051096,2026-04-08 01:05:41,nan,4959.1547619047615,4660.0,1,0,17.826122769386576,2,0,0.7,4,20.2,0,Low,30,0.994,0.006,0.0,0.0
68669695,2026-04-14 07:25:24,Closed,Street Condition,Pothole,QUEENS,nan,40.65740589843868,-73.7450601378565,2026-04-14 11:21:00,nan,4959.1547619047615,4660.0,3,1,11.562430639756943,2,0,0.7,4,20.2,0,Low,30,0.999,0.001,0.0,0.0
68683348,2026-04-15 12:00:48,Closed,Street Condition,Pothole,QUEENS,nan,40.7443500939338,-73.7040085498426,2026-04-15 12:00:48,nan,4959.1547619047615,4660.0,0,0,10.371180639756945,2,0,0.7,4,20.2,0,Low,30,1.0,0.0,0.0,0.0
68686844,2026-04-16 17:52:32,Closed,Street Condition,Pothole,BROOKLYN,nan,40.57750093783054,-73.94726237726353,2026-04-18 18:25:00,nan,5664.555555555556,6673.0,1,0,9.126921380497684,1,0,0.7,4,20.2,0,Low,30,0.999,0.001,0.0,0.0
68758789,2026-04-22 12:10:23,Pending,Street Condition,Pothole,QUEENS,nan,40.75757822819593,-73.76797299399531,,nan,4959.1547619047615,4660.0,4,1,3.3645255471643516,2,0,0.7,4,20.2,0,Low,30,0.905,0.095,0.0,0.0
68690803,2026-04-17 01:27:09,Closed,Street Condition,Pothole,QUEENS,nan,40.69104664978981,-73.73922324000723,2026-04-17 01:27:09,nan,4959.1547619047615,4660.0,2,0,8.811215361979167,2,0,0.7,4,20.2,0,Low,30,0.967,0.033,0.0,0.0
68538948,2026-04-02 11:23:15,Closed,Street Condition,Pothole,QUEENS,nan,40.657634198786845,-73.74902385973594,2026-04-02 11:23:15,nan,4959.1547619047615,4660.0,0,0,23.397257028645832,2,0,0.7,4,20.2,0,Low,30,0.999,0.001,0.0,0.0
68717465,2026-04-18 04:18:13,Pending,Street Condition,Pothole,QUEENS,nan,40.70279438166465,-73.83213055212143,,nan,4959.1547619047615,4660.0,2,0,7.69241906568287,2,0,0.7,4,20.2,0,Low,30,1.0,0.0,0.0,0.0
68750317,2026-04-22 08:13:07,Closed,Street Condition,Pothole,QUEENS,nan,40.7515860835717,-73.74570669268,2026-04-22 21:45:00,nan,4959.1547619047615,4660.0,4,1,3.52929406568287,2,0,0.7,4,20.1,0,Low,30,0.967,0.033,0.0,0.0
68580896,2026-04-06 14:24:07,Closed,Street Condition,Pothole,QUEENS,nan,40.73133565964669,-73.725571034796,2026-04-20 13:05:00,nan,4959.1547619047615,4660.0,1,1,19.27165517679398,2,0,0.7,4,20.1,0,Low,30,1.0,0.0,0.0,0.0
68606499,2026-04-08 21:53:04,Closed,Street Condition,Pothole,QUEENS,nan,40.726158038136774,-73.88614648969293,2026-04-08 21:53:04,nan,4959.1547619047615,4660.0,1,0,16.959884343460647,2,0,0.7,4,20.1,0,Low,30,0.997,0.003,0.0,0.0
68628038,2026-04-10 10:39:08,Closed,Street Condition,Pothole,QUEENS,nan,40.715230886098176,-73.84790273285405,2026-04-18 13:05:00,nan,4959.1547619047615,4660.0,1,0,15.427893602719907,2,0,0.7,4,20.1,0,Low,30,0.997,0.003,0.0,0.0
68636755,2026-04-11 11:19:51,Closed,Street Condition,Pothole,QUEENS,nan,40.57718957962207,-73.86052488685198,2026-04-15 14:52:00,nan,4959.1547619047615,4660.0,1,0,14.399618139756944,2,0,0.7,4,20.1,0,Low,30,0.99,0.01,0.0,0.0
68683377,2026-04-14 14:55:39,Closed,Street Condition,Pothole,BROOKLYN,ABBEY COURT,40.58789094879219,-73.92030518836665,2026-04-15 10:40:00,nan,5664.555555555556,6673.0,1,0,11.249757028645833,1,0,0.7,4,20.1,0,Low,30,0.996,0.004,0.0,0.0
68671211,2026-04-14 20:22:29,Closed,Street Condition,Pothole,QUEENS,nan,40.74336274351488,-73.70861418133741,2026-04-14 20:22:29,nan,4959.1547619047615,4660.0,2,0,11.022789436053241,2,0,0.7,4,20.1,0,Low,30,0.999,0.001,0.0,0.0
68687872,2026-04-17 01:24:40,Closed,Street Condition,Pothole,QUEENS,nan,40.705490887638646,-73.72788837873111,2026-04-17 01:24:40,nan,4959.1547619047615,4660.0,3,0,8.812939899016204,2,0,0.7,4,20.0,0,Low,30,0.972,0.028,0.0,0.0
68707371,2026-04-18 01:05:43,Pending,Street Condition,Pothole,QUEENS,nan,40.68848534557373,-73.76582995965448,,nan,4959.1547619047615,4660.0,3,1,7.826099621238425,2,0,0.7,4,20.0,0,Low,30,0.968,0.032,0.0,0.0
68677352,2026-04-15 12:43:54,Closed,Street Condition,Pothole,QUEENS,nan,40.7443500939338,-73.7040085498426,2026-04-15 12:43:54,nan,4959.1547619047615,4660.0,0,0,10.34125008420139,2,0,0.7,4,20.0,0,Low,30,1.0,0.0,0.0,0.0
68695685,2026-04-16 10:59:09,Pending,Street Condition,Pothole,QUEENS,nan,40.76064074274894,-73.79514371796179,,nan,4959.1547619047615,4660.0,1,1,9.413993139756943,2,0,0.7,4,20.0,0,Low,30,0.999,0.001,0.0,0.0
68667094,2026-04-14 15:26:37,Closed,Street Condition,Pothole,QUEENS,nan,40.68625095400348,-73.76847358848285,2026-04-15 03:00:00,nan,4959.1547619047615,4660.0,1,1,11.228252399016203,2,0,0.7,4,20.0,0,Low,30,0.998,0.002,0.0,0.0
68700138,2026-04-17 14:18:44,Open,Street Condition,Pothole,BRONX,nan,40.87367373972579,-73.86130595081057,,nan,6677.6,6655.5,1,0,8.275393602719907,3,0,0.7,4,20.0,0,Low,30,0.998,0.002,0.0,0.0
68581772,2026-04-02 09:03:38,Closed,Street Condition,Pothole,QUEENS,nan,40.574975496196345,-73.85039273723538,2026-04-03 10:37:00,nan,4959.1547619047615,4660.0,0,0,23.49421304716435,2,0,0.7,4,20.0,0,Low,30,0.891,0.109,0.0,0.0
68754905,2026-04-22 10:56:47,Pending,Street Condition,Pothole,QUEENS,nan,40.7129968425015,-73.84394716809663,,nan,4959.1547619047615,4660.0,2,0,3.4156366582754627,2,0,0.7,4,19.9,0,Low,30,0.998,0.002,0.0,0.0
68759633,2026-04-22 10:57:51,Closed,Street Condition,Pothole,QUEENS,nan,40.7129968425015,-73.84394716809663,2026-04-22 10:57:51,nan,4959.1547619047615,4660.0,2,0,3.414895917534722,2,0,0.7,4,19.9,0,Low,30,0.998,0.002,0.0,0.0
68535292,2026-04-01 19:33:30,Closed,Street Condition,Pothole,QUEENS,nan,40.79060470996003,-73.8266798836476,2026-04-11 21:45:00,nan,4959.1547619047615,4660.0,0,0,24.056805639756945,2,0,0.7,4,19.9,0,Low,30,0.996,0.003,0.0,0.0
68726644,2026-04-20 14:06:28,Closed,Street Condition,Pothole,BRONX,nan,40.87961276699893,-73.91448783018329,2026-04-20 14:06:29,nan,6677.6,6655.5,1,0,5.2839121212384255,3,0,0.7,4,19.9,0,Low,30,0.997,0.003,0.0,0.0
68731118,2026-04-20 12:16:40,Closed,Street Condition,Pothole,QUEENS,nan,40.73708967800347,-73.75652609639043,2026-04-20 13:51:00,nan,4959.1547619047615,4660.0,1,0,5.360162121238425,2,0,0.7,4,19.9,0,Low,30,0.999,0.001,0.0,0.0
68543256,2026-04-02 11:46:26,Closed,Street Condition,Pothole,QUEENS,nan,40.75115026859855,-73.78954250207921,2026-04-11 14:45:00,nan,4959.1547619047615,4660.0,0,0,23.381157491608796,2,0,0.7,4,19.9,0,Low,30,0.982,0.018,0.0,0.0
68553730,2026-04-03 14:10:58,Closed,Street Condition,Pothole,QUEENS,nan,40.76766622966839,-73.79921238054796,2026-04-11 02:20:00,nan,4959.1547619047615,4660.0,1,0,22.280787121238426,2,0,0.7,4,19.9,0,Low,30,0.994,0.005,0.0,0.0
68661648,2026-04-14 14:45:31,Closed,Street Condition,Pothole,QUEENS,nan,40.73562754680888,-73.73693424342152,2026-04-14 16:55:00,nan,4959.1547619047615,4660.0,2,1,11.25679406568287,2,0,0.7,4,19.8,0,Low,30,0.997,0.003,0.0,0.0
68691321,2026-04-16 14:30:22,Pending,Street Condition,Pothole,QUEENS,nan,40.78823183264238,-73.83126872213806,,nan,4959.1547619047615,4660.0,1,0,9.267314899016203,2,0,0.7,4,19.8,0,Low,30,1.0,0.0,0.0,0.0
68630527,2026-04-11 11:49:58,Closed,Street Condition,Pothole,QUEENS,nan,40.71877018691972,-73.77636922755279,2026-04-18 10:35:00,nan,4959.1547619047615,4660.0,1,0,14.378703787905092,2,0,0.7,4,19.8,0,Low,30,0.967,0.033,0.0,0.0
68666488,2026-04-14 16:10:29,Closed,Street Condition,Pothole,QUEENS,nan,40.71580653703652,-73.88791732478406,2026-04-14 16:10:29,nan,4959.1547619047615,4660.0,2,0,11.19778943605324,2,0,0.7,4,19.8,0,Low,30,0.994,0.006,0.0,0.0
68675881,2026-04-15 09:22:44,Closed,Street Condition,Pothole,QUEENS,nan,40.679892820889535,-73.85065851418706,2026-04-15 09:22:44,nan,4959.1547619047615,4660.0,2,0,10.480949158275463,2,0,0.7,4,19.8,0,Low,30,0.997,0.003,0.0,0.0
68693713,2026-04-16 10:05:31,Closed,Street Condition,Pothole,QUEENS,nan,40.56090606971587,-73.91548600085787,2026-04-16 21:54:00,nan,4959.1547619047615,4660.0,2,0,9.451238510127315,2,0,0.7,4,19.8,0,Low,30,0.988,0.012,0.0,0.0
68674387,2026-04-15 09:27:32,Closed,Street Condition,Pothole,QUEENS,nan,40.679892820889535,-73.85065851418706,2026-04-15 09:27:32,nan,4959.1547619047615,4660.0,2,0,10.477615824942129,2,0,0.7,4,19.8,0,Low,30,0.997,0.003,0.0,0.0
68703023,2026-04-17 15:25:15,Closed,Street Condition,Pothole,QUEENS,nan,40.73063341475895,-73.76149642341746,2026-04-22 12:29:00,nan,4959.1547619047615,4660.0,1,1,8.229201473090278,2,0,0.7,4,19.8,0,Low,30,0.999,0.001,0.0,0.0
68691307,2026-04-16 19:12:03,Closed,Street Condition,Pothole,BROOKLYN,nan,40.61627516312267,-73.9386195306874,2026-04-18 15:27:00,nan,5664.555555555556,6673.0,1,1,9.071701473090277,1,0,0.7,4,19.8,0,Low,30,0.998,0.002,0.0,0.0
68644995,2026-04-13 02:00:14,Pending,Street Condition,Pothole,QUEENS,nan,40.65808744137499,-73.75299037951785,,nan,4959.1547619047615,4660.0,1,0,12.788240824942129,2,0,0.7,4,19.7,0,Low,30,0.998,0.002,0.0,0.0
68721813,2026-04-20 01:20:31,Closed,Street Condition,Pothole,QUEENS,nan,40.672153941621026,-73.81911808667613,2026-04-20 21:15:00,nan,4959.1547619047615,4660.0,3,0,5.815821843460648,2,0,0.7,4,19.7,0,Low,30,0.993,0.007,0.0,0.0
68540725,2026-04-02 16:15:02,Closed,Street Condition,Pothole,QUEENS,nan,40.671604202556125,-73.72806268166016,2026-04-16 09:30:00,nan,4959.1547619047615,4660.0,3,0,23.19462971383102,2,0,0.7,4,19.7,0,Low,30,0.968,0.032,0.0,0.0
68678875,2026-04-15 07:27:34,Closed,Street Condition,Pothole,QUEENS,nan,40.74193295150507,-73.79695147470842,2026-04-15 07:27:34,nan,4959.1547619047615,4660.0,2,1,10.560926010127314,2,0,0.7,4,19.6,0,Low,30,0.999,0.001,0.0,0.0
68672898,2026-04-15 15:38:27,Closed,Street Condition,Pothole,QUEENS,nan,40.68625095400348,-73.76847358848285,2026-04-15 15:38:27,nan,4959.1547619047615,4660.0,1,1,10.22003480642361,2,0,0.7,4,19.6,0,Low,30,0.999,0.001,0.0,0.0
68577491,2026-04-02 09:00:46,Closed,Street Condition,Pothole,QUEENS,nan,40.570370060222025,-73.86162256283608,2026-04-03 10:16:00,nan,4959.1547619047615,4660.0,0,0,23.496203787905092,2,0,0.7,4,19.6,0,Low,30,0.891,0.109,0.0,0.0
68683352,2026-04-15 10:55:14,Closed,Street Condition,Pothole,QUEENS,nan,40.56090606971587,-73.91548600085787,2026-04-15 23:11:00,nan,4959.1547619047615,4660.0,2,0,10.416713047164352,2,0,0.7,4,19.6,0,Low,30,0.963,0.037,0.0,0.0
68680373,2026-04-15 15:10:37,Closed,Street Condition,Pothole,QUEENS,nan,40.71877018691972,-73.77636922755279,2026-04-15 15:10:37,nan,4959.1547619047615,4660.0,1,0,10.239363510127314,2,0,0.7,4,19.5,0,Low,30,0.997,0.003,0.0,0.0
68677890,2026-04-15 18:27:54,Closed,Street Condition,Pothole,QUEENS,nan,40.7283765764596,-73.89872736998207,2026-04-16 02:54:00,nan,4959.1547619047615,4660.0,0,1,10.1023611953125,2,0,0.7,4,19.4,0,Low,30,1.0,0.0,0.0,0.0
68593092,2026-04-06 15:31:41,Closed,Street Condition,Pothole,BROOKLYN,PENNSYLVANIA AVENUE,40.64606731671483,-73.87978597325235,2026-04-07 08:47:00,nan,2541.0,6673.0,2,0,19.224733880497684,1,0,0.7,4,19.4,0,Low,30,0.999,0.001,0.0,0.0
68746438,2026-04-21 07:45:41,Pending,Street Condition,Pothole,QUEENS,nan,40.68625095400348,-73.76847358848285,,nan,4959.1547619047615,4660.0,1,1,4.548344991608796,2,0,0.7,4,19.4,0,Low,30,0.999,0.001,0.0,0.0
68764267,2026-04-23 23:33:46,Open,Street Condition,Pothole,QUEENS,nan,40.76513892061859,-73.79955933867802,,nan,4959.1547619047615,4660.0,1,1,1.8899537879050927,2,0,0.7,4,19.3,0,Low,30,1.0,0.0,0.0,0.0
68681903,2026-04-15 12:05:11,Closed,Street Condition,Pothole,QUEENS,nan,40.68848534557373,-73.76582995965448,2026-04-15 21:45:00,nan,4959.1547619047615,4660.0,3,1,10.368136658275462,2,0,0.7,4,19.3,0,Low,30,0.929,0.07,0.0,0.0
68762386,2026-04-23 16:32:14,Closed,Street Condition,Pothole,QUEENS,nan,40.76685843569017,-73.76268076844173,2026-04-23 18:22:00,nan,4959.1547619047615,4660.0,1,0,2.182685269386574,2,0,0.7,4,19.3,0,Low,30,1.0,0.0,0.0,0.0
68686355,2026-04-16 07:36:30,Closed,Street Condition,Pothole,QUEENS,nan,40.68625095400348,-73.76847358848285,2026-04-16 20:57:00,nan,4959.1547619047615,4660.0,1,1,9.554722306423612,2,0,0.7,4,19.3,0,Low,30,0.999,0.001,0.0,0.0
68657456,2026-04-13 08:57:01,Pending,Street Condition,Pothole,QUEENS,nan,40.745450902026576,-73.70837407659698,,nan,4959.1547619047615,4660.0,2,0,12.49880795457176,2,0,0.7,4,19.2,0,Low,30,0.999,0.001,0.0,0.0
68709503,2026-04-18 11:43:51,Closed,Street Condition,Pothole,QUEENS,nan,40.78823183264238,-73.83126872213806,2026-04-18 15:57:00,nan,4959.1547619047615,4660.0,1,0,7.382951473090277,2,0,0.7,4,19.2,0,Low,30,1.0,0.0,0.0,0.0
68698652,2026-04-17 20:15:17,Closed,Street Condition,Pothole,QUEENS,nan,40.58537563265823,-73.80962159666338,2026-04-22 10:00:00,nan,4959.1547619047615,4660.0,3,0,8.02778943605324,2,0,0.7,4,19.2,0,Low,30,1.0,0.0,0.0,0.0
68770988,2026-04-23 09:51:58,Closed,Street Condition,Pothole,QUEENS,nan,40.73873267123712,-73.7572959334795,2026-04-23 20:22:00,nan,4959.1547619047615,4660.0,2,0,2.4606482323495373,2,0,0.7,4,19.2,0,Low,30,0.999,0.001,0.0,0.0
68531845,2026-04-01 13:14:49,Closed,Street Condition,Pothole,QUEENS,nan,40.769524718686306,-73.93522548140903,2026-04-01 20:05:00,nan,4959.1547619047615,4660.0,0,0,24.319780176793984,2,0,0.7,4,19.2,0,Low,30,0.964,0.036,0.0,0.0
68580894,2026-04-06 15:35:56,Closed,Street Condition,Pothole,QUEENS,nan,40.71630524808546,-73.85518710687637,2026-04-14 16:24:00,nan,4959.1547619047615,4660.0,0,0,19.221782491608796,2,0,0.7,4,19.2,0,Low,30,0.999,0.001,0.0,0.0
68742859,2026-04-21 10:23:15,Closed,Street Condition,Pothole,QUEENS,nan,40.737710174358405,-73.75274572186932,2026-04-21 20:15:00,nan,4959.1547619047615,4660.0,1,1,4.4389236953125,2,0,0.7,4,19.2,0,Low,30,1.0,0.0,0.0,0.0
68747962,2026-04-21 10:51:53,Pending,Street Condition,Pothole,BRONX,nan,40.81916263363138,-73.87981290417615,,nan,6677.6,6655.5,0,0,4.41903943605324,3,0,0.7,4,19.2,0,Low,30,0.999,0.001,0.0,0.0
68692268,2026-04-16 12:28:59,Closed,Street Condition,Pothole,QUEENS,nan,40.60758271468581,-73.76590124842632,2026-04-16 21:15:00,nan,4959.1547619047615,4660.0,2,1,9.351608880497684,2,0,0.7,4,19.2,0,Low,30,0.996,0.004,0.0,0.0
68768628,2026-04-23 11:22:40,Pending,Street Condition,Pothole,QUEENS,nan,40.74584421351302,-73.70653178846892,,nan,4959.1547619047615,4660.0,2,0,2.397662121238426,2,0,0.7,4,19.1,0,Low,30,0.999,0.001,0.0,0.0
68683340,2026-04-15 18:56:10,Closed,Street Condition,Pothole,QUEENS,nan,40.72635943797056,-73.7385655188514,2026-04-15 18:56:10,nan,4959.1547619047615,4660.0,3,0,10.08273156568287,2,0,0.7,4,19.1,0,Low,30,0.975,0.025,0.0,0.0
68596386,2026-04-07 11:29:05,Closed,Street Condition,Pothole,QUEENS,nan,40.72853956735268,-73.72939982837951,2026-04-20 13:15:00,nan,4959.1547619047615,4660.0,0,0,18.39320610271991,2,0,0.7,4,19.1,0,Low,30,0.999,0.001,0.0,0.0
68680920,2026-04-15 18:55:50,Closed,Street Condition,Pothole,QUEENS,nan,40.72635943797056,-73.7385655188514,2026-04-16 02:21:00,nan,4959.1547619047615,4660.0,3,0,10.082963047164352,2,0,0.7,4,19.1,0,Low,30,0.975,0.025,0.0,0.0
68635003,2026-04-10 13:55:10,Closed,Street Condition,Pothole,QUEENS,77 AVENUE,40.73856264473488,-73.74841229368886,2026-04-11 12:42:00,nan,4959.1547619047615,4660.0,3,1,15.291759343460647,2,0,0.7,4,19.0,0,Low,30,0.982,0.018,0.0,0.0
68694220,2026-04-17 01:22:13,Closed,Street Condition,Pothole,QUEENS,nan,40.68625095400348,-73.76847358848285,2026-04-17 19:24:00,nan,4959.1547619047615,4660.0,1,1,8.814641287905092,2,0,0.7,4,19.0,0,Low,30,0.999,0.001,0.0,0.0
68712487,2026-04-18 04:24:55,Pending,Street Condition,Pothole,QUEENS,nan,40.673510506201794,-73.81606094930362,,nan,4959.1547619047615,4660.0,3,0,7.6877662879050925,2,0,0.7,4,19.0,0,Low,30,0.996,0.004,0.0,0.0
68681912,2026-04-15 04:26:34,Closed,Street Condition,Pothole,QUEENS,nan,40.73108132164628,-73.7739970491349,2026-04-15 04:26:34,nan,4959.1547619047615,4660.0,0,0,10.68662045457176,2,0,0.7,4,19.0,0,Low,30,0.999,0.001,0.0,0.0
68689372,2026-04-16 15:34:42,Closed,Street Condition,Pothole,QUEENS,nan,40.667754995834834,-73.74561896586661,2026-04-16 15:34:42,nan,4959.1547619047615,4660.0,0,1,9.222638973090277,2,0,0.7,4,19.0,0,Low,30,1.0,0.0,0.0,0.0
68708270,2026-04-18 12:40:23,Closed,Street Condition,Pothole,QUEENS,nan,40.560746267622186,-73.91105231327141,2026-04-18 15:55:00,nan,4959.1547619047615,4660.0,2,0,7.343692213831019,2,0,0.7,4,18.9,0,Low,30,0.995,0.005,0.0,0.0
68740470,2026-04-21 16:13:28,Open,Street Condition,Pothole,QUEENS,nan,40.68767960541315,-73.86381663263904,,nan,4959.1547619047615,4660.0,3,1,4.195717676793981,2,0,0.7,4,18.9,0,Low,30,0.972,0.028,0.0,0.0
68686838,2026-04-16 12:26:10,Pending,Street Condition,Pothole,QUEENS,nan,40.66066079561482,-73.82395022234725,,nan,4959.1547619047615,4660.0,0,1,9.353564899016204,2,0,0.7,4,18.9,0,Low,30,1.0,0.0,0.0,0.0
68758294,2026-04-21 14:43:15,Closed,Street Condition,Pothole,QUEENS,STATE ROAD,40.56619902159078,-73.88776522770907,2026-04-22 09:10:00,nan,4959.1547619047615,4660.0,1,0,4.258368139756945,2,0,0.7,4,18.8,0,Low,30,1.0,0.0,0.0,0.0
68617624,2026-04-09 17:00:58,Closed,Street Condition,Pothole,QUEENS,nan,40.72488246372458,-73.88413551558493,2026-04-18 09:40:00,nan,4959.1547619047615,4660.0,0,0,16.16273156568287,2,0,0.7,4,18.8,0,Low,30,0.996,0.004,0.0,0.0
68713271,2026-04-18 12:36:15,Closed,Street Condition,Pothole,QUEENS,nan,40.77655678473849,-73.84169684615766,2026-04-18 20:15:00,nan,4959.1547619047615,4660.0,1,0,7.346562584201389,2,0,0.7,4,18.8,0,Low,30,1.0,0.0,0.0,0.0
68717023,2026-04-18 15:52:46,Closed,Street Condition,Pothole,QUEENS,nan,40.586317414785896,-73.8065226354865,2026-04-18 15:52:46,nan,4959.1547619047615,4660.0,1,0,7.210092676793981,2,0,0.7,4,18.7,0,Low,30,1.0,0.0,0.0,0.0
68732597,2026-04-20 09:14:29,Closed,Street Condition,Pothole,QUEENS,nan,40.72906296849453,-73.90213591257074,2026-04-20 18:27:00,nan,4959.1547619047615,4660.0,1,1,5.48667832494213,2,0,0.7,4,18.7,0,Low,30,1.0,0.0,0.0,0.0
68580850,2026-04-05 09:50:57,Closed,Street Condition,Pothole,QUEENS,nan,40.79186001035773,-73.80173242518019,2026-04-18 14:42:00,nan,4959.1547619047615,4660.0,0,0,20.461354250868055,2,0,0.7,4,18.6,0,Low,30,0.999,0.001,0.0,0.0
68683373,2026-04-16 01:38:00,Closed,Street Condition,Pothole,QUEENS,nan,40.652564629491025,-73.74654903024499,2026-04-16 01:38:00,nan,4959.1547619047615,4660.0,0,1,9.803680639756944,2,0,0.7,4,18.6,0,Low,30,1.0,0.0,0.0,0.0
68668066,2026-04-14 15:22:40,Closed,Street Condition,Pothole,QUEENS,nan,40.706953993315146,-73.72794732947887,2026-04-14 15:22:40,nan,4959.1547619047615,4660.0,1,0,11.23099545457176,2,0,0.7,4,18.6,0,Low,30,0.992,0.008,0.0,0.0
68575177,2026-04-05 09:54:04,Closed,Street Condition,Pothole,QUEENS,nan,40.79171970398557,-73.79995601952946,2026-04-18 10:15:00,nan,4959.1547619047615,4660.0,0,0,20.459189899016202,2,0,0.7,4,18.6,0,Low,30,0.999,0.001,0.0,0.0
68709501,2026-04-17 14:21:47,Closed,Street Condition,Pothole,QUEENS,nan,40.66487130427109,-73.77233619535336,2026-04-18 07:58:00,nan,4959.1547619047615,4660.0,2,0,8.273275547164351,2,0,0.7,4,18.6,0,Low,30,0.998,0.002,0.0,0.0
68538138,2026-04-02 16:26:28,Closed,Street Condition,Pothole,QUEENS,nan,40.7310318505504,-73.9343103518756,2026-04-11 20:14:00,nan,4959.1547619047615,4660.0,0,0,23.186689899016205,2,0,0.7,4,18.6,0,Low,30,0.995,0.005,0.0,0.0
68716271,2026-04-18 08:44:40,Pending,Street Condition,Pothole,QUEENS,nan,40.680064787457326,-73.8478351171216,,nan,4959.1547619047615,4660.0,0,0,7.5073843434606475,2,0,0.7,4,18.5,0,Low,30,1.0,0.0,0.0,0.0
68618932,2026-04-10 13:37:09,Closed,Street Condition,Pothole,QUEENS,nan,40.736129683722154,-73.75554811360713,2026-04-11 11:56:00,nan,4959.1547619047615,4660.0,0,0,15.304270917534723,2,0,0.7,4,18.5,0,Low,30,0.997,0.003,0.0,0.0
68730166,2026-04-20 19:14:50,Closed,Street Condition,Pothole,QUEENS,nan,40.652564629491025,-73.74654903024499,2026-04-20 22:41:00,nan,4959.1547619047615,4660.0,0,1,5.069768602719908,2,0,0.7,4,18.4,0,Low,30,1.0,0.0,0.0,0.0
68729559,2026-04-20 15:16:55,Closed,Street Condition,Pothole,QUEENS,nan,40.71818218795277,-73.78032496285253,2026-04-20 18:34:00,nan,4959.1547619047615,4660.0,1,0,5.234988510127315,2,0,0.7,4,18.4,0,Low,30,0.965,0.035,0.0,0.0
68646801,2026-04-12 23:06:40,Closed,Street Condition,Pothole,QUEENS,nan,40.71818218795277,-73.78032496285253,2026-04-12 23:06:40,nan,4959.1547619047615,4660.0,1,0,12.908773232349537,2,0,0.7,4,18.4,0,Low,30,0.874,0.126,0.0,0.0
68700133,2026-04-18 01:05:09,Closed,Street Condition,Pothole,QUEENS,nan,40.68625095400348,-73.76847358848285,2026-04-18 17:25:00,nan,4959.1547619047615,4660.0,1,1,7.826493139756944,2,0,0.7,4,18.3,0,Low,30,1.0,0.0,0.0,0.0
68752207,2026-04-22 14:27:48,Pending,Street Condition,Pothole,QUEENS,nan,40.7738902855692,-73.75215646943215,,nan,4959.1547619047615,4660.0,0,1,3.269097306423611,2,0,0.7,4,18.3,0,Low,30,1.0,0.0,0.0,0.0
68701539,2026-04-17 17:55:47,Closed,Street Condition,Pothole,QUEENS,nan,40.769524718686306,-73.93522548140903,2026-04-21 10:05:00,nan,4959.1547619047615,4660.0,0,0,8.12466443605324,2,0,0.7,4,18.3,0,Low,30,1.0,0.0,0.0,0.0
68683877,2026-04-15 18:29:29,Open,Street Condition,Pothole,BROOKLYN,nan,40.59851723408199,-73.97984896843452,,nan,5664.555555555556,6673.0,1,0,10.101261658275464,1,0,0.7,4,18.3,0,Low,30,0.993,0.007,0.0,0.0
68713265,2026-04-17 14:20:58,Closed,Street Condition,Pothole,QUEENS,nan,40.700904984625176,-73.7304857574349,2026-04-18 08:35:00,nan,4959.1547619047615,4660.0,0,1,8.273842676793981,2,0,0.7,4,18.2,0,Low,30,1.0,0.0,0.0,0.0
68634253,2026-04-11 18:07:15,Closed,Street Condition,Pothole,QUEENS,nan,40.7443500939338,-73.7040085498426,2026-04-15 10:05:00,nan,4959.1547619047615,4660.0,0,0,14.116701473090277,2,0,0.7,4,18.2,0,Low,30,0.999,0.001,0.0,0.0
68675902,2026-04-15 20:37:58,Closed,Street Condition,Pothole,QUEENS,nan,40.79171970398557,-73.79995601952946,2026-04-15 20:37:58,nan,4959.1547619047615,4660.0,0,0,10.012037121238425,2,0,0.7,4,18.2,0,Low,30,1.0,0.0,0.0,0.0
68763824,2026-04-23 11:36:47,Closed,Street Condition,Pothole,QUEENS,nan,40.56712347473738,-73.8844451371295,2026-04-23 11:36:47,nan,4959.1547619047615,4660.0,0,0,2.3878588804976855,2,0,0.7,4,18.2,0,Low,30,1.0,0.0,0.0,0.0
68760935,2026-04-23 11:33:49,Closed,Street Condition,Pothole,QUEENS,nan,40.56712347473738,-73.8844451371295,2026-04-23 11:33:49,nan,4959.1547619047615,4660.0,0,0,2.3899190656828706,2,0,0.7,4,18.2,0,Low,30,1.0,0.0,0.0,0.0
68771516,2026-04-23 11:32:50,Pending,Street Condition,Pothole,QUEENS,nan,40.56712347473738,-73.8844451371295,,nan,4959.1547619047615,4660.0,0,0,2.390601936053241,2,0,0.7,4,18.2,0,Low,30,1.0,0.0,0.0,0.0
68731701,2026-04-20 12:45:30,Pending,Street Condition,Pothole,QUEENS,nan,40.6702247105206,-73.728544147522,,nan,4959.1547619047615,4660.0,3,1,5.340138973090277,2,0,0.7,4,18.1,0,Low,30,0.995,0.005,0.0,0.0
68763815,2026-04-23 15:51:29,Closed,Street Condition,Pothole,QUEENS,nan,40.71818218795277,-73.78032496285253,2026-04-23 19:37:00,nan,4959.1547619047615,4660.0,1,0,2.210983880497685,2,0,0.7,4,18.1,0,Low,30,0.991,0.009,0.0,0.0
68741374,2026-04-22 00:22:18,Closed,Street Condition,Pothole,QUEENS,nan,40.68625095400348,-73.76847358848285,2026-04-22 00:22:18,nan,4959.1547619047615,4660.0,1,1,3.8562500842013887,2,0,0.7,4,18.1,0,Low,30,1.0,0.0,0.0,0.0
68740486,2026-04-21 13:55:19,Pending,Street Condition,Pothole,QUEENS,nan,40.73283234357654,-73.79289828792601,,nan,4959.1547619047615,4660.0,2,0,4.291655176793982,2,0,0.7,4,18.1,0,Low,30,0.998,0.002,0.0,0.0
68702534,2026-04-17 09:45:22,Closed,Street Condition,Pothole,QUEENS,nan,40.66487130427109,-73.77233619535336,2026-04-17 16:51:00,nan,4959.1547619047615,4660.0,2,0,8.46523156568287,2,0,0.7,4,18.0,0,Low,30,1.0,0.0,0.0,0.0
68688379,2026-04-16 16:39:02,Closed,Street Condition,Pothole,QUEENS,nan,40.7198699829464,-73.82323104632292,2026-04-18 11:50:00,nan,4959.1547619047615,4660.0,1,1,9.177963047164353,2,0,0.7,4,18.0,0,Low,30,0.998,0.002,0.0,0.0
68637955,2026-04-11 10:04:38,Closed,Street Condition,Pothole,QUEENS,216 STREET,40.75599534963019,-73.76433291613704,2026-04-22 09:19:00,nan,4959.1547619047615,4660.0,1,0,14.45185193605324,2,0,0.7,4,17.9,0,Low,30,0.988,0.012,0.0,0.0
68770998,2026-04-23 11:19:24,Closed,Street Condition,Pothole,QUEENS,nan,40.746039531950686,-73.70562868693172,2026-04-23 21:23:00,nan,4959.1547619047615,4660.0,1,0,2.3999306397569447,2,0,0.7,4,17.9,0,Low,30,1.0,0.0,0.0,0.0
68719668,2026-04-19 14:16:02,Closed,Street Condition,Pothole,QUEENS,nan,40.73499777464594,-73.76158544405342,2026-04-22 10:55:00,nan,4959.1547619047615,4660.0,0,1,6.277268602719907,2,0,0.7,4,17.9,0,Low,30,1.0,0.0,0.0,0.0
68579371,2026-04-05 17:06:13,Closed,Street Condition,Pothole,QUEENS,nan,40.74623754177371,-73.70470752326153,2026-04-15 13:00:00,nan,4959.1547619047615,4660.0,0,0,20.15908573234954,2,0,0.7,4,17.8,0,Low,30,0.999,0.001,0.0,0.0
68710781,2026-04-18 07:19:16,Closed,Street Condition,Pothole,QUEENS,nan,40.73091294245788,-73.77491408700904,2026-04-18 20:14:00,nan,4959.1547619047615,4660.0,0,0,7.566689899016204,2,0,0.7,4,17.7,0,Low,30,1.0,0.0,0.0,0.0
68757466,2026-04-22 14:25:34,Pending,Street Condition,Pothole,QUEENS,nan,40.77786276304657,-73.74623099449697,,nan,4959.1547619047615,4660.0,0,1,3.270648232349537,2,0,0.7,4,17.7,0,Low,30,1.0,0.0,0.0,0.0
68711232,2026-04-18 10:09:19,Pending,Street Condition,Pothole,QUEENS,nan,40.73267668386468,-73.79333897585512,,nan,4959.1547619047615,4660.0,2,0,7.448599621238426,2,0,0.7,4,17.7,0,Low,30,0.999,0.001,0.0,0.0
68752194,2026-04-22 17:52:31,Open,Street Condition,Pothole,QUEENS,nan,40.750579683326634,-73.71008043606062,,nan,4959.1547619047615,4660.0,2,0,3.126932954571759,2,0,0.7,4,17.7,0,Low,30,0.999,0.001,0.0,0.0
68680921,2026-04-15 16:57:11,Pending,Street Condition,Pothole,QUEENS,nan,40.71443200748087,-73.84572578383464,,nan,4959.1547619047615,4660.0,1,0,10.165358880497685,2,0,0.7,4,17.7,0,Low,30,0.999,0.001,0.0,0.0
68737507,2026-04-20 15:11:49,Pending,Street Condition,Pothole,QUEENS,nan,40.71877018691972,-73.77636922755279,,nan,4959.1547619047615,4660.0,1,0,5.238530176793981,2,0,0.7,4,17.6,0,Low,30,0.998,0.002,0.0,0.0
68707375,2026-04-17 20:17:22,Closed,Street Condition,Pothole,QUEENS,nan,40.586317414785896,-73.8065226354865,2026-04-22 10:15:00,nan,4959.1547619047615,4660.0,1,0,8.02634267679398,2,0,0.7,4,17.6,0,Low,30,1.0,0.0,0.0,0.0
68746420,2026-04-21 16:36:45,Closed,Street Condition,Pothole,QUEENS,nan,40.737485538326126,-73.74788230335318,2026-04-21 21:45:00,nan,4959.1547619047615,4660.0,1,1,4.1795486953125,2,0,0.7,4,17.5,0,Low,30,1.0,0.0,0.0,0.0
68706880,2026-04-17 09:50:06,Closed,Street Condition,Pothole,QUEENS,nan,40.71645668932115,-73.85777324586378,2026-04-18 14:23:00,nan,4959.1547619047615,4660.0,1,0,8.461944528645834,2,0,0.7,4,17.4,0,Low,30,1.0,0.0,0.0,0.0
68630047,2026-04-10 13:51:44,Closed,Street Condition,Pothole,QUEENS,nan,40.734943274847225,-73.75138842149539,2026-04-11 11:34:00,nan,4959.1547619047615,4660.0,0,1,15.294143602719908,2,0,0.7,4,17.4,0,Low,30,0.999,0.001,0.0,0.0
68731124,2026-04-20 08:44:11,Closed,Street Condition,Pothole,QUEENS,BEACH   17 STREET,40.61267461798297,-73.77150211716418,2026-04-20 18:24:00,nan,4959.1547619047615,4660.0,1,0,5.507719991608796,2,0,0.7,4,17.4,0,Low,30,0.999,0.001,0.0,0.0
68636751,2026-04-10 13:48:49,Closed,Street Condition,Pothole,QUEENS,nan,40.734943274847225,-73.75138842149539,2026-04-11 13:48:49,nan,4959.1547619047615,4660.0,0,1,15.29616906568287,2,0,0.7,4,17.4,0,Low,30,0.999,0.001,0.0,0.0
68717452,2026-04-18 14:11:32,Pending,Street Condition,Pothole,QUEENS,nan,40.5675691670898,-73.88275629188614,,nan,4959.1547619047615,4660.0,1,0,7.280393602719907,2,0,0.7,4,17.3,0,Low,30,1.0,0.0,0.0,0.0
68668073,2026-04-14 09:47:39,Closed,Street Condition,Pothole,QUEENS,nan,40.753283121350506,-73.75108897632309,2026-04-14 21:52:00,nan,4959.1547619047615,4660.0,0,0,11.463645917534722,2,0,0.7,4,17.3,0,Low,30,0.999,0.001,0.0,0.0
68716268,2026-04-18 19:05:17,Open,Street Condition,Pothole,QUEENS,RUSHMORE AVENUE,40.76357360899785,-73.74008361320628,,nan,4959.1547619047615,55.0,1,0,7.076400547164352,2,0,0.7,4,17.1,0,Low,30,0.998,0.002,0.0,0.0
68717022,2026-04-18 19:06:15,Closed,Street Condition,Pothole,QUEENS,RUSHMORE AVENUE,40.76357360899785,-73.74008361320628,2026-04-18 19:06:15,nan,4959.1547619047615,55.0,1,0,7.075729250868055,2,0,0.7,4,17.1,0,Low,30,0.998,0.002,0.0,0.0
68741939,2026-04-21 21:47:15,Open,Street Condition,Pothole,QUEENS,nan,40.68625095400348,-73.76847358848285,,nan,4959.1547619047615,4660.0,1,1,3.9639236953125,2,0,0.7,4,17.0,0,Low,30,1.0,0.0,0.0,0.0
68701542,2026-04-17 15:03:21,Closed,Street Condition,Pothole,QUEENS,nan,40.6539822337349,-73.74096828794208,2026-04-21 10:07:00,nan,4959.1547619047615,4660.0,2,1,8.244409806423612,2,0,0.7,4,16.9,0,Low,30,1.0,0.0,0.0,0.0
68768615,2026-04-23 13:27:07,Open,Street Condition,Pothole,BRONX,nan,40.81916263363138,-73.87981290417615,,nan,6677.6,6655.5,0,0,2.311238510127315,3,0,0.7,4,16.9,0,Low,30,1.0,0.0,0.0,0.0
68743427,2026-04-21 13:30:32,Pending,Street Condition,Pothole,QUEENS,nan,40.72095320363423,-73.76714448933834,,nan,4959.1547619047615,4660.0,1,0,4.30886582494213,2,0,0.7,4,16.9,0,Low,30,0.998,0.002,0.0,0.0
68734002,2026-04-20 13:12:55,Closed,Street Condition,Pothole,QUEENS,nan,40.57585828612265,-73.86275231447574,2026-04-20 18:24:00,nan,4959.1547619047615,4660.0,0,0,5.321099621238425,2,0,0.7,4,16.8,0,Low,30,1.0,0.0,0.0,0.0
68665522,2026-04-14 13:43:00,Pending,Street Condition,Pothole,QUEENS,nan,40.769524718686306,-73.93522548140903,,nan,4959.1547619047615,4660.0,0,0,11.300208417534723,2,0,0.7,4,16.8,0,Low,30,0.998,0.002,0.0,0.0
68660027,2026-04-13 14:49:35,Closed,Street Condition,Pothole,QUEENS,231 STREET,40.65856293643155,-73.74948170661109,2026-04-14 11:10:00,nan,4959.1547619047615,1308.0,0,0,12.253969991608797,2,0,0.7,4,16.7,0,Low,30,0.999,0.001,0.0,0.0
68764285,2026-04-23 12:17:35,Pending,Street Condition,Pothole,QUEENS,nan,40.750134123326255,-73.78624331562683,,nan,4959.1547619047615,4660.0,0,0,2.359525547164352,2,0,0.7,4,16.7,0,Low,30,0.999,0.001,0.0,0.0
68771509,2026-04-23 18:45:06,Open,Street Condition,Pothole,QUEENS,nan,40.69028567372446,-73.79138252626976,,nan,4959.1547619047615,4660.0,1,1,2.0904167508680556,2,0,0.7,4,16.6,0,Low,30,0.996,0.004,0.0,0.0
68714558,2026-04-17 14:22:06,Closed,Street Condition,Pothole,QUEENS,nan,40.66240019240347,-73.74699104925907,2026-04-18 09:38:00,nan,4959.1547619047615,4660.0,0,1,8.273055639756944,2,0,0.7,4,16.1,0,Low,30,1.0,0.0,0.0,0.0
68763822,2026-04-23 13:57:39,Closed,Street Condition,Pothole,QUEENS,nan,40.79700774376065,-73.81407277424866,2026-04-23 20:33:00,nan,4959.1547619047615,4660.0,0,1,2.2900348064236113,2,0,0.7,4,16.1,0,Low,30,1.0,0.0,0.0,0.0
68698657,2026-04-17 15:05:16,Closed,Street Condition,Pothole,QUEENS,nan,40.653995719925234,-73.74331082303752,2026-04-21 09:40:00,nan,4959.1547619047615,4660.0,1,1,8.243078787905093,2,0,0.7,4,15.9,0,Low,30,1.0,0.0,0.0,0.0
68750835,2026-04-22 16:13:16,Open,Street Condition,Pothole,QUEENS,nan,40.73108132164628,-73.7739970491349,,nan,4959.1547619047615,4660.0,0,0,3.1958565656828704,2,0,0.7,4,15.9,0,Low,30,0.999,0.001,0.0,0.0
68764282,2026-04-23 15:14:42,Pending,Street Condition,Pothole,QUEENS,nan,40.57585828612265,-73.86275231447574,,nan,4959.1547619047615,4660.0,0,0,2.236527861979167,2,0,0.7,4,15.7,0,Low,30,1.0,0.0,0.0,0.0
68729566,2026-04-17 09:50:57,Closed,Street Condition,Pothole,QUEENS,68 AVENUE,40.714547255487666,-73.85630556476355,2026-04-18 14:51:00,nan,4959.1547619047615,3447.0,0,1,8.461354250868055,2,0,0.7,4,15.1,0,Low,30,1.0,0.0,0.0,0.0
68729565,2026-04-17 09:51:18,Closed,Street Condition,Pothole,QUEENS,68 AVENUE,40.71511497394778,-73.8559472206347,2026-04-18 15:09:00,nan,4959.1547619047615,3447.0,0,1,8.4611111953125,2,0,0.7,4,14.8,0,Low,30,1.0,0.0,0.0,0.0
68765228,2026-04-23 11:45:14,Closed,Street Condition,Pothole,QUEENS,nan,40.66240019240347,-73.74699104925907,2026-04-23 20:22:00,nan,4959.1547619047615,4660.0,0,1,2.3819908249421298,2,0,0.7,4,14.7,0,Low,30,1.0,0.0,0.0,0.0
68744914,2026-04-21 03:43:04,Pending,Street Condition,Pothole,QUEENS,nan,40.66066079561482,-73.82395022234725,,nan,4959.1547619047615,4660.0,0,1,4.716828787905093,2,0,0.7,4,14.0,0,Low,30,1.0,0.0,0.0,0.0
